loan_id,disbursement_id,loan_status,is_bad,disbursement_amount,interest_rate,term_months,source_system,region,default_prob,risk_grade
LN000001,DISB20250101000001,defaulted,1,10000,0.2003,36,internal_core,NY,0.36776343540785145,B – Moderate Risk
LN000002,DISB20250101000002,active,0,20000,0.1682,18,partner_platform,WA,0.503960374023828,C – Elevated Risk
LN000003,DISB20250101000003,active,0,30000,0.0601,24,internal_core,WA,0.3767362239324382,B – Moderate Risk
LN000004,DISB20250102000004,active,0,5000,0.1124,18,partner_platform,NY,0.4099013718241175,B – Moderate Risk
LN000005,DISB20250102000005,active,0,30000,0.0763,18,internal_core,FL,0.42776567118457903,B – Moderate Risk
LN000006,DISB20250102000006,written_off,1,20000,0.1694,36,internal_core,CA,0.37541975034934244,B – Moderate Risk
LN000007,DISB20250102000007,written_off,1,15000,0.1614,12,partner_platform,CA,0.5678133665577881,D – High Risk
LN000008,DISB20250103000008,active,0,15000,0.082,36,partner_platform,TX,0.2508463513390898,A – Low Risk
LN000009,DISB20250103000009,written_off,1,15000,0.1161,12,partner_platform,FL,0.47134848216562886,C – Elevated Risk
LN000010,DISB20250103000010,closed,0,8000,0.141,12,partner_platform,FL,0.4792029498770401,C – Elevated Risk
LN000011,DISB20250104000011,closed,0,20000,0.13,12,partner_platform,WA,0.526234598720806,C – Elevated Risk
LN000012,DISB20250104000012,written_off,1,15000,0.1577,6,internal_core,WA,0.6345938832423609,D – High Risk
LN000013,DISB20250104000013,active,0,5000,0.199,24,internal_core,TX,0.4720591705183117,C – Elevated Risk
LN000014,DISB20250105000014,closed,0,5000,0.1691,12,internal_core,NY,0.5535727564604437,D – High Risk
LN000015,DISB20250105000015,active,0,15000,0.1196,36,partner_platform,TX,0.2825396748559131,A – Low Risk
LN000016,DISB20250105000016,active,0,10000,0.145,36,internal_core,TX,0.3172560497747622,A – Low Risk
LN000017,DISB20250106000017,active,0,8000,0.0646,36,internal_core,TX,0.24411194583116358,A – Low Risk
LN000018,DISB20250106000018,active,0,15000,0.1614,24,internal_core,WA,0.44947465009017457,B – Moderate Risk
LN000019,DISB20250106000019,active,0,10000,0.0966,36,internal_core,TX,0.27384399339738635,A – Low Risk
LN000020,DISB20250107000020,active,0,20000,0.1132,36,partner_platform,FL,0.26073127685221226,A – Low Risk
LN000021,DISB20250107000021,closed,0,30000,0.219,12,internal_core,FL,0.6434366200293259,D – High Risk
LN000022,DISB20250107000022,closed,0,5000,0.101,6,internal_core,FL,0.5145589738584291,C – Elevated Risk
LN000023,DISB20250108000023,active,0,30000,0.1,18,partner_platform,NY,0.4561238136095913,C – Elevated Risk
LN000024,DISB20250108000024,written_off,1,30000,0.0994,6,internal_core,FL,0.6011415272287965,D – High Risk
LN000025,DISB20250108000025,closed,0,15000,0.1044,12,internal_core,TX,0.5146054927843698,C – Elevated Risk
LN000026,DISB20250109000026,active,0,5000,0.2358,24,partner_platform,WA,0.4822081898977127,C – Elevated Risk
LN000027,DISB20250109000027,active,0,30000,0.0861,24,partner_platform,NY,0.38129403194086076,B – Moderate Risk
LN000028,DISB20250110000028,closed,0,10000,0.1265,6,partner_platform,WA,0.561477032369416,D – High Risk
LN000029,DISB20250110000029,closed,0,10000,0.207,6,partner_platform,CA,0.6639851565214194,D – High Risk
LN000030,DISB20250110000030,written_off,1,20000,0.2145,24,partner_platform,TX,0.49822813214260087,C – Elevated Risk
LN000031,DISB20250111000031,active,0,15000,0.1761,24,internal_core,CA,0.48682649480493007,C – Elevated Risk
LN000032,DISB20250111000032,written_off,1,8000,0.2108,18,internal_core,FL,0.5190843610537373,C – Elevated Risk
LN000033,DISB20250111000033,active,0,30000,0.1852,24,partner_platform,NY,0.48586724616492616,C – Elevated Risk
LN000034,DISB20250112000034,active,0,8000,0.2393,24,internal_core,WA,0.5173987428480105,C – Elevated Risk
LN000035,DISB20250112000035,active,0,5000,0.1229,18,partner_platform,FL,0.39405508379536586,B – Moderate Risk
LN000036,DISB20250112000036,written_off,1,15000,0.0751,24,partner_platform,FL,0.31451223861555294,A – Low Risk
LN000037,DISB20250113000037,closed,0,5000,0.0609,12,partner_platform,NY,0.41335805999075453,B – Moderate Risk
LN000038,DISB20250113000038,active,0,5000,0.0917,24,partner_platform,CA,0.3529341590354384,B – Moderate Risk
LN000039,DISB20250114000039,closed,0,10000,0.1784,6,internal_core,FL,0.6139454663668672,D – High Risk
LN000040,DISB20250114000040,active,0,30000,0.1039,36,partner_platform,TX,0.29483265542104864,A – Low Risk
LN000041,DISB20250114000041,closed,0,8000,0.123,6,internal_core,FL,0.548899271300884,C – Elevated Risk
LN000042,DISB20250115000042,closed,0,10000,0.163,6,partner_platform,CA,0.6204103465301507,D – High Risk
LN000043,DISB20250115000043,active,0,30000,0.2247,18,internal_core,FL,0.5864280228520597,D – High Risk
LN000044,DISB20250115000044,written_off,1,5000,0.1595,18,internal_core,FL,0.4566192020980405,C – Elevated Risk
LN000045,DISB20250115000045,closed,0,20000,0.0944,6,partner_platform,TX,0.5675480664967877,D – High Risk
LN000046,DISB20250116000046,closed,0,30000,0.1853,12,internal_core,NY,0.6355619419095158,D – High Risk
LN000047,DISB20250116000047,closed,0,8000,0.1933,6,internal_core,CA,0.6663539469193402,D – High Risk
LN000048,DISB20250116000048,closed,0,20000,0.1134,12,partner_platform,TX,0.5132587156758881,C – Elevated Risk
LN000049,DISB20250117000049,active,0,8000,0.0609,24,partner_platform,WA,0.3103606019891709,A – Low Risk
LN000050,DISB20250117000050,active,0,30000,0.2202,24,partner_platform,NY,0.5235930810581778,C – Elevated Risk
LN000051,DISB20250117000051,closed,0,30000,0.1191,12,partner_platform,WA,0.5415223365194524,C – Elevated Risk
LN000052,DISB20250117000052,active,0,5000,0.0667,18,internal_core,FL,0.3602461624099245,B – Moderate Risk
LN000053,DISB20250118000053,active,0,15000,0.2337,24,partner_platform,WA,0.502664647827245,C – Elevated Risk
LN000054,DISB20250118000054,active,0,10000,0.1747,24,partner_platform,WA,0.4281697400393107,B – Moderate Risk
LN000055,DISB20250118000055,written_off,1,10000,0.2031,18,partner_platform,FL,0.4910166772042482,C – Elevated Risk
LN000056,DISB20250118000056,written_off,1,8000,0.2333,6,internal_core,FL,0.6619629037659595,D – High Risk
LN000057,DISB20250119000057,closed,0,8000,0.1032,6,internal_core,WA,0.553885043917629,D – High Risk
LN000058,DISB20250119000058,active,0,20000,0.1701,18,partner_platform,FL,0.47962772686993094,C – Elevated Risk
LN000059,DISB20250119000059,written_off,1,30000,0.0626,24,internal_core,WA,0.37927192889970207,B – Moderate Risk
LN000060,DISB20250120000060,closed,0,15000,0.0631,12,internal_core,WA,0.46521826028659524,C – Elevated Risk
LN000061,DISB20250120000061,closed,0,30000,0.177,12,partner_platform,NY,0.6039378531234498,D – High Risk
LN000062,DISB20250120000062,closed,0,15000,0.1274,12,partner_platform,TX,0.5147988507318123,C – Elevated Risk
LN000063,DISB20250121000063,closed,0,15000,0.1709,12,partner_platform,CA,0.5778412797232794,D – High Risk
LN000064,DISB20250121000064,written_off,1,15000,0.1636,12,partner_platform,TX,0.5536373135703514,D – High Risk
LN000065,DISB20250121000065,active,0,10000,0.2077,24,internal_core,TX,0.4927778062387862,C – Elevated Risk
LN000066,DISB20250121000066,active,0,10000,0.0952,36,internal_core,FL,0.24853469779989232,A – Low Risk
LN000067,DISB20250122000067,closed,0,8000,0.1829,6,partner_platform,NY,0.6147694351867115,D – High Risk
LN000068,DISB20250122000068,written_off,1,8000,0.1213,18,internal_core,CA,0.47066373585878624,C – Elevated Risk
LN000069,DISB20250122000069,active,0,20000,0.2286,24,internal_core,CA,0.554590084688833,D – High Risk
LN000070,DISB20250122000070,active,0,8000,0.1362,18,internal_core,CA,0.48670263369121913,C – Elevated Risk
LN000071,DISB20250123000071,active,0,30000,0.1611,24,internal_core,CA,0.5047391995239188,C – Elevated Risk
LN000072,DISB20250123000072,closed,0,10000,0.0786,6,partner_platform,CA,0.531755257393371,C – Elevated Risk
LN000073,DISB20250123000073,written_off,1,30000,0.1136,18,partner_platform,CA,0.4909348437316169,C – Elevated Risk
LN000074,DISB20250124000074,active,0,15000,0.1239,24,internal_core,FL,0.3845832124640259,B – Moderate Risk
LN000075,DISB20250124000075,active,0,20000,0.0765,24,partner_platform,CA,0.3692662865424576,B – Moderate Risk
LN000076,DISB20250125000076,written_off,1,5000,0.0804,36,partner_platform,NY,0.23146671374897232,A – Low Risk
LN000077,DISB20250125000077,written_off,1,8000,0.1395,36,internal_core,TX,0.30849795240959826,A – Low Risk
LN000078,DISB20250125000078,active,0,5000,0.1971,24,internal_core,CA,0.48674600532756107,C – Elevated Risk
LN000079,DISB20250126000079,written_off,1,8000,0.1314,18,partner_platform,NY,0.43699202557022554,B – Moderate Risk
LN000080,DISB20250126000080,active,0,30000,0.2376,36,partner_platform,CA,0.4431955476860125,B – Moderate Risk
LN000081,DISB20250126000081,active,0,5000,0.1665,24,internal_core,FL,0.40678303605924904,B – Moderate Risk
LN000082,DISB20250126000082,written_off,1,30000,0.1869,12,internal_core,NY,0.6371591798651058,D – High Risk
LN000083,DISB20250127000083,closed,0,20000,0.1329,12,partner_platform,FL,0.5029931524391765,C – Elevated Risk
LN000084,DISB20250127000084,active,0,5000,0.194,18,partner_platform,WA,0.49549927852439485,C – Elevated Risk
LN000085,DISB20250127000085,closed,0,15000,0.1114,6,partner_platform,WA,0.5631097814550533,D – High Risk
LN000086,DISB20250128000086,active,0,20000,0.0678,36,internal_core,WA,0.2623083140512634,A – Low Risk
LN000087,DISB20250128000087,closed,0,10000,0.1852,6,internal_core,NY,0.6466815511882981,D – High Risk
LN000088,DISB20250128000088,active,0,5000,0.173,18,internal_core,CA,0.5191213168243796,C – Elevated Risk
LN000089,DISB20250128000089,written_off,1,30000,0.142,24,partner_platform,WA,0.4381783783839082,B – Moderate Risk
LN000090,DISB20250129000090,active,0,8000,0.1013,24,internal_core,FL,0.34722132685937807,A – Low Risk
LN000091,DISB20250129000091,closed,0,10000,0.1857,6,internal_core,CA,0.6654470898442569,D – High Risk
LN000092,DISB20250129000092,active,0,15000,0.1088,36,internal_core,TX,0.29316897635895545,A – Low Risk
LN000093,DISB20250130000093,closed,0,20000,0.1704,12,partner_platform,NY,0.5707637743790303,D – High Risk
LN000094,DISB20250130000094,closed,0,20000,0.0897,6,partner_platform,CA,0.5789895196263246,D – High Risk
LN000095,DISB20250130000095,closed,0,10000,0.1669,6,internal_core,TX,0.6316992801666076,D – High Risk
LN000096,DISB20250131000096,written_off,1,5000,0.1347,6,partner_platform,WA,0.5524954258955385,D – High Risk
LN000097,DISB20250131000097,active,0,5000,0.1562,36,internal_core,TX,0.3185099528264159,A – Low Risk
LN000098,DISB20250201000098,written_off,1,8000,0.2129,6,partner_platform,WA,0.6436346473435594,D – High Risk
LN000099,DISB20250201000099,active,0,10000,0.1095,24,internal_core,CA,0.4048074399839744,B – Moderate Risk
LN000100,DISB20250201000100,closed,0,15000,0.1084,12,partner_platform,NY,0.49081917838590966,C – Elevated Risk
LN000101,DISB20250201000101,written_off,1,10000,0.1154,6,internal_core,FL,0.547889771946496,C – Elevated Risk
LN000102,DISB20250202000102,active,0,5000,0.0841,36,partner_platform,WA,0.23330626314904665,A – Low Risk
LN000103,DISB20250202000103,closed,0,30000,0.1711,12,partner_platform,NY,0.5978339103036806,D – High Risk
LN000104,DISB20250202000104,closed,0,10000,0.0764,12,internal_core,FL,0.4398479959054321,B – Moderate Risk
LN000105,DISB20250203000105,active,0,8000,0.2152,36,partner_platform,WA,0.35465138642286725,B – Moderate Risk
LN000106,DISB20250203000106,active,0,8000,0.1984,24,partner_platform,WA,0.4488632358219735,B – Moderate Risk
LN000107,DISB20250203000107,active,0,20000,0.0976,18,internal_core,TX,0.4574401037135814,C – Elevated Risk
LN000108,DISB20250204000108,closed,0,15000,0.0927,6,partner_platform,TX,0.5480378183660278,C – Elevated Risk
LN000109,DISB20250204000109,written_off,1,8000,0.1683,18,internal_core,TX,0.5045568876350803,C – Elevated Risk
LN000110,DISB20250204000110,active,0,8000,0.0919,36,internal_core,CA,0.2798013229792847,A – Low Risk
LN000111,DISB20250205000111,written_off,1,8000,0.0832,12,internal_core,WA,0.46790332446734784,C – Elevated Risk
LN000112,DISB20250205000112,active,0,5000,0.1838,18,internal_core,WA,0.5091092898384632,C – Elevated Risk
LN000113,DISB20250205000113,active,0,5000,0.1675,24,partner_platform,NY,0.41091323431235016,B – Moderate Risk
LN000114,DISB20250206000114,active,0,8000,0.0666,18,internal_core,TX,0.3963967536626557,B – Moderate Risk
LN000115,DISB20250206000115,closed,0,15000,0.0793,12,internal_core,TX,0.48754214037255983,C – Elevated Risk
LN000116,DISB20250206000116,written_off,1,20000,0.0928,6,internal_core,CA,0.6059803686544682,D – High Risk
LN000117,DISB20250207000117,closed,0,5000,0.1217,6,partner_platform,FL,0.5122736237829412,C – Elevated Risk
LN000118,DISB20250207000118,closed,0,8000,0.0756,12,partner_platform,CA,0.4568266871967134,C – Elevated Risk
LN000119,DISB20250207000119,closed,0,20000,0.1254,12,internal_core,NY,0.5471809186185578,C – Elevated Risk
LN000120,DISB20250208000120,active,0,20000,0.2281,36,partner_platform,WA,0.3915206241788078,B – Moderate Risk
LN000121,DISB20250208000121,written_off,1,15000,0.2131,6,internal_core,TX,0.6922359167326795,D – High Risk
LN000122,DISB20250208000122,closed,0,15000,0.2395,12,partner_platform,FL,0.6029113653240811,D – High Risk
LN000123,DISB20250208000123,active,0,30000,0.2355,18,partner_platform,CA,0.6200138245945558,D – High Risk
LN000124,DISB20250209000124,written_off,1,20000,0.1985,12,internal_core,FL,0.5971046034761879,D – High Risk
LN000125,DISB20250209000125,closed,0,5000,0.1554,6,partner_platform,NY,0.5758369403051373,D – High Risk
LN000126,DISB20250209000126,active,0,30000,0.0878,24,internal_core,WA,0.40517988268858673,B – Moderate Risk
LN000127,DISB20250210000127,active,0,20000,0.0714,24,internal_core,NY,0.36820086836385296,B – Moderate Risk
LN000128,DISB20250210000128,closed,0,5000,0.085,6,internal_core,CA,0.5452443383568926,C – Elevated Risk
LN000129,DISB20250210000129,closed,0,30000,0.1341,6,partner_platform,WA,0.6380807529982883,D – High Risk
LN000130,DISB20250211000130,closed,0,20000,0.1916,6,partner_platform,NY,0.6631126067011294,D – High Risk
LN000131,DISB20250211000131,active,0,30000,0.0687,36,internal_core,TX,0.2838524605828623,A – Low Risk
LN000132,DISB20250211000132,active,0,30000,0.2085,36,internal_core,WA,0.4153323786111913,B – Moderate Risk
LN000133,DISB20250212000133,closed,0,15000,0.1169,12,partner_platform,CA,0.5202299824171402,C – Elevated Risk
LN000134,DISB20250212000134,active,0,30000,0.2219,36,internal_core,CA,0.4507885295985831,C – Elevated Risk
LN000135,DISB20250212000135,closed,0,5000,0.124,12,partner_platform,WA,0.47912740142473126,C – Elevated Risk
LN000136,DISB20250213000136,active,0,30000,0.1199,18,partner_platform,NY,0.4774878404740397,C – Elevated Risk
LN000137,DISB20250213000137,written_off,1,20000,0.1492,18,internal_core,FL,0.48169592829360763,C – Elevated Risk
LN000138,DISB20250213000138,closed,0,20000,0.1047,6,partner_platform,FL,0.5476279814517031,C – Elevated Risk
LN000139,DISB20250214000139,defaulted,1,8000,0.1216,36,internal_core,FL,0.26706450251575126,A – Low Risk
LN000140,DISB20250214000140,active,0,20000,0.1572,36,partner_platform,FL,0.29893864864380754,A – Low Risk
LN000141,DISB20250214000141,active,0,10000,0.1849,24,internal_core,NY,0.4647525779784795,C – Elevated Risk
LN000142,DISB20250214000142,closed,0,10000,0.2326,12,partner_platform,TX,0.6127320940652199,D – High Risk
LN000143,DISB20250215000143,active,0,5000,0.0633,24,partner_platform,TX,0.310939452861237,A – Low Risk
LN000144,DISB20250215000144,active,0,15000,0.2022,36,internal_core,NY,0.3796359559953501,B – Moderate Risk
LN000145,DISB20250215000145,active,0,5000,0.1363,36,partner_platform,CA,0.2936184000235091,A – Low Risk
LN000146,DISB20250216000146,active,0,20000,0.2373,24,internal_core,CA,0.5638410574669052,D – High Risk
LN000147,DISB20250216000147,active,0,10000,0.1664,36,internal_core,CA,0.3527337899822972,B – Moderate Risk
LN000148,DISB20250217000148,active,0,20000,0.1687,18,internal_core,FL,0.5027182643176357,C – Elevated Risk
LN000149,DISB20250217000149,active,0,8000,0.1438,18,internal_core,NY,0.474662016569116,C – Elevated Risk
LN000150,DISB20250217000150,written_off,1,10000,0.1414,18,internal_core,CA,0.4971458513756538,C – Elevated Risk
LN000151,DISB20250218000151,active,0,5000,0.1252,18,partner_platform,NY,0.42332114136118537,B – Moderate Risk
LN000152,DISB20250218000152,closed,0,5000,0.233,6,partner_platform,FL,0.6293076808432178,D – High Risk
LN000153,DISB20250218000153,closed,0,20000,0.0932,6,partner_platform,WA,0.5614510998250084,D – High Risk
LN000154,DISB20250218000154,active,0,10000,0.1229,36,internal_core,CA,0.31116012145319777,A – Low Risk
LN000155,DISB20250219000155,closed,0,5000,0.1996,12,partner_platform,NY,0.5617446215684447,D – High Risk
LN000156,DISB20250219000156,active,0,30000,0.1607,24,partner_platform,CA,0.47970736413348475,C – Elevated Risk
LN000157,DISB20250219000157,closed,0,10000,0.1272,12,partner_platform,TX,0.501029971040055,C – Elevated Risk
LN000158,DISB20250220000158,written_off,1,15000,0.2112,36,internal_core,CA,0.40824017928869677,B – Moderate Risk
LN000159,DISB20250220000159,closed,0,10000,0.151,6,internal_core,WA,0.6109477041872662,D – High Risk
LN000160,DISB20250221000160,active,0,8000,0.205,18,partner_platform,FL,0.4882288386002517,C – Elevated Risk
LN000161,DISB20250221000161,closed,0,30000,0.1128,12,internal_core,NY,0.5605491346310922,D – High Risk
LN000162,DISB20250221000162,active,0,10000,0.0821,18,internal_core,FL,0.38710938845343434,B – Moderate Risk
LN000163,DISB20250222000163,closed,0,20000,0.1215,12,internal_core,NY,0.5430090480496876,C – Elevated Risk
LN000164,DISB20250222000164,closed,0,15000,0.1723,6,internal_core,NY,0.6503570187044326,D – High Risk
LN000165,DISB20250222000165,closed,0,15000,0.0852,12,partner_platform,TX,0.46932947086475024,C – Elevated Risk
LN000166,DISB20250223000166,closed,0,10000,0.1522,6,internal_core,NY,0.6135178293512553,D – High Risk
LN000167,DISB20250223000167,active,0,30000,0.1761,24,partner_platform,NY,0.4760675277690323,C – Elevated Risk
LN000168,DISB20250224000168,closed,0,20000,0.0633,12,partner_platform,WA,0.45445010061701,C – Elevated Risk
LN000169,DISB20250224000169,closed,0,8000,0.1598,6,partner_platform,NY,0.5909158731378535,D – High Risk
LN000170,DISB20250224000170,closed,0,30000,0.0846,6,partner_platform,TX,0.5922143446752005,D – High Risk
LN000171,DISB20250225000171,closed,0,8000,0.2246,12,partner_platform,WA,0.5945924268737769,D – High Risk
LN000172,DISB20250225000172,written_off,1,8000,0.0899,18,internal_core,CA,0.4371004222301692,B – Moderate Risk
LN000173,DISB20250225000173,active,0,8000,0.0723,18,partner_platform,TX,0.37886726871111237,B – Moderate Risk
LN000174,DISB20250225000174,defaulted,1,10000,0.2309,36,partner_platform,CA,0.3947854284842006,B – Moderate Risk
LN000175,DISB20250226000175,written_off,1,10000,0.2115,6,internal_core,TX,0.6752256319635476,D – High Risk
LN000176,DISB20250226000176,closed,0,8000,0.1454,6,partner_platform,CA,0.5954771366543458,D – High Risk
LN000177,DISB20250226000177,written_off,1,20000,0.1839,12,internal_core,CA,0.6277733568845865,D – High Risk
LN000178,DISB20250227000178,closed,0,15000,0.185,12,internal_core,FL,0.5697783526903984,D – High Risk
LN000179,DISB20250227000179,closed,0,10000,0.2332,6,internal_core,NY,0.6924405963642773,D – High Risk
LN000180,DISB20250227000180,active,0,15000,0.1575,18,internal_core,WA,0.5049367491695812,C – Elevated Risk
LN000181,DISB20250228000181,active,0,5000,0.1764,18,internal_core,NY,0.5025417646044342,C – Elevated Risk
LN000182,DISB20250228000182,closed,0,8000,0.1659,6,internal_core,NY,0.6206987037105937,D – High Risk
LN000183,DISB20250301000183,closed,0,5000,0.0947,12,internal_core,TX,0.47704943125057925,C – Elevated Risk
LN000184,DISB20250301000184,active,0,30000,0.0699,18,internal_core,NY,0.44834482505156725,B – Moderate Risk
LN000185,DISB20250301000185,active,0,30000,0.1673,18,partner_platform,FL,0.5007875575795738,C – Elevated Risk
LN000186,DISB20250301000186,closed,0,20000,0.1554,12,internal_core,FL,0.5516856500451774,D – High Risk
LN000187,DISB20250302000187,active,0,20000,0.1791,36,internal_core,NY,0.36627920033669814,B – Moderate Risk
LN000188,DISB20250302000188,written_off,1,15000,0.1019,18,partner_platform,NY,0.42240554473478253,B – Moderate Risk
LN000189,DISB20250303000189,written_off,1,8000,0.229,18,internal_core,TX,0.5695671404460289,D – High Risk
LN000190,DISB20250303000190,active,0,30000,0.0759,36,internal_core,FL,0.26511158861626744,A – Low Risk
LN000191,DISB20250303000191,closed,0,5000,0.1983,6,internal_core,FL,0.6172756094774784,D – High Risk
LN000192,DISB20250303000192,closed,0,10000,0.1441,12,partner_platform,FL,0.4879595913173867,C – Elevated Risk
LN000193,DISB20250304000193,closed,0,5000,0.2239,6,internal_core,CA,0.6858271996195879,D – High Risk
LN000194,DISB20250304000194,active,0,10000,0.231,36,internal_core,WA,0.397705566037664,B – Moderate Risk
LN000195,DISB20250305000195,active,0,20000,0.2381,24,internal_core,FL,0.5169864900484092,C – Elevated Risk
LN000196,DISB20250305000196,written_off,1,30000,0.1694,36,internal_core,NY,0.37636850168539415,B – Moderate Risk
LN000197,DISB20250305000197,active,0,5000,0.0936,18,internal_core,WA,0.41273320359090676,B – Moderate Risk
LN000198,DISB20250306000198,closed,0,10000,0.1675,6,internal_core,WA,0.627727000337529,D – High Risk
LN000199,DISB20250306000199,active,0,8000,0.1853,18,partner_platform,TX,0.498279608592641,C – Elevated Risk
LN000200,DISB20250307000200,active,0,5000,0.1667,36,internal_core,NY,0.325346980459312,A – Low Risk
LN000201,DISB20250307000201,closed,0,10000,0.0833,6,internal_core,TX,0.544597854579079,C – Elevated Risk
LN000202,DISB20250307000202,written_off,1,5000,0.1192,6,internal_core,WA,0.5602899735118544,D – High Risk
LN000203,DISB20250307000203,active,0,15000,0.1271,18,partner_platform,WA,0.44773075597886525,B – Moderate Risk
LN000204,DISB20250308000204,active,0,20000,0.221,36,partner_platform,CA,0.4049500117714296,B – Moderate Risk
LN000205,DISB20250308000205,closed,0,30000,0.1666,12,partner_platform,TX,0.5965257900002999,D – High Risk
LN000206,DISB20250308000206,closed,0,10000,0.2156,6,partner_platform,TX,0.6572710315262201,D – High Risk
LN000207,DISB20250308000207,written_off,1,10000,0.2161,6,internal_core,WA,0.6752738875455858,D – High Risk
LN000208,DISB20250309000208,active,0,15000,0.1714,24,internal_core,WA,0.46017107393019063,C – Elevated Risk
LN000209,DISB20250309000209,closed,0,10000,0.2182,12,partner_platform,NY,0.5945278037085849,D – High Risk
LN000210,DISB20250309000210,written_off,1,8000,0.2072,36,partner_platform,WA,0.3467927716202539,A – Low Risk
LN000211,DISB20250309000211,written_off,1,20000,0.171,6,internal_core,CA,0.683044448306763,D – High Risk
LN000212,DISB20250310000212,active,0,20000,0.2004,18,internal_core,NY,0.564352951659131,D – High Risk
LN000213,DISB20250310000213,active,0,15000,0.1739,36,partner_platform,WA,0.32799335289627296,A – Low Risk
LN000214,DISB20250310000214,written_off,1,15000,0.0722,18,partner_platform,CA,0.4109576805476136,B – Moderate Risk
LN000215,DISB20250311000215,active,0,5000,0.0704,18,partner_platform,NY,0.3668952840068532,B – Moderate Risk
LN000216,DISB20250311000216,active,0,20000,0.1403,18,partner_platform,TX,0.4787893734009977,C – Elevated Risk
LN000217,DISB20250311000217,written_off,1,20000,0.064,18,partner_platform,TX,0.3979417738334874,B – Moderate Risk
LN000218,DISB20250312000218,closed,0,8000,0.2395,6,internal_core,TX,0.6950841642274652,D – High Risk
LN000219,DISB20250312000219,active,0,20000,0.1849,24,internal_core,NY,0.4874254938641656,C – Elevated Risk
LN000220,DISB20250312000220,closed,0,10000,0.1092,6,partner_platform,FL,0.5167324059330028,C – Elevated Risk
LN000221,DISB20250313000221,active,0,20000,0.1749,18,internal_core,CA,0.5572144056283287,D – High Risk
LN000222,DISB20250313000222,written_off,1,8000,0.2209,12,internal_core,WA,0.6143106640438346,D – High Risk
LN000223,DISB20250313000223,written_off,1,15000,0.1613,24,partner_platform,TX,0.42995181967051843,B – Moderate Risk
LN000224,DISB20250313000224,written_off,1,5000,0.0764,18,partner_platform,NY,0.372928090093927,B – Moderate Risk
LN000225,DISB20250314000225,active,0,15000,0.0659,24,internal_core,NY,0.3522582961853157,B – Moderate Risk
LN000226,DISB20250314000226,closed,0,5000,0.0602,6,partner_platform,FL,0.4461585508635793,B – Moderate Risk
LN000227,DISB20250314000227,active,0,5000,0.0889,36,partner_platform,WA,0.23703065085554523,A – Low Risk
LN000228,DISB20250314000228,active,0,20000,0.0869,36,partner_platform,NY,0.260300656829996,A – Low Risk
LN000229,DISB20250315000229,closed,0,5000,0.2148,6,partner_platform,TX,0.6401305003165196,D – High Risk
LN000230,DISB20250315000230,active,0,5000,0.0785,24,internal_core,FL,0.31931782613534376,A – Low Risk
LN000231,DISB20250315000231,closed,0,8000,0.1188,12,internal_core,CA,0.5278924036693552,C – Elevated Risk
LN000232,DISB20250316000232,closed,0,15000,0.1244,12,partner_platform,NY,0.5080732774427056,C – Elevated Risk
LN000233,DISB20250316000233,active,0,8000,0.0674,24,partner_platform,CA,0.3354312929402454,A – Low Risk
LN000234,DISB20250317000234,closed,0,30000,0.1671,6,partner_platform,CA,0.6891345811996407,D – High Risk
LN000235,DISB20250317000235,written_off,1,8000,0.1726,24,internal_core,TX,0.4505388455800018,C – Elevated Risk
LN000236,DISB20250317000236,closed,0,15000,0.1675,12,internal_core,TX,0.581917367251284,D – High Risk
LN000237,DISB20250318000237,active,0,10000,0.1905,24,internal_core,FL,0.44317467564408813,B – Moderate Risk
LN000238,DISB20250318000238,active,0,8000,0.1192,24,partner_platform,WA,0.3665769111085699,B – Moderate Risk
LN000239,DISB20250318000239,closed,0,10000,0.0891,12,partner_platform,TX,0.46002502222050606,C – Elevated Risk
LN000240,DISB20250319000240,written_off,1,10000,0.0747,18,internal_core,TX,0.4094581701768179,B – Moderate Risk
LN000241,DISB20250319000241,closed,0,5000,0.2113,6,internal_core,WA,0.6546753623644843,D – High Risk
LN000242,DISB20250320000242,active,0,15000,0.1924,24,partner_platform,FL,0.4321510279632477,B – Moderate Risk
LN000243,DISB20250320000243,active,0,5000,0.139,36,partner_platform,NY,0.27943823603914775,A – Low Risk
LN000244,DISB20250320000244,closed,0,8000,0.2027,12,internal_core,TX,0.6002672235943538,D – High Risk
LN000245,DISB20250321000245,active,0,10000,0.1721,36,internal_core,CA,0.3583680171349448,B – Moderate Risk
LN000246,DISB20250321000246,active,0,30000,0.0923,24,internal_core,NY,0.4112341379652929,B – Moderate Risk
LN000247,DISB20250321000247,active,0,20000,0.1387,24,internal_core,WA,0.4365285846972644,B – Moderate Risk
LN000248,DISB20250321000248,closed,0,5000,0.1793,6,internal_core,TX,0.6274358084112287,D – High Risk
LN000249,DISB20250322000249,closed,0,20000,0.0616,6,partner_platform,FL,0.5012899224956916,C – Elevated Risk
LN000250,DISB20250322000250,closed,0,10000,0.2191,12,partner_platform,WA,0.5941018482163327,D – High Risk
LN000251,DISB20250322000251,active,0,5000,0.1409,18,internal_core,FL,0.43678995966310574,B – Moderate Risk
LN000252,DISB20250323000252,active,0,5000,0.169,36,internal_core,FL,0.30351695221895564,A – Low Risk
LN000253,DISB20250323000253,defaulted,1,15000,0.1403,24,internal_core,TX,0.43187778646185604,B – Moderate Risk
LN000254,DISB20250323000254,defaulted,1,8000,0.0821,36,partner_platform,FL,0.21782001457468794,A – Low Risk
LN000255,DISB20250324000255,active,0,20000,0.2281,36,internal_core,CA,0.4363950273579064,B – Moderate Risk
LN000256,DISB20250324000256,written_off,1,8000,0.1315,12,internal_core,TX,0.5248357545484095,C – Elevated Risk
LN000257,DISB20250324000257,active,0,8000,0.2352,18,internal_core,NY,0.5726954176485846,D – High Risk
LN000258,DISB20250325000258,closed,0,30000,0.1154,12,partner_platform,NY,0.5389609420386442,C – Elevated Risk
LN000259,DISB20250325000259,active,0,20000,0.0769,36,internal_core,WA,0.2699752075361643,A – Low Risk
LN000260,DISB20250325000260,written_off,1,5000,0.2109,12,partner_platform,TX,0.5771215638740791,D – High Risk
LN000261,DISB20250326000261,closed,0,8000,0.2164,6,internal_core,FL,0.6454613539314963,D – High Risk
LN000262,DISB20250326000262,active,0,15000,0.1818,18,partner_platform,WA,0.506532099629119,C – Elevated Risk
LN000263,DISB20250326000263,closed,0,30000,0.1784,12,internal_core,CA,0.6473496573813674,D – High Risk
LN000264,DISB20250327000264,closed,0,20000,0.1621,6,partner_platform,TX,0.6373565772520433,D – High Risk
LN000265,DISB20250327000265,active,0,30000,0.2266,18,partner_platform,NY,0.591504834618004,D – High Risk
LN000266,DISB20250327000266,closed,0,10000,0.2164,6,internal_core,CA,0.6942581193824695,D – High Risk
LN000267,DISB20250327000267,active,0,8000,0.1313,36,partner_platform,TX,0.2807039842761217,A – Low Risk
LN000268,DISB20250328000268,written_off,1,5000,0.14,12,internal_core,TX,0.5258657583390424,C – Elevated Risk
LN000269,DISB20250328000269,closed,0,8000,0.1967,6,internal_core,TX,0.6546087139962854,D – High Risk
LN000270,DISB20250329000270,closed,0,15000,0.0646,12,partner_platform,CA,0.46389895909829065,C – Elevated Risk
LN000271,DISB20250329000271,active,0,20000,0.1043,24,partner_platform,TX,0.38166533702218897,B – Moderate Risk
LN000272,DISB20250329000272,written_off,1,8000,0.1888,18,internal_core,WA,0.5217462842854357,C – Elevated Risk
LN000273,DISB20250330000273,active,0,5000,0.1778,18,internal_core,FL,0.47626407018209116,C – Elevated Risk
LN000274,DISB20250330000274,active,0,8000,0.0899,24,partner_platform,WA,0.3377517766473748,A – Low Risk
LN000275,DISB20250330000275,closed,0,15000,0.157,12,partner_platform,FL,0.5154223885358398,C – Elevated Risk
LN000276,DISB20250330000276,closed,0,20000,0.1344,6,internal_core,TX,0.6324773651103206,D – High Risk
LN000277,DISB20250331000277,closed,0,20000,0.0932,6,internal_core,NY,0.5868963119826142,D – High Risk
LN000278,DISB20250331000278,closed,0,15000,0.147,6,partner_platform,FL,0.5748817464892689,D – High Risk
LN000279,DISB20250331000279,active,0,10000,0.0605,36,internal_core,FL,0.22163961650784644,A – Low Risk
LN000280,DISB20250401000280,closed,0,8000,0.1249,12,partner_platform,CA,0.5098871539526387,C – Elevated Risk
LN000281,DISB20250401000281,active,0,8000,0.1918,24,internal_core,FL,0.4400738093502783,B – Moderate Risk
LN000282,DISB20250401000282,written_off,1,10000,0.1723,6,internal_core,NY,0.6338650622253409,D – High Risk
LN000283,DISB20250402000283,defaulted,1,8000,0.1451,36,partner_platform,CA,0.306955444549591,A – Low Risk
LN000284,DISB20250402000284,active,0,10000,0.1693,18,internal_core,NY,0.5069795007357303,C – Elevated Risk
LN000285,DISB20250402000285,active,0,30000,0.0855,18,partner_platform,WA,0.4392616945372583,B – Moderate Risk
LN000286,DISB20250403000286,active,0,5000,0.1846,24,partner_platform,TX,0.4323062606858437,B – Moderate Risk
LN000287,DISB20250403000287,active,0,20000,0.0743,36,partner_platform,CA,0.265467962096567,A – Low Risk
LN000288,DISB20250403000288,closed,0,5000,0.1008,6,internal_core,FL,0.5143434561358209,C – Elevated Risk
LN000289,DISB20250403000289,active,0,15000,0.2041,18,partner_platform,WA,0.5305447061032853,C – Elevated Risk
LN000290,DISB20250404000290,closed,0,30000,0.1015,12,partner_platform,TX,0.5275149819875118,C – Elevated Risk
LN000291,DISB20250404000291,closed,0,15000,0.1791,6,partner_platform,TX,0.6377176559460555,D – High Risk
LN000292,DISB20250404000292,active,0,30000,0.1612,24,internal_core,WA,0.4831854974068779,C – Elevated Risk
LN000293,DISB20250405000293,closed,0,8000,0.0774,6,internal_core,FL,0.4998769487297252,C – Elevated Risk
LN000294,DISB20250405000294,defaulted,1,15000,0.1455,36,internal_core,FL,0.3000799985428704,A – Low Risk
LN000295,DISB20250406000295,active,0,15000,0.1039,36,partner_platform,FL,0.24511747759178534,A – Low Risk
LN000296,DISB20250406000296,defaulted,1,5000,0.1695,24,partner_platform,FL,0.386325279866379,B – Moderate Risk
LN000297,DISB20250406000297,active,0,5000,0.1009,36,internal_core,NY,0.26636096741145643,A – Low Risk
LN000298,DISB20250406000298,active,0,5000,0.1597,18,partner_platform,TX,0.46347816469448416,C – Elevated Risk
LN000299,DISB20250407000299,active,0,8000,0.1528,18,internal_core,TX,0.48784282241194815,C – Elevated Risk
LN000300,DISB20250407000300,closed,0,15000,0.0975,6,partner_platform,NY,0.5497047610228056,C – Elevated Risk
LN000301,DISB20250407000301,written_off,1,30000,0.218,18,partner_platform,FL,0.555240560841958,D – High Risk
LN000302,DISB20250408000302,active,0,8000,0.0877,18,partner_platform,NY,0.3912886120248912,B – Moderate Risk
LN000303,DISB20250408000303,closed,0,8000,0.208,6,partner_platform,WA,0.6387715687051385,D – High Risk
LN000304,DISB20250408000304,active,0,30000,0.0851,36,internal_core,FL,0.27291570909766183,A – Low Risk
LN000305,DISB20250408000305,closed,0,5000,0.1799,12,partner_platform,WA,0.539321463658543,C – Elevated Risk
LN000306,DISB20250409000306,active,0,15000,0.1998,24,internal_core,WA,0.4907166786591101,C – Elevated Risk
LN000307,DISB20250409000307,active,0,20000,0.079,36,partner_platform,TX,0.2564481810269533,A – Low Risk
LN000308,DISB20250409000308,active,0,10000,0.1296,36,partner_platform,TX,0.2826625441751997,A – Low Risk
LN000309,DISB20250410000309,written_off,1,10000,0.1958,6,internal_core,TX,0.6602003279475592,D – High Risk
LN000310,DISB20250410000310,active,0,15000,0.1146,18,internal_core,FL,0.4326876946043298,B – Moderate Risk
LN000311,DISB20250410000311,active,0,5000,0.1019,24,internal_core,FL,0.341647287390059,A – Low Risk
LN000312,DISB20250411000312,active,0,8000,0.0835,24,internal_core,WA,0.3537738612471666,B – Moderate Risk
LN000313,DISB20250411000313,active,0,30000,0.209,36,partner_platform,WA,0.3921569980517645,B – Moderate Risk
LN000314,DISB20250411000314,active,0,8000,0.0841,36,partner_platform,WA,0.23790219108265767,A – Low Risk
LN000315,DISB20250412000315,closed,0,20000,0.0622,12,internal_core,WA,0.477763533861069,C – Elevated Risk
LN000316,DISB20250412000316,closed,0,20000,0.0677,6,internal_core,TX,0.5634359381325582,D – High Risk
LN000317,DISB20250412000317,active,0,20000,0.212,36,partner_platform,NY,0.3764296749219912,B – Moderate Risk
LN000318,DISB20250412000318,active,0,15000,0.1773,18,internal_core,CA,0.5478124989291497,C – Elevated Risk
LN000319,DISB20250413000319,closed,0,8000,0.2206,6,partner_platform,CA,0.6706363090232907,D – High Risk
LN000320,DISB20250413000320,active,0,8000,0.1388,36,partner_platform,CA,0.30120430648323776,A – Low Risk
LN000321,DISB20250413000321,closed,0,20000,0.2085,12,partner_platform,TX,0.6137978547410007,D – High Risk
LN000322,DISB20250414000322,active,0,20000,0.087,24,internal_core,CA,0.4033268403756307,B – Moderate Risk
LN000323,DISB20250414000323,written_off,1,5000,0.1943,6,internal_core,WA,0.6379129640637259,D – High Risk
LN000324,DISB20250415000324,closed,0,15000,0.1928,12,internal_core,FL,0.5780066380982354,D – High Risk
LN000325,DISB20250415000325,active,0,10000,0.0933,18,internal_core,NY,0.42557190490298413,B – Moderate Risk
LN000326,DISB20250416000326,closed,0,15000,0.2218,6,partner_platform,CA,0.693540872971728,D – High Risk
LN000327,DISB20250416000327,active,0,5000,0.106,24,internal_core,CA,0.3903050844871269,B – Moderate Risk
LN000328,DISB20250416000328,closed,0,30000,0.2212,12,partner_platform,WA,0.6472396899923805,D – High Risk
LN000329,DISB20250417000329,written_off,1,20000,0.1648,24,internal_core,NY,0.4657986939072603,C – Elevated Risk
LN000330,DISB20250417000330,closed,0,8000,0.1004,6,partner_platform,TX,0.5313285620786251,C – Elevated Risk
LN000331,DISB20250417000331,written_off,1,8000,0.2298,24,partner_platform,WA,0.4825554687497635,C – Elevated Risk
LN000332,DISB20250418000332,closed,0,20000,0.1115,6,internal_core,FL,0.5790496061598405,D – High Risk
LN000333,DISB20250418000333,active,0,20000,0.0998,24,partner_platform,TX,0.3770946169007465,B – Moderate Risk
LN000334,DISB20250419000334,defaulted,1,30000,0.1571,36,partner_platform,NY,0.3415263773162827,A – Low Risk
LN000335,DISB20250419000335,active,0,15000,0.2072,18,internal_core,FL,0.5321004823145273,C – Elevated Risk
LN000336,DISB20250419000336,active,0,20000,0.1938,18,internal_core,TX,0.5607854188033148,D – High Risk
LN000337,DISB20250420000337,closed,0,5000,0.197,12,partner_platform,NY,0.5589814250460818,D – High Risk
LN000338,DISB20250420000338,active,0,20000,0.2187,24,partner_platform,TX,0.5027577528560464,C – Elevated Risk
LN000339,DISB20250420000339,active,0,10000,0.116,36,internal_core,TX,0.29079717820473155,A – Low Risk
LN000340,DISB20250421000340,written_off,1,15000,0.1543,12,partner_platform,NY,0.5402336402791432,C – Elevated Risk
LN000341,DISB20250421000341,closed,0,30000,0.0964,12,internal_core,WA,0.5416514586340935,C – Elevated Risk
LN000342,DISB20250421000342,active,0,10000,0.2116,18,partner_platform,WA,0.5265510176487467,C – Elevated Risk
LN000343,DISB20250421000343,active,0,15000,0.19,18,internal_core,NY,0.5413057783749636,C – Elevated Risk
LN000344,DISB20250422000344,written_off,1,30000,0.09,24,internal_core,CA,0.428551104913266,B – Moderate Risk
LN000345,DISB20250422000345,active,0,15000,0.1518,18,partner_platform,WA,0.4742007176398279,C – Elevated Risk
LN000346,DISB20250422000346,written_off,1,30000,0.1476,12,internal_core,TX,0.6004862684304157,D – High Risk
LN000347,DISB20250422000347,active,0,5000,0.1746,18,partner_platform,WA,0.4745983473459513,C – Elevated Risk
LN000348,DISB20250423000348,active,0,15000,0.1531,36,partner_platform,FL,0.28647262962041764,A – Low Risk
LN000349,DISB20250423000349,active,0,5000,0.0759,24,internal_core,CA,0.35988112476480644,B – Moderate Risk
LN000350,DISB20250423000350,active,0,10000,0.1921,36,internal_core,CA,0.3784399073465464,B – Moderate Risk
LN000351,DISB20250423000351,active,0,10000,0.1835,24,internal_core,TX,0.46672710238104614,C – Elevated Risk
LN000352,DISB20250424000352,active,0,8000,0.1202,36,internal_core,TX,0.29102516336026446,A – Low Risk
LN000353,DISB20250424000353,active,0,20000,0.1856,18,internal_core,WA,0.5471969765828223,C – Elevated Risk
LN000354,DISB20250424000354,active,0,10000,0.1373,18,internal_core,WA,0.47108826480798693,C – Elevated Risk
LN000355,DISB20250424000355,active,0,5000,0.1383,36,partner_platform,FL,0.2570245412618661,A – Low Risk
LN000356,DISB20250425000356,defaulted,1,5000,0.2004,24,partner_platform,CA,0.46574393061371505,C – Elevated Risk
LN000357,DISB20250425000357,written_off,1,15000,0.1318,24,partner_platform,CA,0.41526023564174086,B – Moderate Risk
LN000358,DISB20250425000358,active,0,15000,0.068,24,internal_core,TX,0.3575317819801227,B – Moderate Risk
LN000359,DISB20250426000359,written_off,1,30000,0.1372,6,partner_platform,WA,0.6411633536377738,D – High Risk
LN000360,DISB20250426000360,active,0,15000,0.0661,24,partner_platform,NY,0.3303258952490548,A – Low Risk
LN000361,DISB20250426000361,active,0,15000,0.1167,18,partner_platform,NY,0.4380549899920889,B – Moderate Risk
LN000362,DISB20250427000362,active,0,20000,0.0694,24,internal_core,CA,0.38519678564735294,B – Moderate Risk
LN000363,DISB20250427000363,closed,0,20000,0.1778,12,partner_platform,WA,0.5771884035859958,D – High Risk
LN000364,DISB20250427000364,defaulted,1,5000,0.2305,24,internal_core,CA,0.5227487341621846,C – Elevated Risk
LN000365,DISB20250428000365,closed,0,15000,0.1352,6,internal_core,CA,0.6321808057766346,D – High Risk
LN000366,DISB20250428000366,active,0,8000,0.1327,18,internal_core,CA,0.4829314188675944,C – Elevated Risk
LN000367,DISB20250428000367,closed,0,8000,0.0747,12,partner_platform,CA,0.45586344611993085,C – Elevated Risk
LN000368,DISB20250429000368,closed,0,5000,0.1804,12,internal_core,TX,0.5690164414149513,D – High Risk
LN000369,DISB20250429000369,closed,0,30000,0.2052,12,partner_platform,TX,0.6358805347439505,D – High Risk
LN000370,DISB20250429000370,defaulted,1,20000,0.0896,24,partner_platform,FL,0.3382511113044014,A – Low Risk
LN000371,DISB20250430000371,active,0,30000,0.0891,18,internal_core,WA,0.4675004401533209,C – Elevated Risk
LN000372,DISB20250430000372,closed,0,8000,0.1604,12,partner_platform,CA,0.5480263003068977,C – Elevated Risk
LN000373,DISB20250430000373,active,0,15000,0.157,24,partner_platform,TX,0.4254113649298569,B – Moderate Risk
LN000374,DISB20250430000374,active,0,5000,0.1315,18,internal_core,TX,0.4577125932498101,C – Elevated Risk
LN000375,DISB20250501000375,active,0,15000,0.2027,24,internal_core,WA,0.4938435425579551,C – Elevated Risk
LN000376,DISB20250501000376,closed,0,30000,0.1559,12,partner_platform,FL,0.5546937280085523,D – High Risk
LN000377,DISB20250501000377,active,0,10000,0.1254,18,internal_core,NY,0.4597217305173722,C – Elevated Risk
LN000378,DISB20250502000378,active,0,5000,0.066,36,partner_platform,FL,0.20207259317256435,A – Low Risk
LN000379,DISB20250502000379,active,0,30000,0.1708,18,partner_platform,CA,0.552430007631273,D – High Risk
LN000380,DISB20250503000380,active,0,20000,0.2371,36,partner_platform,WA,0.40080808899444303,B – Moderate Risk
LN000381,DISB20250503000381,written_off,1,8000,0.1369,18,internal_core,WA,0.4658397035816618,C – Elevated Risk
LN000382,DISB20250504000382,active,0,15000,0.2202,36,internal_core,TX,0.40144027662762827,B – Moderate Risk
LN000383,DISB20250504000383,active,0,15000,0.2253,18,partner_platform,FL,0.5270272519478899,C – Elevated Risk
LN000384,DISB20250504000384,active,0,15000,0.1427,36,partner_platform,NY,0.3002261600176886,A – Low Risk
LN000385,DISB20250505000385,active,0,8000,0.104,24,partner_platform,NY,0.3527773700455508,B – Moderate Risk
LN000386,DISB20250505000386,active,0,15000,0.223,18,partner_platform,NY,0.5521877875756428,D – High Risk
LN000387,DISB20250505000387,active,0,30000,0.1929,24,partner_platform,TX,0.49766159377847036,C – Elevated Risk
LN000388,DISB20250506000388,active,0,15000,0.1931,12,internal_core,NY,0.605183777964832,D – High Risk
LN000389,DISB20250506000389,defaulted,1,30000,0.214,24,partner_platform,CA,0.5371113292133304,C – Elevated Risk
LN000390,DISB20250506000390,closed,0,10000,0.1849,6,internal_core,WA,0.6450934732918131,D – High Risk
LN000391,DISB20250507000391,active,0,15000,0.2289,24,internal_core,CA,0.5436562458026963,C – Elevated Risk
LN000392,DISB20250507000392,active,0,20000,0.2218,18,partner_platform,CA,0.5826696150781869,D – High Risk
LN000393,DISB20250507000393,active,0,10000,0.08,24,partner_platform,WA,0.33228812129214547,A – Low Risk
LN000394,DISB20250507000394,written_off,1,30000,0.2044,18,internal_core,FL,0.565040630779868,D – High Risk
LN000395,DISB20250508000395,active,0,30000,0.2145,18,internal_core,TX,0.6059722195708552,D – High Risk
LN000396,DISB20250508000396,closed,0,15000,0.0632,6,partner_platform,TX,0.5163651579651928,C – Elevated Risk
LN000397,DISB20250508000397,active,0,15000,0.0803,36,partner_platform,WA,0.24581446235237417,A – Low Risk
LN000398,DISB20250509000398,closed,0,5000,0.1444,6,internal_core,TX,0.5916220427612778,D – High Risk
LN000399,DISB20250509000399,active,0,30000,0.1938,24,partner_platform,TX,0.498632220732979,C – Elevated Risk
LN000400,DISB20250510000400,closed,0,20000,0.1668,6,partner_platform,WA,0.6375071359487072,D – High Risk
LN000401,DISB20250510000401,active,0,15000,0.1649,12,internal_core,WA,0.5743958038966797,D – High Risk
LN000402,DISB20250510000402,defaulted,1,15000,0.0996,24,internal_core,CA,0.40547006495925253,B – Moderate Risk
LN000403,DISB20250511000403,active,0,15000,0.2163,12,partner_platform,CA,0.624752924164964,D – High Risk
LN000404,DISB20250511000404,written_off,1,15000,0.2239,6,partner_platform,TX,0.6810794823678121,D – High Risk
LN000405,DISB20250511000405,active,0,20000,0.1736,24,internal_core,CA,0.49549175675251794,C – Elevated Risk
LN000406,DISB20250511000406,active,0,15000,0.0788,24,internal_core,WA,0.3637495963169901,B – Moderate Risk
LN000407,DISB20250512000407,closed,0,8000,0.1451,6,partner_platform,CA,0.5951653489699962,D – High Risk
LN000408,DISB20250512000408,closed,0,30000,0.1058,6,partner_platform,WA,0.6094399577079969,D – High Risk
LN000409,DISB20250512000409,closed,0,10000,0.1098,6,internal_core,CA,0.5890972374580182,D – High Risk
LN000410,DISB20250513000410,active,0,30000,0.1699,36,partner_platform,FL,0.3290460693122004,A – Low Risk
LN000411,DISB20250513000411,written_off,1,30000,0.2137,6,partner_platform,TX,0.7170872466662533,D – High Risk
LN000412,DISB20250513000412,active,0,20000,0.1389,12,partner_platform,TX,0.5406732352956394,C – Elevated Risk
LN000413,DISB20250514000413,closed,0,20000,0.1112,6,internal_core,WA,0.6042371401536463,D – High Risk
LN000414,DISB20250514000414,active,0,5000,0.0653,18,internal_core,TX,0.38813969050577823,B – Moderate Risk
LN000415,DISB20250515000415,active,0,15000,0.1914,36,internal_core,WA,0.3674124237542416,B – Moderate Risk
LN000416,DISB20250515000416,written_off,1,5000,0.2083,24,internal_core,NY,0.4785793773117272,C – Elevated Risk
LN000417,DISB20250515000417,active,0,30000,0.0692,36,internal_core,CA,0.2981283117113937,A – Low Risk
LN000418,DISB20250515000418,written_off,1,8000,0.1798,6,partner_platform,FL,0.5848729863674522,D – High Risk
LN000419,DISB20250516000419,active,0,15000,0.2221,24,internal_core,NY,0.5161725963447786,C – Elevated Risk
LN000420,DISB20250516000420,closed,0,8000,0.1803,6,partner_platform,NY,0.6121097076654652,D – High Risk
LN000421,DISB20250516000421,written_off,1,8000,0.1504,18,internal_core,CA,0.5020140380417637,C – Elevated Risk
LN000422,DISB20250517000422,active,0,30000,0.0817,12,partner_platform,WA,0.5012826733791436,C – Elevated Risk
LN000423,DISB20250517000423,active,0,8000,0.0621,24,internal_core,TX,0.3373365478582918,A – Low Risk
LN000424,DISB20250517000424,closed,0,8000,0.2238,6,internal_core,CA,0.6949397803244824,D – High Risk
LN000425,DISB20250518000425,active,0,30000,0.2133,24,internal_core,TX,0.5441591418927764,C – Elevated Risk
LN000426,DISB20250518000426,active,0,30000,0.202,24,partner_platform,FL,0.47619466055612836,C – Elevated Risk
LN000427,DISB20250518000427,written_off,1,15000,0.1643,6,partner_platform,TX,0.6228411819634607,D – High Risk
LN000428,DISB20250519000428,written_off,1,30000,0.187,6,partner_platform,NY,0.6901672594959618,D – High Risk
LN000429,DISB20250519000429,closed,0,15000,0.0681,6,internal_core,CA,0.5626975832655656,D – High Risk
LN000430,DISB20250519000430,active,0,8000,0.1762,24,internal_core,TX,0.45438629271915304,C – Elevated Risk
LN000431,DISB20250520000431,active,0,10000,0.116,36,partner_platform,NY,0.26816799511070066,A – Low Risk
LN000432,DISB20250520000432,active,0,30000,0.1417,24,internal_core,CA,0.4838222931344975,C – Elevated Risk
LN000433,DISB20250520000433,active,0,10000,0.1557,36,partner_platform,FL,0.28011423473693947,A – Low Risk
LN000434,DISB20250521000434,active,0,10000,0.0888,12,internal_core,TX,0.4842329375869353,C – Elevated Risk
LN000435,DISB20250521000435,active,0,8000,0.222,36,partner_platform,WA,0.36139364354673764,B – Moderate Risk
LN000436,DISB20250521000436,defaulted,1,30000,0.1685,24,internal_core,CA,0.5127174206023979,C – Elevated Risk
LN000437,DISB20250522000437,active,0,30000,0.1301,36,internal_core,FL,0.3130816735845986,A – Low Risk
LN000438,DISB20250522000438,active,0,20000,0.1575,36,internal_core,TX,0.3480959601206248,A – Low Risk
LN000439,DISB20250522000439,active,0,8000,0.1067,18,internal_core,NY,0.4349982856304752,B – Moderate Risk
LN000440,DISB20250523000440,active,0,15000,0.2095,24,internal_core,TX,0.5060826980837535,C – Elevated Risk
LN000441,DISB20250523000441,active,0,20000,0.1399,12,partner_platform,TX,0.5417443985987251,C – Elevated Risk
LN000442,DISB20250523000442,written_off,1,10000,0.2185,6,internal_core,NY,0.6787730650414174,D – High Risk
LN000443,DISB20250524000443,active,0,15000,0.2135,36,partner_platform,FL,0.34253566749527453,A – Low Risk
LN000444,DISB20250524000444,active,0,10000,0.2237,18,internal_core,WA,0.5638863615963813,D – High Risk
LN000445,DISB20250524000445,active,0,30000,0.2023,24,internal_core,WA,0.52747736392303,C – Elevated Risk
LN000446,DISB20250524000446,closed,0,30000,0.0662,6,internal_core,TX,0.5968114853797556,D – High Risk
LN000447,DISB20250525000447,active,0,15000,0.2154,12,partner_platform,FL,0.5777745401480716,D – High Risk
LN000448,DISB20250525000448,closed,0,10000,0.152,6,partner_platform,TX,0.5930983595345883,D – High Risk
LN000449,DISB20250525000449,active,0,30000,0.1421,24,internal_core,TX,0.4675317945052858,C – Elevated Risk
LN000450,DISB20250526000450,closed,0,20000,0.1458,6,internal_core,FL,0.6146360088568528,D – High Risk
LN000451,DISB20250526000451,written_off,1,5000,0.2208,18,internal_core,TX,0.553712391282253,D – High Risk
LN000452,DISB20250526000452,active,0,30000,0.0997,12,partner_platform,WA,0.5206836775316583,C – Elevated Risk
LN000453,DISB20250527000453,active,0,30000,0.176,24,internal_core,NY,0.5005531108657284,C – Elevated Risk
LN000454,DISB20250527000454,active,0,30000,0.2323,18,partner_platform,TX,0.6007891327640101,D – High Risk
LN000455,DISB20250527000455,closed,0,30000,0.0626,6,internal_core,FL,0.5625383051989539,D – High Risk
LN000456,DISB20250528000456,closed,0,20000,0.2079,6,partner_platform,CA,0.6960453929921907,D – High Risk
LN000457,DISB20250528000457,active,0,5000,0.1902,24,internal_core,TX,0.46260925824408966,C – Elevated Risk
LN000458,DISB20250528000458,written_off,1,15000,0.1639,12,internal_core,WA,0.5733408540283097,D – High Risk
LN000459,DISB20250528000459,active,0,8000,0.0738,12,partner_platform,NY,0.4348936586442624,B – Moderate Risk
LN000460,DISB20250529000460,active,0,8000,0.1878,24,internal_core,NY,0.46334176579506103,C – Elevated Risk
LN000461,DISB20250529000461,active,0,30000,0.0874,18,internal_core,WA,0.4656751971800499,C – Elevated Risk
LN000462,DISB20250529000462,defaulted,1,5000,0.1753,36,internal_core,WA,0.33228786839600694,A – Low Risk
LN000463,DISB20250530000463,closed,0,5000,0.0821,6,partner_platform,NY,0.49737338410533716,C – Elevated Risk
LN000464,DISB20250530000464,active,0,15000,0.1747,12,partner_platform,NY,0.5620012489575738,D – High Risk
LN000465,DISB20250530000465,active,0,30000,0.1614,24,internal_core,WA,0.48340095449362325,C – Elevated Risk
LN000466,DISB20250531000466,active,0,30000,0.2188,12,internal_core,TX,0.6714268230592354,D – High Risk
LN000467,DISB20250531000467,active,0,5000,0.06,12,partner_platform,WA,0.41104858652739695,B – Moderate Risk
LN000468,DISB20250531000468,written_off,1,30000,0.2212,12,partner_platform,CA,0.6667672889946932,D – High Risk
LN000469,DISB20250601000469,written_off,1,20000,0.2276,6,internal_core,CA,0.7334051955167904,D – High Risk
LN000470,DISB20250601000470,active,0,8000,0.1164,24,internal_core,NY,0.3881932613684497,B – Moderate Risk
LN000471,DISB20250602000471,defaulted,1,30000,0.1279,24,internal_core,TX,0.4523168397130389,C – Elevated Risk
LN000472,DISB20250602000472,active,0,8000,0.1616,24,internal_core,TX,0.4388212523884784,B – Moderate Risk
LN000473,DISB20250602000473,active,0,20000,0.1883,36,internal_core,WA,0.3742156884859279,B – Moderate Risk
LN000474,DISB20250603000474,closed,0,15000,0.1865,6,partner_platform,WA,0.6405543328324731,D – High Risk
LN000475,DISB20250603000475,active,0,20000,0.0687,36,partner_platform,FL,0.2254572420350705,A – Low Risk
LN000476,DISB20250603000476,written_off,1,8000,0.1742,18,internal_core,FL,0.4796321967231706,C – Elevated Risk
LN000477,DISB20250604000477,active,0,8000,0.1594,24,partner_platform,NY,0.40905825362697606,B – Moderate Risk
LN000478,DISB20250604000478,closed,0,10000,0.1915,6,internal_core,FL,0.6272507223522468,D – High Risk
LN000479,DISB20250605000479,active,0,5000,0.0846,24,internal_core,NY,0.34992438560759204,A – Low Risk
LN000480,DISB20250605000480,closed,0,15000,0.1311,6,internal_core,FL,0.5821612769881392,D – High Risk
LN000481,DISB20250605000481,active,0,20000,0.0705,12,partner_platform,WA,0.46216107081373997,C – Elevated Risk
LN000482,DISB20250605000482,active,0,30000,0.1035,12,partner_platform,CA,0.5463285152153987,C – Elevated Risk
LN000483,DISB20250606000483,closed,0,10000,0.1328,6,partner_platform,FL,0.5420911560868896,C – Elevated Risk
LN000484,DISB20250606000484,active,0,10000,0.218,12,partner_platform,FL,0.5672477006028848,D – High Risk
LN000485,DISB20250606000485,closed,0,15000,0.1081,6,partner_platform,FL,0.5334459841004032,C – Elevated Risk
LN000486,DISB20250607000486,closed,0,10000,0.1289,6,internal_core,NY,0.5894297175540693,D – High Risk
LN000487,DISB20250607000487,active,0,20000,0.1215,12,internal_core,FL,0.5153053585143097,C – Elevated Risk
LN000488,DISB20250607000488,active,0,10000,0.1793,36,internal_core,FL,0.32220897575823093,A – Low Risk
LN000489,DISB20250607000489,written_off,1,10000,0.2094,6,partner_platform,WA,0.6467504604123362,D – High Risk
LN000490,DISB20250608000490,active,0,5000,0.2287,12,internal_core,FL,0.5892841388955046,D – High Risk
LN000491,DISB20250608000491,active,0,15000,0.0704,12,internal_core,CA,0.49470320069665547,C – Elevated Risk
LN000492,DISB20250608000492,active,0,15000,0.158,24,internal_core,CA,0.4673493140917705,C – Elevated Risk
LN000493,DISB20250609000493,closed,0,8000,0.2213,6,internal_core,NY,0.675136149883437,D – High Risk
LN000494,DISB20250609000494,active,0,20000,0.206,24,internal_core,FL,0.48238081346730177,C – Elevated Risk
LN000495,DISB20250609000495,defaulted,1,15000,0.1207,24,internal_core,CA,0.4275878518056051,B – Moderate Risk
LN000496,DISB20250610000496,active,0,5000,0.2275,24,internal_core,FL,0.4714987310781572,C – Elevated Risk
LN000497,DISB20250610000497,active,0,5000,0.2324,18,internal_core,NY,0.5626068943498987,D – High Risk
LN000498,DISB20250610000498,active,0,20000,0.2332,12,partner_platform,NY,0.6354997785514649,D – High Risk
LN000499,DISB20250611000499,active,0,30000,0.1402,24,internal_core,WA,0.4606126508718462,C – Elevated Risk
LN000500,DISB20250611000500,active,0,10000,0.2028,18,partner_platform,FL,0.49069323858680575,C – Elevated Risk
LN000501,DISB20250611000501,active,0,15000,0.2313,18,partner_platform,NY,0.5610242750729225,D – High Risk
LN000502,DISB20250612000502,written_off,1,5000,0.2255,12,partner_platform,NY,0.589034880284327,D – High Risk
LN000503,DISB20250612000503,active,0,20000,0.2234,12,internal_core,CA,0.6666512104879954,D – High Risk
LN000504,DISB20250612000504,active,0,8000,0.2341,36,partner_platform,NY,0.37484844627871516,B – Moderate Risk
LN000505,DISB20250613000505,closed,0,30000,0.1753,6,partner_platform,TX,0.6823089006425082,D – High Risk
LN000506,DISB20250613000506,closed,0,20000,0.1498,6,partner_platform,WA,0.6203945900282362,D – High Risk
LN000507,DISB20250613000507,active,0,15000,0.1012,18,partner_platform,WA,0.42029192106460084,B – Moderate Risk
LN000508,DISB20250614000508,active,0,10000,0.1057,18,internal_core,CA,0.45873779719968993,C – Elevated Risk
LN000509,DISB20250614000509,closed,0,20000,0.0813,6,partner_platform,TX,0.5536282749112853,D – High Risk
LN000510,DISB20250614000510,written_off,1,5000,0.197,6,partner_platform,TX,0.622257710159457,D – High Risk
LN000511,DISB20250615000511,active,0,5000,0.14,12,partner_platform,CA,0.5180313099681656,C – Elevated Risk
LN000512,DISB20250615000512,active,0,15000,0.1633,12,internal_core,FL,0.546697015001944,C – Elevated Risk
LN000513,DISB20250615000513,defaulted,1,8000,0.2253,24,internal_core,NY,0.5037191594816143,C – Elevated Risk
LN000514,DISB20250616000514,active,0,8000,0.2321,12,internal_core,WA,0.6256933194328527,D – High Risk
LN000515,DISB20250616000515,active,0,10000,0.1614,36,partner_platform,TX,0.31128712344129905,A – Low Risk
LN000516,DISB20250617000516,active,0,15000,0.1374,12,internal_core,WA,0.545170276545079,C – Elevated Risk
LN000517,DISB20250617000517,active,0,8000,0.22,12,internal_core,FL,0.5880750515764244,D – High Risk
LN000518,DISB20250617000518,defaulted,1,10000,0.1669,24,internal_core,CA,0.4655914007660664,C – Elevated Risk
LN000519,DISB20250618000519,active,0,5000,0.1337,18,partner_platform,WA,0.4309110523836551,B – Moderate Risk
LN000520,DISB20250618000520,active,0,8000,0.2085,12,internal_core,CA,0.6221414627295332,D – High Risk
LN000521,DISB20250618000521,active,0,15000,0.1365,36,partner_platform,WA,0.2934644678768642,A – Low Risk
LN000522,DISB20250619000522,active,0,15000,0.1541,36,partner_platform,CA,0.32827020189586037,A – Low Risk
LN000523,DISB20250619000523,defaulted,1,30000,0.0618,24,partner_platform,TX,0.3601038094916977,B – Moderate Risk
LN000524,DISB20250619000524,active,0,15000,0.234,18,internal_core,FL,0.5607466536441826,D – High Risk
LN000525,DISB20250619000525,active,0,8000,0.1145,36,partner_platform,CA,0.2796096275644227,A – Low Risk
LN000526,DISB20250620000526,active,0,10000,0.2399,24,partner_platform,WA,0.4979869060159468,C – Elevated Risk
LN000527,DISB20250620000527,written_off,1,10000,0.1346,12,partner_platform,NY,0.5055168446501471,C – Elevated Risk
LN000528,DISB20250621000528,closed,0,10000,0.1731,6,partner_platform,CA,0.6306162119676473,D – High Risk
LN000529,DISB20250621000529,active,0,5000,0.0834,36,internal_core,CA,0.26744272708441014,A – Low Risk
LN000530,DISB20250622000530,active,0,5000,0.2279,12,partner_platform,TX,0.5949111072252563,D – High Risk
LN000531,DISB20250622000531,closed,0,8000,0.1912,6,partner_platform,CA,0.6420410717492451,D – High Risk
LN000532,DISB20250622000532,active,0,5000,0.1222,24,internal_core,FL,0.36160873180868147,B – Moderate Risk
LN000533,DISB20250623000533,closed,0,20000,0.2305,6,internal_core,CA,0.7358441160408518,D – High Risk
LN000534,DISB20250623000534,defaulted,1,15000,0.1292,18,partner_platform,TX,0.4548334183395508,C – Elevated Risk
LN000535,DISB20250624000535,active,0,30000,0.2118,24,internal_core,TX,0.5425535729030816,C – Elevated Risk
LN000536,DISB20250624000536,active,0,5000,0.2341,18,internal_core,WA,0.5630213689650714,D – High Risk
LN000537,DISB20250624000537,active,0,30000,0.0813,18,partner_platform,TX,0.4396325560419974,B – Moderate Risk
LN000538,DISB20250625000538,active,0,5000,0.0883,24,internal_core,FL,0.32857619619653977,A – Low Risk
LN000539,DISB20250625000539,active,0,10000,0.1503,18,partner_platform,NY,0.46195062294024614,C – Elevated Risk
LN000540,DISB20250625000540,defaulted,1,8000,0.1046,24,internal_core,CA,0.39536993379156865,B – Moderate Risk
LN000541,DISB20250626000541,closed,0,20000,0.1235,6,internal_core,CA,0.6371198967275015,D – High Risk
LN000542,DISB20250626000542,written_off,1,20000,0.0723,18,partner_platform,CA,0.42282317269353853,B – Moderate Risk
LN000543,DISB20250626000543,active,0,10000,0.182,18,partner_platform,NY,0.4960651182977336,C – Elevated Risk
LN000544,DISB20250626000544,active,0,5000,0.1755,18,partner_platform,WA,0.4755665770118419,C – Elevated Risk
LN000545,DISB20250627000545,written_off,1,8000,0.2247,12,partner_platform,WA,0.5946964115714276,D – High Risk
LN000546,DISB20250627000546,closed,0,8000,0.0804,6,partner_platform,WA,0.5048936716237338,C – Elevated Risk
LN000547,DISB20250627000547,active,0,5000,0.1224,24,internal_core,TX,0.3911861386157676,B – Moderate Risk
LN000548,DISB20250628000548,active,0,8000,0.1117,12,internal_core,NY,0.5000083906317913,C – Elevated Risk
LN000549,DISB20250628000549,written_off,1,20000,0.2266,24,internal_core,TX,0.5358280719483006,C – Elevated Risk
LN000550,DISB20250629000550,active,0,15000,0.0766,12,partner_platform,WA,0.45523009219352156,C – Elevated Risk
LN000551,DISB20250629000551,closed,0,10000,0.1817,6,internal_core,CA,0.6615945679981599,D – High Risk
LN000552,DISB20250629000552,active,0,20000,0.0913,18,internal_core,NY,0.44724572869644424,B – Moderate Risk
LN000553,DISB20250630000553,active,0,10000,0.2189,18,partner_platform,FL,0.5080551482549194,C – Elevated Risk
LN000554,DISB20250630000554,active,0,15000,0.1729,36,internal_core,FL,0.32547688717917167,A – Low Risk
LN000555,DISB20250630000555,active,0,10000,0.2324,24,internal_core,CA,0.5361149903513605,C – Elevated Risk
LN000556,DISB20250701000556,active,0,8000,0.1937,12,partner_platform,TX,0.5669225463383213,D – High Risk
LN000557,DISB20250701000557,active,0,5000,0.1381,24,internal_core,WA,0.4027008548173945,B – Moderate Risk
LN000558,DISB20250702000558,closed,0,15000,0.1704,6,partner_platform,CA,0.6445088803498472,D – High Risk
LN000559,DISB20250702000559,written_off,1,5000,0.2073,24,internal_core,CA,0.4977435083019646,C – Elevated Risk
LN000560,DISB20250702000560,active,0,8000,0.0713,36,internal_core,NY,0.2468771047513494,A – Low Risk
LN000561,DISB20250703000561,active,0,8000,0.127,12,partner_platform,NY,0.49189825555591266,C – Elevated Risk
LN000562,DISB20250703000562,active,0,10000,0.111,18,partner_platform,NY,0.4201808860003414,B – Moderate Risk
LN000563,DISB20250704000563,closed,0,10000,0.1987,6,internal_core,CA,0.6778143597466082,D – High Risk
LN000564,DISB20250704000564,written_off,1,5000,0.2157,6,internal_core,WA,0.6589539060120513,D – High Risk
LN000565,DISB20250704000565,active,0,20000,0.134,12,internal_core,TX,0.5598028010236437,D – High Risk
LN000566,DISB20250705000566,written_off,1,15000,0.1563,18,internal_core,WA,0.5036426576966504,C – Elevated Risk
LN000567,DISB20250705000567,active,0,30000,0.2013,12,internal_core,CA,0.6695607752476058,D – High Risk
LN000568,DISB20250705000568,active,0,20000,0.1445,24,internal_core,FL,0.41682657413200586,B – Moderate Risk
LN000569,DISB20250706000569,closed,0,30000,0.1779,6,partner_platform,WA,0.6804835966200227,D – High Risk
LN000570,DISB20250706000570,active,0,8000,0.2297,12,internal_core,TX,0.6278619745330812,D – High Risk
LN000571,DISB20250706000571,written_off,1,10000,0.2051,6,partner_platform,FL,0.6179044711628787,D – High Risk
LN000572,DISB20250707000572,active,0,5000,0.1242,12,partner_platform,FL,0.45307630728299525,C – Elevated Risk
LN000573,DISB20250707000573,active,0,30000,0.2245,36,partner_platform,FL,0.3829700938757851,B – Moderate Risk
LN000574,DISB20250707000574,closed,0,8000,0.2294,6,internal_core,CA,0.7000370220248819,D – High Risk
LN000575,DISB20250708000575,closed,0,10000,0.1228,6,partner_platform,WA,0.5575431702178326,D – High Risk
LN000576,DISB20250708000576,closed,0,10000,0.1346,6,internal_core,WA,0.5940054309650186,D – High Risk
LN000577,DISB20250708000577,defaulted,1,30000,0.1293,36,internal_core,CA,0.35504002063494056,B – Moderate Risk
LN000578,DISB20250709000578,written_off,1,30000,0.2021,6,partner_platform,CA,0.7205245500218014,D – High Risk
LN000579,DISB20250709000579,active,0,10000,0.1035,12,internal_core,FL,0.4688228226865523,C – Elevated Risk
LN000580,DISB20250709000580,active,0,8000,0.1694,18,partner_platform,FL,0.45000010810713653,C – Elevated Risk
LN000581,DISB20250710000581,active,0,5000,0.1372,18,partner_platform,TX,0.439445677808299,B – Moderate Risk
LN000582,DISB20250710000582,active,0,5000,0.0967,12,internal_core,TX,0.4792022787156569,C – Elevated Risk
LN000583,DISB20250710000583,defaulted,1,20000,0.1559,36,internal_core,CA,0.3618661824883364,B – Moderate Risk
LN000584,DISB20250710000584,active,0,8000,0.1522,36,partner_platform,WA,0.2951638526646109,A – Low Risk
LN000585,DISB20250711000585,closed,0,20000,0.1998,6,internal_core,TX,0.6952950572353127,D – High Risk
LN000586,DISB20250711000586,written_off,1,20000,0.1731,12,partner_platform,FL,0.546216169501888,C – Elevated Risk
LN000587,DISB20250711000587,closed,0,5000,0.1564,6,internal_core,WA,0.5993645802683767,D – High Risk
LN000588,DISB20250712000588,closed,0,15000,0.1201,6,internal_core,WA,0.5962275779375403,D – High Risk
LN000589,DISB20250712000589,active,0,20000,0.1472,18,partner_platform,WA,0.4813208734289842,C – Elevated Risk
LN000590,DISB20250713000590,active,0,8000,0.0721,24,partner_platform,CA,0.3399660483936849,A – Low Risk
LN000591,DISB20250713000591,active,0,15000,0.1767,36,partner_platform,NY,0.33191276867143754,A – Low Risk
LN000592,DISB20250713000592,active,0,15000,0.2395,18,internal_core,NY,0.593666015573941,D – High Risk
LN000593,DISB20250714000593,active,0,30000,0.1271,18,internal_core,FL,0.48205172787457823,C – Elevated Risk
LN000594,DISB20250714000594,active,0,8000,0.123,18,partner_platform,TX,0.43152271929303626,B – Moderate Risk
LN000595,DISB20250714000595,active,0,5000,0.061,24,internal_core,NY,0.32713296970433997,A – Low Risk
LN000596,DISB20250715000596,active,0,5000,0.1651,36,partner_platform,WA,0.30147059686526884,A – Low Risk
LN000597,DISB20250715000597,active,0,15000,0.0853,36,partner_platform,TX,0.2535311045126724,A – Low Risk
LN000598,DISB20250716000598,active,0,15000,0.0951,24,partner_platform,WA,0.35726472282621624,B – Moderate Risk
LN000599,DISB20250716000599,active,0,10000,0.138,12,partner_platform,FL,0.48138708177245554,C – Elevated Risk
LN000600,DISB20250716000600,active,0,30000,0.0882,12,internal_core,WA,0.5328571730802716,C – Elevated Risk
LN000601,DISB20250717000601,active,0,20000,0.0987,24,partner_platform,NY,0.3727075570189429,B – Moderate Risk
LN000602,DISB20250717000602,active,0,5000,0.1652,12,internal_core,FL,0.5217538811313295,C – Elevated Risk
LN000603,DISB20250717000603,closed,0,30000,0.2033,6,partner_platform,TX,0.7078973453010853,D – High Risk
LN000604,DISB20250718000604,active,0,30000,0.1085,24,partner_platform,WA,0.4029770564951213,B – Moderate Risk
LN000605,DISB20250718000605,active,0,15000,0.2083,12,internal_core,WA,0.6194076352049607,D – High Risk
LN000606,DISB20250718000606,active,0,30000,0.2016,12,partner_platform,WA,0.6277027872123095,D – High Risk
LN000607,DISB20250718000607,active,0,5000,0.1435,36,partner_platform,WA,0.2822179593046158,A – Low Risk
LN000608,DISB20250719000608,closed,0,30000,0.18,6,partner_platform,TX,0.6866875752629502,D – High Risk
LN000609,DISB20250719000609,active,0,20000,0.2086,12,internal_core,TX,0.6369575065483342,D – High Risk
LN000610,DISB20250719000610,active,0,30000,0.0771,24,internal_core,FL,0.3691977893712328,B – Moderate Risk
LN000611,DISB20250719000611,active,0,20000,0.2144,36,internal_core,TX,0.4056554704347408,B – Moderate Risk
LN000612,DISB20250720000612,active,0,5000,0.233,18,internal_core,TX,0.5666784776367391,D – High Risk
LN000613,DISB20250720000613,active,0,30000,0.1163,36,partner_platform,TX,0.30607491075902005,A – Low Risk
LN000614,DISB20250720000614,active,0,8000,0.1871,24,partner_platform,TX,0.4416697206861755,B – Moderate Risk
LN000615,DISB20250720000615,written_off,1,20000,0.2156,12,internal_core,TX,0.6439112165598135,D – High Risk
LN000616,DISB20250721000616,active,0,10000,0.1396,12,internal_core,WA,0.5340561269313001,C – Elevated Risk
LN000617,DISB20250721000617,active,0,10000,0.2163,18,internal_core,NY,0.5574145959652814,D – High Risk
LN000618,DISB20250721000618,active,0,10000,0.1445,36,partner_platform,FL,0.2704755118973168,A – Low Risk
LN000619,DISB20250721000619,closed,0,8000,0.1887,6,partner_platform,TX,0.6239624382006209,D – High Risk
LN000620,DISB20250722000620,active,0,30000,0.1272,18,partner_platform,WA,0.48393879989945965,C – Elevated Risk
LN000621,DISB20250722000621,written_off,1,10000,0.1855,6,partner_platform,NY,0.6241806981556548,D – High Risk
LN000622,DISB20250722000622,active,0,15000,0.1345,24,internal_core,NY,0.42233634189499986,B – Moderate Risk
LN000623,DISB20250723000623,active,0,8000,0.2002,18,internal_core,TX,0.538882167455251,C – Elevated Risk
LN000624,DISB20250723000624,active,0,15000,0.233,18,partner_platform,FL,0.5352991700784927,C – Elevated Risk
LN000625,DISB20250723000625,written_off,1,20000,0.1652,6,partner_platform,NY,0.6372175077249321,D – High Risk
LN000626,DISB20250724000626,active,0,15000,0.1239,24,partner_platform,WA,0.38627108305618174,B – Moderate Risk
LN000627,DISB20250724000627,active,0,15000,0.2186,18,internal_core,WA,0.5703625465251771,D – High Risk
LN000628,DISB20250724000628,written_off,1,10000,0.1927,6,internal_core,TX,0.6571938275789129,D – High Risk
LN000629,DISB20250725000629,active,0,5000,0.1437,36,partner_platform,FL,0.26149821368193676,A – Low Risk
LN000630,DISB20250725000630,active,0,15000,0.2071,12,internal_core,WA,0.6181865066916944,D – High Risk
LN000631,DISB20250725000631,active,0,8000,0.1349,12,internal_core,NY,0.5250084622562607,C – Elevated Risk
LN000632,DISB20250726000632,active,0,15000,0.1389,24,internal_core,TX,0.4303965423363187,B – Moderate Risk
LN000633,DISB20250726000633,defaulted,1,15000,0.1101,18,partner_platform,WA,0.4296741050646405,B – Moderate Risk
LN000634,DISB20250726000634,active,0,15000,0.124,36,partner_platform,WA,0.28240940352375954,A – Low Risk
LN000635,DISB20250727000635,active,0,15000,0.0864,12,partner_platform,TX,0.47061899051049805,C – Elevated Risk
LN000636,DISB20250727000636,active,0,20000,0.1461,12,partner_platform,TX,0.5483766250280588,C – Elevated Risk
LN000637,DISB20250727000637,written_off,1,5000,0.1395,12,internal_core,CA,0.54201233026589,C – Elevated Risk
LN000638,DISB20250728000638,active,0,30000,0.1905,12,partner_platform,TX,0.6210749895493775,D – High Risk
LN000639,DISB20250728000639,active,0,8000,0.1165,36,partner_platform,CA,0.2813508323423203,A – Low Risk
LN000640,DISB20250728000640,active,0,8000,0.0951,12,partner_platform,WA,0.4561940204345959,C – Elevated Risk
LN000641,DISB20250729000641,closed,0,30000,0.2109,6,partner_platform,TX,0.7146303126027215,D – High Risk
LN000642,DISB20250729000642,active,0,15000,0.1349,36,internal_core,WA,0.3127976442019498,A – Low Risk
LN000643,DISB20250729000643,active,0,10000,0.1925,24,partner_platform,NY,0.4484624936620193,B – Moderate Risk
LN000644,DISB20250730000644,active,0,5000,0.1935,18,internal_core,FL,0.4931789248626297,C – Elevated Risk
LN000645,DISB20250730000645,active,0,10000,0.0929,12,partner_platform,WA,0.45922251230094424,C – Elevated Risk
LN000646,DISB20250730000646,active,0,30000,0.0857,18,internal_core,NY,0.465256085191729,C – Elevated Risk
LN000647,DISB20250731000647,active,0,10000,0.2121,36,internal_core,FL,0.35385405161380556,B – Moderate Risk
LN000648,DISB20250731000648,active,0,30000,0.1536,24,internal_core,FL,0.4487698996975402,B – Moderate Risk
LN000649,DISB20250731000649,active,0,8000,0.0696,24,internal_core,WA,0.34018820597742266,A – Low Risk
LN000650,DISB20250801000650,written_off,1,20000,0.0769,12,internal_core,NY,0.49501512913470014,C – Elevated Risk
LN000651,DISB20250801000651,defaulted,1,10000,0.1029,18,internal_core,WA,0.43433737145425483,B – Moderate Risk
LN000652,DISB20250802000652,active,0,20000,0.0878,12,internal_core,NY,0.5067700862440977,C – Elevated Risk
LN000653,DISB20250802000653,active,0,20000,0.1985,36,internal_core,NY,0.3859136758659178,B – Moderate Risk
LN000654,DISB20250802000654,closed,0,20000,0.0682,6,partner_platform,TX,0.5396238763682896,C – Elevated Risk
LN000655,DISB20250803000655,active,0,15000,0.1502,24,internal_core,CA,0.4589829487578112,C – Elevated Risk
LN000656,DISB20250803000656,defaulted,1,5000,0.2033,18,partner_platform,NY,0.5069409750927537,C – Elevated Risk
LN000657,DISB20250803000657,closed,0,15000,0.1904,6,partner_platform,CA,0.6640215305594805,D – High Risk
LN000658,DISB20250804000658,written_off,1,10000,0.2043,18,internal_core,TX,0.5480718685504321,C – Elevated Risk
LN000659,DISB20250804000659,active,0,5000,0.1026,36,internal_core,WA,0.2666902666454264,A – Low Risk
LN000660,DISB20250804000660,active,0,30000,0.1259,36,partner_platform,WA,0.3107223775102645,A – Low Risk
LN000661,DISB20250805000661,closed,0,10000,0.1353,6,internal_core,WA,0.5947334806418294,D – High Risk
LN000662,DISB20250805000662,active,0,10000,0.1747,18,partner_platform,CA,0.5084469842338736,C – Elevated Risk
LN000663,DISB20250806000663,active,0,30000,0.2305,18,partner_platform,FL,0.5685143719395717,D – High Risk
LN000664,DISB20250806000664,active,0,10000,0.1212,36,partner_platform,FL,0.25110519032810436,A – Low Risk
LN000665,DISB20250806000665,active,0,15000,0.1721,18,partner_platform,NY,0.49748345519740783,C – Elevated Risk
LN000666,DISB20250807000666,closed,0,5000,0.076,6,partner_platform,FL,0.4630565667455283,C – Elevated Risk
LN000667,DISB20250807000667,active,0,15000,0.0957,18,internal_core,CA,0.4600396985613847,C – Elevated Risk
LN000668,DISB20250807000668,written_off,1,30000,0.1408,12,partner_platform,TX,0.5694750724331291,D – High Risk
LN000669,DISB20250808000669,active,0,8000,0.1766,12,internal_core,TX,0.5729712880303621,D – High Risk
LN000670,DISB20250808000670,closed,0,8000,0.2295,6,partner_platform,TX,0.6642765121787916,D – High Risk
LN000671,DISB20250808000671,active,0,8000,0.1891,12,partner_platform,FL,0.5310263760882754,C – Elevated Risk
LN000672,DISB20250809000672,active,0,5000,0.1913,18,internal_core,NY,0.5186026900758782,C – Elevated Risk
LN000673,DISB20250809000673,active,0,15000,0.0816,36,partner_platform,CA,0.26332048420972304,A – Low Risk
LN000674,DISB20250810000674,written_off,1,30000,0.1673,6,partner_platform,WA,0.6704601868102507,D – High Risk
LN000675,DISB20250810000675,active,0,30000,0.2224,24,internal_core,FL,0.5227738016125485,C – Elevated Risk
LN000676,DISB20250810000676,active,0,10000,0.162,18,partner_platform,NY,0.47451734399901585,C – Elevated Risk
LN000677,DISB20250811000677,active,0,10000,0.2042,36,internal_core,NY,0.37168397392887714,B – Moderate Risk
LN000678,DISB20250811000678,active,0,10000,0.2365,36,internal_core,WA,0.40340253798753345,B – Moderate Risk
LN000679,DISB20250812000679,defaulted,1,15000,0.171,18,partner_platform,FL,0.4685332809114787,C – Elevated Risk
LN000680,DISB20250812000680,active,0,20000,0.1622,36,partner_platform,WA,0.3262457125315969,A – Low Risk
LN000681,DISB20250812000681,active,0,5000,0.0657,12,partner_platform,WA,0.41701416340604963,B – Moderate Risk
LN000682,DISB20250813000682,active,0,15000,0.1542,36,internal_core,CA,0.3504320142208177,B – Moderate Risk
LN000683,DISB20250813000683,closed,0,30000,0.2216,6,internal_core,TX,0.7431844545194154,D – High Risk
LN000684,DISB20250813000684,active,0,5000,0.1191,12,internal_core,WA,0.4984424046629164,C – Elevated Risk
LN000685,DISB20250814000685,active,0,10000,0.0998,36,internal_core,WA,0.2726882929093834,A – Low Risk
LN000686,DISB20250814000686,defaulted,1,20000,0.0968,24,partner_platform,WA,0.3694762103710266,B – Moderate Risk
LN000687,DISB20250814000687,active,0,5000,0.1683,36,partner_platform,NY,0.30558307309800403,A – Low Risk
LN000688,DISB20250814000688,closed,0,8000,0.2348,6,partner_platform,CA,0.6840231042472057,D – High Risk
LN000689,DISB20250815000689,active,0,10000,0.1992,24,internal_core,TX,0.4836160105815008,C – Elevated Risk
LN000690,DISB20250815000690,active,0,15000,0.1826,12,partner_platform,FL,0.5429306483235883,C – Elevated Risk
LN000691,DISB20250815000691,active,0,5000,0.2219,12,internal_core,CA,0.628063151535474,D – High Risk
LN000692,DISB20250816000692,active,0,8000,0.1568,36,partner_platform,FL,0.2776470639843105,A – Low Risk
LN000693,DISB20250816000693,active,0,30000,0.0881,12,partner_platform,FL,0.48179990907848164,C – Elevated Risk
LN000694,DISB20250816000694,active,0,10000,0.1016,18,internal_core,CA,0.45434942089484975,C – Elevated Risk
LN000695,DISB20250816000695,active,0,15000,0.225,12,internal_core,WA,0.63623913467907,D – High Risk
LN000696,DISB20250817000696,active,0,8000,0.0677,36,internal_core,WA,0.24296037083136676,A – Low Risk
LN000697,DISB20250817000697,active,0,30000,0.0864,36,internal_core,NY,0.2967026211691177,A – Low Risk
LN000698,DISB20250817000698,active,0,20000,0.2247,12,internal_core,NY,0.6496868197201692,D – High Risk
LN000699,DISB20250818000699,defaulted,1,8000,0.1631,18,partner_platform,TX,0.4743596449760913,C – Elevated Risk
LN000700,DISB20250818000700,closed,0,15000,0.1184,6,internal_core,CA,0.6151729519419785,D – High Risk
LN000701,DISB20250819000701,active,0,5000,0.132,18,internal_core,WA,0.4533803455183387,C – Elevated Risk
LN000702,DISB20250819000702,closed,0,15000,0.0944,6,internal_core,NY,0.5706617416612915,D – High Risk
LN000703,DISB20250819000703,active,0,8000,0.1721,36,partner_platform,FL,0.2910769056654626,A – Low Risk
LN000704,DISB20250820000704,closed,0,8000,0.0908,6,partner_platform,NY,0.517515260614599,C – Elevated Risk
LN000705,DISB20250820000705,closed,0,8000,0.1213,6,partner_platform,CA,0.5702051838983557,D – High Risk
LN000706,DISB20250821000706,active,0,10000,0.1023,36,partner_platform,WA,0.25565270332076895,A – Low Risk
LN000707,DISB20250821000707,active,0,30000,0.2163,24,partner_platform,CA,0.5395772617031207,C – Elevated Risk
LN000708,DISB20250821000708,active,0,5000,0.0617,18,internal_core,WA,0.3798245225107009,B – Moderate Risk
LN000709,DISB20250822000709,active,0,10000,0.1152,12,partner_platform,FL,0.4568961730280267,C – Elevated Risk
LN000710,DISB20250822000710,active,0,30000,0.158,18,internal_core,TX,0.546533470682498,C – Elevated Risk
LN000711,DISB20250823000711,written_off,1,20000,0.2098,6,internal_core,WA,0.7002540302401988,D – High Risk
LN000712,DISB20250823000712,active,0,20000,0.0762,24,partner_platform,FL,0.3254351406724103,A – Low Risk
LN000713,DISB20250823000713,active,0,20000,0.075,12,partner_platform,WA,0.4669898742082113,C – Elevated Risk
LN000714,DISB20250824000714,active,0,10000,0.1472,24,internal_core,TX,0.4280319588550035,B – Moderate Risk
LN000715,DISB20250824000715,active,0,20000,0.1968,24,partner_platform,WA,0.47425560842230086,C – Elevated Risk
LN000716,DISB20250824000716,written_off,1,15000,0.1334,12,partner_platform,WA,0.5163622293333533,C – Elevated Risk
LN000717,DISB20250824000717,active,0,10000,0.1855,36,partner_platform,TX,0.33400140658950367,A – Low Risk
LN000718,DISB20250825000718,defaulted,1,15000,0.2212,24,internal_core,CA,0.5354039761669139,C – Elevated Risk
LN000719,DISB20250825000719,closed,0,30000,0.2175,6,internal_core,FL,0.7149814241741382,D – High Risk
LN000720,DISB20250825000720,active,0,8000,0.0682,18,partner_platform,WA,0.37012741356682716,B – Moderate Risk
LN000721,DISB20250826000721,closed,0,8000,0.0654,6,internal_core,NY,0.5147362612424895,C – Elevated Risk
LN000722,DISB20250826000722,active,0,8000,0.2029,18,internal_core,CA,0.5583674361401451,D – High Risk
LN000723,DISB20250826000723,active,0,20000,0.1982,18,partner_platform,FL,0.5099206962552435,C – Elevated Risk
LN000724,DISB20250826000724,active,0,5000,0.1501,36,partner_platform,TX,0.29206208383658416,A – Low Risk
LN000725,DISB20250827000725,active,0,8000,0.1542,24,internal_core,CA,0.4474886958880527,B – Moderate Risk
LN000726,DISB20250827000726,active,0,5000,0.1774,36,internal_core,NY,0.3355593058502396,A – Low Risk
LN000727,DISB20250827000727,written_off,1,15000,0.0785,12,partner_platform,TX,0.46213765602148704,C – Elevated Risk
LN000728,DISB20250827000728,active,0,20000,0.0843,18,internal_core,NY,0.4397927818181256,B – Moderate Risk
LN000729,DISB20250828000729,defaulted,1,8000,0.1636,24,internal_core,FL,0.4103506180574048,B – Moderate Risk
LN000730,DISB20250828000730,closed,0,15000,0.2298,6,partner_platform,WA,0.6823440891767135,D – High Risk
LN000731,DISB20250828000731,active,0,20000,0.1771,36,partner_platform,CA,0.36025338600366663,B – Moderate Risk
LN000732,DISB20250829000732,closed,0,8000,0.093,6,partner_platform,NY,0.5198846143686521,C – Elevated Risk
LN000733,DISB20250829000733,written_off,1,8000,0.0625,6,partner_platform,NY,0.4870041040180823,C – Elevated Risk
LN000734,DISB20250829000734,active,0,8000,0.1368,24,partner_platform,FL,0.3597205714161792,B – Moderate Risk
LN000735,DISB20250830000735,active,0,5000,0.2338,36,internal_core,FL,0.36561816827897603,B – Moderate Risk
LN000736,DISB20250830000736,active,0,20000,0.0725,36,partner_platform,NY,0.2485188415529991,A – Low Risk
LN000737,DISB20250830000737,active,0,8000,0.1332,24,partner_platform,WA,0.3807102148407657,B – Moderate Risk
LN000738,DISB20250831000738,active,0,5000,0.1154,36,partner_platform,FL,0.23861621429117905,A – Low Risk
LN000739,DISB20250831000739,active,0,20000,0.109,18,partner_platform,WA,0.4403986052833174,B – Moderate Risk
LN000740,DISB20250831000740,active,0,30000,0.1396,24,internal_core,CA,0.481560183077148,C – Elevated Risk
LN000741,DISB20250831000741,active,0,30000,0.0842,24,internal_core,CA,0.4224348493822377,B – Moderate Risk
LN000742,DISB20250901000742,active,0,20000,0.0786,24,partner_platform,TX,0.35586556559523047,B – Moderate Risk
LN000743,DISB20250901000743,written_off,1,20000,0.1882,6,internal_core,FL,0.656954967521241,D – High Risk
LN000744,DISB20250901000744,active,0,20000,0.2324,18,internal_core,WA,0.5965823428901642,D – High Risk
LN000745,DISB20250902000745,active,0,30000,0.1799,36,internal_core,FL,0.36102544599856207,B – Moderate Risk
LN000746,DISB20250902000746,defaulted,1,5000,0.1167,18,internal_core,TX,0.4419131437229222,B – Moderate Risk
LN000747,DISB20250903000747,active,0,30000,0.1435,12,internal_core,WA,0.5915025343677792,D – High Risk
LN000748,DISB20250903000748,active,0,20000,0.2147,36,internal_core,TX,0.4059675359376688,B – Moderate Risk
LN000749,DISB20250903000749,active,0,20000,0.1641,24,internal_core,FL,0.4375132007748351,B – Moderate Risk
LN000750,DISB20250904000750,defaulted,1,30000,0.239,18,internal_core,WA,0.6263244339211412,D – High Risk
LN000751,DISB20250904000751,active,0,5000,0.1112,24,internal_core,WA,0.3751303380862514,B – Moderate Risk
LN000752,DISB20250904000752,active,0,15000,0.1592,12,partner_platform,TX,0.5489419289145044,C – Elevated Risk
LN000753,DISB20250905000753,active,0,5000,0.0755,18,partner_platform,TX,0.3752912228418633,B – Moderate Risk
LN000754,DISB20250905000754,defaulted,1,30000,0.0687,12,internal_core,TX,0.5167737873619264,C – Elevated Risk
LN000755,DISB20250905000755,active,0,10000,0.1841,24,partner_platform,CA,0.4595637179841488,C – Elevated Risk
LN000756,DISB20250905000756,active,0,10000,0.0844,18,partner_platform,WA,0.39116176429130134,B – Moderate Risk
LN000757,DISB20250906000757,defaulted,1,30000,0.1207,18,internal_core,WA,0.501534819656844,C – Elevated Risk
LN000758,DISB20250906000758,active,0,5000,0.2355,36,partner_platform,CA,0.38937741307986856,B – Moderate Risk
LN000759,DISB20250906000759,active,0,5000,0.1817,12,partner_platform,TX,0.5461186885819173,C – Elevated Risk
LN000760,DISB20250907000760,written_off,1,8000,0.1652,6,internal_core,NY,0.6199874949001095,D – High Risk
LN000761,DISB20250907000761,defaulted,1,5000,0.1511,18,internal_core,FL,0.44764317708146156,B – Moderate Risk
LN000762,DISB20250907000762,active,0,30000,0.2294,36,internal_core,CA,0.4588109192249218,C – Elevated Risk
LN000763,DISB20250907000763,active,0,20000,0.1396,24,partner_platform,NY,0.41479497943718935,B – Moderate Risk
LN000764,DISB20250908000764,closed,0,30000,0.0844,6,partner_platform,CA,0.6080951192585309,D – High Risk
LN000765,DISB20250908000765,active,0,20000,0.08,18,internal_core,FL,0.4081122064203489,B – Moderate Risk
LN000766,DISB20250909000766,defaulted,1,8000,0.0669,24,partner_platform,TX,0.32018405389425114,A – Low Risk
LN000767,DISB20250909000767,active,0,30000,0.1255,36,partner_platform,TX,0.3145687130459368,A – Low Risk
LN000768,DISB20250909000768,active,0,15000,0.1573,18,internal_core,TX,0.5096260600057161,C – Elevated Risk
LN000769,DISB20250909000769,active,0,8000,0.091,36,internal_core,TX,0.26573354619157397,A – Low Risk
LN000770,DISB20250910000770,active,0,5000,0.1543,12,partner_platform,CA,0.5334116678802472,C – Elevated Risk
LN000771,DISB20250910000771,active,0,10000,0.2025,24,partner_platform,FL,0.4316881039496037,B – Moderate Risk
LN000772,DISB20250910000772,active,0,20000,0.0824,12,internal_core,NY,0.5009466553413197,C – Elevated Risk
LN000773,DISB20250911000773,active,0,30000,0.1445,12,partner_platform,WA,0.5685768964879262,D – High Risk
LN000774,DISB20250911000774,defaulted,1,8000,0.2057,18,partner_platform,CA,0.5369751631202382,C – Elevated Risk
LN000775,DISB20250911000775,active,0,20000,0.1105,36,partner_platform,NY,0.2803760467730207,A – Low Risk
LN000776,DISB20250912000776,active,0,8000,0.1679,18,partner_platform,NY,0.47603852579377787,C – Elevated Risk
LN000777,DISB20250912000777,defaulted,1,5000,0.2104,12,partner_platform,TX,0.57659506086275,D – High Risk
LN000778,DISB20250912000778,active,0,5000,0.1506,12,internal_core,FL,0.5060213844048138,C – Elevated Risk
LN000779,DISB20250913000779,active,0,20000,0.1345,24,internal_core,FL,0.4063792164744105,B – Moderate Risk
LN000780,DISB20250913000780,active,0,8000,0.0933,36,partner_platform,WA,0.24517256272977841,A – Low Risk
LN000781,DISB20250914000781,active,0,10000,0.18,36,internal_core,TX,0.3508233181502506,B – Moderate Risk
LN000782,DISB20250914000782,active,0,15000,0.1039,18,internal_core,FL,0.42139409744960743,B – Moderate Risk
LN000783,DISB20250914000783,active,0,10000,0.219,12,internal_core,FL,0.5922782193403034,D – High Risk
LN000784,DISB20250915000784,active,0,20000,0.1596,36,partner_platform,TX,0.328096532591147,A – Low Risk
LN000785,DISB20250915000785,active,0,20000,0.0804,12,partner_platform,CA,0.494433897636128,C – Elevated Risk
LN000786,DISB20250915000786,active,0,15000,0.0682,18,internal_core,CA,0.4307439055511654,B – Moderate Risk
LN000787,DISB20250915000787,written_off,1,5000,0.2034,6,internal_core,FL,0.6224597261492218,D – High Risk
LN000788,DISB20250916000788,active,0,5000,0.0857,36,partner_platform,TX,0.23808469809273608,A – Low Risk
LN000789,DISB20250916000789,active,0,15000,0.0906,24,partner_platform,TX,0.35731325349312176,B – Moderate Risk
LN000790,DISB20250916000790,active,0,5000,0.1348,24,internal_core,FL,0.3742486388334518,B – Moderate Risk
LN000791,DISB20250916000791,active,0,8000,0.0675,12,internal_core,WA,0.4510838056417572,C – Elevated Risk
LN000792,DISB20250917000792,written_off,1,8000,0.2036,12,internal_core,NY,0.5978431687308379,D – High Risk
LN000793,DISB20250917000793,active,0,15000,0.0731,12,internal_core,CA,0.497614942405812,C – Elevated Risk
LN000794,DISB20250917000794,active,0,20000,0.1837,36,partner_platform,FL,0.3234335146616022,A – Low Risk
LN000795,DISB20250918000795,active,0,30000,0.0926,18,partner_platform,NY,0.4482161946450942,B – Moderate Risk
LN000796,DISB20250918000796,defaulted,1,15000,0.1641,18,internal_core,FL,0.48566572477103337,C – Elevated Risk
LN000797,DISB20250918000797,active,0,5000,0.2323,18,internal_core,NY,0.5625007334387282,D – High Risk
LN000798,DISB20250919000798,active,0,15000,0.2394,24,partner_platform,TX,0.5137146602873981,C – Elevated Risk
LN000799,DISB20250919000799,active,0,15000,0.1914,36,partner_platform,NY,0.34612156989407095,A – Low Risk
LN000800,DISB20250919000800,active,0,5000,0.1238,18,internal_core,TX,0.44947994528136914,B – Moderate Risk
LN000801,DISB20250919000801,written_off,1,20000,0.1669,6,internal_core,WA,0.6600324918016898,D – High Risk
LN000802,DISB20250920000802,active,0,15000,0.0978,18,partner_platform,TX,0.4215000775744257,B – Moderate Risk
LN000803,DISB20250920000803,active,0,15000,0.1859,18,internal_core,CA,0.5569853736580881,D – High Risk
LN000804,DISB20250920000804,active,0,20000,0.1923,36,internal_core,WA,0.3782653194747789,B – Moderate Risk
LN000805,DISB20250921000805,active,0,20000,0.071,24,partner_platform,CA,0.3637574616686663,B – Moderate Risk
LN000806,DISB20250921000806,written_off,1,5000,0.1493,6,partner_platform,WA,0.5680113742093489,D – High Risk
LN000807,DISB20250921000807,defaulted,1,30000,0.0788,18,internal_core,WA,0.45645669471835804,C – Elevated Risk
LN000808,DISB20250921000808,active,0,8000,0.1886,24,partner_platform,WA,0.4384287032585853,B – Moderate Risk
LN000809,DISB20250922000809,active,0,5000,0.0641,24,partner_platform,TX,0.31167936842458555,A – Low Risk
LN000810,DISB20250922000810,active,0,20000,0.2058,18,partner_platform,CA,0.5657959211926752,D – High Risk
LN000811,DISB20250923000811,active,0,8000,0.0925,12,partner_platform,FL,0.4274009430934597,B – Moderate Risk
LN000812,DISB20250923000812,active,0,5000,0.1599,36,partner_platform,NY,0.29794807933826756,A – Low Risk
LN000813,DISB20250924000813,closed,0,8000,0.1991,6,partner_platform,FL,0.6049347282847515,D – High Risk
LN000814,DISB20250924000814,active,0,20000,0.2061,24,internal_core,CA,0.5305046127577433,C – Elevated Risk
LN000815,DISB20250924000815,active,0,5000,0.0636,18,partner_platform,CA,0.37898199536788635,B – Moderate Risk
LN000816,DISB20250925000816,active,0,8000,0.2195,36,partner_platform,WA,0.3589083553295259,B – Moderate Risk
LN000817,DISB20250925000817,active,0,20000,0.1117,18,partner_platform,CA,0.46475239658698236,C – Elevated Risk
LN000818,DISB20250925000818,active,0,20000,0.0849,36,partner_platform,FL,0.23789476895757206,A – Low Risk
LN000819,DISB20250925000819,closed,0,8000,0.2241,6,internal_core,FL,0.6530256296009636,D – High Risk
LN000820,DISB20250926000820,active,0,20000,0.2282,12,internal_core,TX,0.6562746946711311,D – High Risk
LN000821,DISB20250926000821,closed,0,8000,0.1191,6,partner_platform,WA,0.5464966431114473,C – Elevated Risk
LN000822,DISB20250926000822,active,0,15000,0.0972,18,internal_core,NY,0.4415842827719448,B – Moderate Risk
LN000823,DISB20250927000823,active,0,20000,0.1018,18,internal_core,FL,0.43101022790916305,B – Moderate Risk
LN000824,DISB20250927000824,closed,0,5000,0.1266,6,internal_core,FL,0.5420727011195379,C – Elevated Risk
LN000825,DISB20250927000825,active,0,5000,0.1784,24,internal_core,TX,0.4499810128066632,B – Moderate Risk
LN000826,DISB20250928000826,active,0,8000,0.117,24,partner_platform,TX,0.3689330446510777,B – Moderate Risk
LN000827,DISB20250928000827,defaulted,1,20000,0.2168,12,partner_platform,NY,0.6189598526361045,D – High Risk
LN000828,DISB20250928000828,active,0,8000,0.2301,36,internal_core,CA,0.4135622923647911,B – Moderate Risk
LN000829,DISB20250929000829,active,0,10000,0.1151,24,internal_core,TX,0.39451722508929804,B – Moderate Risk
LN000830,DISB20250929000830,active,0,10000,0.2314,36,partner_platform,TX,0.3793915285850307,B – Moderate Risk
LN000831,DISB20250929000831,closed,0,30000,0.2145,6,internal_core,WA,0.7334764553022829,D – High Risk
LN000832,DISB20250930000832,active,0,10000,0.1749,36,internal_core,TX,0.34582922127985266,A – Low Risk
LN000833,DISB20250930000833,active,0,15000,0.095,18,partner_platform,TX,0.4185575669121494,B – Moderate Risk
LN000834,DISB20250930000834,active,0,15000,0.164,18,internal_core,CA,0.5335645731690056,C – Elevated Risk
LN000835,DISB20251001000835,active,0,30000,0.1324,36,internal_core,WA,0.3384393809569917,A – Low Risk
LN000836,DISB20251001000836,written_off,1,15000,0.0803,12,internal_core,NY,0.4851287119232853,C – Elevated Risk
LN000837,DISB20251001000837,defaulted,1,8000,0.1736,18,internal_core,WA,0.5053667644307188,C – Elevated Risk
LN000838,DISB20251002000838,active,0,30000,0.2241,36,partner_platform,CA,0.4288752810696031,B – Moderate Risk
LN000839,DISB20251002000839,active,0,30000,0.1219,12,partner_platform,NY,0.5459205002485779,C – Elevated Risk
LN000840,DISB20251002000840,active,0,20000,0.1349,18,internal_core,NY,0.494071078417336,C – Elevated Risk
LN000841,DISB20251002000841,active,0,30000,0.1347,36,internal_core,WA,0.3406644704217164,A – Low Risk
LN000842,DISB20251003000842,closed,0,8000,0.1768,6,internal_core,TX,0.6349500102444177,D – High Risk
LN000843,DISB20251003000843,active,0,15000,0.1523,12,internal_core,CA,0.5822763772110343,D – High Risk
LN000844,DISB20251003000844,active,0,15000,0.0603,18,internal_core,CA,0.42240778326077955,B – Moderate Risk
LN000845,DISB20251003000845,closed,0,8000,0.0995,6,partner_platform,TX,0.5303616157394638,C – Elevated Risk
LN000846,DISB20251004000846,closed,0,20000,0.0817,6,internal_core,NY,0.5748187004767774,D – High Risk
LN000847,DISB20251004000847,active,0,5000,0.0814,24,partner_platform,WA,0.3236008727908895,A – Low Risk
LN000848,DISB20251004000848,closed,0,5000,0.1894,6,partner_platform,FL,0.5844721102491525,D – High Risk
LN000849,DISB20251005000849,closed,0,8000,0.0942,6,partner_platform,WA,0.5197666762789838,C – Elevated Risk
LN000850,DISB20251005000850,active,0,5000,0.14,36,internal_core,NY,0.30059020190581315,A – Low Risk
LN000851,DISB20251005000851,defaulted,1,30000,0.0618,12,partner_platform,NY,0.481241853443094,C – Elevated Risk
LN000852,DISB20251006000852,closed,0,30000,0.1047,6,partner_platform,FL,0.5828881210473795,D – High Risk
LN000853,DISB20251006000853,active,0,10000,0.1081,12,internal_core,CA,0.5217907426677288,C – Elevated Risk
LN000854,DISB20251006000854,active,0,10000,0.0819,24,partner_platform,TX,0.3384893034840495,A – Low Risk
LN000855,DISB20251007000855,closed,0,10000,0.1371,6,internal_core,FL,0.5709580392543032,D – High Risk
LN000856,DISB20251007000856,active,0,30000,0.2359,36,internal_core,TX,0.449142041349545,B – Moderate Risk
LN000857,DISB20251008000857,active,0,30000,0.0708,12,partner_platform,CA,0.5111933055630126,C – Elevated Risk
LN000858,DISB20251008000858,active,0,30000,0.2248,18,internal_core,TX,0.6165302137707438,D – High Risk
LN000859,DISB20251009000859,active,0,20000,0.0677,36,partner_platform,WA,0.24362931375966373,A – Low Risk
LN000860,DISB20251009000860,active,0,5000,0.1045,36,internal_core,FL,0.24808417254757814,A – Low Risk
LN000861,DISB20251009000861,closed,0,8000,0.1521,6,partner_platform,FL,0.5555975262497348,D – High Risk
LN000862,DISB20251010000862,active,0,10000,0.2199,24,internal_core,WA,0.5010288370510537,C – Elevated Risk
LN000863,DISB20251010000863,defaulted,1,30000,0.2315,18,partner_platform,NY,0.5966023889314824,D – High Risk
LN000864,DISB20251011000864,defaulted,1,15000,0.2034,6,internal_core,FL,0.655555764885697,D – High Risk
LN000865,DISB20251011000865,active,0,30000,0.2028,36,internal_core,CA,0.4304827488693385,B – Moderate Risk
LN000866,DISB20251012000866,closed,0,15000,0.2345,6,internal_core,FL,0.6851874926941387,D – High Risk
LN000867,DISB20251012000867,active,0,5000,0.1871,12,internal_core,NY,0.5726736497599332,D – High Risk
LN000868,DISB20251012000868,active,0,30000,0.1461,18,internal_core,TX,0.5337829474715758,C – Elevated Risk
LN000869,DISB20251012000869,active,0,5000,0.1556,18,partner_platform,NY,0.4556146133275982,C – Elevated Risk
LN000870,DISB20251013000870,active,0,5000,0.1203,24,internal_core,NY,0.38571427647317186,B – Moderate Risk
LN000871,DISB20251013000871,active,0,15000,0.1593,24,internal_core,CA,0.4687456238599966,C – Elevated Risk
LN000872,DISB20251013000872,active,0,8000,0.1616,24,partner_platform,CA,0.43110449477705115,B – Moderate Risk
LN000873,DISB20251014000873,active,0,5000,0.0948,18,partner_platform,NY,0.39166977846107737,B – Moderate Risk
LN000874,DISB20251014000874,written_off,1,8000,0.2191,6,partner_platform,FL,0.6253569106362049,D – High Risk
LN000875,DISB20251014000875,written_off,1,5000,0.2137,6,partner_platform,WA,0.6344977003915214,D – High Risk
LN000876,DISB20251015000876,written_off,1,30000,0.1136,6,internal_core,WA,0.6403893723577775,D – High Risk
LN000877,DISB20251015000877,closed,0,15000,0.0822,6,internal_core,FL,0.5301382787006521,C – Elevated Risk
LN000878,DISB20251016000878,active,0,30000,0.097,18,internal_core,WA,0.47599309569599313,C – Elevated Risk
LN000879,DISB20251016000879,active,0,8000,0.1562,12,partner_platform,NY,0.523372395321184,C – Elevated Risk
LN000880,DISB20251016000880,written_off,1,8000,0.0962,6,internal_core,WA,0.5464117063462033,C – Elevated Risk
LN000881,DISB20251017000881,active,0,10000,0.0698,36,internal_core,TX,0.2514638271245468,A – Low Risk
LN000882,DISB20251017000882,active,0,10000,0.0757,12,partner_platform,CA,0.4623213252046653,C – Elevated Risk
LN000883,DISB20251017000883,active,0,5000,0.1401,36,partner_platform,TX,0.2832231245966764,A – Low Risk
LN000884,DISB20251018000884,closed,0,15000,0.1972,6,internal_core,TX,0.6774333426698667,D – High Risk
LN000885,DISB20251018000885,active,0,10000,0.2374,24,partner_platform,WA,0.49529081052361146,C – Elevated Risk
LN000886,DISB20251018000886,active,0,15000,0.2049,36,internal_core,CA,0.4016912647588611,B – Moderate Risk
LN000887,DISB20251019000887,active,0,20000,0.1436,24,partner_platform,CA,0.4388331154460189,B – Moderate Risk
LN000888,DISB20251019000888,active,0,30000,0.1125,12,internal_core,CA,0.5800843576341003,D – High Risk
LN000889,DISB20251019000889,active,0,15000,0.1556,12,partner_platform,TX,0.545093718742285,C – Elevated Risk
LN000890,DISB20251020000890,active,0,8000,0.1545,36,partner_platform,NY,0.2984136494140605,A – Low Risk
LN000891,DISB20251020000891,active,0,15000,0.0697,12,internal_core,CA,0.49394835538448134,C – Elevated Risk
LN000892,DISB20251021000892,active,0,15000,0.1929,24,partner_platform,TX,0.46363267347161946,C – Elevated Risk
LN000893,DISB20251021000893,active,0,8000,0.214,18,partner_platform,NY,0.5257158145385309,C – Elevated Risk
LN000894,DISB20251022000894,active,0,15000,0.0815,24,internal_core,FL,0.3423022443229677,A – Low Risk
LN000895,DISB20251022000895,active,0,10000,0.0945,18,internal_core,FL,0.39987497321658383,B – Moderate Risk
LN000896,DISB20251022000896,active,0,10000,0.1825,18,internal_core,NY,0.5212032923081298,C – Elevated Risk
LN000897,DISB20251022000897,active,0,5000,0.1744,36,partner_platform,CA,0.3288230984764557,A – Low Risk
LN000898,DISB20251023000898,active,0,10000,0.1868,12,internal_core,WA,0.5842037818889022,D – High Risk
LN000899,DISB20251023000899,active,0,8000,0.2274,24,internal_core,NY,0.5059837704297516,C – Elevated Risk
LN000900,DISB20251023000900,defaulted,1,5000,0.2025,18,partner_platform,CA,0.5263100305284766,C – Elevated Risk
LN000901,DISB20251023000901,active,0,20000,0.1873,36,partner_platform,CA,0.3704557419627939,B – Moderate Risk
LN000902,DISB20251024000902,active,0,15000,0.1972,12,internal_core,WA,0.6080564180524893,D – High Risk
LN000903,DISB20251024000903,active,0,15000,0.1482,12,partner_platform,TX,0.537167072738268,C – Elevated Risk
LN000904,DISB20251024000904,active,0,20000,0.2049,24,partner_platform,WA,0.4829751712098392,C – Elevated Risk
LN000905,DISB20251025000905,active,0,30000,0.1605,12,partner_platform,FL,0.5595899430842542,D – High Risk
LN000906,DISB20251025000906,active,0,5000,0.1904,36,partner_platform,FL,0.3022230402600747,A – Low Risk
LN000907,DISB20251025000907,defaulted,1,30000,0.0622,6,partner_platform,TX,0.5686865444286909,D – High Risk
LN000908,DISB20251026000908,active,0,20000,0.1532,36,partner_platform,CA,0.33684895734964354,A – Low Risk
LN000909,DISB20251026000909,active,0,10000,0.2009,24,partner_platform,CA,0.47760882492398044,C – Elevated Risk
LN000910,DISB20251026000910,defaulted,1,8000,0.0951,6,partner_platform,FL,0.49435471930449076,C – Elevated Risk
LN000911,DISB20251027000911,closed,0,10000,0.2025,6,partner_platform,FL,0.6152528423651082,D – High Risk
LN000912,DISB20251027000912,defaulted,1,5000,0.2119,12,internal_core,CA,0.6179313497658773,D – High Risk
LN000913,DISB20251027000913,active,0,10000,0.164,12,partner_platform,WA,0.5357512350722421,C – Elevated Risk
LN000914,DISB20251028000914,active,0,15000,0.2388,12,partner_platform,NY,0.628505970080792,D – High Risk
LN000915,DISB20251028000915,active,0,20000,0.1862,24,internal_core,NY,0.48882673866747,C – Elevated Risk
LN000916,DISB20251028000916,active,0,10000,0.0963,18,partner_platform,CA,0.4244765602274416,B – Moderate Risk
LN000917,DISB20251029000917,active,0,8000,0.2243,36,partner_platform,NY,0.3649950283980829,B – Moderate Risk
LN000918,DISB20251029000918,active,0,20000,0.0997,18,partner_platform,NY,0.43192166962784767,B – Moderate Risk
LN000919,DISB20251029000919,active,0,10000,0.1938,12,internal_core,WA,0.5915199394079251,D – High Risk
LN000920,DISB20251029000920,defaulted,1,20000,0.1309,12,partner_platform,FL,0.5008362083213086,C – Elevated Risk
LN000921,DISB20251030000921,active,0,20000,0.1567,18,partner_platform,NY,0.4929706015019697,C – Elevated Risk
LN000922,DISB20251030000922,active,0,30000,0.1157,12,partner_platform,FL,0.5115561176309629,C – Elevated Risk
LN000923,DISB20251030000923,closed,0,15000,0.1962,6,internal_core,FL,0.6485087474506637,D – High Risk
LN000924,DISB20251031000924,active,0,20000,0.141,36,internal_core,WA,0.3277842682236052,A – Low Risk
LN000925,DISB20251031000925,active,0,20000,0.0835,36,partner_platform,FL,0.23680152888718317,A – Low Risk
LN000926,DISB20251031000926,active,0,8000,0.0662,24,internal_core,NY,0.33816690305367075,A – Low Risk
LN000927,DISB20251031000927,active,0,15000,0.151,36,partner_platform,FL,0.2846244390906905,A – Low Risk
LN000928,DISB20251101000928,active,0,8000,0.2284,36,internal_core,NY,0.39230943026085097,B – Moderate Risk
LN000929,DISB20251101000929,active,0,10000,0.2289,24,internal_core,WA,0.510733595141587,C – Elevated Risk
LN000930,DISB20251101000930,defaulted,1,20000,0.2273,12,internal_core,TX,0.6553983425414805,D – High Risk
LN000931,DISB20251102000931,active,0,10000,0.1036,12,partner_platform,FL,0.4445079755718571,B – Moderate Risk
LN000932,DISB20251102000932,active,0,15000,0.2358,24,partner_platform,NY,0.5063414723088066,C – Elevated Risk
LN000933,DISB20251102000933,active,0,20000,0.2131,18,partner_platform,TX,0.5570412641496592,D – High Risk
LN000934,DISB20251102000934,active,0,5000,0.1668,36,internal_core,CA,0.34347375312230033,A – Low Risk
LN000935,DISB20251103000935,active,0,15000,0.1015,12,internal_core,NY,0.5079876232231934,C – Elevated Risk
LN000936,DISB20251103000936,active,0,5000,0.132,18,partner_platform,TX,0.4339275157596541,B – Moderate Risk
LN000937,DISB20251103000937,active,0,8000,0.1676,24,internal_core,CA,0.46182057048221237,C – Elevated Risk
LN000938,DISB20251104000938,active,0,30000,0.0669,18,partner_platform,TX,0.4243907489741767,B – Moderate Risk
LN000939,DISB20251104000939,closed,0,15000,0.1247,6,internal_core,WA,0.6009956161916697,D – High Risk
LN000940,DISB20251104000940,active,0,30000,0.1295,24,partner_platform,TX,0.42975308164963777,B – Moderate Risk
LN000941,DISB20251105000941,active,0,15000,0.0724,36,internal_core,FL,0.23825555136019586,A – Low Risk
LN000942,DISB20251105000942,active,0,30000,0.1604,24,internal_core,WA,0.4823237323725963,C – Elevated Risk
LN000943,DISB20251105000943,active,0,20000,0.2144,36,partner_platform,NY,0.3788630472579178,B – Moderate Risk
LN000944,DISB20251106000944,active,0,15000,0.2352,24,partner_platform,CA,0.5259271674026672,C – Elevated Risk
LN000945,DISB20251106000945,active,0,8000,0.1217,12,internal_core,NY,0.510791609924042,C – Elevated Risk
LN000946,DISB20251106000946,active,0,8000,0.1429,18,partner_platform,FL,0.42189716938243127,B – Moderate Risk
LN000947,DISB20251107000947,active,0,5000,0.1107,36,internal_core,WA,0.27357942451189965,A – Low Risk
LN000948,DISB20251107000948,active,0,8000,0.0842,24,partner_platform,WA,0.33227382472581746,A – Low Risk
LN000949,DISB20251108000949,active,0,8000,0.0619,6,internal_core,WA,0.5095523431542349,C – Elevated Risk
LN000950,DISB20251108000950,active,0,15000,0.1301,6,internal_core,CA,0.627050195111998,D – High Risk
LN000951,DISB20251108000951,active,0,15000,0.2268,24,partner_platform,FL,0.4688702662893061,C – Elevated Risk
LN000952,DISB20251109000952,active,0,20000,0.1644,6,internal_core,WA,0.6576083129303869,D – High Risk
LN000953,DISB20251109000953,active,0,20000,0.0699,36,internal_core,TX,0.26789635577831633,A – Low Risk
LN000954,DISB20251109000954,defaulted,1,20000,0.1519,24,partner_platform,FL,0.4007507366718735,B – Moderate Risk
LN000955,DISB20251110000955,active,0,30000,0.1203,36,internal_core,CA,0.3462003344940903,A – Low Risk
LN000956,DISB20251110000956,active,0,10000,0.2307,12,internal_core,NY,0.6306686956245509,D – High Risk
LN000957,DISB20251110000957,active,0,10000,0.1064,24,internal_core,TX,0.38558836064790347,B – Moderate Risk
LN000958,DISB20251110000958,defaulted,1,20000,0.2321,6,partner_platform,FL,0.6771466282771301,D – High Risk
LN000959,DISB20251111000959,active,0,30000,0.1497,36,partner_platform,CA,0.35265253459317886,B – Moderate Risk
LN000960,DISB20251111000960,defaulted,1,20000,0.1527,6,partner_platform,TX,0.6279326485245993,D – High Risk
LN000961,DISB20251112000961,active,0,5000,0.2212,24,internal_core,CA,0.5127317448991433,C – Elevated Risk
LN000962,DISB20251112000962,active,0,20000,0.1525,18,internal_core,TX,0.5165399060972401,C – Elevated Risk
LN000963,DISB20251112000963,active,0,20000,0.1004,6,internal_core,NY,0.5944060270664652,D – High Risk
LN000964,DISB20251113000964,active,0,8000,0.2121,18,partner_platform,FL,0.4958840319468888,C – Elevated Risk
LN000965,DISB20251113000965,defaulted,1,20000,0.1039,12,partner_platform,FL,0.47174711863484253,C – Elevated Risk
LN000966,DISB20251113000966,active,0,5000,0.2161,18,partner_platform,TX,0.5242208415640123,C – Elevated Risk
LN000967,DISB20251114000967,defaulted,1,15000,0.2107,6,partner_platform,FL,0.6402837990100297,D – High Risk
LN000968,DISB20251114000968,defaulted,1,30000,0.108,24,partner_platform,WA,0.40245822512042834,B – Moderate Risk
LN000969,DISB20251114000969,active,0,5000,0.1236,6,partner_platform,FL,0.5143213017198686,C – Elevated Risk
LN000970,DISB20251115000970,active,0,30000,0.1975,12,partner_platform,NY,0.6248853095528298,D – High Risk
LN000971,DISB20251115000971,active,0,8000,0.2015,6,partner_platform,TX,0.6368272476930412,D – High Risk
LN000972,DISB20251115000972,active,0,8000,0.0715,36,internal_core,NY,0.2470375575967387,A – Low Risk
LN000973,DISB20251116000973,active,0,30000,0.2067,36,partner_platform,NY,0.3911389478529827,B – Moderate Risk
LN000974,DISB20251116000974,active,0,30000,0.2316,18,partner_platform,WA,0.5953459892582569,D – High Risk
LN000975,DISB20251116000975,active,0,20000,0.1581,24,internal_core,NY,0.45861422552141057,C – Elevated Risk
LN000976,DISB20251117000976,active,0,10000,0.134,12,internal_core,CA,0.5495740257055258,C – Elevated Risk
LN000977,DISB20251117000977,active,0,30000,0.2358,18,internal_core,TX,0.6276854343152962,D – High Risk
LN000978,DISB20251117000978,active,0,30000,0.1246,24,partner_platform,CA,0.44103834701142347,B – Moderate Risk
LN000979,DISB20251118000979,active,0,30000,0.1837,6,internal_core,TX,0.7107618754960536,D – High Risk
LN000980,DISB20251118000980,active,0,20000,0.1337,24,internal_core,FL,0.4055469435323529,B – Moderate Risk
LN000981,DISB20251118000981,active,0,10000,0.2061,18,partner_platform,FL,0.494251432359875,C – Elevated Risk
LN000982,DISB20251118000982,active,0,15000,0.2133,36,internal_core,CA,0.4104305349738903,B – Moderate Risk
LN000983,DISB20251119000983,active,0,8000,0.0881,36,internal_core,TX,0.2632996761253627,A – Low Risk
LN000984,DISB20251119000984,active,0,10000,0.19,36,partner_platform,NY,0.33521212848536597,A – Low Risk
LN000985,DISB20251119000985,active,0,10000,0.1409,36,partner_platform,NY,0.2897662051372171,A – Low Risk
LN000986,DISB20251120000986,active,0,8000,0.1065,6,internal_core,FL,0.5312203250542923,C – Elevated Risk
LN000987,DISB20251120000987,active,0,10000,0.0894,18,partner_platform,NY,0.39766295128463847,B – Moderate Risk
LN000988,DISB20251120000988,active,0,15000,0.067,36,partner_platform,CA,0.25128608644207384,A – Low Risk
LN000989,DISB20251121000989,active,0,20000,0.0662,36,partner_platform,WA,0.2424388668586348,A – Low Risk
LN000990,DISB20251121000990,active,0,8000,0.1077,18,partner_platform,FL,0.3853640951558074,B – Moderate Risk
LN000991,DISB20251121000991,active,0,30000,0.1653,12,partner_platform,FL,0.5646866920143324,D – High Risk
LN000992,DISB20251122000992,active,0,10000,0.2239,24,internal_core,WA,0.5053425933482817,C – Elevated Risk
LN000993,DISB20251122000993,active,0,20000,0.0736,12,internal_core,WA,0.49004495294554373,C – Elevated Risk
LN000994,DISB20251123000994,active,0,20000,0.084,36,partner_platform,FL,0.23719157359148446,A – Low Risk
LN000995,DISB20251123000995,active,0,8000,0.1513,18,partner_platform,CA,0.4783864326084591,C – Elevated Risk
LN000996,DISB20251123000996,active,0,8000,0.1214,24,partner_platform,TX,0.3733632140365096,B – Moderate Risk
LN000997,DISB20251124000997,active,0,5000,0.2397,18,internal_core,TX,0.5737617077735873,D – High Risk
LN000998,DISB20251124000998,active,0,30000,0.2356,18,internal_core,FL,0.5977840690735022,D – High Risk
LN000999,DISB20251124000999,active,0,5000,0.1526,18,internal_core,FL,0.4492437097010474,B – Moderate Risk
LN001000,DISB20251125001000,defaulted,1,15000,0.0672,18,partner_platform,NY,0.3863690998085354,B – Moderate Risk
LN001001,DISB20251125001001,active,0,8000,0.0699,12,partner_platform,NY,0.43076348695765915,B – Moderate Risk
LN001002,DISB20251125001002,active,0,8000,0.1095,24,internal_core,WA,0.3798161395841888,B – Moderate Risk
LN001003,DISB20251126001003,active,0,8000,0.1791,12,internal_core,WA,0.5708071595872848,D – High Risk
LN001004,DISB20251126001004,active,0,15000,0.0703,36,partner_platform,TX,0.2414810452138362,A – Low Risk
LN001005,DISB20251127001005,active,0,15000,0.1888,36,internal_core,TX,0.36936875245402784,B – Moderate Risk
LN001006,DISB20251127001006,active,0,30000,0.1502,18,internal_core,CA,0.5547973173255052,D – High Risk
LN001007,DISB20251127001007,active,0,20000,0.1809,36,partner_platform,TX,0.34866341657837335,A – Low Risk
LN001008,DISB20251127001008,active,0,15000,0.1525,12,internal_core,CA,0.5824862196275147,D – High Risk
LN001009,DISB20251128001009,active,0,20000,0.1909,24,internal_core,FL,0.46614022553181034,C – Elevated Risk
LN001010,DISB20251128001010,active,0,5000,0.2113,24,internal_core,WA,0.4803994647698534,C – Elevated Risk
LN001011,DISB20251128001011,active,0,10000,0.1094,12,internal_core,WA,0.5015385501478973,C – Elevated Risk
LN001012,DISB20251129001012,defaulted,1,20000,0.1815,12,internal_core,FL,0.5793432753159308,D – High Risk
LN001013,DISB20251129001013,active,0,8000,0.1817,36,internal_core,TX,0.3486220017102917,A – Low Risk
LN001014,DISB20251129001014,active,0,15000,0.1218,36,partner_platform,TX,0.2844675101305458,A – Low Risk
LN001015,DISB20251130001015,active,0,8000,0.1866,12,partner_platform,FL,0.5283396611741417,C – Elevated Risk
LN001016,DISB20251130001016,defaulted,1,15000,0.1753,6,internal_core,TX,0.6564526621311666,D – High Risk
LN001017,DISB20251130001017,active,0,30000,0.0978,18,partner_platform,TX,0.4572364476312101,C – Elevated Risk
LN001018,DISB20251130001018,active,0,20000,0.2247,6,internal_core,NY,0.714723127664972,D – High Risk
LN001019,DISB20251201001019,active,0,10000,0.1763,6,internal_core,NY,0.6378604700478506,D – High Risk
LN001020,DISB20251201001020,active,0,10000,0.2241,36,internal_core,TX,0.39527869377343927,B – Moderate Risk
LN001021,DISB20251201001021,active,0,8000,0.1131,12,internal_core,NY,0.5015182713304598,C – Elevated Risk
LN001022,DISB20251202001022,active,0,5000,0.2212,36,internal_core,NY,0.37890570314408,B – Moderate Risk
LN001023,DISB20251202001023,active,0,15000,0.1582,36,partner_platform,FL,0.2909908492554854,A – Low Risk
LN001024,DISB20251202001024,active,0,15000,0.0939,24,internal_core,CA,0.39955644849146077,B – Moderate Risk
LN001025,DISB20251203001025,active,0,5000,0.0793,18,internal_core,TX,0.4025759741852414,B – Moderate Risk
LN001026,DISB20251203001026,active,0,15000,0.09,24,internal_core,FL,0.35060458683743745,B – Moderate Risk
LN001027,DISB20251203001027,active,0,5000,0.1259,12,partner_platform,WA,0.4811732991865455,C – Elevated Risk
LN001028,DISB20251204001028,active,0,8000,0.142,24,internal_core,TX,0.4181187519003425,B – Moderate Risk
LN001029,DISB20251204001029,active,0,20000,0.093,18,internal_core,CA,0.4691769474088376,C – Elevated Risk
LN001030,DISB20251204001030,active,0,10000,0.2037,18,internal_core,CA,0.5639830001743857,D – High Risk
LN001031,DISB20251204001031,active,0,15000,0.1735,24,internal_core,TX,0.4673040979620428,C – Elevated Risk
LN001032,DISB20251205001032,active,0,8000,0.2293,36,partner_platform,WA,0.3686928613904523,B – Moderate Risk
LN001033,DISB20251205001033,active,0,15000,0.0721,6,internal_core,CA,0.5669390149528037,D – High Risk
LN001034,DISB20251205001034,active,0,5000,0.1063,12,internal_core,WA,0.48464256558166546,C – Elevated Risk
LN001035,DISB20251206001035,active,0,5000,0.0772,18,internal_core,TX,0.4003990682768724,B – Moderate Risk
LN001036,DISB20251206001036,active,0,30000,0.063,12,internal_core,NY,0.5071384821557866,C – Elevated Risk
LN001037,DISB20251206001037,active,0,5000,0.205,36,internal_core,FL,0.3373103187530825,A – Low Risk
LN001038,DISB20251207001038,active,0,20000,0.0751,12,internal_core,FL,0.46532398149392984,C – Elevated Risk
LN001039,DISB20251207001039,defaulted,1,20000,0.2336,6,partner_platform,TX,0.7052359538021699,D – High Risk
LN001040,DISB20251207001040,active,0,10000,0.0967,36,partner_platform,CA,0.26772930192324595,A – Low Risk
LN001041,DISB20251208001041,active,0,15000,0.1349,36,internal_core,FL,0.2905643144797969,A – Low Risk
LN001042,DISB20251208001042,active,0,8000,0.0726,6,partner_platform,FL,0.47012409606774236,C – Elevated Risk
LN001043,DISB20251208001043,active,0,8000,0.1039,36,partner_platform,WA,0.2537333798076746,A – Low Risk
LN001044,DISB20251209001044,active,0,10000,0.1249,12,partner_platform,WA,0.49364375111891384,C – Elevated Risk
LN001045,DISB20251209001045,active,0,30000,0.1563,36,partner_platform,TX,0.34389695185326535,A – Low Risk
LN001046,DISB20251209001046,active,0,20000,0.1221,24,internal_core,NY,0.42037718464327206,B – Moderate Risk
LN001047,DISB20251210001047,active,0,8000,0.1048,12,partner_platform,NY,0.46799888142194335,C – Elevated Risk
LN001048,DISB20251210001048,active,0,15000,0.063,36,partner_platform,TX,0.23575979040926495,A – Low Risk
LN001049,DISB20251211001049,active,0,30000,0.1511,6,internal_core,CA,0.6954026108275618,D – High Risk
LN001050,DISB20251211001050,active,0,10000,0.1332,18,partner_platform,TX,0.4471268870984971,B – Moderate Risk
LN001051,DISB20251211001051,active,0,30000,0.1545,12,internal_core,NY,0.6042685856940236,D – High Risk
LN001052,DISB20251211001052,active,0,5000,0.1397,18,internal_core,CA,0.48322324497487656,C – Elevated Risk
LN001053,DISB20251212001053,active,0,15000,0.1233,12,internal_core,FL,0.5036938516584616,C – Elevated Risk
LN001054,DISB20251212001054,active,0,20000,0.1065,36,internal_core,FL,0.2743570394868237,A – Low Risk
LN001055,DISB20251212001055,active,0,10000,0.1862,36,partner_platform,NY,0.3315689451264439,A – Low Risk
LN001056,DISB20251213001056,active,0,5000,0.0835,12,partner_platform,CA,0.4572094029603588,C – Elevated Risk
LN001057,DISB20251213001057,active,0,8000,0.1894,18,partner_platform,CA,0.5194535819627689,C – Elevated Risk
LN001058,DISB20251214001058,active,0,30000,0.1042,12,internal_core,FL,0.5237493956334918,C – Elevated Risk
LN001059,DISB20251214001059,active,0,8000,0.2274,36,partner_platform,CA,0.3871393388569578,B – Moderate Risk
LN001060,DISB20251215001060,active,0,15000,0.1331,36,internal_core,NY,0.31234300494787387,A – Low Risk
LN001061,DISB20251215001061,active,0,30000,0.1288,12,partner_platform,TX,0.5567401104386893,D – High Risk
LN001062,DISB20251215001062,active,0,5000,0.1887,12,partner_platform,CA,0.5700968467246513,D – High Risk
LN001063,DISB20251216001063,active,0,5000,0.1892,36,internal_core,CA,0.36558156582020557,B – Moderate Risk
LN001064,DISB20251216001064,active,0,8000,0.0781,6,internal_core,NY,0.5284067247255332,C – Elevated Risk
LN001065,DISB20251216001065,active,0,10000,0.156,18,partner_platform,NY,0.46806782883137704,C – Elevated Risk
LN001066,DISB20251217001066,active,0,8000,0.2265,12,partner_platform,CA,0.6172405096602588,D – High Risk
LN001067,DISB20251217001067,active,0,8000,0.1084,12,partner_platform,TX,0.47535136380683835,C – Elevated Risk
LN001068,DISB20251217001068,active,0,8000,0.2022,6,internal_core,CA,0.6748347868334189,D – High Risk
LN001069,DISB20251218001069,active,0,5000,0.1723,36,internal_core,CA,0.34884382047214113,A – Low Risk
LN001070,DISB20251218001070,active,0,10000,0.1332,24,partner_platform,FL,0.3603317985224578,B – Moderate Risk
LN001071,DISB20251218001071,active,0,10000,0.0757,24,partner_platform,TX,0.33252648463521467,A – Low Risk
LN001072,DISB20251219001072,active,0,30000,0.2049,36,internal_core,CA,0.43270518088835036,B – Moderate Risk
LN001073,DISB20251219001073,active,0,10000,0.087,6,internal_core,WA,0.5436893652738652,C – Elevated Risk
LN001074,DISB20251219001074,active,0,10000,0.0858,12,internal_core,CA,0.4977542526775297,C – Elevated Risk
LN001075,DISB20251220001075,active,0,8000,0.0624,36,internal_core,WA,0.23877973639912464,A – Low Risk
LN001076,DISB20251220001076,active,0,30000,0.1801,6,internal_core,NY,0.7046587121738705,D – High Risk
LN001077,DISB20251220001077,active,0,5000,0.0869,6,internal_core,CA,0.5472759250265703,C – Elevated Risk
LN001078,DISB20251220001078,active,0,15000,0.1694,6,internal_core,TX,0.6506899455936291,D – High Risk
LN001079,DISB20251221001079,active,0,30000,0.1079,6,partner_platform,TX,0.6162454489554611,D – High Risk
LN001080,DISB20251221001080,active,0,20000,0.1419,6,partner_platform,NY,0.6136763940600332,D – High Risk
LN001081,DISB20251221001081,active,0,15000,0.1352,36,internal_core,NY,0.314292108207433,A – Low Risk
LN001082,DISB20251221001082,active,0,30000,0.1073,24,partner_platform,CA,0.422728998385834,B – Moderate Risk
LN001083,DISB20251222001083,active,0,15000,0.1241,12,internal_core,FL,0.5045565843516061,C – Elevated Risk
LN001084,DISB20251222001084,active,0,5000,0.1974,12,partner_platform,CA,0.5792700824793668,D – High Risk
LN001085,DISB20251222001085,active,0,20000,0.0829,18,partner_platform,NY,0.41423395148422343,B – Moderate Risk
LN001086,DISB20251223001086,active,0,5000,0.0742,36,internal_core,CA,0.25973920067183404,A – Low Risk
LN001087,DISB20251223001087,active,0,8000,0.1564,24,internal_core,TX,0.43330487029081366,B – Moderate Risk
LN001088,DISB20251223001088,active,0,8000,0.1483,6,internal_core,NY,0.6026668010778738,D – High Risk
LN001089,DISB20251223001089,active,0,30000,0.1631,18,partner_platform,TX,0.527529216468751,C – Elevated Risk
LN001090,DISB20251224001090,active,0,15000,0.2361,36,internal_core,TX,0.4180275910703115,B – Moderate Risk
LN001091,DISB20251224001091,active,0,20000,0.1405,6,partner_platform,TX,0.6155559865713054,D – High Risk
LN001092,DISB20251224001092,active,0,10000,0.1405,12,partner_platform,TX,0.5153690403451778,C – Elevated Risk
LN001093,DISB20251225001093,active,0,10000,0.1967,12,partner_platform,CA,0.5916976866680044,D – High Risk
LN001094,DISB20251225001094,active,0,10000,0.1481,6,internal_core,CA,0.6284234349106739,D – High Risk
LN001095,DISB20251226001095,active,0,20000,0.2135,12,internal_core,NY,0.6386123799402135,D – High Risk
LN001096,DISB20251226001096,active,0,20000,0.0828,6,partner_platform,FL,0.5241351323930369,C – Elevated Risk
LN001097,DISB20251226001097,active,0,20000,0.165,18,internal_core,CA,0.5466529620068047,C – Elevated Risk
LN001098,DISB20251227001098,active,0,8000,0.2246,6,internal_core,FL,0.6535142032783279,D – High Risk
LN001099,DISB20251227001099,active,0,30000,0.181,18,partner_platform,WA,0.5418578124703803,C – Elevated Risk
LN001100,DISB20251227001100,active,0,10000,0.2044,24,partner_platform,TX,0.464665552153539,C – Elevated Risk
LN001101,DISB20251228001101,active,0,20000,0.1961,12,partner_platform,TX,0.6010427130000198,D – High Risk
LN001102,DISB20251228001102,active,0,15000,0.1339,12,partner_platform,TX,0.5217995279190466,C – Elevated Risk
LN001103,DISB20251228001103,active,0,8000,0.0795,36,internal_core,TX,0.25616672836799215,A – Low Risk
LN001104,DISB20251229001104,active,0,30000,0.1327,6,internal_core,TX,0.6635322787406492,D – High Risk
LN001105,DISB20251229001105,active,0,10000,0.0691,24,internal_core,TX,0.3482352585762484,A – Low Risk
LN001106,DISB20251229001106,active,0,10000,0.2392,36,partner_platform,FL,0.35808637397445564,B – Moderate Risk
LN001107,DISB20251230001107,active,0,20000,0.22,24,internal_core,CA,0.5454080925020078,C – Elevated Risk
LN001108,DISB20251230001108,defaulted,1,20000,0.0856,6,internal_core,TX,0.5823282282473641,D – High Risk
LN001109,DISB20251230001109,active,0,8000,0.2194,18,partner_platform,FL,0.5037568419597989,C – Elevated Risk
LN001110,DISB20251231001110,active,0,20000,0.0978,24,partner_platform,FL,0.34621396551969247,A – Low Risk
LN001111,DISB20251231001111,active,0,30000,0.1135,18,partner_platform,NY,0.47060421546208014,C – Elevated Risk
LN001112,DISB20251231001112,active,0,30000,0.2009,18,partner_platform,CA,0.5842740702614687,D – High Risk
LN001113,DISB20260101001113,active,0,15000,0.17,36,internal_core,NY,0.3475098248992598,A – Low Risk
LN001114,DISB20260101001114,active,0,15000,0.2306,24,partner_platform,TX,0.5042272925935747,C – Elevated Risk
LN001115,DISB20260102001115,active,0,8000,0.22,36,internal_core,FL,0.35776590326994784,B – Moderate Risk
LN001116,DISB20260102001116,active,0,5000,0.1082,12,internal_core,CA,0.5083541219130765,C – Elevated Risk
LN001117,DISB20260102001117,active,0,15000,0.2057,24,partner_platform,WA,0.4724947612537437,C – Elevated Risk
LN001118,DISB20260103001118,active,0,15000,0.1302,24,internal_core,WA,0.4164438488545152,B – Moderate Risk
LN001119,DISB20260103001119,active,0,8000,0.235,18,internal_core,FL,0.5450704140347115,C – Elevated Risk
LN001120,DISB20260103001120,active,0,20000,0.0988,12,internal_core,NY,0.5186252630406171,C – Elevated Risk
LN001121,DISB20260104001121,active,0,5000,0.09,12,partner_platform,CA,0.46417614422306963,C – Elevated Risk
LN001122,DISB20260104001122,active,0,10000,0.2205,18,internal_core,NY,0.5618797580353797,D – High Risk
LN001123,DISB20260104001123,active,0,15000,0.1794,6,internal_core,NY,0.6572893876150897,D – High Risk
LN001124,DISB20260105001124,active,0,5000,0.1432,12,partner_platform,FL,0.4734541028306518,C – Elevated Risk
LN001125,DISB20260105001125,defaulted,1,15000,0.1749,12,internal_core,CA,0.6057830772751585,D – High Risk
LN001126,DISB20260105001126,active,0,8000,0.1664,36,internal_core,FL,0.30654917164567375,A – Low Risk
LN001127,DISB20260106001127,active,0,20000,0.1613,18,internal_core,CA,0.5426944274769294,C – Elevated Risk
LN001128,DISB20260106001128,active,0,20000,0.0784,6,partner_platform,NY,0.547074174287173,C – Elevated Risk
LN001129,DISB20260106001129,active,0,10000,0.2336,36,partner_platform,FL,0.3525526062952901,B – Moderate Risk
LN001130,DISB20260107001130,active,0,30000,0.1904,18,internal_core,TX,0.5808944650013105,D – High Risk
LN001131,DISB20260107001131,active,0,30000,0.1507,24,partner_platform,NY,0.44883530873968097,B – Moderate Risk
LN001132,DISB20260107001132,active,0,5000,0.22,24,internal_core,WA,0.48977370062827696,C – Elevated Risk
LN001133,DISB20260108001133,active,0,20000,0.1639,36,partner_platform,WA,0.32785978495822954,A – Low Risk
LN001134,DISB20260108001134,active,0,5000,0.1248,24,internal_core,CA,0.4097672636961915,B – Moderate Risk
LN001135,DISB20260109001135,active,0,5000,0.1168,18,partner_platform,FL,0.38778949705237287,B – Moderate Risk
LN001136,DISB20260109001136,active,0,5000,0.1891,24,partner_platform,WA,0.4322543949787829,B – Moderate Risk
LN001137,DISB20260109001137,active,0,5000,0.0942,24,partner_platform,WA,0.3358030745271669,A – Low Risk
LN001138,DISB20260110001138,active,0,15000,0.1772,18,partner_platform,FL,0.4751986452883506,C – Elevated Risk
LN001139,DISB20260110001139,active,0,20000,0.2364,6,internal_core,NY,0.724901856098306,D – High Risk
LN001140,DISB20260110001140,active,0,15000,0.0618,18,partner_platform,NY,0.3808608754722975,B – Moderate Risk
LN001141,DISB20260111001141,active,0,8000,0.2301,24,partner_platform,CA,0.5045398434484563,C – Elevated Risk
LN001142,DISB20260111001142,active,0,20000,0.1733,12,partner_platform,FL,0.5464300160045439,C – Elevated Risk
LN001143,DISB20260112001143,defaulted,1,8000,0.1795,6,internal_core,TX,0.6376455426427956,D – High Risk
LN001144,DISB20260112001144,active,0,20000,0.209,12,partner_platform,TX,0.614309041065319,D – High Risk
LN001145,DISB20260113001145,active,0,5000,0.1762,18,internal_core,WA,0.5009137763098866,C – Elevated Risk
LN001146,DISB20260113001146,active,0,30000,0.0759,6,internal_core,FL,0.5766034910996992,D – High Risk
LN001147,DISB20260113001147,active,0,8000,0.1397,18,partner_platform,FL,0.4185338916589533,B – Moderate Risk
LN001148,DISB20260114001148,active,0,20000,0.165,6,partner_platform,TX,0.6402431659172575,D – High Risk
LN001149,DISB20260114001149,active,0,30000,0.1522,6,partner_platform,FL,0.631708613899319,D – High Risk
LN001150,DISB20260114001150,active,0,15000,0.0941,6,partner_platform,NY,0.546071549817291,C – Elevated Risk
LN001151,DISB20260115001151,active,0,8000,0.2035,12,internal_core,FL,0.5707307222726775,D – High Risk
LN001152,DISB20260115001152,active,0,30000,0.1656,6,partner_platform,WA,0.6688378275066214,D – High Risk
LN001153,DISB20260116001153,active,0,30000,0.1663,18,partner_platform,NY,0.5274867852397879,C – Elevated Risk
LN001154,DISB20260116001154,active,0,30000,0.1612,36,partner_platform,CA,0.36405909913984436,B – Moderate Risk
LN001155,DISB20260117001155,active,0,10000,0.0957,36,partner_platform,NY,0.2513339094117797,A – Low Risk
LN001156,DISB20260117001156,active,0,5000,0.0714,24,partner_platform,NY,0.3154497227503976,A – Low Risk
LN001157,DISB20260117001157,active,0,30000,0.1177,6,internal_core,WA,0.6444523840187854,D – High Risk
LN001158,DISB20260118001158,active,0,5000,0.1077,24,internal_core,CA,0.3920516673935494,B – Moderate Risk
LN001159,DISB20260118001159,active,0,8000,0.2134,18,partner_platform,TX,0.5285540557167594,C – Elevated Risk
LN001160,DISB20260118001160,active,0,8000,0.1408,18,partner_platform,CA,0.4670964359410847,C – Elevated Risk
LN001161,DISB20260119001161,active,0,5000,0.0811,24,partner_platform,WA,0.32331766140257884,A – Low Risk
LN001162,DISB20260119001162,active,0,20000,0.1721,18,partner_platform,NY,0.5095777056375332,C – Elevated Risk
LN001163,DISB20260119001163,active,0,5000,0.1099,36,internal_core,NY,0.27401647417581637,A – Low Risk
LN001164,DISB20260120001164,active,0,15000,0.1399,24,internal_core,CA,0.4479711429284474,B – Moderate Risk
LN001165,DISB20260120001165,defaulted,1,20000,0.0962,6,partner_platform,NY,0.5660233200421745,D – High Risk
LN001166,DISB20260121001166,active,0,15000,0.1989,6,internal_core,WA,0.67474183581393,D – High Risk
LN001167,DISB20260121001167,active,0,5000,0.2122,18,partner_platform,WA,0.5151230525157031,C – Elevated Risk
LN001168,DISB20260121001168,active,0,8000,0.0977,6,partner_platform,TX,0.5284270462861551,C – Elevated Risk
LN001169,DISB20260122001169,active,0,8000,0.2328,36,internal_core,WA,0.3954923791346542,B – Moderate Risk
LN001170,DISB20260122001170,active,0,10000,0.0744,36,partner_platform,WA,0.23342937583800163,A – Low Risk
LN001171,DISB20260122001171,active,0,30000,0.0616,6,partner_platform,TX,0.568051549704065,D – High Risk
LN001172,DISB20260123001172,active,0,8000,0.1693,12,internal_core,CA,0.5816475576508909,D – High Risk
LN001173,DISB20260123001173,active,0,30000,0.1491,6,internal_core,CA,0.693571989472908,D – High Risk
LN001174,DISB20260123001174,active,0,8000,0.1938,18,internal_core,CA,0.5486659369588456,C – Elevated Risk
LN001175,DISB20260124001175,defaulted,1,15000,0.1066,6,internal_core,TX,0.5868980583775864,D – High Risk
LN001176,DISB20260124001176,active,0,15000,0.2319,36,partner_platform,CA,0.40603207247764345,B – Moderate Risk
LN001177,DISB20260124001177,active,0,30000,0.0879,24,internal_core,FL,0.38011288931715465,B – Moderate Risk
LN001178,DISB20260125001178,active,0,8000,0.1612,24,partner_platform,CA,0.4306813400075827,B – Moderate Risk
LN001179,DISB20260125001179,active,0,20000,0.2355,24,partner_platform,WA,0.5159649385122133,C – Elevated Risk
LN001180,DISB20260125001180,active,0,5000,0.1792,12,partner_platform,FL,0.5122522889768867,C – Elevated Risk
LN001181,DISB20260125001181,active,0,5000,0.1447,6,partner_platform,WA,0.5631356922348854,D – High Risk
LN001182,DISB20260126001182,active,0,30000,0.1143,18,partner_platform,CA,0.4916895583448754,C – Elevated Risk
LN001183,DISB20260126001183,active,0,30000,0.0652,24,internal_core,WA,0.381916074051271,B – Moderate Risk
LN001184,DISB20260127001184,active,0,5000,0.23,18,internal_core,CA,0.5799134734872935,D – High Risk
LN001185,DISB20260127001185,active,0,10000,0.2073,24,internal_core,FL,0.46112534260108545,C – Elevated Risk
LN001186,DISB20260128001186,active,0,5000,0.1046,6,partner_platform,NY,0.5216258743101394,C – Elevated Risk
LN001187,DISB20260128001187,active,0,20000,0.1361,18,partner_platform,WA,0.46937930981520454,C – Elevated Risk
LN001188,DISB20260128001188,active,0,5000,0.2073,24,partner_platform,NY,0.4530150690214104,C – Elevated Risk
LN001189,DISB20260129001189,active,0,8000,0.1859,18,partner_platform,FL,0.4676726713352592,C – Elevated Risk
LN001190,DISB20260129001190,active,0,8000,0.2306,6,internal_core,WA,0.6826503793184959,D – High Risk
LN001191,DISB20260129001191,active,0,30000,0.1008,18,partner_platform,TX,0.4604499828349725,C – Elevated Risk
LN001192,DISB20260130001192,defaulted,1,15000,0.2213,6,partner_platform,NY,0.6755829142298786,D – High Risk
LN001193,DISB20260130001193,active,0,8000,0.1177,12,partner_platform,FL,0.45419095870198156,C – Elevated Risk
LN001194,DISB20260130001194,active,0,30000,0.0718,36,internal_core,TX,0.2865788223981,A – Low Risk
LN001195,DISB20260130001195,active,0,10000,0.1224,24,internal_core,WA,0.3973556330239547,B – Moderate Risk
LN001196,DISB20260131001196,active,0,15000,0.194,12,partner_platform,CA,0.6019436611860972,D – High Risk
LN001197,DISB20260131001197,active,0,30000,0.2172,18,internal_core,FL,0.5785597182282113,D – High Risk
LN001198,DISB20260131001198,active,0,20000,0.1056,12,partner_platform,NY,0.5013558763330228,C – Elevated Risk
LN001199,DISB20260201001199,active,0,10000,0.2156,18,internal_core,WA,0.555274867271096,D – High Risk
LN001200,DISB20260201001200,active,0,8000,0.1233,18,partner_platform,TX,0.43184022562732177,B – Moderate Risk
LN001201,DISB20260202001201,active,0,15000,0.1819,12,internal_core,NY,0.5935825471775638,D – High Risk
LN001202,DISB20260202001202,active,0,8000,0.1288,6,internal_core,FL,0.5550867888180396,D – High Risk
LN001203,DISB20260202001203,defaulted,1,30000,0.2072,6,internal_core,FL,0.7058407662495467,D – High Risk
LN001204,DISB20260203001204,active,0,20000,0.0777,6,partner_platform,NY,0.5463258175371277,C – Elevated Risk
LN001205,DISB20260203001205,active,0,5000,0.0877,36,internal_core,CA,0.2710926343489785,A – Low Risk
LN001206,DISB20260203001206,active,0,30000,0.137,6,partner_platform,NY,0.6422638412227076,D – High Risk
LN001207,DISB20260204001207,active,0,5000,0.2144,24,partner_platform,FL,0.43313085978296645,B – Moderate Risk
LN001208,DISB20260204001208,active,0,15000,0.1796,36,internal_core,CA,0.37576422710291857,B – Moderate Risk
LN001209,DISB20260204001209,active,0,8000,0.0857,12,internal_core,TX,0.4754810710746427,C – Elevated Risk
LN001210,DISB20260204001210,active,0,20000,0.1927,12,internal_core,WA,0.6163222538931022,D – High Risk
LN001211,DISB20260205001211,active,0,20000,0.1117,6,internal_core,FL,0.5792598982663817,D – High Risk
LN001212,DISB20260205001212,active,0,8000,0.2399,24,internal_core,WA,0.5180450235670443,C – Elevated Risk
LN001213,DISB20260205001213,active,0,30000,0.0716,12,partner_platform,CA,0.5120556306357922,C – Elevated Risk
LN001214,DISB20260206001214,active,0,20000,0.2186,12,partner_platform,FL,0.5942779860118563,D – High Risk
LN001215,DISB20260206001215,active,0,30000,0.069,24,partner_platform,TX,0.3672917062431189,B – Moderate Risk
LN001216,DISB20260206001216,active,0,20000,0.1163,12,internal_core,NY,0.5374372556740507,C – Elevated Risk
LN001217,DISB20260207001217,active,0,15000,0.1094,24,internal_core,NY,0.3961650149708739,B – Moderate Risk
LN001218,DISB20260207001218,active,0,30000,0.2131,12,partner_platform,WA,0.6392210335441616,D – High Risk
LN001219,DISB20260207001219,active,0,20000,0.117,6,internal_core,FL,0.5848219365384187,D – High Risk
LN001220,DISB20260207001220,active,0,10000,0.0867,12,partner_platform,WA,0.4525879828596696,C – Elevated Risk
LN001221,DISB20260208001221,active,0,10000,0.1564,6,partner_platform,CA,0.6136825121295073,D – High Risk
LN001222,DISB20260208001222,active,0,10000,0.0923,6,partner_platform,TX,0.5297760906295559,C – Elevated Risk
LN001223,DISB20260208001223,active,0,20000,0.0698,24,internal_core,NY,0.36659665135400693,B – Moderate Risk
LN001224,DISB20260209001224,active,0,8000,0.2355,12,partner_platform,NY,0.6072231348571536,D – High Risk
LN001225,DISB20260209001225,active,0,15000,0.2332,12,internal_core,WA,0.6443860474105979,D – High Risk
LN001226,DISB20260209001226,active,0,8000,0.2227,12,internal_core,TX,0.6207794320271272,D – High Risk
LN001227,DISB20260210001227,active,0,10000,0.2342,36,internal_core,NY,0.40237461947118575,B – Moderate Risk
LN001228,DISB20260210001228,active,0,8000,0.1526,18,internal_core,NY,0.48413632746752616,C – Elevated Risk
LN001229,DISB20260210001229,active,0,30000,0.0729,12,internal_core,CA,0.5379983307760191,C – Elevated Risk
LN001230,DISB20260211001230,active,0,20000,0.173,6,partner_platform,TX,0.6481532318149966,D – High Risk
LN001231,DISB20260211001231,active,0,30000,0.2171,12,internal_core,NY,0.6667088086343268,D – High Risk
LN001232,DISB20260212001232,active,0,8000,0.1152,6,internal_core,FL,0.5405545688853247,C – Elevated Risk
LN001233,DISB20260212001233,active,0,20000,0.1205,12,internal_core,TX,0.5454054001463149,C – Elevated Risk
LN001234,DISB20260212001234,active,0,30000,0.1984,24,internal_core,WA,0.5232821167677032,C – Elevated Risk
LN001235,DISB20260212001235,active,0,15000,0.1438,12,partner_platform,TX,0.5324447497592443,C – Elevated Risk
LN001236,DISB20260213001236,active,0,10000,0.1518,36,internal_core,CA,0.3384906123842731,A – Low Risk
LN001237,DISB20260213001237,active,0,30000,0.1485,12,partner_platform,NY,0.5741863917375409,D – High Risk
LN001238,DISB20260213001238,active,0,5000,0.1013,18,partner_platform,FL,0.3720388831515445,B – Moderate Risk
LN001239,DISB20260213001239,active,0,15000,0.0694,6,internal_core,FL,0.5163643456403862,C – Elevated Risk
LN001240,DISB20260214001240,active,0,30000,0.1349,36,partner_platform,TX,0.3233771992342963,A – Low Risk
LN001241,DISB20260214001241,active,0,30000,0.0911,24,partner_platform,TX,0.3897139825304214,B – Moderate Risk
LN001242,DISB20260215001242,active,0,10000,0.0978,24,partner_platform,FL,0.3259328279201229,A – Low Risk
LN001243,DISB20260215001243,active,0,5000,0.1288,6,partner_platform,WA,0.5461943995507286,C – Elevated Risk
LN001244,DISB20260215001244,active,0,8000,0.0768,24,internal_core,NY,0.3484757716783184,A – Low Risk
LN001245,DISB20260216001245,active,0,20000,0.1171,36,partner_platform,NY,0.2861564895074315,A – Low Risk
LN001246,DISB20260216001246,active,0,8000,0.1667,36,internal_core,FL,0.3068243547007523,A – Low Risk
LN001247,DISB20260217001247,active,0,30000,0.0865,18,internal_core,NY,0.46611481290426116,C – Elevated Risk
LN001248,DISB20260217001248,active,0,15000,0.0613,24,partner_platform,FL,0.30182123434904495,A – Low Risk
LN001249,DISB20260218001249,active,0,30000,0.2321,18,partner_platform,CA,0.6165521887469757,D – High Risk
LN001250,DISB20260218001250,active,0,8000,0.1137,6,partner_platform,WA,0.5407171639914508,C – Elevated Risk
LN001251,DISB20260218001251,active,0,15000,0.0736,6,internal_core,FL,0.5208876848046283,C – Elevated Risk
LN001252,DISB20260219001252,active,0,30000,0.0838,18,partner_platform,NY,0.43884683041510913,B – Moderate Risk
LN001253,DISB20260219001253,active,0,5000,0.2103,12,internal_core,CA,0.6163004416956175,D – High Risk
LN001254,DISB20260220001254,active,0,30000,0.0656,24,internal_core,WA,0.3823234915741957,B – Moderate Risk
LN001255,DISB20260220001255,active,0,30000,0.0887,24,internal_core,NY,0.4074791961758025,B – Moderate Risk
LN001256,DISB20260220001256,active,0,8000,0.1222,6,internal_core,TX,0.5788294100942235,D – High Risk
LN001257,DISB20260220001257,active,0,20000,0.198,6,internal_core,WA,0.6894615307483354,D – High Risk
LN001258,DISB20260221001258,active,0,15000,0.1817,36,internal_core,TX,0.3622631336202741,B – Moderate Risk
LN001259,DISB20260221001259,active,0,8000,0.0945,18,partner_platform,WA,0.39694440720180046,B – Moderate Risk
LN001260,DISB20260221001260,active,0,10000,0.1242,24,partner_platform,CA,0.3963958574182639,B – Moderate Risk
LN001261,DISB20260221001261,active,0,10000,0.2027,36,partner_platform,TX,0.3507048795893915,B – Moderate Risk
LN001262,DISB20260222001262,active,0,15000,0.0617,6,partner_platform,NY,0.5112576417737176,C – Elevated Risk
LN001263,DISB20260222001263,active,0,20000,0.1402,24,partner_platform,NY,0.4154234200806919,B – Moderate Risk
LN001264,DISB20260223001264,active,0,15000,0.1079,36,internal_core,CA,0.3064269775320278,A – Low Risk
LN001265,DISB20260223001265,active,0,8000,0.2279,6,partner_platform,TX,0.6627354593290294,D – High Risk
LN001266,DISB20260223001266,active,0,5000,0.0844,18,internal_core,WA,0.4031478036776504,B – Moderate Risk
LN001267,DISB20260223001267,active,0,5000,0.1483,12,partner_platform,CA,0.5269644098921641,C – Elevated Risk
LN001268,DISB20260224001268,active,0,8000,0.1428,12,partner_platform,FL,0.4811411757783198,C – Elevated Risk
LN001269,DISB20260224001269,active,0,10000,0.1299,12,partner_platform,TX,0.50394181260625,C – Elevated Risk
LN001270,DISB20260225001270,active,0,15000,0.0635,36,internal_core,NY,0.25172380293430385,A – Low Risk
LN001271,DISB20260225001271,active,0,5000,0.1602,6,internal_core,FL,0.5777731739605573,D – High Risk
LN001272,DISB20260226001272,active,0,10000,0.0633,18,partner_platform,TX,0.3742956968360221,B – Moderate Risk
LN001273,DISB20260226001273,active,0,10000,0.0764,24,internal_core,FL,0.3272806378103668,A – Low Risk
LN001274,DISB20260226001274,active,0,8000,0.1666,36,internal_core,NY,0.33087780787329624,A – Low Risk
LN001275,DISB20260227001275,active,0,15000,0.0963,24,partner_platform,NY,0.35975448264911014,B – Moderate Risk
LN001276,DISB20260227001276,active,0,8000,0.1795,12,internal_core,WA,0.5712298521776636,D – High Risk
LN001277,DISB20260228001277,active,0,10000,0.1334,36,internal_core,FL,0.2805672981081115,A – Low Risk
LN001278,DISB20260228001278,active,0,5000,0.0619,36,internal_core,FL,0.21540783477620531,A – Low Risk
LN001279,DISB20260228001279,active,0,15000,0.2012,18,partner_platform,NY,0.5288354475577283,C – Elevated Risk
LN001280,DISB20260228001280,active,0,30000,0.1101,12,partner_platform,TX,0.5367514165817241,C – Elevated Risk
LN001281,DISB20260301001281,active,0,30000,0.1549,12,internal_core,TX,0.6080168002824692,D – High Risk
LN001282,DISB20260301001282,active,0,5000,0.0827,18,internal_core,TX,0.40610860800560517,B – Moderate Risk
LN001283,DISB20260301001283,active,0,15000,0.0684,6,internal_core,TX,0.5464565051115661,C – Elevated Risk
LN001284,DISB20260302001284,active,0,5000,0.1151,18,partner_platform,CA,0.4324891743474224,B – Moderate Risk
LN001285,DISB20260302001285,active,0,8000,0.1087,18,partner_platform,TX,0.41645800547774847,B – Moderate Risk
LN001286,DISB20260302001286,active,0,5000,0.1646,12,partner_platform,NY,0.5242951035146954,C – Elevated Risk
LN001287,DISB20260302001287,active,0,5000,0.17,36,partner_platform,TX,0.31012344725369173,A – Low Risk
LN001288,DISB20260303001288,active,0,20000,0.1469,24,internal_core,TX,0.4501006251895246,C – Elevated Risk
LN001289,DISB20260303001289,active,0,10000,0.0782,36,partner_platform,FL,0.21785221290211987,A – Low Risk
LN001290,DISB20260303001290,active,0,15000,0.1503,6,partner_platform,FL,0.5783571728908501,D – High Risk
LN001291,DISB20260304001291,active,0,15000,0.1011,18,internal_core,NY,0.44573696370968074,B – Moderate Risk
LN001292,DISB20260304001292,active,0,8000,0.2246,18,partner_platform,CA,0.5571750593143371,D – High Risk
LN001293,DISB20260304001293,active,0,10000,0.1575,6,internal_core,WA,0.6175916169931348,D – High Risk
LN001294,DISB20260305001294,active,0,8000,0.2175,6,internal_core,CA,0.689147769110596,D – High Risk
LN001295,DISB20260305001295,active,0,10000,0.129,12,internal_core,NY,0.5240706402440509,C – Elevated Risk
LN001296,DISB20260305001296,active,0,30000,0.0865,24,internal_core,TX,0.40856230813603883,B – Moderate Risk
LN001297,DISB20260306001297,active,0,10000,0.1588,36,partner_platform,TX,0.30888759548949185,A – Low Risk
LN001298,DISB20260306001298,active,0,15000,0.235,6,partner_platform,NY,0.6883994384162028,D – High Risk
LN001299,DISB20260307001299,active,0,5000,0.1396,24,internal_core,NY,0.4056195633906302,B – Moderate Risk
LN001300,DISB20260307001300,active,0,15000,0.0857,12,internal_core,CA,0.5112020177873989,C – Elevated Risk
LN001301,DISB20260307001301,active,0,15000,0.1557,18,partner_platform,WA,0.4783973510683949,C – Elevated Risk
LN001302,DISB20260308001302,active,0,15000,0.2136,6,partner_platform,TX,0.671351340976819,D – High Risk
LN001303,DISB20260308001303,active,0,8000,0.1311,6,partner_platform,FL,0.5331314839015743,C – Elevated Risk
LN001304,DISB20260308001304,active,0,20000,0.14,18,partner_platform,TX,0.47846641769029474,C – Elevated Risk
LN001305,DISB20260309001305,active,0,30000,0.0743,18,partner_platform,NY,0.4287810785358521,B – Moderate Risk
LN001306,DISB20260309001306,active,0,8000,0.1177,24,partner_platform,NY,0.36638613651335633,B – Moderate Risk
LN001307,DISB20260309001307,active,0,8000,0.2175,36,internal_core,FL,0.35529168303027253,B – Moderate Risk
LN001308,DISB20260309001308,active,0,5000,0.1627,12,internal_core,WA,0.5453396550909749,C – Elevated Risk
LN001309,DISB20260310001309,active,0,5000,0.1507,6,internal_core,CA,0.6141761378803169,D – High Risk
LN001310,DISB20260310001310,active,0,20000,0.2331,6,internal_core,CA,0.7380185365110647,D – High Risk
LN001311,DISB20260310001311,active,0,8000,0.2212,18,internal_core,FL,0.5302728553244644,C – Elevated Risk
LN001312,DISB20260310001312,active,0,5000,0.0832,24,internal_core,FL,0.32374086067811925,A – Low Risk
LN001313,DISB20260311001313,active,0,15000,0.1062,18,partner_platform,CA,0.44686805235462773,B – Moderate Risk
LN001314,DISB20260311001314,active,0,20000,0.234,6,internal_core,TX,0.7256234454758947,D – High Risk
LN001315,DISB20260311001315,active,0,20000,0.2351,12,partner_platform,CA,0.6559063141704569,D – High Risk
LN001316,DISB20260312001316,active,0,30000,0.1468,36,internal_core,TX,0.35697646416091633,B – Moderate Risk
LN001317,DISB20260312001317,active,0,8000,0.1025,24,internal_core,CA,0.3932063477274847,B – Moderate Risk
LN001318,DISB20260312001318,active,0,20000,0.1234,12,internal_core,FL,0.5173523003347957,C – Elevated Risk
LN001319,DISB20260313001319,active,0,10000,0.2299,24,internal_core,CA,0.533431814063629,C – Elevated Risk
LN001320,DISB20260313001320,active,0,5000,0.1715,36,partner_platform,TX,0.3115095824692789,A – Low Risk
LN001321,DISB20260314001321,active,0,5000,0.0624,36,internal_core,NY,0.235186695961877,A – Low Risk
LN001322,DISB20260314001322,active,0,5000,0.2302,12,internal_core,FL,0.5908493793372105,D – High Risk
LN001323,DISB20260314001323,active,0,20000,0.095,36,internal_core,WA,0.2856377633009524,A – Low Risk
LN001324,DISB20260314001324,active,0,10000,0.1814,24,partner_platform,TX,0.4400904886776255,B – Moderate Risk
LN001325,DISB20260315001325,active,0,10000,0.1253,36,internal_core,TX,0.2991401596132707,A – Low Risk
LN001326,DISB20260315001326,active,0,30000,0.0915,12,internal_core,WA,0.536399102838954,C – Elevated Risk
LN001327,DISB20260316001327,active,0,5000,0.2211,18,partner_platform,CA,0.5462615694628116,C – Elevated Risk
LN001328,DISB20260316001328,active,0,20000,0.093,24,internal_core,WA,0.3887877690889988,B – Moderate Risk
LN001329,DISB20260316001329,active,0,10000,0.0633,18,internal_core,CA,0.4137857879519634,B – Moderate Risk
LN001330,DISB20260317001330,active,0,30000,0.1328,36,partner_platform,TX,0.32139816214548655,A – Low Risk
LN001331,DISB20260317001331,active,0,8000,0.1199,6,internal_core,CA,0.5926897127599043,D – High Risk
LN001332,DISB20260317001332,active,0,20000,0.1057,36,internal_core,TX,0.2992478249611788,A – Low Risk
LN001333,DISB20260318001333,active,0,10000,0.0927,24,partner_platform,NY,0.3458304778664972,A – Low Risk
LN001334,DISB20260318001334,active,0,15000,0.1303,36,internal_core,FL,0.28649075884735875,A – Low Risk
LN001335,DISB20260318001335,active,0,5000,0.1922,12,partner_platform,NY,0.5538706515905617,D – High Risk
LN001336,DISB20260319001336,active,0,20000,0.1377,18,internal_core,FL,0.4693236923264521,C – Elevated Risk
LN001337,DISB20260319001337,active,0,10000,0.101,6,internal_core,FL,0.5324610541507946,C – Elevated Risk
LN001338,DISB20260320001338,active,0,5000,0.0842,18,partner_platform,CA,0.40011071004668414,B – Moderate Risk
LN001339,DISB20260320001339,active,0,20000,0.1969,24,internal_core,WA,0.4989524066746548,C – Elevated Risk
LN001340,DISB20260320001340,active,0,8000,0.1387,18,internal_core,TX,0.4726610171433276,C – Elevated Risk
LN001341,DISB20260321001341,active,0,5000,0.2329,18,partner_platform,CA,0.5588464492765817,D – High Risk
LN001342,DISB20260321001342,active,0,10000,0.1263,6,partner_platform,WA,0.5612645840613556,D – High Risk
LN001343,DISB20260321001343,active,0,10000,0.1706,6,internal_core,CA,0.650792220056155,D – High Risk
LN001344,DISB20260322001344,active,0,30000,0.1858,24,partner_platform,NY,0.48651384619666704,C – Elevated Risk
LN001345,DISB20260322001345,active,0,20000,0.1404,12,partner_platform,FL,0.5110800455670931,C – Elevated Risk
LN001346,DISB20260323001346,active,0,20000,0.1327,6,internal_core,NY,0.6275103446899439,D – High Risk
LN001347,DISB20260323001347,active,0,10000,0.2191,36,internal_core,WA,0.3854756391536823,B – Moderate Risk
LN001348,DISB20260323001348,active,0,20000,0.0731,36,partner_platform,CA,0.26445974953393964,A – Low Risk
LN001349,DISB20260324001349,active,0,8000,0.2349,6,partner_platform,WA,0.665094749022389,D – High Risk
LN001350,DISB20260324001350,active,0,5000,0.1347,12,internal_core,CA,0.5368678374115381,C – Elevated Risk
LN001351,DISB20260324001351,active,0,20000,0.1489,12,partner_platform,NY,0.5479070630284139,C – Elevated Risk
LN001352,DISB20260325001352,active,0,5000,0.2017,18,internal_core,FL,0.5020221049197511,C – Elevated Risk
LN001353,DISB20260325001353,active,0,10000,0.2326,12,internal_core,WA,0.631261823790288,D – High Risk
LN001354,DISB20260325001354,active,0,5000,0.1753,36,internal_core,TX,0.3366561674962172,A – Low Risk
LN001355,DISB20260326001355,active,0,20000,0.202,24,internal_core,NY,0.505864744111188,C – Elevated Risk
LN001356,DISB20260326001356,active,0,5000,0.071,24,internal_core,NY,0.33669857582784773,A – Low Risk
LN001357,DISB20260326001357,active,0,5000,0.2003,24,internal_core,FL,0.44238987399077406,B – Moderate Risk
LN001358,DISB20260327001358,active,0,15000,0.214,6,internal_core,WA,0.6888721346667622,D – High Risk
LN001359,DISB20260327001359,active,0,20000,0.1019,12,internal_core,TX,0.5254489191006072,C – Elevated Risk
LN001360,DISB20260327001360,active,0,20000,0.2209,6,partner_platform,FL,0.6664946578035782,D – High Risk
LN001361,DISB20260328001361,active,0,30000,0.1872,24,partner_platform,TX,0.4915150009604865,C – Elevated Risk
LN001362,DISB20260328001362,active,0,10000,0.187,18,partner_platform,WA,0.5000451735307736,C – Elevated Risk
LN001363,DISB20260328001363,active,0,10000,0.1562,6,partner_platform,WA,0.59273497576735,D – High Risk
LN001364,DISB20260329001364,active,0,5000,0.0734,6,internal_core,WA,0.5111880561086631,C – Elevated Risk
LN001365,DISB20260329001365,active,0,8000,0.2196,36,partner_platform,TX,0.3635359387542994,B – Moderate Risk
LN001366,DISB20260329001366,active,0,10000,0.0918,36,internal_core,CA,0.28315497579926896,A – Low Risk
LN001367,DISB20260329001367,active,0,30000,0.205,18,internal_core,WA,0.5914120938375941,D – High Risk
LN001368,DISB20260330001368,active,0,15000,0.1749,24,internal_core,CA,0.48553329680752777,C – Elevated Risk
LN001369,DISB20260330001369,active,0,20000,0.215,36,internal_core,FL,0.3764688727477269,B – Moderate Risk
LN001370,DISB20260330001370,active,0,5000,0.1826,24,internal_core,CA,0.471136925656934,C – Elevated Risk
LN001371,DISB20260331001371,active,0,10000,0.1479,6,partner_platform,NY,0.5854353029942662,D – High Risk
LN001372,DISB20260331001372,active,0,10000,0.0679,12,internal_core,WA,0.45688855365166153,C – Elevated Risk
LN001373,DISB20260331001373,active,0,8000,0.141,6,internal_core,NY,0.5951019334935016,D – High Risk
LN001374,DISB20260331001374,active,0,30000,0.184,24,internal_core,CA,0.5294027890183144,C – Elevated Risk
LN001375,DISB20260401001375,active,0,10000,0.0732,36,internal_core,TX,0.2542347307088913,A – Low Risk
LN001376,DISB20260401001376,active,0,20000,0.1805,36,internal_core,CA,0.38671301098659194,B – Moderate Risk
LN001377,DISB20260401001377,active,0,20000,0.1138,6,internal_core,CA,0.6273909159390239,D – High Risk
LN001378,DISB20260402001378,active,0,20000,0.1216,36,internal_core,WA,0.30961615186796315,A – Low Risk
LN001379,DISB20260402001379,active,0,8000,0.1532,12,internal_core,NY,0.5446464770019679,C – Elevated Risk
LN001380,DISB20260402001380,active,0,20000,0.108,18,internal_core,TX,0.4685945566729937,C – Elevated Risk
LN001381,DISB20260403001381,active,0,30000,0.1983,18,internal_core,TX,0.5891679042015681,D – High Risk
LN001382,DISB20260403001382,active,0,5000,0.1625,24,internal_core,CA,0.44959891940018937,B – Moderate Risk
LN001383,DISB20260403001383,active,0,10000,0.2285,6,internal_core,TX,0.691097133704439,D – High Risk
LN001384,DISB20260404001384,active,0,15000,0.188,36,partner_platform,WA,0.3415379521078346,A – Low Risk
LN001385,DISB20260404001385,active,0,15000,0.2032,18,partner_platform,FL,0.5032189582887339,C – Elevated Risk
LN001386,DISB20260404001386,active,0,5000,0.066,24,partner_platform,NY,0.3104410514254524,A – Low Risk
LN001387,DISB20260405001387,active,0,8000,0.0856,36,internal_core,WA,0.2574437446401838,A – Low Risk
LN001388,DISB20260405001388,active,0,5000,0.061,36,partner_platform,NY,0.21691450555635336,A – Low Risk
LN001389,DISB20260405001389,active,0,10000,0.1874,18,partner_platform,TX,0.5053823992895266,C – Elevated Risk
LN001390,DISB20260406001390,active,0,5000,0.2058,36,partner_platform,WA,0.3396786278186698,A – Low Risk
LN001391,DISB20260406001391,active,0,30000,0.0893,24,partner_platform,WA,0.3832198219938328,B – Moderate Risk
LN001392,DISB20260406001392,active,0,10000,0.1434,6,internal_core,NY,0.6044784524602108,D – High Risk
LN001393,DISB20260407001393,active,0,8000,0.1792,6,internal_core,FL,0.6079417720452718,D – High Risk
LN001394,DISB20260407001394,active,0,15000,0.1535,12,partner_platform,WA,0.5379724563212966,C – Elevated Risk
LN001395,DISB20260407001395,active,0,8000,0.2205,24,internal_core,WA,0.497130198503189,C – Elevated Risk
LN001396,DISB20260407001396,active,0,5000,0.155,18,internal_core,CA,0.4997178348407759,C – Elevated Risk
LN001397,DISB20260408001397,active,0,5000,0.1137,36,internal_core,NY,0.2772896177969253,A – Low Risk
LN001398,DISB20260408001398,active,0,20000,0.2046,18,internal_core,WA,0.5674161592861935,D – High Risk
LN001399,DISB20260408001399,active,0,15000,0.2183,24,partner_platform,TX,0.49096295614244195,C – Elevated Risk
LN001400,DISB20260408001400,active,0,20000,0.1647,18,partner_platform,WA,0.500185743427846,C – Elevated Risk
LN001401,DISB20260409001401,active,0,10000,0.1909,18,partner_platform,FL,0.47787260035127566,C – Elevated Risk
LN001402,DISB20260409001402,active,0,15000,0.0936,6,internal_core,WA,0.5684306585573979,D – High Risk
LN001403,DISB20260409001403,active,0,15000,0.1286,24,partner_platform,FL,0.366256383573237,B – Moderate Risk
LN001404,DISB20260410001404,active,0,8000,0.1002,6,partner_platform,TX,0.531113705186763,C – Elevated Risk
LN001405,DISB20260410001405,active,0,20000,0.1656,12,internal_core,CA,0.6091476565784311,D – High Risk
LN001406,DISB20260410001406,active,0,8000,0.1286,12,internal_core,WA,0.5168162079065564,C – Elevated Risk
LN001407,DISB20260411001407,active,0,20000,0.1386,24,partner_platform,CA,0.4335285729126502,B – Moderate Risk
LN001408,DISB20260411001408,active,0,15000,0.0664,36,internal_core,CA,0.26974704984627235,A – Low Risk
LN001409,DISB20260411001409,active,0,5000,0.1448,6,partner_platform,TX,0.5680632308033333,D – High Risk
LN001410,DISB20260412001410,active,0,20000,0.1706,18,internal_core,NY,0.5325268759784175,C – Elevated Risk
LN001411,DISB20260412001411,active,0,30000,0.1762,24,internal_core,TX,0.504262432338084,C – Elevated Risk
LN001412,DISB20260412001412,active,0,20000,0.1791,18,internal_core,TX,0.5451107643695964,C – Elevated Risk
LN001413,DISB20260413001413,active,0,15000,0.1324,24,partner_platform,FL,0.3700696908505094,B – Moderate Risk
LN001414,DISB20260413001414,active,0,5000,0.0615,18,partner_platform,CA,0.37685219373813217,B – Moderate Risk
LN001415,DISB20260413001415,active,0,30000,0.0628,24,internal_core,FL,0.35495033246195706,B – Moderate Risk
LN001416,DISB20260414001416,active,0,8000,0.1589,24,internal_core,TX,0.43595500090195244,B – Moderate Risk
LN001417,DISB20260414001417,active,0,10000,0.2301,36,internal_core,CA,0.41769450732716074,B – Moderate Risk
LN001418,DISB20260414001418,active,0,15000,0.1874,18,internal_core,FL,0.5107889272987385,C – Elevated Risk
LN001419,DISB20260415001419,active,0,20000,0.2193,12,internal_core,CA,0.6627091071636969,D – High Risk
LN001420,DISB20260415001420,active,0,20000,0.1462,6,internal_core,TX,0.6442283684135925,D – High Risk
LN001421,DISB20260416001421,active,0,15000,0.1486,18,internal_core,TX,0.500244390476826,C – Elevated Risk
LN001422,DISB20260416001422,active,0,5000,0.1696,6,partner_platform,WA,0.5893588508851968,D – High Risk
LN001423,DISB20260417001423,active,0,15000,0.0795,24,internal_core,FL,0.34036248055857854,A – Low Risk
LN001424,DISB20260417001424,active,0,10000,0.2136,18,internal_core,WA,0.5531432457836579,D – High Risk
LN001425,DISB20260417001425,active,0,30000,0.1911,36,partner_platform,FL,0.34954341190206234,A – Low Risk
LN001426,DISB20260418001426,active,0,10000,0.1518,36,partner_platform,WA,0.29835429429720545,A – Low Risk
LN001427,DISB20260418001427,active,0,8000,0.1766,6,internal_core,CA,0.6501496714246546,D – High Risk
LN001428,DISB20260419001428,active,0,30000,0.2385,12,internal_core,TX,0.6898954224645679,D – High Risk
LN001429,DISB20260419001429,active,0,8000,0.1685,18,internal_core,NY,0.5012789823305555,C – Elevated Risk
LN001430,DISB20260419001430,active,0,10000,0.0669,24,partner_platform,WA,0.31987045848677387,A – Low Risk
LN001431,DISB20260420001431,active,0,20000,0.0831,36,partner_platform,WA,0.25607901797289756,A – Low Risk
LN001432,DISB20260420001432,active,0,10000,0.0752,36,internal_core,TX,0.255874044657089,A – Low Risk
LN001433,DISB20260420001433,active,0,20000,0.1234,6,internal_core,WA,0.6167513227546249,D – High Risk
LN001434,DISB20260421001434,active,0,10000,0.1839,24,internal_core,NY,0.46367961282529024,C – Elevated Risk
LN001435,DISB20260421001435,active,0,20000,0.2026,36,partner_platform,CA,0.385976049593814,B – Moderate Risk
LN001436,DISB20260421001436,active,0,10000,0.1167,6,partner_platform,NY,0.5524392366592629,D – High Risk
LN001437,DISB20260421001437,active,0,15000,0.1126,12,internal_core,FL,0.4921547246273774,C – Elevated Risk
LN001438,DISB20260422001438,active,0,20000,0.2384,6,partner_platform,FL,0.6830594126237807,D – High Risk
LN001439,DISB20260422001439,active,0,10000,0.0702,24,internal_core,CA,0.3647023603818412,B – Moderate Risk
LN001440,DISB20260422001440,active,0,30000,0.1323,12,partner_platform,NY,0.5570174610570149,D – High Risk
LN001441,DISB20260423001441,active,0,10000,0.1206,12,internal_core,WA,0.5136142719162414,C – Elevated Risk
LN001442,DISB20260423001442,active,0,8000,0.2087,36,partner_platform,WA,0.3482600667051503,A – Low Risk
LN001443,DISB20260423001443,active,0,15000,0.1756,12,internal_core,CA,0.6065039977046474,D – High Risk
LN001444,DISB20260424001444,active,0,10000,0.1088,12,partner_platform,TX,0.4811946395174644,C – Elevated Risk
LN001445,DISB20260424001445,active,0,8000,0.0674,18,internal_core,FL,0.3676650146585967,B – Moderate Risk
LN001446,DISB20260424001446,active,0,10000,0.1449,24,partner_platform,TX,0.4017318362713175,B – Moderate Risk
LN001447,DISB20260424001447,active,0,5000,0.2328,24,partner_platform,WA,0.4789776069524919,C – Elevated Risk
LN001448,DISB20260425001448,active,0,5000,0.119,24,partner_platform,FL,0.3361184324969171,A – Low Risk
LN001449,DISB20260425001449,active,0,20000,0.2338,6,internal_core,NY,0.7226594797358217,D – High Risk
LN001450,DISB20260425001450,active,0,5000,0.0977,12,partner_platform,TX,0.4557729177124715,C – Elevated Risk
LN001451,DISB20260426001451,active,0,5000,0.105,12,internal_core,FL,0.4569494118432788,C – Elevated Risk
LN001452,DISB20260426001452,active,0,20000,0.2313,18,partner_platform,CA,0.5926001451148545,D – High Risk
LN001453,DISB20260426001453,active,0,5000,0.183,18,internal_core,CA,0.5298798963474007,C – Elevated Risk
LN001454,DISB20260427001454,active,0,15000,0.1031,36,partner_platform,FL,0.24447945320165737,A – Low Risk
LN001455,DISB20260427001455,active,0,10000,0.1176,18,partner_platform,FL,0.40016429720061975,B – Moderate Risk
LN001456,DISB20260427001456,active,0,5000,0.1046,12,partner_platform,NY,0.45969253648866665,C – Elevated Risk
LN001457,DISB20260428001457,active,0,15000,0.1688,18,partner_platform,CA,0.514176342549506,C – Elevated Risk
LN001458,DISB20260428001458,active,0,20000,0.1833,12,partner_platform,TX,0.5877309187713881,D – High Risk
LN001459,DISB20260428001459,active,0,15000,0.1105,6,internal_core,FL,0.5603997189237035,D – High Risk
LN001460,DISB20260429001460,active,0,8000,0.2381,36,internal_core,TX,0.40569412740723454,B – Moderate Risk
LN001461,DISB20260429001461,active,0,30000,0.0828,12,internal_core,CA,0.548594904921152,C – Elevated Risk
LN001462,DISB20260430001462,active,0,15000,0.1695,36,partner_platform,WA,0.32382332854550794,A – Low Risk
LN001463,DISB20260430001463,active,0,10000,0.1313,6,partner_platform,WA,0.5665688577748842,D – High Risk
LN001464,DISB20260430001464,active,0,8000,0.1348,36,partner_platform,TX,0.2837626521090982,A – Low Risk
