entry_id,transaction_id,loan_id,transaction_type,transaction_date,accounting_date,account_code,account_name,debit_amount,credit_amount,signed_amount
AE_DISB000001_DR,DISB000001,LN000001,disbursement,2026-01-15,2026-01-15,1301,Loans Receivable,20000.0,0.0,20000.0
AE_DISB000001_CR,DISB000001,LN000001,disbursement,2026-01-15,2026-01-15,1002,Bank Deposit,0.0,20000.0,-20000.0
AE_DISB000002_DR,DISB000002,LN000002,disbursement,2026-03-29,2026-03-29,1301,Loans Receivable,10000.0,0.0,10000.0
AE_DISB000002_CR,DISB000002,LN000002,disbursement,2026-03-29,2026-03-29,1002,Bank Deposit,0.0,10000.0,-10000.0
AE_DISB000003_DR,DISB000003,LN000003,disbursement,2026-02-07,2026-02-06,1301,Loans Receivable,15000.0,0.0,15000.0
AE_DISB000003_CR,DISB000003,LN000003,disbursement,2026-02-07,2026-02-06,1002,Bank Deposit,0.0,15000.0,-15000.0
AE_DISB000004_DR,DISB000004,LN000004,disbursement,2026-02-28,2026-02-28,1301,Loans Receivable,15000.0,0.0,15000.0
AE_DISB000004_CR,DISB000004,LN000004,disbursement,2026-02-28,2026-02-28,1002,Bank Deposit,0.0,15000.0,-15000.0
AE_DISB000005_DR,DISB000005,LN000005,disbursement,2026-01-03,2026-01-03,1301,Loans Receivable,20000.0,0.0,20000.0
AE_DISB000005_CR,DISB000005,LN000005,disbursement,2026-01-03,2026-01-03,1002,Bank Deposit,0.0,20000.0,-20000.0
AE_DISB000006_DR,DISB000006,LN000006,disbursement,2026-01-14,2026-01-14,1301,Loans Receivable,5000.0,0.0,5000.0
AE_DISB000006_CR,DISB000006,LN000006,disbursement,2026-01-14,2026-01-14,1002,Bank Deposit,0.0,5000.0,-5000.0
AE_DISB000007_DR,DISB000007,LN000007,disbursement,2026-03-12,2026-03-12,1301,Loans Receivable,10000.0,0.0,10000.0
AE_DISB000007_CR,DISB000007,LN000007,disbursement,2026-03-12,2026-03-12,1002,Bank Deposit,0.0,10000.0,-10000.0
AE_DISB000008_DR,DISB000008,LN000008,disbursement,2026-01-06,2026-01-06,1301,Loans Receivable,15000.0,0.0,15000.0
AE_DISB000008_CR,DISB000008,LN000008,disbursement,2026-01-06,2026-01-06,1002,Bank Deposit,0.0,15000.0,-15000.0
AE_DISB000009_DR,DISB000009,LN000009,disbursement,2026-03-15,2026-03-15,1301,Loans Receivable,30000.0,0.0,30000.0
AE_DISB000009_CR,DISB000009,LN000009,disbursement,2026-03-15,2026-03-15,1002,Bank Deposit,0.0,30000.0,-30000.0
AE_DISB000010_DR,DISB000010,LN000010,disbursement,2026-01-24,2026-01-24,1301,Loans Receivable,15000.0,0.0,15000.0
AE_DISB000010_CR,DISB000010,LN000010,disbursement,2026-01-24,2026-01-24,1002,Bank Deposit,0.0,15000.0,-15000.0
AE_DISB000011_DR,DISB000011,LN000011,disbursement,2026-02-14,2026-02-13,1301,Loans Receivable,5000.0,0.0,5000.0
AE_DISB000011_CR,DISB000011,LN000011,disbursement,2026-02-14,2026-02-13,1002,Bank Deposit,0.0,5000.0,-5000.0
AE_DISB000012_DR,DISB000012,LN000012,disbursement,2026-02-04,2026-02-04,1301,Loans Receivable,10000.0,0.0,10000.0
AE_DISB000012_CR,DISB000012,LN000012,disbursement,2026-02-04,2026-02-04,1002,Bank Deposit,0.0,10000.0,-10000.0
AE_DISB000013_DR,DISB000013,LN000013,disbursement,2026-03-14,2026-03-14,1301,Loans Receivable,8000.0,0.0,8000.0
AE_DISB000013_CR,DISB000013,LN000013,disbursement,2026-03-14,2026-03-14,1002,Bank Deposit,0.0,8000.0,-8000.0
AE_DISB000014_DR,DISB000014,LN000014,disbursement,2026-03-06,2026-03-06,1301,Loans Receivable,30000.0,0.0,30000.0
AE_DISB000014_CR,DISB000014,LN000014,disbursement,2026-03-06,2026-03-06,1002,Bank Deposit,0.0,30000.0,-30000.0
AE_DISB000015_DR,DISB000015,LN000015,disbursement,2026-03-20,2026-03-20,1301,Loans Receivable,8000.0,0.0,8000.0
AE_DISB000015_CR,DISB000015,LN000015,disbursement,2026-03-20,2026-03-20,1002,Bank Deposit,0.0,8000.0,-8000.0
AE_DISB000016_DR,DISB000016,LN000016,disbursement,2026-01-04,2026-01-04,1301,Loans Receivable,20000.0,0.0,20000.0
AE_DISB000016_CR,DISB000016,LN000016,disbursement,2026-01-04,2026-01-04,1002,Bank Deposit,0.0,20000.0,-20000.0
AE_DISB000017_DR,DISB000017,LN000017,disbursement,2026-03-12,2026-03-12,1301,Loans Receivable,30000.0,0.0,30000.0
AE_DISB000017_CR,DISB000017,LN000017,disbursement,2026-03-12,2026-03-12,1002,Bank Deposit,0.0,30000.0,-30000.0
AE_DISB000018_DR,DISB000018,LN000018,disbursement,2026-01-28,2026-01-28,1301,Loans Receivable,15000.0,0.0,15000.0
AE_DISB000018_CR,DISB000018,LN000018,disbursement,2026-01-28,2026-01-28,1002,Bank Deposit,0.0,15000.0,-15000.0
AE_DISB000019_DR,DISB000019,LN000019,disbursement,2026-01-01,2026-01-01,1301,Loans Receivable,30000.0,0.0,30000.0
AE_DISB000019_CR,DISB000019,LN000019,disbursement,2026-01-01,2026-01-01,1002,Bank Deposit,0.0,30000.0,-30000.0
AE_DISB000020_DR,DISB000020,LN000020,disbursement,2026-03-13,2026-03-13,1301,Loans Receivable,30000.0,0.0,30000.0
AE_DISB000020_CR,DISB000020,LN000020,disbursement,2026-03-13,2026-03-13,1002,Bank Deposit,0.0,30000.0,-30000.0
AE_DISB000021_DR,DISB000021,LN000021,disbursement,2026-03-20,2026-03-20,1301,Loans Receivable,5000.0,0.0,5000.0
AE_DISB000021_CR,DISB000021,LN000021,disbursement,2026-03-20,2026-03-20,1002,Bank Deposit,0.0,5000.0,-5000.0
AE_DISB000022_DR,DISB000022,LN000022,disbursement,2026-02-08,2026-02-08,1301,Loans Receivable,5000.0,0.0,5000.0
AE_DISB000022_CR,DISB000022,LN000022,disbursement,2026-02-08,2026-02-08,1002,Bank Deposit,0.0,5000.0,-5000.0
AE_DISB000023_DR,DISB000023,LN000023,disbursement,2026-01-02,2026-01-02,1301,Loans Receivable,20000.0,0.0,20000.0
AE_DISB000023_CR,DISB000023,LN000023,disbursement,2026-01-02,2026-01-02,1002,Bank Deposit,0.0,20000.0,-20000.0
AE_DISB000024_DR,DISB000024,LN000024,disbursement,2026-02-13,2026-02-13,1301,Loans Receivable,30000.0,0.0,30000.0
AE_DISB000024_CR,DISB000024,LN000024,disbursement,2026-02-13,2026-02-13,1002,Bank Deposit,0.0,30000.0,-30000.0
AE_DISB000025_DR,DISB000025,LN000025,disbursement,2026-01-17,2026-01-17,1301,Loans Receivable,20000.0,0.0,20000.0
AE_DISB000025_CR,DISB000025,LN000025,disbursement,2026-01-17,2026-01-17,1002,Bank Deposit,0.0,20000.0,-20000.0
AE_DISB000026_DR,DISB000026,LN000026,disbursement,2026-02-28,2026-02-28,1301,Loans Receivable,20000.0,0.0,20000.0
AE_DISB000026_CR,DISB000026,LN000026,disbursement,2026-02-28,2026-02-28,1002,Bank Deposit,0.0,20000.0,-20000.0
AE_DISB000027_DR,DISB000027,LN000027,disbursement,2026-03-31,2026-03-31,1301,Loans Receivable,10000.0,0.0,10000.0
AE_DISB000027_CR,DISB000027,LN000027,disbursement,2026-03-31,2026-03-31,1002,Bank Deposit,0.0,10000.0,-10000.0
AE_DISB000028_DR,DISB000028,LN000028,disbursement,2026-02-08,2026-02-08,1301,Loans Receivable,5000.0,0.0,5000.0
AE_DISB000028_CR,DISB000028,LN000028,disbursement,2026-02-08,2026-02-08,1002,Bank Deposit,0.0,5000.0,-5000.0
AE_DISB000029_DR,DISB000029,LN000029,disbursement,2026-01-31,2026-01-31,1301,Loans Receivable,10000.0,0.0,10000.0
AE_DISB000029_CR,DISB000029,LN000029,disbursement,2026-01-31,2026-01-31,1002,Bank Deposit,0.0,10000.0,-10000.0
AE_DISB000030_DR,DISB000030,LN000030,disbursement,2026-01-02,2026-01-02,1301,Loans Receivable,30000.0,0.0,30000.0
AE_DISB000030_CR,DISB000030,LN000030,disbursement,2026-01-02,2026-01-02,1002,Bank Deposit,0.0,30000.0,-30000.0
AE_DISB000031_DR,DISB000031,LN000031,disbursement,2026-01-19,2026-01-19,1301,Loans Receivable,10000.0,0.0,10000.0
AE_DISB000031_CR,DISB000031,LN000031,disbursement,2026-01-19,2026-01-19,1002,Bank Deposit,0.0,10000.0,-10000.0
AE_DISB000032_DR,DISB000032,LN000032,disbursement,2026-03-13,2026-03-13,1301,Loans Receivable,15000.0,0.0,15000.0
AE_DISB000032_CR,DISB000032,LN000032,disbursement,2026-03-13,2026-03-13,1002,Bank Deposit,0.0,15000.0,-15000.0
AE_DISB000033_DR,DISB000033,LN000033,disbursement,2026-03-23,2026-03-23,1301,Loans Receivable,10000.0,0.0,10000.0
AE_DISB000033_CR,DISB000033,LN000033,disbursement,2026-03-23,2026-03-23,1002,Bank Deposit,0.0,10000.0,-10000.0
AE_DISB000034_DR,DISB000034,LN000034,disbursement,2026-02-02,2026-02-02,1301,Loans Receivable,15000.0,0.0,15000.0
AE_DISB000034_CR,DISB000034,LN000034,disbursement,2026-02-02,2026-02-02,1002,Bank Deposit,0.0,15000.0,-15000.0
AE_DISB000035_DR,DISB000035,LN000035,disbursement,2026-03-17,2026-03-17,1301,Loans Receivable,30000.0,0.0,30000.0
AE_DISB000035_CR,DISB000035,LN000035,disbursement,2026-03-17,2026-03-17,1002,Bank Deposit,0.0,30000.0,-30000.0
AE_DISB000036_DR,DISB000036,LN000036,disbursement,2026-01-21,2026-01-21,1301,Loans Receivable,15000.0,0.0,15000.0
AE_DISB000036_CR,DISB000036,LN000036,disbursement,2026-01-21,2026-01-21,1002,Bank Deposit,0.0,15000.0,-15000.0
AE_DISB000037_DR,DISB000037,LN000037,disbursement,2026-02-17,2026-02-17,1301,Loans Receivable,10000.0,0.0,10000.0
AE_DISB000037_CR,DISB000037,LN000037,disbursement,2026-02-17,2026-02-17,1002,Bank Deposit,0.0,10000.0,-10000.0
AE_DISB000038_DR,DISB000038,LN000038,disbursement,2026-02-15,2026-02-15,1301,Loans Receivable,10000.0,0.0,10000.0
AE_DISB000038_CR,DISB000038,LN000038,disbursement,2026-02-15,2026-02-15,1002,Bank Deposit,0.0,10000.0,-10000.0
AE_DISB000039_DR,DISB000039,LN000039,disbursement,2026-02-22,2026-02-22,1301,Loans Receivable,15000.0,0.0,15000.0
AE_DISB000039_CR,DISB000039,LN000039,disbursement,2026-02-22,2026-02-22,1002,Bank Deposit,0.0,15000.0,-15000.0
AE_DISB000040_DR,DISB000040,LN000040,disbursement,2026-01-18,2026-01-18,1301,Loans Receivable,30000.0,0.0,30000.0
AE_DISB000040_CR,DISB000040,LN000040,disbursement,2026-01-18,2026-01-18,1002,Bank Deposit,0.0,30000.0,-30000.0
AE_DISB000041_DR,DISB000041,LN000041,disbursement,2026-01-02,2026-01-02,1301,Loans Receivable,5000.0,0.0,5000.0
AE_DISB000041_CR,DISB000041,LN000041,disbursement,2026-01-02,2026-01-02,1002,Bank Deposit,0.0,5000.0,-5000.0
AE_DISB000042_DR,DISB000042,LN000042,disbursement,2026-01-25,2026-01-25,1301,Loans Receivable,15000.0,0.0,15000.0
AE_DISB000042_CR,DISB000042,LN000042,disbursement,2026-01-25,2026-01-25,1002,Bank Deposit,0.0,15000.0,-15000.0
AE_DISB000043_DR,DISB000043,LN000043,disbursement,2026-03-06,2026-03-05,1301,Loans Receivable,30000.0,0.0,30000.0
AE_DISB000043_CR,DISB000043,LN000043,disbursement,2026-03-06,2026-03-05,1002,Bank Deposit,0.0,30000.0,-30000.0
AE_DISB000044_DR,DISB000044,LN000044,disbursement,2026-02-01,2026-02-01,1301,Loans Receivable,30000.0,0.0,30000.0
AE_DISB000044_CR,DISB000044,LN000044,disbursement,2026-02-01,2026-02-01,1002,Bank Deposit,0.0,30000.0,-30000.0
AE_DISB000045_DR,DISB000045,LN000045,disbursement,2026-02-27,2026-02-27,1301,Loans Receivable,5000.0,0.0,5000.0
AE_DISB000045_CR,DISB000045,LN000045,disbursement,2026-02-27,2026-02-27,1002,Bank Deposit,0.0,5000.0,-5000.0
AE_DISB000046_DR,DISB000046,LN000046,disbursement,2026-02-22,2026-02-22,1301,Loans Receivable,15000.0,0.0,15000.0
AE_DISB000046_CR,DISB000046,LN000046,disbursement,2026-02-22,2026-02-22,1002,Bank Deposit,0.0,15000.0,-15000.0
AE_DISB000047_DR,DISB000047,LN000047,disbursement,2026-02-24,2026-02-23,1301,Loans Receivable,20000.0,0.0,20000.0
AE_DISB000047_CR,DISB000047,LN000047,disbursement,2026-02-24,2026-02-23,1002,Bank Deposit,0.0,20000.0,-20000.0
AE_DISB000048_DR,DISB000048,LN000048,disbursement,2026-03-04,2026-03-04,1301,Loans Receivable,8000.0,0.0,8000.0
AE_DISB000048_CR,DISB000048,LN000048,disbursement,2026-03-04,2026-03-04,1002,Bank Deposit,0.0,8000.0,-8000.0
AE_DISB000049_DR,DISB000049,LN000049,disbursement,2026-01-23,2026-01-23,1301,Loans Receivable,15000.0,0.0,15000.0
AE_DISB000049_CR,DISB000049,LN000049,disbursement,2026-01-23,2026-01-23,1002,Bank Deposit,0.0,15000.0,-15000.0
AE_DISB000050_DR,DISB000050,LN000050,disbursement,2026-02-17,2026-02-17,1301,Loans Receivable,20000.0,0.0,20000.0
AE_DISB000050_CR,DISB000050,LN000050,disbursement,2026-02-17,2026-02-17,1002,Bank Deposit,0.0,20000.0,-20000.0
AE_DISB000051_DR,DISB000051,LN000051,disbursement,2026-03-08,2026-03-08,1301,Loans Receivable,10000.0,0.0,10000.0
AE_DISB000051_CR,DISB000051,LN000051,disbursement,2026-03-08,2026-03-08,1002,Bank Deposit,0.0,10000.0,-10000.0
AE_DISB000052_DR,DISB000052,LN000052,disbursement,2026-02-16,2026-02-15,1301,Loans Receivable,30000.0,0.0,30000.0
AE_DISB000052_CR,DISB000052,LN000052,disbursement,2026-02-16,2026-02-15,1002,Bank Deposit,0.0,30000.0,-30000.0
AE_DISB000053_DR,DISB000053,LN000053,disbursement,2026-03-26,2026-03-26,1301,Loans Receivable,5000.0,0.0,5000.0
AE_DISB000053_CR,DISB000053,LN000053,disbursement,2026-03-26,2026-03-26,1002,Bank Deposit,0.0,5000.0,-5000.0
AE_DISB000054_DR,DISB000054,LN000054,disbursement,2026-03-10,2026-03-10,1301,Loans Receivable,15000.0,0.0,15000.0
AE_DISB000054_CR,DISB000054,LN000054,disbursement,2026-03-10,2026-03-10,1002,Bank Deposit,0.0,15000.0,-15000.0
AE_DISB000055_DR,DISB000055,LN000055,disbursement,2026-03-10,2026-03-10,1301,Loans Receivable,8000.0,0.0,8000.0
AE_DISB000055_CR,DISB000055,LN000055,disbursement,2026-03-10,2026-03-10,1002,Bank Deposit,0.0,8000.0,-8000.0
AE_DISB000056_DR,DISB000056,LN000056,disbursement,2026-02-04,2026-02-04,1301,Loans Receivable,5000.0,0.0,5000.0
AE_DISB000056_CR,DISB000056,LN000056,disbursement,2026-02-04,2026-02-04,1002,Bank Deposit,0.0,5000.0,-5000.0
AE_DISB000057_DR,DISB000057,LN000057,disbursement,2026-03-06,2026-03-06,1301,Loans Receivable,8000.0,0.0,8000.0
AE_DISB000057_CR,DISB000057,LN000057,disbursement,2026-03-06,2026-03-06,1002,Bank Deposit,0.0,8000.0,-8000.0
AE_DISB000058_DR,DISB000058,LN000058,disbursement,2026-01-02,2026-01-01,1301,Loans Receivable,8000.0,0.0,8000.0
AE_DISB000058_CR,DISB000058,LN000058,disbursement,2026-01-02,2026-01-01,1002,Bank Deposit,0.0,8000.0,-8000.0
AE_DISB000059_DR,DISB000059,LN000059,disbursement,2026-03-15,2026-03-14,1301,Loans Receivable,8000.0,0.0,8000.0
AE_DISB000059_CR,DISB000059,LN000059,disbursement,2026-03-15,2026-03-14,1002,Bank Deposit,0.0,8000.0,-8000.0
AE_DISB000060_DR,DISB000060,LN000060,disbursement,2026-01-29,2026-01-28,1301,Loans Receivable,5000.0,0.0,5000.0
AE_DISB000060_CR,DISB000060,LN000060,disbursement,2026-01-29,2026-01-28,1002,Bank Deposit,0.0,5000.0,-5000.0
AE_DISB000061_DR,DISB000061,LN000061,disbursement,2026-01-24,2026-01-24,1301,Loans Receivable,5000.0,0.0,5000.0
AE_DISB000061_CR,DISB000061,LN000061,disbursement,2026-01-24,2026-01-24,1002,Bank Deposit,0.0,5000.0,-5000.0
AE_DISB000062_DR,DISB000062,LN000062,disbursement,2026-01-23,2026-01-23,1301,Loans Receivable,20000.0,0.0,20000.0
AE_DISB000062_CR,DISB000062,LN000062,disbursement,2026-01-23,2026-01-23,1002,Bank Deposit,0.0,20000.0,-20000.0
AE_DISB000063_DR,DISB000063,LN000063,disbursement,2026-01-17,2026-01-17,1301,Loans Receivable,15000.0,0.0,15000.0
AE_DISB000063_CR,DISB000063,LN000063,disbursement,2026-01-17,2026-01-17,1002,Bank Deposit,0.0,15000.0,-15000.0
AE_DISB000064_DR,DISB000064,LN000064,disbursement,2026-01-12,2026-01-12,1301,Loans Receivable,10000.0,0.0,10000.0
AE_DISB000064_CR,DISB000064,LN000064,disbursement,2026-01-12,2026-01-12,1002,Bank Deposit,0.0,10000.0,-10000.0
AE_DISB000065_DR,DISB000065,LN000065,disbursement,2026-03-10,2026-03-10,1301,Loans Receivable,5000.0,0.0,5000.0
AE_DISB000065_CR,DISB000065,LN000065,disbursement,2026-03-10,2026-03-10,1002,Bank Deposit,0.0,5000.0,-5000.0
AE_DISB000066_DR,DISB000066,LN000066,disbursement,2026-01-16,2026-01-16,1301,Loans Receivable,20000.0,0.0,20000.0
AE_DISB000066_CR,DISB000066,LN000066,disbursement,2026-01-16,2026-01-16,1002,Bank Deposit,0.0,20000.0,-20000.0
AE_DISB000067_DR,DISB000067,LN000067,disbursement,2026-02-04,2026-02-04,1301,Loans Receivable,10000.0,0.0,10000.0
AE_DISB000067_CR,DISB000067,LN000067,disbursement,2026-02-04,2026-02-04,1002,Bank Deposit,0.0,10000.0,-10000.0
AE_DISB000068_DR,DISB000068,LN000068,disbursement,2026-01-17,2026-01-16,1301,Loans Receivable,30000.0,0.0,30000.0
AE_DISB000068_CR,DISB000068,LN000068,disbursement,2026-01-17,2026-01-16,1002,Bank Deposit,0.0,30000.0,-30000.0
AE_DISB000069_DR,DISB000069,LN000069,disbursement,2026-03-07,2026-03-06,1301,Loans Receivable,20000.0,0.0,20000.0
AE_DISB000069_CR,DISB000069,LN000069,disbursement,2026-03-07,2026-03-06,1002,Bank Deposit,0.0,20000.0,-20000.0
AE_DISB000070_DR,DISB000070,LN000070,disbursement,2026-03-12,2026-03-12,1301,Loans Receivable,15000.0,0.0,15000.0
AE_DISB000070_CR,DISB000070,LN000070,disbursement,2026-03-12,2026-03-12,1002,Bank Deposit,0.0,15000.0,-15000.0
AE_DISB000071_DR,DISB000071,LN000071,disbursement,2026-02-23,2026-02-23,1301,Loans Receivable,8000.0,0.0,8000.0
AE_DISB000071_CR,DISB000071,LN000071,disbursement,2026-02-23,2026-02-23,1002,Bank Deposit,0.0,8000.0,-8000.0
AE_DISB000072_DR,DISB000072,LN000072,disbursement,2026-01-20,2026-01-19,1301,Loans Receivable,20000.0,0.0,20000.0
AE_DISB000072_CR,DISB000072,LN000072,disbursement,2026-01-20,2026-01-19,1002,Bank Deposit,0.0,20000.0,-20000.0
AE_DISB000073_DR,DISB000073,LN000073,disbursement,2026-03-04,2026-03-04,1301,Loans Receivable,5000.0,0.0,5000.0
AE_DISB000073_CR,DISB000073,LN000073,disbursement,2026-03-04,2026-03-04,1002,Bank Deposit,0.0,5000.0,-5000.0
AE_DISB000074_DR,DISB000074,LN000074,disbursement,2026-02-14,2026-02-14,1301,Loans Receivable,20000.0,0.0,20000.0
AE_DISB000074_CR,DISB000074,LN000074,disbursement,2026-02-14,2026-02-14,1002,Bank Deposit,0.0,20000.0,-20000.0
AE_DISB000075_DR,DISB000075,LN000075,disbursement,2026-01-19,2026-01-19,1301,Loans Receivable,8000.0,0.0,8000.0
AE_DISB000075_CR,DISB000075,LN000075,disbursement,2026-01-19,2026-01-19,1002,Bank Deposit,0.0,8000.0,-8000.0
AE_DISB000076_DR,DISB000076,LN000076,disbursement,2026-01-03,2026-01-03,1301,Loans Receivable,5000.0,0.0,5000.0
AE_DISB000076_CR,DISB000076,LN000076,disbursement,2026-01-03,2026-01-03,1002,Bank Deposit,0.0,5000.0,-5000.0
AE_DISB000077_DR,DISB000077,LN000077,disbursement,2026-01-28,2026-01-28,1301,Loans Receivable,8000.0,0.0,8000.0
AE_DISB000077_CR,DISB000077,LN000077,disbursement,2026-01-28,2026-01-28,1002,Bank Deposit,0.0,8000.0,-8000.0
AE_DISB000078_DR,DISB000078,LN000078,disbursement,2026-02-19,2026-02-19,1301,Loans Receivable,20000.0,0.0,20000.0
AE_DISB000078_CR,DISB000078,LN000078,disbursement,2026-02-19,2026-02-19,1002,Bank Deposit,0.0,20000.0,-20000.0
AE_DISB000079_DR,DISB000079,LN000079,disbursement,2026-02-02,2026-02-02,1301,Loans Receivable,20000.0,0.0,20000.0
AE_DISB000079_CR,DISB000079,LN000079,disbursement,2026-02-02,2026-02-02,1002,Bank Deposit,0.0,20000.0,-20000.0
AE_DISB000080_DR,DISB000080,LN000080,disbursement,2026-03-23,2026-03-23,1301,Loans Receivable,20000.0,0.0,20000.0
AE_DISB000080_CR,DISB000080,LN000080,disbursement,2026-03-23,2026-03-23,1002,Bank Deposit,0.0,20000.0,-20000.0
AE_DISB000081_DR,DISB000081,LN000081,disbursement,2026-02-02,2026-02-02,1301,Loans Receivable,8000.0,0.0,8000.0
AE_DISB000081_CR,DISB000081,LN000081,disbursement,2026-02-02,2026-02-02,1002,Bank Deposit,0.0,8000.0,-8000.0
AE_DISB000082_DR,DISB000082,LN000082,disbursement,2026-03-04,2026-03-04,1301,Loans Receivable,10000.0,0.0,10000.0
AE_DISB000082_CR,DISB000082,LN000082,disbursement,2026-03-04,2026-03-04,1002,Bank Deposit,0.0,10000.0,-10000.0
AE_DISB000083_DR,DISB000083,LN000083,disbursement,2026-01-21,2026-01-20,1301,Loans Receivable,30000.0,0.0,30000.0
AE_DISB000083_CR,DISB000083,LN000083,disbursement,2026-01-21,2026-01-20,1002,Bank Deposit,0.0,30000.0,-30000.0
AE_DISB000084_DR,DISB000084,LN000084,disbursement,2026-02-22,2026-02-22,1301,Loans Receivable,20000.0,0.0,20000.0
AE_DISB000084_CR,DISB000084,LN000084,disbursement,2026-02-22,2026-02-22,1002,Bank Deposit,0.0,20000.0,-20000.0
AE_DISB000085_DR,DISB000085,LN000085,disbursement,2026-03-14,2026-03-13,1301,Loans Receivable,10000.0,0.0,10000.0
AE_DISB000085_CR,DISB000085,LN000085,disbursement,2026-03-14,2026-03-13,1002,Bank Deposit,0.0,10000.0,-10000.0
AE_DISB000086_DR,DISB000086,LN000086,disbursement,2026-02-03,2026-02-03,1301,Loans Receivable,8000.0,0.0,8000.0
AE_DISB000086_CR,DISB000086,LN000086,disbursement,2026-02-03,2026-02-03,1002,Bank Deposit,0.0,8000.0,-8000.0
AE_DISB000087_DR,DISB000087,LN000087,disbursement,2026-03-06,2026-03-06,1301,Loans Receivable,20000.0,0.0,20000.0
AE_DISB000087_CR,DISB000087,LN000087,disbursement,2026-03-06,2026-03-06,1002,Bank Deposit,0.0,20000.0,-20000.0
AE_DISB000088_DR,DISB000088,LN000088,disbursement,2026-01-23,2026-01-23,1301,Loans Receivable,20000.0,0.0,20000.0
AE_DISB000088_CR,DISB000088,LN000088,disbursement,2026-01-23,2026-01-23,1002,Bank Deposit,0.0,20000.0,-20000.0
AE_DISB000089_DR,DISB000089,LN000089,disbursement,2026-02-19,2026-02-19,1301,Loans Receivable,30000.0,0.0,30000.0
AE_DISB000089_CR,DISB000089,LN000089,disbursement,2026-02-19,2026-02-19,1002,Bank Deposit,0.0,30000.0,-30000.0
AE_DISB000090_DR,DISB000090,LN000090,disbursement,2026-02-07,2026-02-07,1301,Loans Receivable,15000.0,0.0,15000.0
AE_DISB000090_CR,DISB000090,LN000090,disbursement,2026-02-07,2026-02-07,1002,Bank Deposit,0.0,15000.0,-15000.0
AE_DISB000091_DR,DISB000091,LN000091,disbursement,2026-01-29,2026-01-28,1301,Loans Receivable,5000.0,0.0,5000.0
AE_DISB000091_CR,DISB000091,LN000091,disbursement,2026-01-29,2026-01-28,1002,Bank Deposit,0.0,5000.0,-5000.0
AE_DISB000092_DR,DISB000092,LN000092,disbursement,2026-01-06,2026-01-06,1301,Loans Receivable,20000.0,0.0,20000.0
AE_DISB000092_CR,DISB000092,LN000092,disbursement,2026-01-06,2026-01-06,1002,Bank Deposit,0.0,20000.0,-20000.0
AE_DISB000093_DR,DISB000093,LN000093,disbursement,2026-02-24,2026-02-24,1301,Loans Receivable,10000.0,0.0,10000.0
AE_DISB000093_CR,DISB000093,LN000093,disbursement,2026-02-24,2026-02-24,1002,Bank Deposit,0.0,10000.0,-10000.0
AE_DISB000094_DR,DISB000094,LN000094,disbursement,2026-01-25,2026-01-25,1301,Loans Receivable,10000.0,0.0,10000.0
AE_DISB000094_CR,DISB000094,LN000094,disbursement,2026-01-25,2026-01-25,1002,Bank Deposit,0.0,10000.0,-10000.0
AE_DISB000095_DR,DISB000095,LN000095,disbursement,2026-01-19,2026-01-19,1301,Loans Receivable,8000.0,0.0,8000.0
AE_DISB000095_CR,DISB000095,LN000095,disbursement,2026-01-19,2026-01-19,1002,Bank Deposit,0.0,8000.0,-8000.0
AE_DISB000096_DR,DISB000096,LN000096,disbursement,2026-01-01,2026-01-01,1301,Loans Receivable,15000.0,0.0,15000.0
AE_DISB000096_CR,DISB000096,LN000096,disbursement,2026-01-01,2026-01-01,1002,Bank Deposit,0.0,15000.0,-15000.0
AE_DISB000097_DR,DISB000097,LN000097,disbursement,2026-01-27,2026-01-26,1301,Loans Receivable,5000.0,0.0,5000.0
AE_DISB000097_CR,DISB000097,LN000097,disbursement,2026-01-27,2026-01-26,1002,Bank Deposit,0.0,5000.0,-5000.0
AE_DISB000098_DR,DISB000098,LN000098,disbursement,2026-02-05,2026-02-05,1301,Loans Receivable,5000.0,0.0,5000.0
AE_DISB000098_CR,DISB000098,LN000098,disbursement,2026-02-05,2026-02-05,1002,Bank Deposit,0.0,5000.0,-5000.0
AE_DISB000099_DR,DISB000099,LN000099,disbursement,2026-03-28,2026-03-28,1301,Loans Receivable,8000.0,0.0,8000.0
AE_DISB000099_CR,DISB000099,LN000099,disbursement,2026-03-28,2026-03-28,1002,Bank Deposit,0.0,8000.0,-8000.0
AE_DISB000100_DR,DISB000100,LN000100,disbursement,2026-01-03,2026-01-03,1301,Loans Receivable,30000.0,0.0,30000.0
AE_DISB000100_CR,DISB000100,LN000100,disbursement,2026-01-03,2026-01-03,1002,Bank Deposit,0.0,30000.0,-30000.0
AE_ACCRUAL_LN000001_01_DR,ACCRUAL_LN000001_01,LN000001,interest_accrual,2026-02-15,2026-02-15,1132,Interest Receivable,279.0,0.0,279.0
AE_ACCRUAL_LN000001_01_CR,ACCRUAL_LN000001_01,LN000001,interest_accrual,2026-02-15,2026-02-15,6011,Interest Income,0.0,279.0,-279.0
AE_ACCRUAL_LN000001_02_DR,ACCRUAL_LN000001_02,LN000001,interest_accrual,2026-03-15,2026-03-15,1132,Interest Receivable,279.0,0.0,279.0
AE_ACCRUAL_LN000001_02_CR,ACCRUAL_LN000001_02,LN000001,interest_accrual,2026-03-15,2026-03-15,6011,Interest Income,0.0,279.0,-279.0
AE_ACCRUAL_LN000001_03_DR,ACCRUAL_LN000001_03,LN000001,interest_accrual,2026-04-15,2026-04-15,1132,Interest Receivable,279.0,0.0,279.0
AE_ACCRUAL_LN000001_03_CR,ACCRUAL_LN000001_03,LN000001,interest_accrual,2026-04-15,2026-04-15,6011,Interest Income,0.0,279.0,-279.0
AE_ACCRUAL_LN000001_04_DR,ACCRUAL_LN000001_04,LN000001,interest_accrual,2026-05-15,2026-05-15,1132,Interest Receivable,279.0,0.0,279.0
AE_ACCRUAL_LN000001_04_CR,ACCRUAL_LN000001_04,LN000001,interest_accrual,2026-05-15,2026-05-15,6011,Interest Income,0.0,279.0,-279.0
AE_ACCRUAL_LN000001_05_DR,ACCRUAL_LN000001_05,LN000001,interest_accrual,2026-06-15,2026-06-15,1132,Interest Receivable,279.0,0.0,279.0
AE_ACCRUAL_LN000001_05_CR,ACCRUAL_LN000001_05,LN000001,interest_accrual,2026-06-15,2026-06-15,6011,Interest Income,0.0,279.0,-279.0
AE_ACCRUAL_LN000001_06_DR,ACCRUAL_LN000001_06,LN000001,interest_accrual,2026-07-15,2026-07-15,1132,Interest Receivable,279.0,0.0,279.0
AE_ACCRUAL_LN000001_06_CR,ACCRUAL_LN000001_06,LN000001,interest_accrual,2026-07-15,2026-07-15,6011,Interest Income,0.0,279.0,-279.0
AE_ACCRUAL_LN000001_07_DR,ACCRUAL_LN000001_07,LN000001,interest_accrual,2026-08-15,2026-08-15,1132,Interest Receivable,279.0,0.0,279.0
AE_ACCRUAL_LN000001_07_CR,ACCRUAL_LN000001_07,LN000001,interest_accrual,2026-08-15,2026-08-15,6011,Interest Income,0.0,279.0,-279.0
AE_ACCRUAL_LN000001_08_DR,ACCRUAL_LN000001_08,LN000001,interest_accrual,2026-09-15,2026-09-15,1132,Interest Receivable,279.0,0.0,279.0
AE_ACCRUAL_LN000001_08_CR,ACCRUAL_LN000001_08,LN000001,interest_accrual,2026-09-15,2026-09-15,6011,Interest Income,0.0,279.0,-279.0
AE_ACCRUAL_LN000001_09_DR,ACCRUAL_LN000001_09,LN000001,interest_accrual,2026-10-15,2026-10-15,1132,Interest Receivable,279.0,0.0,279.0
AE_ACCRUAL_LN000001_09_CR,ACCRUAL_LN000001_09,LN000001,interest_accrual,2026-10-15,2026-10-15,6011,Interest Income,0.0,279.0,-279.0
AE_ACCRUAL_LN000001_10_DR,ACCRUAL_LN000001_10,LN000001,interest_accrual,2026-11-15,2026-11-15,1132,Interest Receivable,279.0,0.0,279.0
AE_ACCRUAL_LN000001_10_CR,ACCRUAL_LN000001_10,LN000001,interest_accrual,2026-11-15,2026-11-15,6011,Interest Income,0.0,279.0,-279.0
AE_ACCRUAL_LN000001_11_DR,ACCRUAL_LN000001_11,LN000001,interest_accrual,2026-12-15,2026-12-15,1132,Interest Receivable,279.0,0.0,279.0
AE_ACCRUAL_LN000001_11_CR,ACCRUAL_LN000001_11,LN000001,interest_accrual,2026-12-15,2026-12-15,6011,Interest Income,0.0,279.0,-279.0
AE_ACCRUAL_LN000001_12_DR,ACCRUAL_LN000001_12,LN000001,interest_accrual,2027-01-15,2027-01-15,1132,Interest Receivable,279.0,0.0,279.0
AE_ACCRUAL_LN000001_12_CR,ACCRUAL_LN000001_12,LN000001,interest_accrual,2027-01-15,2027-01-15,6011,Interest Income,0.0,279.0,-279.0
AE_ACCRUAL_LN000002_01_DR,ACCRUAL_LN000002_01,LN000002,interest_accrual,2026-04-29,2026-04-29,1132,Interest Receivable,53.08,0.0,53.08
AE_ACCRUAL_LN000002_01_CR,ACCRUAL_LN000002_01,LN000002,interest_accrual,2026-04-29,2026-04-29,6011,Interest Income,0.0,53.08,-53.08
AE_ACCRUAL_LN000002_02_DR,ACCRUAL_LN000002_02,LN000002,interest_accrual,2026-05-29,2026-05-29,1132,Interest Receivable,53.08,0.0,53.08
AE_ACCRUAL_LN000002_02_CR,ACCRUAL_LN000002_02,LN000002,interest_accrual,2026-05-29,2026-05-29,6011,Interest Income,0.0,53.08,-53.08
AE_ACCRUAL_LN000002_03_DR,ACCRUAL_LN000002_03,LN000002,interest_accrual,2026-06-29,2026-06-29,1132,Interest Receivable,53.08,0.0,53.08
AE_ACCRUAL_LN000002_03_CR,ACCRUAL_LN000002_03,LN000002,interest_accrual,2026-06-29,2026-06-29,6011,Interest Income,0.0,53.08,-53.08
AE_ACCRUAL_LN000002_04_DR,ACCRUAL_LN000002_04,LN000002,interest_accrual,2026-07-29,2026-07-29,1132,Interest Receivable,53.08,0.0,53.08
AE_ACCRUAL_LN000002_04_CR,ACCRUAL_LN000002_04,LN000002,interest_accrual,2026-07-29,2026-07-29,6011,Interest Income,0.0,53.08,-53.08
AE_ACCRUAL_LN000002_05_DR,ACCRUAL_LN000002_05,LN000002,interest_accrual,2026-08-29,2026-08-29,1132,Interest Receivable,53.08,0.0,53.08
AE_ACCRUAL_LN000002_05_CR,ACCRUAL_LN000002_05,LN000002,interest_accrual,2026-08-29,2026-08-29,6011,Interest Income,0.0,53.08,-53.08
AE_ACCRUAL_LN000002_06_DR,ACCRUAL_LN000002_06,LN000002,interest_accrual,2026-09-29,2026-09-29,1132,Interest Receivable,53.08,0.0,53.08
AE_ACCRUAL_LN000002_06_CR,ACCRUAL_LN000002_06,LN000002,interest_accrual,2026-09-29,2026-09-29,6011,Interest Income,0.0,53.08,-53.08
AE_ACCRUAL_LN000002_07_DR,ACCRUAL_LN000002_07,LN000002,interest_accrual,2026-10-29,2026-10-29,1132,Interest Receivable,53.08,0.0,53.08
AE_ACCRUAL_LN000002_07_CR,ACCRUAL_LN000002_07,LN000002,interest_accrual,2026-10-29,2026-10-29,6011,Interest Income,0.0,53.08,-53.08
AE_ACCRUAL_LN000002_08_DR,ACCRUAL_LN000002_08,LN000002,interest_accrual,2026-11-29,2026-11-29,1132,Interest Receivable,53.08,0.0,53.08
AE_ACCRUAL_LN000002_08_CR,ACCRUAL_LN000002_08,LN000002,interest_accrual,2026-11-29,2026-11-29,6011,Interest Income,0.0,53.08,-53.08
AE_ACCRUAL_LN000002_09_DR,ACCRUAL_LN000002_09,LN000002,interest_accrual,2026-12-29,2026-12-29,1132,Interest Receivable,53.08,0.0,53.08
AE_ACCRUAL_LN000002_09_CR,ACCRUAL_LN000002_09,LN000002,interest_accrual,2026-12-29,2026-12-29,6011,Interest Income,0.0,53.08,-53.08
AE_ACCRUAL_LN000002_10_DR,ACCRUAL_LN000002_10,LN000002,interest_accrual,2027-01-29,2027-01-29,1132,Interest Receivable,53.08,0.0,53.08
AE_ACCRUAL_LN000002_10_CR,ACCRUAL_LN000002_10,LN000002,interest_accrual,2027-01-29,2027-01-29,6011,Interest Income,0.0,53.08,-53.08
AE_ACCRUAL_LN000002_11_DR,ACCRUAL_LN000002_11,LN000002,interest_accrual,2027-02-28,2027-02-28,1132,Interest Receivable,53.08,0.0,53.08
AE_ACCRUAL_LN000002_11_CR,ACCRUAL_LN000002_11,LN000002,interest_accrual,2027-02-28,2027-02-28,6011,Interest Income,0.0,53.08,-53.08
AE_ACCRUAL_LN000002_12_DR,ACCRUAL_LN000002_12,LN000002,interest_accrual,2027-03-29,2027-03-29,1132,Interest Receivable,53.08,0.0,53.08
AE_ACCRUAL_LN000002_12_CR,ACCRUAL_LN000002_12,LN000002,interest_accrual,2027-03-29,2027-03-29,6011,Interest Income,0.0,53.08,-53.08
AE_ACCRUAL_LN000003_01_DR,ACCRUAL_LN000003_01,LN000003,interest_accrual,2026-03-06,2026-03-06,1132,Interest Receivable,116.25,0.0,116.25
AE_ACCRUAL_LN000003_01_CR,ACCRUAL_LN000003_01,LN000003,interest_accrual,2026-03-06,2026-03-06,6011,Interest Income,0.0,116.25,-116.25
AE_ACCRUAL_LN000003_02_DR,ACCRUAL_LN000003_02,LN000003,interest_accrual,2026-04-06,2026-04-06,1132,Interest Receivable,116.25,0.0,116.25
AE_ACCRUAL_LN000003_02_CR,ACCRUAL_LN000003_02,LN000003,interest_accrual,2026-04-06,2026-04-06,6011,Interest Income,0.0,116.25,-116.25
AE_ACCRUAL_LN000003_03_DR,ACCRUAL_LN000003_03,LN000003,interest_accrual,2026-05-06,2026-05-06,1132,Interest Receivable,116.25,0.0,116.25
AE_ACCRUAL_LN000003_03_CR,ACCRUAL_LN000003_03,LN000003,interest_accrual,2026-05-06,2026-05-06,6011,Interest Income,0.0,116.25,-116.25
AE_ACCRUAL_LN000003_04_DR,ACCRUAL_LN000003_04,LN000003,interest_accrual,2026-06-06,2026-06-06,1132,Interest Receivable,116.25,0.0,116.25
AE_ACCRUAL_LN000003_04_CR,ACCRUAL_LN000003_04,LN000003,interest_accrual,2026-06-06,2026-06-06,6011,Interest Income,0.0,116.25,-116.25
AE_ACCRUAL_LN000003_05_DR,ACCRUAL_LN000003_05,LN000003,interest_accrual,2026-07-06,2026-07-06,1132,Interest Receivable,116.25,0.0,116.25
AE_ACCRUAL_LN000003_05_CR,ACCRUAL_LN000003_05,LN000003,interest_accrual,2026-07-06,2026-07-06,6011,Interest Income,0.0,116.25,-116.25
AE_ACCRUAL_LN000003_06_DR,ACCRUAL_LN000003_06,LN000003,interest_accrual,2026-08-06,2026-08-06,1132,Interest Receivable,116.25,0.0,116.25
AE_ACCRUAL_LN000003_06_CR,ACCRUAL_LN000003_06,LN000003,interest_accrual,2026-08-06,2026-08-06,6011,Interest Income,0.0,116.25,-116.25
AE_ACCRUAL_LN000003_07_DR,ACCRUAL_LN000003_07,LN000003,interest_accrual,2026-09-06,2026-09-06,1132,Interest Receivable,116.25,0.0,116.25
AE_ACCRUAL_LN000003_07_CR,ACCRUAL_LN000003_07,LN000003,interest_accrual,2026-09-06,2026-09-06,6011,Interest Income,0.0,116.25,-116.25
AE_ACCRUAL_LN000003_08_DR,ACCRUAL_LN000003_08,LN000003,interest_accrual,2026-10-06,2026-10-06,1132,Interest Receivable,116.25,0.0,116.25
AE_ACCRUAL_LN000003_08_CR,ACCRUAL_LN000003_08,LN000003,interest_accrual,2026-10-06,2026-10-06,6011,Interest Income,0.0,116.25,-116.25
AE_ACCRUAL_LN000003_09_DR,ACCRUAL_LN000003_09,LN000003,interest_accrual,2026-11-06,2026-11-06,1132,Interest Receivable,116.25,0.0,116.25
AE_ACCRUAL_LN000003_09_CR,ACCRUAL_LN000003_09,LN000003,interest_accrual,2026-11-06,2026-11-06,6011,Interest Income,0.0,116.25,-116.25
AE_ACCRUAL_LN000003_10_DR,ACCRUAL_LN000003_10,LN000003,interest_accrual,2026-12-06,2026-12-06,1132,Interest Receivable,116.25,0.0,116.25
AE_ACCRUAL_LN000003_10_CR,ACCRUAL_LN000003_10,LN000003,interest_accrual,2026-12-06,2026-12-06,6011,Interest Income,0.0,116.25,-116.25
AE_ACCRUAL_LN000003_11_DR,ACCRUAL_LN000003_11,LN000003,interest_accrual,2027-01-06,2027-01-06,1132,Interest Receivable,116.25,0.0,116.25
AE_ACCRUAL_LN000003_11_CR,ACCRUAL_LN000003_11,LN000003,interest_accrual,2027-01-06,2027-01-06,6011,Interest Income,0.0,116.25,-116.25
AE_ACCRUAL_LN000003_12_DR,ACCRUAL_LN000003_12,LN000003,interest_accrual,2027-02-06,2027-02-06,1132,Interest Receivable,116.25,0.0,116.25
AE_ACCRUAL_LN000003_12_CR,ACCRUAL_LN000003_12,LN000003,interest_accrual,2027-02-06,2027-02-06,6011,Interest Income,0.0,116.25,-116.25
AE_ACCRUAL_LN000003_13_DR,ACCRUAL_LN000003_13,LN000003,interest_accrual,2027-03-06,2027-03-06,1132,Interest Receivable,116.25,0.0,116.25
AE_ACCRUAL_LN000003_13_CR,ACCRUAL_LN000003_13,LN000003,interest_accrual,2027-03-06,2027-03-06,6011,Interest Income,0.0,116.25,-116.25
AE_ACCRUAL_LN000003_14_DR,ACCRUAL_LN000003_14,LN000003,interest_accrual,2027-04-06,2027-04-06,1132,Interest Receivable,116.25,0.0,116.25
AE_ACCRUAL_LN000003_14_CR,ACCRUAL_LN000003_14,LN000003,interest_accrual,2027-04-06,2027-04-06,6011,Interest Income,0.0,116.25,-116.25
AE_ACCRUAL_LN000003_15_DR,ACCRUAL_LN000003_15,LN000003,interest_accrual,2027-05-06,2027-05-06,1132,Interest Receivable,116.25,0.0,116.25
AE_ACCRUAL_LN000003_15_CR,ACCRUAL_LN000003_15,LN000003,interest_accrual,2027-05-06,2027-05-06,6011,Interest Income,0.0,116.25,-116.25
AE_ACCRUAL_LN000003_16_DR,ACCRUAL_LN000003_16,LN000003,interest_accrual,2027-06-06,2027-06-06,1132,Interest Receivable,116.25,0.0,116.25
AE_ACCRUAL_LN000003_16_CR,ACCRUAL_LN000003_16,LN000003,interest_accrual,2027-06-06,2027-06-06,6011,Interest Income,0.0,116.25,-116.25
AE_ACCRUAL_LN000003_17_DR,ACCRUAL_LN000003_17,LN000003,interest_accrual,2027-07-06,2027-07-06,1132,Interest Receivable,116.25,0.0,116.25
AE_ACCRUAL_LN000003_17_CR,ACCRUAL_LN000003_17,LN000003,interest_accrual,2027-07-06,2027-07-06,6011,Interest Income,0.0,116.25,-116.25
AE_ACCRUAL_LN000003_18_DR,ACCRUAL_LN000003_18,LN000003,interest_accrual,2027-08-06,2027-08-06,1132,Interest Receivable,116.25,0.0,116.25
AE_ACCRUAL_LN000003_18_CR,ACCRUAL_LN000003_18,LN000003,interest_accrual,2027-08-06,2027-08-06,6011,Interest Income,0.0,116.25,-116.25
AE_ACCRUAL_LN000003_19_DR,ACCRUAL_LN000003_19,LN000003,interest_accrual,2027-09-06,2027-09-06,1132,Interest Receivable,116.25,0.0,116.25
AE_ACCRUAL_LN000003_19_CR,ACCRUAL_LN000003_19,LN000003,interest_accrual,2027-09-06,2027-09-06,6011,Interest Income,0.0,116.25,-116.25
AE_ACCRUAL_LN000003_20_DR,ACCRUAL_LN000003_20,LN000003,interest_accrual,2027-10-06,2027-10-06,1132,Interest Receivable,116.25,0.0,116.25
AE_ACCRUAL_LN000003_20_CR,ACCRUAL_LN000003_20,LN000003,interest_accrual,2027-10-06,2027-10-06,6011,Interest Income,0.0,116.25,-116.25
AE_ACCRUAL_LN000003_21_DR,ACCRUAL_LN000003_21,LN000003,interest_accrual,2027-11-06,2027-11-06,1132,Interest Receivable,116.25,0.0,116.25
AE_ACCRUAL_LN000003_21_CR,ACCRUAL_LN000003_21,LN000003,interest_accrual,2027-11-06,2027-11-06,6011,Interest Income,0.0,116.25,-116.25
AE_ACCRUAL_LN000003_22_DR,ACCRUAL_LN000003_22,LN000003,interest_accrual,2027-12-06,2027-12-06,1132,Interest Receivable,116.25,0.0,116.25
AE_ACCRUAL_LN000003_22_CR,ACCRUAL_LN000003_22,LN000003,interest_accrual,2027-12-06,2027-12-06,6011,Interest Income,0.0,116.25,-116.25
AE_ACCRUAL_LN000003_23_DR,ACCRUAL_LN000003_23,LN000003,interest_accrual,2028-01-06,2028-01-06,1132,Interest Receivable,116.25,0.0,116.25
AE_ACCRUAL_LN000003_23_CR,ACCRUAL_LN000003_23,LN000003,interest_accrual,2028-01-06,2028-01-06,6011,Interest Income,0.0,116.25,-116.25
AE_ACCRUAL_LN000003_24_DR,ACCRUAL_LN000003_24,LN000003,interest_accrual,2028-02-06,2028-02-06,1132,Interest Receivable,116.25,0.0,116.25
AE_ACCRUAL_LN000003_24_CR,ACCRUAL_LN000003_24,LN000003,interest_accrual,2028-02-06,2028-02-06,6011,Interest Income,0.0,116.25,-116.25
AE_ACCRUAL_LN000004_01_DR,ACCRUAL_LN000004_01,LN000004,interest_accrual,2026-03-28,2026-03-28,1132,Interest Receivable,294.12,0.0,294.12
AE_ACCRUAL_LN000004_01_CR,ACCRUAL_LN000004_01,LN000004,interest_accrual,2026-03-28,2026-03-28,6011,Interest Income,0.0,294.12,-294.12
AE_ACCRUAL_LN000004_02_DR,ACCRUAL_LN000004_02,LN000004,interest_accrual,2026-04-28,2026-04-28,1132,Interest Receivable,294.12,0.0,294.12
AE_ACCRUAL_LN000004_02_CR,ACCRUAL_LN000004_02,LN000004,interest_accrual,2026-04-28,2026-04-28,6011,Interest Income,0.0,294.12,-294.12
AE_ACCRUAL_LN000004_03_DR,ACCRUAL_LN000004_03,LN000004,interest_accrual,2026-05-28,2026-05-28,1132,Interest Receivable,294.12,0.0,294.12
AE_ACCRUAL_LN000004_03_CR,ACCRUAL_LN000004_03,LN000004,interest_accrual,2026-05-28,2026-05-28,6011,Interest Income,0.0,294.12,-294.12
AE_ACCRUAL_LN000004_04_DR,ACCRUAL_LN000004_04,LN000004,interest_accrual,2026-06-28,2026-06-28,1132,Interest Receivable,294.12,0.0,294.12
AE_ACCRUAL_LN000004_04_CR,ACCRUAL_LN000004_04,LN000004,interest_accrual,2026-06-28,2026-06-28,6011,Interest Income,0.0,294.12,-294.12
AE_ACCRUAL_LN000004_05_DR,ACCRUAL_LN000004_05,LN000004,interest_accrual,2026-07-28,2026-07-28,1132,Interest Receivable,294.12,0.0,294.12
AE_ACCRUAL_LN000004_05_CR,ACCRUAL_LN000004_05,LN000004,interest_accrual,2026-07-28,2026-07-28,6011,Interest Income,0.0,294.12,-294.12
AE_ACCRUAL_LN000004_06_DR,ACCRUAL_LN000004_06,LN000004,interest_accrual,2026-08-28,2026-08-28,1132,Interest Receivable,294.12,0.0,294.12
AE_ACCRUAL_LN000004_06_CR,ACCRUAL_LN000004_06,LN000004,interest_accrual,2026-08-28,2026-08-28,6011,Interest Income,0.0,294.12,-294.12
AE_ACCRUAL_LN000004_07_DR,ACCRUAL_LN000004_07,LN000004,interest_accrual,2026-09-28,2026-09-28,1132,Interest Receivable,294.12,0.0,294.12
AE_ACCRUAL_LN000004_07_CR,ACCRUAL_LN000004_07,LN000004,interest_accrual,2026-09-28,2026-09-28,6011,Interest Income,0.0,294.12,-294.12
AE_ACCRUAL_LN000004_08_DR,ACCRUAL_LN000004_08,LN000004,interest_accrual,2026-10-28,2026-10-28,1132,Interest Receivable,294.12,0.0,294.12
AE_ACCRUAL_LN000004_08_CR,ACCRUAL_LN000004_08,LN000004,interest_accrual,2026-10-28,2026-10-28,6011,Interest Income,0.0,294.12,-294.12
AE_ACCRUAL_LN000004_09_DR,ACCRUAL_LN000004_09,LN000004,interest_accrual,2026-11-28,2026-11-28,1132,Interest Receivable,294.12,0.0,294.12
AE_ACCRUAL_LN000004_09_CR,ACCRUAL_LN000004_09,LN000004,interest_accrual,2026-11-28,2026-11-28,6011,Interest Income,0.0,294.12,-294.12
AE_ACCRUAL_LN000004_10_DR,ACCRUAL_LN000004_10,LN000004,interest_accrual,2026-12-28,2026-12-28,1132,Interest Receivable,294.12,0.0,294.12
AE_ACCRUAL_LN000004_10_CR,ACCRUAL_LN000004_10,LN000004,interest_accrual,2026-12-28,2026-12-28,6011,Interest Income,0.0,294.12,-294.12
AE_ACCRUAL_LN000004_11_DR,ACCRUAL_LN000004_11,LN000004,interest_accrual,2027-01-28,2027-01-28,1132,Interest Receivable,294.12,0.0,294.12
AE_ACCRUAL_LN000004_11_CR,ACCRUAL_LN000004_11,LN000004,interest_accrual,2027-01-28,2027-01-28,6011,Interest Income,0.0,294.12,-294.12
AE_ACCRUAL_LN000004_12_DR,ACCRUAL_LN000004_12,LN000004,interest_accrual,2027-02-28,2027-02-28,1132,Interest Receivable,294.12,0.0,294.12
AE_ACCRUAL_LN000004_12_CR,ACCRUAL_LN000004_12,LN000004,interest_accrual,2027-02-28,2027-02-28,6011,Interest Income,0.0,294.12,-294.12
AE_ACCRUAL_LN000004_13_DR,ACCRUAL_LN000004_13,LN000004,interest_accrual,2027-03-28,2027-03-28,1132,Interest Receivable,294.12,0.0,294.12
AE_ACCRUAL_LN000004_13_CR,ACCRUAL_LN000004_13,LN000004,interest_accrual,2027-03-28,2027-03-28,6011,Interest Income,0.0,294.12,-294.12
AE_ACCRUAL_LN000004_14_DR,ACCRUAL_LN000004_14,LN000004,interest_accrual,2027-04-28,2027-04-28,1132,Interest Receivable,294.12,0.0,294.12
AE_ACCRUAL_LN000004_14_CR,ACCRUAL_LN000004_14,LN000004,interest_accrual,2027-04-28,2027-04-28,6011,Interest Income,0.0,294.12,-294.12
AE_ACCRUAL_LN000004_15_DR,ACCRUAL_LN000004_15,LN000004,interest_accrual,2027-05-28,2027-05-28,1132,Interest Receivable,294.12,0.0,294.12
AE_ACCRUAL_LN000004_15_CR,ACCRUAL_LN000004_15,LN000004,interest_accrual,2027-05-28,2027-05-28,6011,Interest Income,0.0,294.12,-294.12
AE_ACCRUAL_LN000004_16_DR,ACCRUAL_LN000004_16,LN000004,interest_accrual,2027-06-28,2027-06-28,1132,Interest Receivable,294.12,0.0,294.12
AE_ACCRUAL_LN000004_16_CR,ACCRUAL_LN000004_16,LN000004,interest_accrual,2027-06-28,2027-06-28,6011,Interest Income,0.0,294.12,-294.12
AE_ACCRUAL_LN000004_17_DR,ACCRUAL_LN000004_17,LN000004,interest_accrual,2027-07-28,2027-07-28,1132,Interest Receivable,294.12,0.0,294.12
AE_ACCRUAL_LN000004_17_CR,ACCRUAL_LN000004_17,LN000004,interest_accrual,2027-07-28,2027-07-28,6011,Interest Income,0.0,294.12,-294.12
AE_ACCRUAL_LN000004_18_DR,ACCRUAL_LN000004_18,LN000004,interest_accrual,2027-08-28,2027-08-28,1132,Interest Receivable,294.12,0.0,294.12
AE_ACCRUAL_LN000004_18_CR,ACCRUAL_LN000004_18,LN000004,interest_accrual,2027-08-28,2027-08-28,6011,Interest Income,0.0,294.12,-294.12
AE_ACCRUAL_LN000005_01_DR,ACCRUAL_LN000005_01,LN000005,interest_accrual,2026-02-03,2026-02-03,1132,Interest Receivable,235.17,0.0,235.17
AE_ACCRUAL_LN000005_01_CR,ACCRUAL_LN000005_01,LN000005,interest_accrual,2026-02-03,2026-02-03,6011,Interest Income,0.0,235.17,-235.17
AE_ACCRUAL_LN000005_02_DR,ACCRUAL_LN000005_02,LN000005,interest_accrual,2026-03-03,2026-03-03,1132,Interest Receivable,235.17,0.0,235.17
AE_ACCRUAL_LN000005_02_CR,ACCRUAL_LN000005_02,LN000005,interest_accrual,2026-03-03,2026-03-03,6011,Interest Income,0.0,235.17,-235.17
AE_ACCRUAL_LN000005_03_DR,ACCRUAL_LN000005_03,LN000005,interest_accrual,2026-04-03,2026-04-03,1132,Interest Receivable,235.17,0.0,235.17
AE_ACCRUAL_LN000005_03_CR,ACCRUAL_LN000005_03,LN000005,interest_accrual,2026-04-03,2026-04-03,6011,Interest Income,0.0,235.17,-235.17
AE_ACCRUAL_LN000005_04_DR,ACCRUAL_LN000005_04,LN000005,interest_accrual,2026-05-03,2026-05-03,1132,Interest Receivable,235.17,0.0,235.17
AE_ACCRUAL_LN000005_04_CR,ACCRUAL_LN000005_04,LN000005,interest_accrual,2026-05-03,2026-05-03,6011,Interest Income,0.0,235.17,-235.17
AE_ACCRUAL_LN000005_05_DR,ACCRUAL_LN000005_05,LN000005,interest_accrual,2026-06-03,2026-06-03,1132,Interest Receivable,235.17,0.0,235.17
AE_ACCRUAL_LN000005_05_CR,ACCRUAL_LN000005_05,LN000005,interest_accrual,2026-06-03,2026-06-03,6011,Interest Income,0.0,235.17,-235.17
AE_ACCRUAL_LN000005_06_DR,ACCRUAL_LN000005_06,LN000005,interest_accrual,2026-07-03,2026-07-03,1132,Interest Receivable,235.17,0.0,235.17
AE_ACCRUAL_LN000005_06_CR,ACCRUAL_LN000005_06,LN000005,interest_accrual,2026-07-03,2026-07-03,6011,Interest Income,0.0,235.17,-235.17
AE_ACCRUAL_LN000005_07_DR,ACCRUAL_LN000005_07,LN000005,interest_accrual,2026-08-03,2026-08-03,1132,Interest Receivable,235.17,0.0,235.17
AE_ACCRUAL_LN000005_07_CR,ACCRUAL_LN000005_07,LN000005,interest_accrual,2026-08-03,2026-08-03,6011,Interest Income,0.0,235.17,-235.17
AE_ACCRUAL_LN000005_08_DR,ACCRUAL_LN000005_08,LN000005,interest_accrual,2026-09-03,2026-09-03,1132,Interest Receivable,235.17,0.0,235.17
AE_ACCRUAL_LN000005_08_CR,ACCRUAL_LN000005_08,LN000005,interest_accrual,2026-09-03,2026-09-03,6011,Interest Income,0.0,235.17,-235.17
AE_ACCRUAL_LN000005_09_DR,ACCRUAL_LN000005_09,LN000005,interest_accrual,2026-10-03,2026-10-03,1132,Interest Receivable,235.17,0.0,235.17
AE_ACCRUAL_LN000005_09_CR,ACCRUAL_LN000005_09,LN000005,interest_accrual,2026-10-03,2026-10-03,6011,Interest Income,0.0,235.17,-235.17
AE_ACCRUAL_LN000005_10_DR,ACCRUAL_LN000005_10,LN000005,interest_accrual,2026-11-03,2026-11-03,1132,Interest Receivable,235.17,0.0,235.17
AE_ACCRUAL_LN000005_10_CR,ACCRUAL_LN000005_10,LN000005,interest_accrual,2026-11-03,2026-11-03,6011,Interest Income,0.0,235.17,-235.17
AE_ACCRUAL_LN000005_11_DR,ACCRUAL_LN000005_11,LN000005,interest_accrual,2026-12-03,2026-12-03,1132,Interest Receivable,235.17,0.0,235.17
AE_ACCRUAL_LN000005_11_CR,ACCRUAL_LN000005_11,LN000005,interest_accrual,2026-12-03,2026-12-03,6011,Interest Income,0.0,235.17,-235.17
AE_ACCRUAL_LN000005_12_DR,ACCRUAL_LN000005_12,LN000005,interest_accrual,2027-01-03,2027-01-03,1132,Interest Receivable,235.17,0.0,235.17
AE_ACCRUAL_LN000005_12_CR,ACCRUAL_LN000005_12,LN000005,interest_accrual,2027-01-03,2027-01-03,6011,Interest Income,0.0,235.17,-235.17
AE_ACCRUAL_LN000006_01_DR,ACCRUAL_LN000006_01,LN000006,interest_accrual,2026-02-14,2026-02-14,1132,Interest Receivable,26.21,0.0,26.21
AE_ACCRUAL_LN000006_01_CR,ACCRUAL_LN000006_01,LN000006,interest_accrual,2026-02-14,2026-02-14,6011,Interest Income,0.0,26.21,-26.21
AE_ACCRUAL_LN000006_02_DR,ACCRUAL_LN000006_02,LN000006,interest_accrual,2026-03-14,2026-03-14,1132,Interest Receivable,26.21,0.0,26.21
AE_ACCRUAL_LN000006_02_CR,ACCRUAL_LN000006_02,LN000006,interest_accrual,2026-03-14,2026-03-14,6011,Interest Income,0.0,26.21,-26.21
AE_ACCRUAL_LN000006_03_DR,ACCRUAL_LN000006_03,LN000006,interest_accrual,2026-04-14,2026-04-14,1132,Interest Receivable,26.21,0.0,26.21
AE_ACCRUAL_LN000006_03_CR,ACCRUAL_LN000006_03,LN000006,interest_accrual,2026-04-14,2026-04-14,6011,Interest Income,0.0,26.21,-26.21
AE_ACCRUAL_LN000006_04_DR,ACCRUAL_LN000006_04,LN000006,interest_accrual,2026-05-14,2026-05-14,1132,Interest Receivable,26.21,0.0,26.21
AE_ACCRUAL_LN000006_04_CR,ACCRUAL_LN000006_04,LN000006,interest_accrual,2026-05-14,2026-05-14,6011,Interest Income,0.0,26.21,-26.21
AE_ACCRUAL_LN000006_05_DR,ACCRUAL_LN000006_05,LN000006,interest_accrual,2026-06-14,2026-06-14,1132,Interest Receivable,26.21,0.0,26.21
AE_ACCRUAL_LN000006_05_CR,ACCRUAL_LN000006_05,LN000006,interest_accrual,2026-06-14,2026-06-14,6011,Interest Income,0.0,26.21,-26.21
AE_ACCRUAL_LN000006_06_DR,ACCRUAL_LN000006_06,LN000006,interest_accrual,2026-07-14,2026-07-14,1132,Interest Receivable,26.21,0.0,26.21
AE_ACCRUAL_LN000006_06_CR,ACCRUAL_LN000006_06,LN000006,interest_accrual,2026-07-14,2026-07-14,6011,Interest Income,0.0,26.21,-26.21
AE_ACCRUAL_LN000006_07_DR,ACCRUAL_LN000006_07,LN000006,interest_accrual,2026-08-14,2026-08-14,1132,Interest Receivable,26.21,0.0,26.21
AE_ACCRUAL_LN000006_07_CR,ACCRUAL_LN000006_07,LN000006,interest_accrual,2026-08-14,2026-08-14,6011,Interest Income,0.0,26.21,-26.21
AE_ACCRUAL_LN000006_08_DR,ACCRUAL_LN000006_08,LN000006,interest_accrual,2026-09-14,2026-09-14,1132,Interest Receivable,26.21,0.0,26.21
AE_ACCRUAL_LN000006_08_CR,ACCRUAL_LN000006_08,LN000006,interest_accrual,2026-09-14,2026-09-14,6011,Interest Income,0.0,26.21,-26.21
AE_ACCRUAL_LN000006_09_DR,ACCRUAL_LN000006_09,LN000006,interest_accrual,2026-10-14,2026-10-14,1132,Interest Receivable,26.21,0.0,26.21
AE_ACCRUAL_LN000006_09_CR,ACCRUAL_LN000006_09,LN000006,interest_accrual,2026-10-14,2026-10-14,6011,Interest Income,0.0,26.21,-26.21
AE_ACCRUAL_LN000006_10_DR,ACCRUAL_LN000006_10,LN000006,interest_accrual,2026-11-14,2026-11-14,1132,Interest Receivable,26.21,0.0,26.21
AE_ACCRUAL_LN000006_10_CR,ACCRUAL_LN000006_10,LN000006,interest_accrual,2026-11-14,2026-11-14,6011,Interest Income,0.0,26.21,-26.21
AE_ACCRUAL_LN000006_11_DR,ACCRUAL_LN000006_11,LN000006,interest_accrual,2026-12-14,2026-12-14,1132,Interest Receivable,26.21,0.0,26.21
AE_ACCRUAL_LN000006_11_CR,ACCRUAL_LN000006_11,LN000006,interest_accrual,2026-12-14,2026-12-14,6011,Interest Income,0.0,26.21,-26.21
AE_ACCRUAL_LN000006_12_DR,ACCRUAL_LN000006_12,LN000006,interest_accrual,2027-01-14,2027-01-14,1132,Interest Receivable,26.21,0.0,26.21
AE_ACCRUAL_LN000006_12_CR,ACCRUAL_LN000006_12,LN000006,interest_accrual,2027-01-14,2027-01-14,6011,Interest Income,0.0,26.21,-26.21
AE_ACCRUAL_LN000007_01_DR,ACCRUAL_LN000007_01,LN000007,interest_accrual,2026-04-12,2026-04-12,1132,Interest Receivable,186.42,0.0,186.42
AE_ACCRUAL_LN000007_01_CR,ACCRUAL_LN000007_01,LN000007,interest_accrual,2026-04-12,2026-04-12,6011,Interest Income,0.0,186.42,-186.42
AE_ACCRUAL_LN000007_02_DR,ACCRUAL_LN000007_02,LN000007,interest_accrual,2026-05-12,2026-05-12,1132,Interest Receivable,186.42,0.0,186.42
AE_ACCRUAL_LN000007_02_CR,ACCRUAL_LN000007_02,LN000007,interest_accrual,2026-05-12,2026-05-12,6011,Interest Income,0.0,186.42,-186.42
AE_ACCRUAL_LN000007_03_DR,ACCRUAL_LN000007_03,LN000007,interest_accrual,2026-06-12,2026-06-12,1132,Interest Receivable,186.42,0.0,186.42
AE_ACCRUAL_LN000007_03_CR,ACCRUAL_LN000007_03,LN000007,interest_accrual,2026-06-12,2026-06-12,6011,Interest Income,0.0,186.42,-186.42
AE_ACCRUAL_LN000007_04_DR,ACCRUAL_LN000007_04,LN000007,interest_accrual,2026-07-12,2026-07-12,1132,Interest Receivable,186.42,0.0,186.42
AE_ACCRUAL_LN000007_04_CR,ACCRUAL_LN000007_04,LN000007,interest_accrual,2026-07-12,2026-07-12,6011,Interest Income,0.0,186.42,-186.42
AE_ACCRUAL_LN000007_05_DR,ACCRUAL_LN000007_05,LN000007,interest_accrual,2026-08-12,2026-08-12,1132,Interest Receivable,186.42,0.0,186.42
AE_ACCRUAL_LN000007_05_CR,ACCRUAL_LN000007_05,LN000007,interest_accrual,2026-08-12,2026-08-12,6011,Interest Income,0.0,186.42,-186.42
AE_ACCRUAL_LN000007_06_DR,ACCRUAL_LN000007_06,LN000007,interest_accrual,2026-09-12,2026-09-12,1132,Interest Receivable,186.42,0.0,186.42
AE_ACCRUAL_LN000007_06_CR,ACCRUAL_LN000007_06,LN000007,interest_accrual,2026-09-12,2026-09-12,6011,Interest Income,0.0,186.42,-186.42
AE_ACCRUAL_LN000007_07_DR,ACCRUAL_LN000007_07,LN000007,interest_accrual,2026-10-12,2026-10-12,1132,Interest Receivable,186.42,0.0,186.42
AE_ACCRUAL_LN000007_07_CR,ACCRUAL_LN000007_07,LN000007,interest_accrual,2026-10-12,2026-10-12,6011,Interest Income,0.0,186.42,-186.42
AE_ACCRUAL_LN000007_08_DR,ACCRUAL_LN000007_08,LN000007,interest_accrual,2026-11-12,2026-11-12,1132,Interest Receivable,186.42,0.0,186.42
AE_ACCRUAL_LN000007_08_CR,ACCRUAL_LN000007_08,LN000007,interest_accrual,2026-11-12,2026-11-12,6011,Interest Income,0.0,186.42,-186.42
AE_ACCRUAL_LN000007_09_DR,ACCRUAL_LN000007_09,LN000007,interest_accrual,2026-12-12,2026-12-12,1132,Interest Receivable,186.42,0.0,186.42
AE_ACCRUAL_LN000007_09_CR,ACCRUAL_LN000007_09,LN000007,interest_accrual,2026-12-12,2026-12-12,6011,Interest Income,0.0,186.42,-186.42
AE_ACCRUAL_LN000007_10_DR,ACCRUAL_LN000007_10,LN000007,interest_accrual,2027-01-12,2027-01-12,1132,Interest Receivable,186.42,0.0,186.42
AE_ACCRUAL_LN000007_10_CR,ACCRUAL_LN000007_10,LN000007,interest_accrual,2027-01-12,2027-01-12,6011,Interest Income,0.0,186.42,-186.42
AE_ACCRUAL_LN000007_11_DR,ACCRUAL_LN000007_11,LN000007,interest_accrual,2027-02-12,2027-02-12,1132,Interest Receivable,186.42,0.0,186.42
AE_ACCRUAL_LN000007_11_CR,ACCRUAL_LN000007_11,LN000007,interest_accrual,2027-02-12,2027-02-12,6011,Interest Income,0.0,186.42,-186.42
AE_ACCRUAL_LN000007_12_DR,ACCRUAL_LN000007_12,LN000007,interest_accrual,2027-03-12,2027-03-12,1132,Interest Receivable,186.42,0.0,186.42
AE_ACCRUAL_LN000007_12_CR,ACCRUAL_LN000007_12,LN000007,interest_accrual,2027-03-12,2027-03-12,6011,Interest Income,0.0,186.42,-186.42
AE_ACCRUAL_LN000007_13_DR,ACCRUAL_LN000007_13,LN000007,interest_accrual,2027-04-12,2027-04-12,1132,Interest Receivable,186.42,0.0,186.42
AE_ACCRUAL_LN000007_13_CR,ACCRUAL_LN000007_13,LN000007,interest_accrual,2027-04-12,2027-04-12,6011,Interest Income,0.0,186.42,-186.42
AE_ACCRUAL_LN000007_14_DR,ACCRUAL_LN000007_14,LN000007,interest_accrual,2027-05-12,2027-05-12,1132,Interest Receivable,186.42,0.0,186.42
AE_ACCRUAL_LN000007_14_CR,ACCRUAL_LN000007_14,LN000007,interest_accrual,2027-05-12,2027-05-12,6011,Interest Income,0.0,186.42,-186.42
AE_ACCRUAL_LN000007_15_DR,ACCRUAL_LN000007_15,LN000007,interest_accrual,2027-06-12,2027-06-12,1132,Interest Receivable,186.42,0.0,186.42
AE_ACCRUAL_LN000007_15_CR,ACCRUAL_LN000007_15,LN000007,interest_accrual,2027-06-12,2027-06-12,6011,Interest Income,0.0,186.42,-186.42
AE_ACCRUAL_LN000007_16_DR,ACCRUAL_LN000007_16,LN000007,interest_accrual,2027-07-12,2027-07-12,1132,Interest Receivable,186.42,0.0,186.42
AE_ACCRUAL_LN000007_16_CR,ACCRUAL_LN000007_16,LN000007,interest_accrual,2027-07-12,2027-07-12,6011,Interest Income,0.0,186.42,-186.42
AE_ACCRUAL_LN000007_17_DR,ACCRUAL_LN000007_17,LN000007,interest_accrual,2027-08-12,2027-08-12,1132,Interest Receivable,186.42,0.0,186.42
AE_ACCRUAL_LN000007_17_CR,ACCRUAL_LN000007_17,LN000007,interest_accrual,2027-08-12,2027-08-12,6011,Interest Income,0.0,186.42,-186.42
AE_ACCRUAL_LN000007_18_DR,ACCRUAL_LN000007_18,LN000007,interest_accrual,2027-09-12,2027-09-12,1132,Interest Receivable,186.42,0.0,186.42
AE_ACCRUAL_LN000007_18_CR,ACCRUAL_LN000007_18,LN000007,interest_accrual,2027-09-12,2027-09-12,6011,Interest Income,0.0,186.42,-186.42
AE_ACCRUAL_LN000007_19_DR,ACCRUAL_LN000007_19,LN000007,interest_accrual,2027-10-12,2027-10-12,1132,Interest Receivable,186.42,0.0,186.42
AE_ACCRUAL_LN000007_19_CR,ACCRUAL_LN000007_19,LN000007,interest_accrual,2027-10-12,2027-10-12,6011,Interest Income,0.0,186.42,-186.42
AE_ACCRUAL_LN000007_20_DR,ACCRUAL_LN000007_20,LN000007,interest_accrual,2027-11-12,2027-11-12,1132,Interest Receivable,186.42,0.0,186.42
AE_ACCRUAL_LN000007_20_CR,ACCRUAL_LN000007_20,LN000007,interest_accrual,2027-11-12,2027-11-12,6011,Interest Income,0.0,186.42,-186.42
AE_ACCRUAL_LN000007_21_DR,ACCRUAL_LN000007_21,LN000007,interest_accrual,2027-12-12,2027-12-12,1132,Interest Receivable,186.42,0.0,186.42
AE_ACCRUAL_LN000007_21_CR,ACCRUAL_LN000007_21,LN000007,interest_accrual,2027-12-12,2027-12-12,6011,Interest Income,0.0,186.42,-186.42
AE_ACCRUAL_LN000007_22_DR,ACCRUAL_LN000007_22,LN000007,interest_accrual,2028-01-12,2028-01-12,1132,Interest Receivable,186.42,0.0,186.42
AE_ACCRUAL_LN000007_22_CR,ACCRUAL_LN000007_22,LN000007,interest_accrual,2028-01-12,2028-01-12,6011,Interest Income,0.0,186.42,-186.42
AE_ACCRUAL_LN000007_23_DR,ACCRUAL_LN000007_23,LN000007,interest_accrual,2028-02-12,2028-02-12,1132,Interest Receivable,186.42,0.0,186.42
AE_ACCRUAL_LN000007_23_CR,ACCRUAL_LN000007_23,LN000007,interest_accrual,2028-02-12,2028-02-12,6011,Interest Income,0.0,186.42,-186.42
AE_ACCRUAL_LN000007_24_DR,ACCRUAL_LN000007_24,LN000007,interest_accrual,2028-03-12,2028-03-12,1132,Interest Receivable,186.42,0.0,186.42
AE_ACCRUAL_LN000007_24_CR,ACCRUAL_LN000007_24,LN000007,interest_accrual,2028-03-12,2028-03-12,6011,Interest Income,0.0,186.42,-186.42
AE_ACCRUAL_LN000008_01_DR,ACCRUAL_LN000008_01,LN000008,interest_accrual,2026-02-06,2026-02-06,1132,Interest Receivable,116.62,0.0,116.62
AE_ACCRUAL_LN000008_01_CR,ACCRUAL_LN000008_01,LN000008,interest_accrual,2026-02-06,2026-02-06,6011,Interest Income,0.0,116.62,-116.62
AE_ACCRUAL_LN000008_02_DR,ACCRUAL_LN000008_02,LN000008,interest_accrual,2026-03-06,2026-03-06,1132,Interest Receivable,116.62,0.0,116.62
AE_ACCRUAL_LN000008_02_CR,ACCRUAL_LN000008_02,LN000008,interest_accrual,2026-03-06,2026-03-06,6011,Interest Income,0.0,116.62,-116.62
AE_ACCRUAL_LN000008_03_DR,ACCRUAL_LN000008_03,LN000008,interest_accrual,2026-04-06,2026-04-06,1132,Interest Receivable,116.62,0.0,116.62
AE_ACCRUAL_LN000008_03_CR,ACCRUAL_LN000008_03,LN000008,interest_accrual,2026-04-06,2026-04-06,6011,Interest Income,0.0,116.62,-116.62
AE_ACCRUAL_LN000008_04_DR,ACCRUAL_LN000008_04,LN000008,interest_accrual,2026-05-06,2026-05-06,1132,Interest Receivable,116.62,0.0,116.62
AE_ACCRUAL_LN000008_04_CR,ACCRUAL_LN000008_04,LN000008,interest_accrual,2026-05-06,2026-05-06,6011,Interest Income,0.0,116.62,-116.62
AE_ACCRUAL_LN000008_05_DR,ACCRUAL_LN000008_05,LN000008,interest_accrual,2026-06-06,2026-06-06,1132,Interest Receivable,116.62,0.0,116.62
AE_ACCRUAL_LN000008_05_CR,ACCRUAL_LN000008_05,LN000008,interest_accrual,2026-06-06,2026-06-06,6011,Interest Income,0.0,116.62,-116.62
AE_ACCRUAL_LN000008_06_DR,ACCRUAL_LN000008_06,LN000008,interest_accrual,2026-07-06,2026-07-06,1132,Interest Receivable,116.62,0.0,116.62
AE_ACCRUAL_LN000008_06_CR,ACCRUAL_LN000008_06,LN000008,interest_accrual,2026-07-06,2026-07-06,6011,Interest Income,0.0,116.62,-116.62
AE_ACCRUAL_LN000008_07_DR,ACCRUAL_LN000008_07,LN000008,interest_accrual,2026-08-06,2026-08-06,1132,Interest Receivable,116.62,0.0,116.62
AE_ACCRUAL_LN000008_07_CR,ACCRUAL_LN000008_07,LN000008,interest_accrual,2026-08-06,2026-08-06,6011,Interest Income,0.0,116.62,-116.62
AE_ACCRUAL_LN000008_08_DR,ACCRUAL_LN000008_08,LN000008,interest_accrual,2026-09-06,2026-09-06,1132,Interest Receivable,116.62,0.0,116.62
AE_ACCRUAL_LN000008_08_CR,ACCRUAL_LN000008_08,LN000008,interest_accrual,2026-09-06,2026-09-06,6011,Interest Income,0.0,116.62,-116.62
AE_ACCRUAL_LN000008_09_DR,ACCRUAL_LN000008_09,LN000008,interest_accrual,2026-10-06,2026-10-06,1132,Interest Receivable,116.62,0.0,116.62
AE_ACCRUAL_LN000008_09_CR,ACCRUAL_LN000008_09,LN000008,interest_accrual,2026-10-06,2026-10-06,6011,Interest Income,0.0,116.62,-116.62
AE_ACCRUAL_LN000008_10_DR,ACCRUAL_LN000008_10,LN000008,interest_accrual,2026-11-06,2026-11-06,1132,Interest Receivable,116.62,0.0,116.62
AE_ACCRUAL_LN000008_10_CR,ACCRUAL_LN000008_10,LN000008,interest_accrual,2026-11-06,2026-11-06,6011,Interest Income,0.0,116.62,-116.62
AE_ACCRUAL_LN000008_11_DR,ACCRUAL_LN000008_11,LN000008,interest_accrual,2026-12-06,2026-12-06,1132,Interest Receivable,116.62,0.0,116.62
AE_ACCRUAL_LN000008_11_CR,ACCRUAL_LN000008_11,LN000008,interest_accrual,2026-12-06,2026-12-06,6011,Interest Income,0.0,116.62,-116.62
AE_ACCRUAL_LN000008_12_DR,ACCRUAL_LN000008_12,LN000008,interest_accrual,2027-01-06,2027-01-06,1132,Interest Receivable,116.62,0.0,116.62
AE_ACCRUAL_LN000008_12_CR,ACCRUAL_LN000008_12,LN000008,interest_accrual,2027-01-06,2027-01-06,6011,Interest Income,0.0,116.62,-116.62
AE_ACCRUAL_LN000009_01_DR,ACCRUAL_LN000009_01,LN000009,interest_accrual,2026-04-15,2026-04-15,1132,Interest Receivable,477.25,0.0,477.25
AE_ACCRUAL_LN000009_01_CR,ACCRUAL_LN000009_01,LN000009,interest_accrual,2026-04-15,2026-04-15,6011,Interest Income,0.0,477.25,-477.25
AE_ACCRUAL_LN000009_02_DR,ACCRUAL_LN000009_02,LN000009,interest_accrual,2026-05-15,2026-05-15,1132,Interest Receivable,477.25,0.0,477.25
AE_ACCRUAL_LN000009_02_CR,ACCRUAL_LN000009_02,LN000009,interest_accrual,2026-05-15,2026-05-15,6011,Interest Income,0.0,477.25,-477.25
AE_ACCRUAL_LN000009_03_DR,ACCRUAL_LN000009_03,LN000009,interest_accrual,2026-06-15,2026-06-15,1132,Interest Receivable,477.25,0.0,477.25
AE_ACCRUAL_LN000009_03_CR,ACCRUAL_LN000009_03,LN000009,interest_accrual,2026-06-15,2026-06-15,6011,Interest Income,0.0,477.25,-477.25
AE_ACCRUAL_LN000009_04_DR,ACCRUAL_LN000009_04,LN000009,interest_accrual,2026-07-15,2026-07-15,1132,Interest Receivable,477.25,0.0,477.25
AE_ACCRUAL_LN000009_04_CR,ACCRUAL_LN000009_04,LN000009,interest_accrual,2026-07-15,2026-07-15,6011,Interest Income,0.0,477.25,-477.25
AE_ACCRUAL_LN000009_05_DR,ACCRUAL_LN000009_05,LN000009,interest_accrual,2026-08-15,2026-08-15,1132,Interest Receivable,477.25,0.0,477.25
AE_ACCRUAL_LN000009_05_CR,ACCRUAL_LN000009_05,LN000009,interest_accrual,2026-08-15,2026-08-15,6011,Interest Income,0.0,477.25,-477.25
AE_ACCRUAL_LN000009_06_DR,ACCRUAL_LN000009_06,LN000009,interest_accrual,2026-09-15,2026-09-15,1132,Interest Receivable,477.25,0.0,477.25
AE_ACCRUAL_LN000009_06_CR,ACCRUAL_LN000009_06,LN000009,interest_accrual,2026-09-15,2026-09-15,6011,Interest Income,0.0,477.25,-477.25
AE_ACCRUAL_LN000009_07_DR,ACCRUAL_LN000009_07,LN000009,interest_accrual,2026-10-15,2026-10-15,1132,Interest Receivable,477.25,0.0,477.25
AE_ACCRUAL_LN000009_07_CR,ACCRUAL_LN000009_07,LN000009,interest_accrual,2026-10-15,2026-10-15,6011,Interest Income,0.0,477.25,-477.25
AE_ACCRUAL_LN000009_08_DR,ACCRUAL_LN000009_08,LN000009,interest_accrual,2026-11-15,2026-11-15,1132,Interest Receivable,477.25,0.0,477.25
AE_ACCRUAL_LN000009_08_CR,ACCRUAL_LN000009_08,LN000009,interest_accrual,2026-11-15,2026-11-15,6011,Interest Income,0.0,477.25,-477.25
AE_ACCRUAL_LN000009_09_DR,ACCRUAL_LN000009_09,LN000009,interest_accrual,2026-12-15,2026-12-15,1132,Interest Receivable,477.25,0.0,477.25
AE_ACCRUAL_LN000009_09_CR,ACCRUAL_LN000009_09,LN000009,interest_accrual,2026-12-15,2026-12-15,6011,Interest Income,0.0,477.25,-477.25
AE_ACCRUAL_LN000009_10_DR,ACCRUAL_LN000009_10,LN000009,interest_accrual,2027-01-15,2027-01-15,1132,Interest Receivable,477.25,0.0,477.25
AE_ACCRUAL_LN000009_10_CR,ACCRUAL_LN000009_10,LN000009,interest_accrual,2027-01-15,2027-01-15,6011,Interest Income,0.0,477.25,-477.25
AE_ACCRUAL_LN000009_11_DR,ACCRUAL_LN000009_11,LN000009,interest_accrual,2027-02-15,2027-02-15,1132,Interest Receivable,477.25,0.0,477.25
AE_ACCRUAL_LN000009_11_CR,ACCRUAL_LN000009_11,LN000009,interest_accrual,2027-02-15,2027-02-15,6011,Interest Income,0.0,477.25,-477.25
AE_ACCRUAL_LN000009_12_DR,ACCRUAL_LN000009_12,LN000009,interest_accrual,2027-03-15,2027-03-15,1132,Interest Receivable,477.25,0.0,477.25
AE_ACCRUAL_LN000009_12_CR,ACCRUAL_LN000009_12,LN000009,interest_accrual,2027-03-15,2027-03-15,6011,Interest Income,0.0,477.25,-477.25
AE_ACCRUAL_LN000009_13_DR,ACCRUAL_LN000009_13,LN000009,interest_accrual,2027-04-15,2027-04-15,1132,Interest Receivable,477.25,0.0,477.25
AE_ACCRUAL_LN000009_13_CR,ACCRUAL_LN000009_13,LN000009,interest_accrual,2027-04-15,2027-04-15,6011,Interest Income,0.0,477.25,-477.25
AE_ACCRUAL_LN000009_14_DR,ACCRUAL_LN000009_14,LN000009,interest_accrual,2027-05-15,2027-05-15,1132,Interest Receivable,477.25,0.0,477.25
AE_ACCRUAL_LN000009_14_CR,ACCRUAL_LN000009_14,LN000009,interest_accrual,2027-05-15,2027-05-15,6011,Interest Income,0.0,477.25,-477.25
AE_ACCRUAL_LN000009_15_DR,ACCRUAL_LN000009_15,LN000009,interest_accrual,2027-06-15,2027-06-15,1132,Interest Receivable,477.25,0.0,477.25
AE_ACCRUAL_LN000009_15_CR,ACCRUAL_LN000009_15,LN000009,interest_accrual,2027-06-15,2027-06-15,6011,Interest Income,0.0,477.25,-477.25
AE_ACCRUAL_LN000009_16_DR,ACCRUAL_LN000009_16,LN000009,interest_accrual,2027-07-15,2027-07-15,1132,Interest Receivable,477.25,0.0,477.25
AE_ACCRUAL_LN000009_16_CR,ACCRUAL_LN000009_16,LN000009,interest_accrual,2027-07-15,2027-07-15,6011,Interest Income,0.0,477.25,-477.25
AE_ACCRUAL_LN000009_17_DR,ACCRUAL_LN000009_17,LN000009,interest_accrual,2027-08-15,2027-08-15,1132,Interest Receivable,477.25,0.0,477.25
AE_ACCRUAL_LN000009_17_CR,ACCRUAL_LN000009_17,LN000009,interest_accrual,2027-08-15,2027-08-15,6011,Interest Income,0.0,477.25,-477.25
AE_ACCRUAL_LN000009_18_DR,ACCRUAL_LN000009_18,LN000009,interest_accrual,2027-09-15,2027-09-15,1132,Interest Receivable,477.25,0.0,477.25
AE_ACCRUAL_LN000009_18_CR,ACCRUAL_LN000009_18,LN000009,interest_accrual,2027-09-15,2027-09-15,6011,Interest Income,0.0,477.25,-477.25
AE_ACCRUAL_LN000009_19_DR,ACCRUAL_LN000009_19,LN000009,interest_accrual,2027-10-15,2027-10-15,1132,Interest Receivable,477.25,0.0,477.25
AE_ACCRUAL_LN000009_19_CR,ACCRUAL_LN000009_19,LN000009,interest_accrual,2027-10-15,2027-10-15,6011,Interest Income,0.0,477.25,-477.25
AE_ACCRUAL_LN000009_20_DR,ACCRUAL_LN000009_20,LN000009,interest_accrual,2027-11-15,2027-11-15,1132,Interest Receivable,477.25,0.0,477.25
AE_ACCRUAL_LN000009_20_CR,ACCRUAL_LN000009_20,LN000009,interest_accrual,2027-11-15,2027-11-15,6011,Interest Income,0.0,477.25,-477.25
AE_ACCRUAL_LN000009_21_DR,ACCRUAL_LN000009_21,LN000009,interest_accrual,2027-12-15,2027-12-15,1132,Interest Receivable,477.25,0.0,477.25
AE_ACCRUAL_LN000009_21_CR,ACCRUAL_LN000009_21,LN000009,interest_accrual,2027-12-15,2027-12-15,6011,Interest Income,0.0,477.25,-477.25
AE_ACCRUAL_LN000009_22_DR,ACCRUAL_LN000009_22,LN000009,interest_accrual,2028-01-15,2028-01-15,1132,Interest Receivable,477.25,0.0,477.25
AE_ACCRUAL_LN000009_22_CR,ACCRUAL_LN000009_22,LN000009,interest_accrual,2028-01-15,2028-01-15,6011,Interest Income,0.0,477.25,-477.25
AE_ACCRUAL_LN000009_23_DR,ACCRUAL_LN000009_23,LN000009,interest_accrual,2028-02-15,2028-02-15,1132,Interest Receivable,477.25,0.0,477.25
AE_ACCRUAL_LN000009_23_CR,ACCRUAL_LN000009_23,LN000009,interest_accrual,2028-02-15,2028-02-15,6011,Interest Income,0.0,477.25,-477.25
AE_ACCRUAL_LN000009_24_DR,ACCRUAL_LN000009_24,LN000009,interest_accrual,2028-03-15,2028-03-15,1132,Interest Receivable,477.25,0.0,477.25
AE_ACCRUAL_LN000009_24_CR,ACCRUAL_LN000009_24,LN000009,interest_accrual,2028-03-15,2028-03-15,6011,Interest Income,0.0,477.25,-477.25
AE_ACCRUAL_LN000010_01_DR,ACCRUAL_LN000010_01,LN000010,interest_accrual,2026-02-24,2026-02-24,1132,Interest Receivable,211.62,0.0,211.62
AE_ACCRUAL_LN000010_01_CR,ACCRUAL_LN000010_01,LN000010,interest_accrual,2026-02-24,2026-02-24,6011,Interest Income,0.0,211.62,-211.62
AE_ACCRUAL_LN000010_02_DR,ACCRUAL_LN000010_02,LN000010,interest_accrual,2026-03-24,2026-03-24,1132,Interest Receivable,211.62,0.0,211.62
AE_ACCRUAL_LN000010_02_CR,ACCRUAL_LN000010_02,LN000010,interest_accrual,2026-03-24,2026-03-24,6011,Interest Income,0.0,211.62,-211.62
AE_ACCRUAL_LN000010_03_DR,ACCRUAL_LN000010_03,LN000010,interest_accrual,2026-04-24,2026-04-24,1132,Interest Receivable,211.62,0.0,211.62
AE_ACCRUAL_LN000010_03_CR,ACCRUAL_LN000010_03,LN000010,interest_accrual,2026-04-24,2026-04-24,6011,Interest Income,0.0,211.62,-211.62
AE_ACCRUAL_LN000010_04_DR,ACCRUAL_LN000010_04,LN000010,interest_accrual,2026-05-24,2026-05-24,1132,Interest Receivable,211.62,0.0,211.62
AE_ACCRUAL_LN000010_04_CR,ACCRUAL_LN000010_04,LN000010,interest_accrual,2026-05-24,2026-05-24,6011,Interest Income,0.0,211.62,-211.62
AE_ACCRUAL_LN000010_05_DR,ACCRUAL_LN000010_05,LN000010,interest_accrual,2026-06-24,2026-06-24,1132,Interest Receivable,211.62,0.0,211.62
AE_ACCRUAL_LN000010_05_CR,ACCRUAL_LN000010_05,LN000010,interest_accrual,2026-06-24,2026-06-24,6011,Interest Income,0.0,211.62,-211.62
AE_ACCRUAL_LN000010_06_DR,ACCRUAL_LN000010_06,LN000010,interest_accrual,2026-07-24,2026-07-24,1132,Interest Receivable,211.62,0.0,211.62
AE_ACCRUAL_LN000010_06_CR,ACCRUAL_LN000010_06,LN000010,interest_accrual,2026-07-24,2026-07-24,6011,Interest Income,0.0,211.62,-211.62
AE_ACCRUAL_LN000010_07_DR,ACCRUAL_LN000010_07,LN000010,interest_accrual,2026-08-24,2026-08-24,1132,Interest Receivable,211.62,0.0,211.62
AE_ACCRUAL_LN000010_07_CR,ACCRUAL_LN000010_07,LN000010,interest_accrual,2026-08-24,2026-08-24,6011,Interest Income,0.0,211.62,-211.62
AE_ACCRUAL_LN000010_08_DR,ACCRUAL_LN000010_08,LN000010,interest_accrual,2026-09-24,2026-09-24,1132,Interest Receivable,211.62,0.0,211.62
AE_ACCRUAL_LN000010_08_CR,ACCRUAL_LN000010_08,LN000010,interest_accrual,2026-09-24,2026-09-24,6011,Interest Income,0.0,211.62,-211.62
AE_ACCRUAL_LN000010_09_DR,ACCRUAL_LN000010_09,LN000010,interest_accrual,2026-10-24,2026-10-24,1132,Interest Receivable,211.62,0.0,211.62
AE_ACCRUAL_LN000010_09_CR,ACCRUAL_LN000010_09,LN000010,interest_accrual,2026-10-24,2026-10-24,6011,Interest Income,0.0,211.62,-211.62
AE_ACCRUAL_LN000010_10_DR,ACCRUAL_LN000010_10,LN000010,interest_accrual,2026-11-24,2026-11-24,1132,Interest Receivable,211.62,0.0,211.62
AE_ACCRUAL_LN000010_10_CR,ACCRUAL_LN000010_10,LN000010,interest_accrual,2026-11-24,2026-11-24,6011,Interest Income,0.0,211.62,-211.62
AE_ACCRUAL_LN000010_11_DR,ACCRUAL_LN000010_11,LN000010,interest_accrual,2026-12-24,2026-12-24,1132,Interest Receivable,211.62,0.0,211.62
AE_ACCRUAL_LN000010_11_CR,ACCRUAL_LN000010_11,LN000010,interest_accrual,2026-12-24,2026-12-24,6011,Interest Income,0.0,211.62,-211.62
AE_ACCRUAL_LN000010_12_DR,ACCRUAL_LN000010_12,LN000010,interest_accrual,2027-01-24,2027-01-24,1132,Interest Receivable,211.62,0.0,211.62
AE_ACCRUAL_LN000010_12_CR,ACCRUAL_LN000010_12,LN000010,interest_accrual,2027-01-24,2027-01-24,6011,Interest Income,0.0,211.62,-211.62
AE_ACCRUAL_LN000010_13_DR,ACCRUAL_LN000010_13,LN000010,interest_accrual,2027-02-24,2027-02-24,1132,Interest Receivable,211.62,0.0,211.62
AE_ACCRUAL_LN000010_13_CR,ACCRUAL_LN000010_13,LN000010,interest_accrual,2027-02-24,2027-02-24,6011,Interest Income,0.0,211.62,-211.62
AE_ACCRUAL_LN000010_14_DR,ACCRUAL_LN000010_14,LN000010,interest_accrual,2027-03-24,2027-03-24,1132,Interest Receivable,211.62,0.0,211.62
AE_ACCRUAL_LN000010_14_CR,ACCRUAL_LN000010_14,LN000010,interest_accrual,2027-03-24,2027-03-24,6011,Interest Income,0.0,211.62,-211.62
AE_ACCRUAL_LN000010_15_DR,ACCRUAL_LN000010_15,LN000010,interest_accrual,2027-04-24,2027-04-24,1132,Interest Receivable,211.62,0.0,211.62
AE_ACCRUAL_LN000010_15_CR,ACCRUAL_LN000010_15,LN000010,interest_accrual,2027-04-24,2027-04-24,6011,Interest Income,0.0,211.62,-211.62
AE_ACCRUAL_LN000010_16_DR,ACCRUAL_LN000010_16,LN000010,interest_accrual,2027-05-24,2027-05-24,1132,Interest Receivable,211.62,0.0,211.62
AE_ACCRUAL_LN000010_16_CR,ACCRUAL_LN000010_16,LN000010,interest_accrual,2027-05-24,2027-05-24,6011,Interest Income,0.0,211.62,-211.62
AE_ACCRUAL_LN000010_17_DR,ACCRUAL_LN000010_17,LN000010,interest_accrual,2027-06-24,2027-06-24,1132,Interest Receivable,211.62,0.0,211.62
AE_ACCRUAL_LN000010_17_CR,ACCRUAL_LN000010_17,LN000010,interest_accrual,2027-06-24,2027-06-24,6011,Interest Income,0.0,211.62,-211.62
AE_ACCRUAL_LN000010_18_DR,ACCRUAL_LN000010_18,LN000010,interest_accrual,2027-07-24,2027-07-24,1132,Interest Receivable,211.62,0.0,211.62
AE_ACCRUAL_LN000010_18_CR,ACCRUAL_LN000010_18,LN000010,interest_accrual,2027-07-24,2027-07-24,6011,Interest Income,0.0,211.62,-211.62
AE_ACCRUAL_LN000010_19_DR,ACCRUAL_LN000010_19,LN000010,interest_accrual,2027-08-24,2027-08-24,1132,Interest Receivable,211.62,0.0,211.62
AE_ACCRUAL_LN000010_19_CR,ACCRUAL_LN000010_19,LN000010,interest_accrual,2027-08-24,2027-08-24,6011,Interest Income,0.0,211.62,-211.62
AE_ACCRUAL_LN000010_20_DR,ACCRUAL_LN000010_20,LN000010,interest_accrual,2027-09-24,2027-09-24,1132,Interest Receivable,211.62,0.0,211.62
AE_ACCRUAL_LN000010_20_CR,ACCRUAL_LN000010_20,LN000010,interest_accrual,2027-09-24,2027-09-24,6011,Interest Income,0.0,211.62,-211.62
AE_ACCRUAL_LN000010_21_DR,ACCRUAL_LN000010_21,LN000010,interest_accrual,2027-10-24,2027-10-24,1132,Interest Receivable,211.62,0.0,211.62
AE_ACCRUAL_LN000010_21_CR,ACCRUAL_LN000010_21,LN000010,interest_accrual,2027-10-24,2027-10-24,6011,Interest Income,0.0,211.62,-211.62
AE_ACCRUAL_LN000010_22_DR,ACCRUAL_LN000010_22,LN000010,interest_accrual,2027-11-24,2027-11-24,1132,Interest Receivable,211.62,0.0,211.62
AE_ACCRUAL_LN000010_22_CR,ACCRUAL_LN000010_22,LN000010,interest_accrual,2027-11-24,2027-11-24,6011,Interest Income,0.0,211.62,-211.62
AE_ACCRUAL_LN000010_23_DR,ACCRUAL_LN000010_23,LN000010,interest_accrual,2027-12-24,2027-12-24,1132,Interest Receivable,211.62,0.0,211.62
AE_ACCRUAL_LN000010_23_CR,ACCRUAL_LN000010_23,LN000010,interest_accrual,2027-12-24,2027-12-24,6011,Interest Income,0.0,211.62,-211.62
AE_ACCRUAL_LN000010_24_DR,ACCRUAL_LN000010_24,LN000010,interest_accrual,2028-01-24,2028-01-24,1132,Interest Receivable,211.62,0.0,211.62
AE_ACCRUAL_LN000010_24_CR,ACCRUAL_LN000010_24,LN000010,interest_accrual,2028-01-24,2028-01-24,6011,Interest Income,0.0,211.62,-211.62
AE_ACCRUAL_LN000010_25_DR,ACCRUAL_LN000010_25,LN000010,interest_accrual,2028-02-24,2028-02-24,1132,Interest Receivable,211.62,0.0,211.62
AE_ACCRUAL_LN000010_25_CR,ACCRUAL_LN000010_25,LN000010,interest_accrual,2028-02-24,2028-02-24,6011,Interest Income,0.0,211.62,-211.62
AE_ACCRUAL_LN000010_26_DR,ACCRUAL_LN000010_26,LN000010,interest_accrual,2028-03-24,2028-03-24,1132,Interest Receivable,211.62,0.0,211.62
AE_ACCRUAL_LN000010_26_CR,ACCRUAL_LN000010_26,LN000010,interest_accrual,2028-03-24,2028-03-24,6011,Interest Income,0.0,211.62,-211.62
AE_ACCRUAL_LN000010_27_DR,ACCRUAL_LN000010_27,LN000010,interest_accrual,2028-04-24,2028-04-24,1132,Interest Receivable,211.62,0.0,211.62
AE_ACCRUAL_LN000010_27_CR,ACCRUAL_LN000010_27,LN000010,interest_accrual,2028-04-24,2028-04-24,6011,Interest Income,0.0,211.62,-211.62
AE_ACCRUAL_LN000010_28_DR,ACCRUAL_LN000010_28,LN000010,interest_accrual,2028-05-24,2028-05-24,1132,Interest Receivable,211.62,0.0,211.62
AE_ACCRUAL_LN000010_28_CR,ACCRUAL_LN000010_28,LN000010,interest_accrual,2028-05-24,2028-05-24,6011,Interest Income,0.0,211.62,-211.62
AE_ACCRUAL_LN000010_29_DR,ACCRUAL_LN000010_29,LN000010,interest_accrual,2028-06-24,2028-06-24,1132,Interest Receivable,211.62,0.0,211.62
AE_ACCRUAL_LN000010_29_CR,ACCRUAL_LN000010_29,LN000010,interest_accrual,2028-06-24,2028-06-24,6011,Interest Income,0.0,211.62,-211.62
AE_ACCRUAL_LN000010_30_DR,ACCRUAL_LN000010_30,LN000010,interest_accrual,2028-07-24,2028-07-24,1132,Interest Receivable,211.62,0.0,211.62
AE_ACCRUAL_LN000010_30_CR,ACCRUAL_LN000010_30,LN000010,interest_accrual,2028-07-24,2028-07-24,6011,Interest Income,0.0,211.62,-211.62
AE_ACCRUAL_LN000010_31_DR,ACCRUAL_LN000010_31,LN000010,interest_accrual,2028-08-24,2028-08-24,1132,Interest Receivable,211.62,0.0,211.62
AE_ACCRUAL_LN000010_31_CR,ACCRUAL_LN000010_31,LN000010,interest_accrual,2028-08-24,2028-08-24,6011,Interest Income,0.0,211.62,-211.62
AE_ACCRUAL_LN000010_32_DR,ACCRUAL_LN000010_32,LN000010,interest_accrual,2028-09-24,2028-09-24,1132,Interest Receivable,211.62,0.0,211.62
AE_ACCRUAL_LN000010_32_CR,ACCRUAL_LN000010_32,LN000010,interest_accrual,2028-09-24,2028-09-24,6011,Interest Income,0.0,211.62,-211.62
AE_ACCRUAL_LN000010_33_DR,ACCRUAL_LN000010_33,LN000010,interest_accrual,2028-10-24,2028-10-24,1132,Interest Receivable,211.62,0.0,211.62
AE_ACCRUAL_LN000010_33_CR,ACCRUAL_LN000010_33,LN000010,interest_accrual,2028-10-24,2028-10-24,6011,Interest Income,0.0,211.62,-211.62
AE_ACCRUAL_LN000010_34_DR,ACCRUAL_LN000010_34,LN000010,interest_accrual,2028-11-24,2028-11-24,1132,Interest Receivable,211.62,0.0,211.62
AE_ACCRUAL_LN000010_34_CR,ACCRUAL_LN000010_34,LN000010,interest_accrual,2028-11-24,2028-11-24,6011,Interest Income,0.0,211.62,-211.62
AE_ACCRUAL_LN000010_35_DR,ACCRUAL_LN000010_35,LN000010,interest_accrual,2028-12-24,2028-12-24,1132,Interest Receivable,211.62,0.0,211.62
AE_ACCRUAL_LN000010_35_CR,ACCRUAL_LN000010_35,LN000010,interest_accrual,2028-12-24,2028-12-24,6011,Interest Income,0.0,211.62,-211.62
AE_ACCRUAL_LN000010_36_DR,ACCRUAL_LN000010_36,LN000010,interest_accrual,2029-01-24,2029-01-24,1132,Interest Receivable,211.62,0.0,211.62
AE_ACCRUAL_LN000010_36_CR,ACCRUAL_LN000010_36,LN000010,interest_accrual,2029-01-24,2029-01-24,6011,Interest Income,0.0,211.62,-211.62
AE_ACCRUAL_LN000011_01_DR,ACCRUAL_LN000011_01,LN000011,interest_accrual,2026-03-13,2026-03-13,1132,Interest Receivable,82.92,0.0,82.92
AE_ACCRUAL_LN000011_01_CR,ACCRUAL_LN000011_01,LN000011,interest_accrual,2026-03-13,2026-03-13,6011,Interest Income,0.0,82.92,-82.92
AE_ACCRUAL_LN000011_02_DR,ACCRUAL_LN000011_02,LN000011,interest_accrual,2026-04-13,2026-04-13,1132,Interest Receivable,82.92,0.0,82.92
AE_ACCRUAL_LN000011_02_CR,ACCRUAL_LN000011_02,LN000011,interest_accrual,2026-04-13,2026-04-13,6011,Interest Income,0.0,82.92,-82.92
AE_ACCRUAL_LN000011_03_DR,ACCRUAL_LN000011_03,LN000011,interest_accrual,2026-05-13,2026-05-13,1132,Interest Receivable,82.92,0.0,82.92
AE_ACCRUAL_LN000011_03_CR,ACCRUAL_LN000011_03,LN000011,interest_accrual,2026-05-13,2026-05-13,6011,Interest Income,0.0,82.92,-82.92
AE_ACCRUAL_LN000011_04_DR,ACCRUAL_LN000011_04,LN000011,interest_accrual,2026-06-13,2026-06-13,1132,Interest Receivable,82.92,0.0,82.92
AE_ACCRUAL_LN000011_04_CR,ACCRUAL_LN000011_04,LN000011,interest_accrual,2026-06-13,2026-06-13,6011,Interest Income,0.0,82.92,-82.92
AE_ACCRUAL_LN000011_05_DR,ACCRUAL_LN000011_05,LN000011,interest_accrual,2026-07-13,2026-07-13,1132,Interest Receivable,82.92,0.0,82.92
AE_ACCRUAL_LN000011_05_CR,ACCRUAL_LN000011_05,LN000011,interest_accrual,2026-07-13,2026-07-13,6011,Interest Income,0.0,82.92,-82.92
AE_ACCRUAL_LN000011_06_DR,ACCRUAL_LN000011_06,LN000011,interest_accrual,2026-08-13,2026-08-13,1132,Interest Receivable,82.92,0.0,82.92
AE_ACCRUAL_LN000011_06_CR,ACCRUAL_LN000011_06,LN000011,interest_accrual,2026-08-13,2026-08-13,6011,Interest Income,0.0,82.92,-82.92
AE_ACCRUAL_LN000011_07_DR,ACCRUAL_LN000011_07,LN000011,interest_accrual,2026-09-13,2026-09-13,1132,Interest Receivable,82.92,0.0,82.92
AE_ACCRUAL_LN000011_07_CR,ACCRUAL_LN000011_07,LN000011,interest_accrual,2026-09-13,2026-09-13,6011,Interest Income,0.0,82.92,-82.92
AE_ACCRUAL_LN000011_08_DR,ACCRUAL_LN000011_08,LN000011,interest_accrual,2026-10-13,2026-10-13,1132,Interest Receivable,82.92,0.0,82.92
AE_ACCRUAL_LN000011_08_CR,ACCRUAL_LN000011_08,LN000011,interest_accrual,2026-10-13,2026-10-13,6011,Interest Income,0.0,82.92,-82.92
AE_ACCRUAL_LN000011_09_DR,ACCRUAL_LN000011_09,LN000011,interest_accrual,2026-11-13,2026-11-13,1132,Interest Receivable,82.92,0.0,82.92
AE_ACCRUAL_LN000011_09_CR,ACCRUAL_LN000011_09,LN000011,interest_accrual,2026-11-13,2026-11-13,6011,Interest Income,0.0,82.92,-82.92
AE_ACCRUAL_LN000011_10_DR,ACCRUAL_LN000011_10,LN000011,interest_accrual,2026-12-13,2026-12-13,1132,Interest Receivable,82.92,0.0,82.92
AE_ACCRUAL_LN000011_10_CR,ACCRUAL_LN000011_10,LN000011,interest_accrual,2026-12-13,2026-12-13,6011,Interest Income,0.0,82.92,-82.92
AE_ACCRUAL_LN000011_11_DR,ACCRUAL_LN000011_11,LN000011,interest_accrual,2027-01-13,2027-01-13,1132,Interest Receivable,82.92,0.0,82.92
AE_ACCRUAL_LN000011_11_CR,ACCRUAL_LN000011_11,LN000011,interest_accrual,2027-01-13,2027-01-13,6011,Interest Income,0.0,82.92,-82.92
AE_ACCRUAL_LN000011_12_DR,ACCRUAL_LN000011_12,LN000011,interest_accrual,2027-02-13,2027-02-13,1132,Interest Receivable,82.92,0.0,82.92
AE_ACCRUAL_LN000011_12_CR,ACCRUAL_LN000011_12,LN000011,interest_accrual,2027-02-13,2027-02-13,6011,Interest Income,0.0,82.92,-82.92
AE_ACCRUAL_LN000011_13_DR,ACCRUAL_LN000011_13,LN000011,interest_accrual,2027-03-13,2027-03-13,1132,Interest Receivable,82.92,0.0,82.92
AE_ACCRUAL_LN000011_13_CR,ACCRUAL_LN000011_13,LN000011,interest_accrual,2027-03-13,2027-03-13,6011,Interest Income,0.0,82.92,-82.92
AE_ACCRUAL_LN000011_14_DR,ACCRUAL_LN000011_14,LN000011,interest_accrual,2027-04-13,2027-04-13,1132,Interest Receivable,82.92,0.0,82.92
AE_ACCRUAL_LN000011_14_CR,ACCRUAL_LN000011_14,LN000011,interest_accrual,2027-04-13,2027-04-13,6011,Interest Income,0.0,82.92,-82.92
AE_ACCRUAL_LN000011_15_DR,ACCRUAL_LN000011_15,LN000011,interest_accrual,2027-05-13,2027-05-13,1132,Interest Receivable,82.92,0.0,82.92
AE_ACCRUAL_LN000011_15_CR,ACCRUAL_LN000011_15,LN000011,interest_accrual,2027-05-13,2027-05-13,6011,Interest Income,0.0,82.92,-82.92
AE_ACCRUAL_LN000011_16_DR,ACCRUAL_LN000011_16,LN000011,interest_accrual,2027-06-13,2027-06-13,1132,Interest Receivable,82.92,0.0,82.92
AE_ACCRUAL_LN000011_16_CR,ACCRUAL_LN000011_16,LN000011,interest_accrual,2027-06-13,2027-06-13,6011,Interest Income,0.0,82.92,-82.92
AE_ACCRUAL_LN000011_17_DR,ACCRUAL_LN000011_17,LN000011,interest_accrual,2027-07-13,2027-07-13,1132,Interest Receivable,82.92,0.0,82.92
AE_ACCRUAL_LN000011_17_CR,ACCRUAL_LN000011_17,LN000011,interest_accrual,2027-07-13,2027-07-13,6011,Interest Income,0.0,82.92,-82.92
AE_ACCRUAL_LN000011_18_DR,ACCRUAL_LN000011_18,LN000011,interest_accrual,2027-08-13,2027-08-13,1132,Interest Receivable,82.92,0.0,82.92
AE_ACCRUAL_LN000011_18_CR,ACCRUAL_LN000011_18,LN000011,interest_accrual,2027-08-13,2027-08-13,6011,Interest Income,0.0,82.92,-82.92
AE_ACCRUAL_LN000011_19_DR,ACCRUAL_LN000011_19,LN000011,interest_accrual,2027-09-13,2027-09-13,1132,Interest Receivable,82.92,0.0,82.92
AE_ACCRUAL_LN000011_19_CR,ACCRUAL_LN000011_19,LN000011,interest_accrual,2027-09-13,2027-09-13,6011,Interest Income,0.0,82.92,-82.92
AE_ACCRUAL_LN000011_20_DR,ACCRUAL_LN000011_20,LN000011,interest_accrual,2027-10-13,2027-10-13,1132,Interest Receivable,82.92,0.0,82.92
AE_ACCRUAL_LN000011_20_CR,ACCRUAL_LN000011_20,LN000011,interest_accrual,2027-10-13,2027-10-13,6011,Interest Income,0.0,82.92,-82.92
AE_ACCRUAL_LN000011_21_DR,ACCRUAL_LN000011_21,LN000011,interest_accrual,2027-11-13,2027-11-13,1132,Interest Receivable,82.92,0.0,82.92
AE_ACCRUAL_LN000011_21_CR,ACCRUAL_LN000011_21,LN000011,interest_accrual,2027-11-13,2027-11-13,6011,Interest Income,0.0,82.92,-82.92
AE_ACCRUAL_LN000011_22_DR,ACCRUAL_LN000011_22,LN000011,interest_accrual,2027-12-13,2027-12-13,1132,Interest Receivable,82.92,0.0,82.92
AE_ACCRUAL_LN000011_22_CR,ACCRUAL_LN000011_22,LN000011,interest_accrual,2027-12-13,2027-12-13,6011,Interest Income,0.0,82.92,-82.92
AE_ACCRUAL_LN000011_23_DR,ACCRUAL_LN000011_23,LN000011,interest_accrual,2028-01-13,2028-01-13,1132,Interest Receivable,82.92,0.0,82.92
AE_ACCRUAL_LN000011_23_CR,ACCRUAL_LN000011_23,LN000011,interest_accrual,2028-01-13,2028-01-13,6011,Interest Income,0.0,82.92,-82.92
AE_ACCRUAL_LN000011_24_DR,ACCRUAL_LN000011_24,LN000011,interest_accrual,2028-02-13,2028-02-13,1132,Interest Receivable,82.92,0.0,82.92
AE_ACCRUAL_LN000011_24_CR,ACCRUAL_LN000011_24,LN000011,interest_accrual,2028-02-13,2028-02-13,6011,Interest Income,0.0,82.92,-82.92
AE_ACCRUAL_LN000012_01_DR,ACCRUAL_LN000012_01,LN000012,interest_accrual,2026-03-04,2026-03-04,1132,Interest Receivable,61.08,0.0,61.08
AE_ACCRUAL_LN000012_01_CR,ACCRUAL_LN000012_01,LN000012,interest_accrual,2026-03-04,2026-03-04,6011,Interest Income,0.0,61.08,-61.08
AE_ACCRUAL_LN000012_02_DR,ACCRUAL_LN000012_02,LN000012,interest_accrual,2026-04-04,2026-04-04,1132,Interest Receivable,61.08,0.0,61.08
AE_ACCRUAL_LN000012_02_CR,ACCRUAL_LN000012_02,LN000012,interest_accrual,2026-04-04,2026-04-04,6011,Interest Income,0.0,61.08,-61.08
AE_ACCRUAL_LN000012_03_DR,ACCRUAL_LN000012_03,LN000012,interest_accrual,2026-05-04,2026-05-04,1132,Interest Receivable,61.08,0.0,61.08
AE_ACCRUAL_LN000012_03_CR,ACCRUAL_LN000012_03,LN000012,interest_accrual,2026-05-04,2026-05-04,6011,Interest Income,0.0,61.08,-61.08
AE_ACCRUAL_LN000012_04_DR,ACCRUAL_LN000012_04,LN000012,interest_accrual,2026-06-04,2026-06-04,1132,Interest Receivable,61.08,0.0,61.08
AE_ACCRUAL_LN000012_04_CR,ACCRUAL_LN000012_04,LN000012,interest_accrual,2026-06-04,2026-06-04,6011,Interest Income,0.0,61.08,-61.08
AE_ACCRUAL_LN000012_05_DR,ACCRUAL_LN000012_05,LN000012,interest_accrual,2026-07-04,2026-07-04,1132,Interest Receivable,61.08,0.0,61.08
AE_ACCRUAL_LN000012_05_CR,ACCRUAL_LN000012_05,LN000012,interest_accrual,2026-07-04,2026-07-04,6011,Interest Income,0.0,61.08,-61.08
AE_ACCRUAL_LN000012_06_DR,ACCRUAL_LN000012_06,LN000012,interest_accrual,2026-08-04,2026-08-04,1132,Interest Receivable,61.08,0.0,61.08
AE_ACCRUAL_LN000012_06_CR,ACCRUAL_LN000012_06,LN000012,interest_accrual,2026-08-04,2026-08-04,6011,Interest Income,0.0,61.08,-61.08
AE_ACCRUAL_LN000012_07_DR,ACCRUAL_LN000012_07,LN000012,interest_accrual,2026-09-04,2026-09-04,1132,Interest Receivable,61.08,0.0,61.08
AE_ACCRUAL_LN000012_07_CR,ACCRUAL_LN000012_07,LN000012,interest_accrual,2026-09-04,2026-09-04,6011,Interest Income,0.0,61.08,-61.08
AE_ACCRUAL_LN000012_08_DR,ACCRUAL_LN000012_08,LN000012,interest_accrual,2026-10-04,2026-10-04,1132,Interest Receivable,61.08,0.0,61.08
AE_ACCRUAL_LN000012_08_CR,ACCRUAL_LN000012_08,LN000012,interest_accrual,2026-10-04,2026-10-04,6011,Interest Income,0.0,61.08,-61.08
AE_ACCRUAL_LN000012_09_DR,ACCRUAL_LN000012_09,LN000012,interest_accrual,2026-11-04,2026-11-04,1132,Interest Receivable,61.08,0.0,61.08
AE_ACCRUAL_LN000012_09_CR,ACCRUAL_LN000012_09,LN000012,interest_accrual,2026-11-04,2026-11-04,6011,Interest Income,0.0,61.08,-61.08
AE_ACCRUAL_LN000012_10_DR,ACCRUAL_LN000012_10,LN000012,interest_accrual,2026-12-04,2026-12-04,1132,Interest Receivable,61.08,0.0,61.08
AE_ACCRUAL_LN000012_10_CR,ACCRUAL_LN000012_10,LN000012,interest_accrual,2026-12-04,2026-12-04,6011,Interest Income,0.0,61.08,-61.08
AE_ACCRUAL_LN000012_11_DR,ACCRUAL_LN000012_11,LN000012,interest_accrual,2027-01-04,2027-01-04,1132,Interest Receivable,61.08,0.0,61.08
AE_ACCRUAL_LN000012_11_CR,ACCRUAL_LN000012_11,LN000012,interest_accrual,2027-01-04,2027-01-04,6011,Interest Income,0.0,61.08,-61.08
AE_ACCRUAL_LN000012_12_DR,ACCRUAL_LN000012_12,LN000012,interest_accrual,2027-02-04,2027-02-04,1132,Interest Receivable,61.08,0.0,61.08
AE_ACCRUAL_LN000012_12_CR,ACCRUAL_LN000012_12,LN000012,interest_accrual,2027-02-04,2027-02-04,6011,Interest Income,0.0,61.08,-61.08
AE_ACCRUAL_LN000013_01_DR,ACCRUAL_LN000013_01,LN000013,interest_accrual,2026-04-14,2026-04-14,1132,Interest Receivable,51.47,0.0,51.47
AE_ACCRUAL_LN000013_01_CR,ACCRUAL_LN000013_01,LN000013,interest_accrual,2026-04-14,2026-04-14,6011,Interest Income,0.0,51.47,-51.47
AE_ACCRUAL_LN000013_02_DR,ACCRUAL_LN000013_02,LN000013,interest_accrual,2026-05-14,2026-05-14,1132,Interest Receivable,51.47,0.0,51.47
AE_ACCRUAL_LN000013_02_CR,ACCRUAL_LN000013_02,LN000013,interest_accrual,2026-05-14,2026-05-14,6011,Interest Income,0.0,51.47,-51.47
AE_ACCRUAL_LN000013_03_DR,ACCRUAL_LN000013_03,LN000013,interest_accrual,2026-06-14,2026-06-14,1132,Interest Receivable,51.47,0.0,51.47
AE_ACCRUAL_LN000013_03_CR,ACCRUAL_LN000013_03,LN000013,interest_accrual,2026-06-14,2026-06-14,6011,Interest Income,0.0,51.47,-51.47
AE_ACCRUAL_LN000013_04_DR,ACCRUAL_LN000013_04,LN000013,interest_accrual,2026-07-14,2026-07-14,1132,Interest Receivable,51.47,0.0,51.47
AE_ACCRUAL_LN000013_04_CR,ACCRUAL_LN000013_04,LN000013,interest_accrual,2026-07-14,2026-07-14,6011,Interest Income,0.0,51.47,-51.47
AE_ACCRUAL_LN000013_05_DR,ACCRUAL_LN000013_05,LN000013,interest_accrual,2026-08-14,2026-08-14,1132,Interest Receivable,51.47,0.0,51.47
AE_ACCRUAL_LN000013_05_CR,ACCRUAL_LN000013_05,LN000013,interest_accrual,2026-08-14,2026-08-14,6011,Interest Income,0.0,51.47,-51.47
AE_ACCRUAL_LN000013_06_DR,ACCRUAL_LN000013_06,LN000013,interest_accrual,2026-09-14,2026-09-14,1132,Interest Receivable,51.47,0.0,51.47
AE_ACCRUAL_LN000013_06_CR,ACCRUAL_LN000013_06,LN000013,interest_accrual,2026-09-14,2026-09-14,6011,Interest Income,0.0,51.47,-51.47
AE_ACCRUAL_LN000013_07_DR,ACCRUAL_LN000013_07,LN000013,interest_accrual,2026-10-14,2026-10-14,1132,Interest Receivable,51.47,0.0,51.47
AE_ACCRUAL_LN000013_07_CR,ACCRUAL_LN000013_07,LN000013,interest_accrual,2026-10-14,2026-10-14,6011,Interest Income,0.0,51.47,-51.47
AE_ACCRUAL_LN000013_08_DR,ACCRUAL_LN000013_08,LN000013,interest_accrual,2026-11-14,2026-11-14,1132,Interest Receivable,51.47,0.0,51.47
AE_ACCRUAL_LN000013_08_CR,ACCRUAL_LN000013_08,LN000013,interest_accrual,2026-11-14,2026-11-14,6011,Interest Income,0.0,51.47,-51.47
AE_ACCRUAL_LN000013_09_DR,ACCRUAL_LN000013_09,LN000013,interest_accrual,2026-12-14,2026-12-14,1132,Interest Receivable,51.47,0.0,51.47
AE_ACCRUAL_LN000013_09_CR,ACCRUAL_LN000013_09,LN000013,interest_accrual,2026-12-14,2026-12-14,6011,Interest Income,0.0,51.47,-51.47
AE_ACCRUAL_LN000013_10_DR,ACCRUAL_LN000013_10,LN000013,interest_accrual,2027-01-14,2027-01-14,1132,Interest Receivable,51.47,0.0,51.47
AE_ACCRUAL_LN000013_10_CR,ACCRUAL_LN000013_10,LN000013,interest_accrual,2027-01-14,2027-01-14,6011,Interest Income,0.0,51.47,-51.47
AE_ACCRUAL_LN000013_11_DR,ACCRUAL_LN000013_11,LN000013,interest_accrual,2027-02-14,2027-02-14,1132,Interest Receivable,51.47,0.0,51.47
AE_ACCRUAL_LN000013_11_CR,ACCRUAL_LN000013_11,LN000013,interest_accrual,2027-02-14,2027-02-14,6011,Interest Income,0.0,51.47,-51.47
AE_ACCRUAL_LN000013_12_DR,ACCRUAL_LN000013_12,LN000013,interest_accrual,2027-03-14,2027-03-14,1132,Interest Receivable,51.47,0.0,51.47
AE_ACCRUAL_LN000013_12_CR,ACCRUAL_LN000013_12,LN000013,interest_accrual,2027-03-14,2027-03-14,6011,Interest Income,0.0,51.47,-51.47
AE_ACCRUAL_LN000013_13_DR,ACCRUAL_LN000013_13,LN000013,interest_accrual,2027-04-14,2027-04-14,1132,Interest Receivable,51.47,0.0,51.47
AE_ACCRUAL_LN000013_13_CR,ACCRUAL_LN000013_13,LN000013,interest_accrual,2027-04-14,2027-04-14,6011,Interest Income,0.0,51.47,-51.47
AE_ACCRUAL_LN000013_14_DR,ACCRUAL_LN000013_14,LN000013,interest_accrual,2027-05-14,2027-05-14,1132,Interest Receivable,51.47,0.0,51.47
AE_ACCRUAL_LN000013_14_CR,ACCRUAL_LN000013_14,LN000013,interest_accrual,2027-05-14,2027-05-14,6011,Interest Income,0.0,51.47,-51.47
AE_ACCRUAL_LN000013_15_DR,ACCRUAL_LN000013_15,LN000013,interest_accrual,2027-06-14,2027-06-14,1132,Interest Receivable,51.47,0.0,51.47
AE_ACCRUAL_LN000013_15_CR,ACCRUAL_LN000013_15,LN000013,interest_accrual,2027-06-14,2027-06-14,6011,Interest Income,0.0,51.47,-51.47
AE_ACCRUAL_LN000013_16_DR,ACCRUAL_LN000013_16,LN000013,interest_accrual,2027-07-14,2027-07-14,1132,Interest Receivable,51.47,0.0,51.47
AE_ACCRUAL_LN000013_16_CR,ACCRUAL_LN000013_16,LN000013,interest_accrual,2027-07-14,2027-07-14,6011,Interest Income,0.0,51.47,-51.47
AE_ACCRUAL_LN000013_17_DR,ACCRUAL_LN000013_17,LN000013,interest_accrual,2027-08-14,2027-08-14,1132,Interest Receivable,51.47,0.0,51.47
AE_ACCRUAL_LN000013_17_CR,ACCRUAL_LN000013_17,LN000013,interest_accrual,2027-08-14,2027-08-14,6011,Interest Income,0.0,51.47,-51.47
AE_ACCRUAL_LN000013_18_DR,ACCRUAL_LN000013_18,LN000013,interest_accrual,2027-09-14,2027-09-14,1132,Interest Receivable,51.47,0.0,51.47
AE_ACCRUAL_LN000013_18_CR,ACCRUAL_LN000013_18,LN000013,interest_accrual,2027-09-14,2027-09-14,6011,Interest Income,0.0,51.47,-51.47
AE_ACCRUAL_LN000013_19_DR,ACCRUAL_LN000013_19,LN000013,interest_accrual,2027-10-14,2027-10-14,1132,Interest Receivable,51.47,0.0,51.47
AE_ACCRUAL_LN000013_19_CR,ACCRUAL_LN000013_19,LN000013,interest_accrual,2027-10-14,2027-10-14,6011,Interest Income,0.0,51.47,-51.47
AE_ACCRUAL_LN000013_20_DR,ACCRUAL_LN000013_20,LN000013,interest_accrual,2027-11-14,2027-11-14,1132,Interest Receivable,51.47,0.0,51.47
AE_ACCRUAL_LN000013_20_CR,ACCRUAL_LN000013_20,LN000013,interest_accrual,2027-11-14,2027-11-14,6011,Interest Income,0.0,51.47,-51.47
AE_ACCRUAL_LN000013_21_DR,ACCRUAL_LN000013_21,LN000013,interest_accrual,2027-12-14,2027-12-14,1132,Interest Receivable,51.47,0.0,51.47
AE_ACCRUAL_LN000013_21_CR,ACCRUAL_LN000013_21,LN000013,interest_accrual,2027-12-14,2027-12-14,6011,Interest Income,0.0,51.47,-51.47
AE_ACCRUAL_LN000013_22_DR,ACCRUAL_LN000013_22,LN000013,interest_accrual,2028-01-14,2028-01-14,1132,Interest Receivable,51.47,0.0,51.47
AE_ACCRUAL_LN000013_22_CR,ACCRUAL_LN000013_22,LN000013,interest_accrual,2028-01-14,2028-01-14,6011,Interest Income,0.0,51.47,-51.47
AE_ACCRUAL_LN000013_23_DR,ACCRUAL_LN000013_23,LN000013,interest_accrual,2028-02-14,2028-02-14,1132,Interest Receivable,51.47,0.0,51.47
AE_ACCRUAL_LN000013_23_CR,ACCRUAL_LN000013_23,LN000013,interest_accrual,2028-02-14,2028-02-14,6011,Interest Income,0.0,51.47,-51.47
AE_ACCRUAL_LN000013_24_DR,ACCRUAL_LN000013_24,LN000013,interest_accrual,2028-03-14,2028-03-14,1132,Interest Receivable,51.47,0.0,51.47
AE_ACCRUAL_LN000013_24_CR,ACCRUAL_LN000013_24,LN000013,interest_accrual,2028-03-14,2028-03-14,6011,Interest Income,0.0,51.47,-51.47
AE_ACCRUAL_LN000013_25_DR,ACCRUAL_LN000013_25,LN000013,interest_accrual,2028-04-14,2028-04-14,1132,Interest Receivable,51.47,0.0,51.47
AE_ACCRUAL_LN000013_25_CR,ACCRUAL_LN000013_25,LN000013,interest_accrual,2028-04-14,2028-04-14,6011,Interest Income,0.0,51.47,-51.47
AE_ACCRUAL_LN000013_26_DR,ACCRUAL_LN000013_26,LN000013,interest_accrual,2028-05-14,2028-05-14,1132,Interest Receivable,51.47,0.0,51.47
AE_ACCRUAL_LN000013_26_CR,ACCRUAL_LN000013_26,LN000013,interest_accrual,2028-05-14,2028-05-14,6011,Interest Income,0.0,51.47,-51.47
AE_ACCRUAL_LN000013_27_DR,ACCRUAL_LN000013_27,LN000013,interest_accrual,2028-06-14,2028-06-14,1132,Interest Receivable,51.47,0.0,51.47
AE_ACCRUAL_LN000013_27_CR,ACCRUAL_LN000013_27,LN000013,interest_accrual,2028-06-14,2028-06-14,6011,Interest Income,0.0,51.47,-51.47
AE_ACCRUAL_LN000013_28_DR,ACCRUAL_LN000013_28,LN000013,interest_accrual,2028-07-14,2028-07-14,1132,Interest Receivable,51.47,0.0,51.47
AE_ACCRUAL_LN000013_28_CR,ACCRUAL_LN000013_28,LN000013,interest_accrual,2028-07-14,2028-07-14,6011,Interest Income,0.0,51.47,-51.47
AE_ACCRUAL_LN000013_29_DR,ACCRUAL_LN000013_29,LN000013,interest_accrual,2028-08-14,2028-08-14,1132,Interest Receivable,51.47,0.0,51.47
AE_ACCRUAL_LN000013_29_CR,ACCRUAL_LN000013_29,LN000013,interest_accrual,2028-08-14,2028-08-14,6011,Interest Income,0.0,51.47,-51.47
AE_ACCRUAL_LN000013_30_DR,ACCRUAL_LN000013_30,LN000013,interest_accrual,2028-09-14,2028-09-14,1132,Interest Receivable,51.47,0.0,51.47
AE_ACCRUAL_LN000013_30_CR,ACCRUAL_LN000013_30,LN000013,interest_accrual,2028-09-14,2028-09-14,6011,Interest Income,0.0,51.47,-51.47
AE_ACCRUAL_LN000013_31_DR,ACCRUAL_LN000013_31,LN000013,interest_accrual,2028-10-14,2028-10-14,1132,Interest Receivable,51.47,0.0,51.47
AE_ACCRUAL_LN000013_31_CR,ACCRUAL_LN000013_31,LN000013,interest_accrual,2028-10-14,2028-10-14,6011,Interest Income,0.0,51.47,-51.47
AE_ACCRUAL_LN000013_32_DR,ACCRUAL_LN000013_32,LN000013,interest_accrual,2028-11-14,2028-11-14,1132,Interest Receivable,51.47,0.0,51.47
AE_ACCRUAL_LN000013_32_CR,ACCRUAL_LN000013_32,LN000013,interest_accrual,2028-11-14,2028-11-14,6011,Interest Income,0.0,51.47,-51.47
AE_ACCRUAL_LN000013_33_DR,ACCRUAL_LN000013_33,LN000013,interest_accrual,2028-12-14,2028-12-14,1132,Interest Receivable,51.47,0.0,51.47
AE_ACCRUAL_LN000013_33_CR,ACCRUAL_LN000013_33,LN000013,interest_accrual,2028-12-14,2028-12-14,6011,Interest Income,0.0,51.47,-51.47
AE_ACCRUAL_LN000013_34_DR,ACCRUAL_LN000013_34,LN000013,interest_accrual,2029-01-14,2029-01-14,1132,Interest Receivable,51.47,0.0,51.47
AE_ACCRUAL_LN000013_34_CR,ACCRUAL_LN000013_34,LN000013,interest_accrual,2029-01-14,2029-01-14,6011,Interest Income,0.0,51.47,-51.47
AE_ACCRUAL_LN000013_35_DR,ACCRUAL_LN000013_35,LN000013,interest_accrual,2029-02-14,2029-02-14,1132,Interest Receivable,51.47,0.0,51.47
AE_ACCRUAL_LN000013_35_CR,ACCRUAL_LN000013_35,LN000013,interest_accrual,2029-02-14,2029-02-14,6011,Interest Income,0.0,51.47,-51.47
AE_ACCRUAL_LN000013_36_DR,ACCRUAL_LN000013_36,LN000013,interest_accrual,2029-03-14,2029-03-14,1132,Interest Receivable,51.47,0.0,51.47
AE_ACCRUAL_LN000013_36_CR,ACCRUAL_LN000013_36,LN000013,interest_accrual,2029-03-14,2029-03-14,6011,Interest Income,0.0,51.47,-51.47
AE_ACCRUAL_LN000014_01_DR,ACCRUAL_LN000014_01,LN000014,interest_accrual,2026-04-06,2026-04-06,1132,Interest Receivable,532.0,0.0,532.0
AE_ACCRUAL_LN000014_01_CR,ACCRUAL_LN000014_01,LN000014,interest_accrual,2026-04-06,2026-04-06,6011,Interest Income,0.0,532.0,-532.0
AE_ACCRUAL_LN000014_02_DR,ACCRUAL_LN000014_02,LN000014,interest_accrual,2026-05-06,2026-05-06,1132,Interest Receivable,532.0,0.0,532.0
AE_ACCRUAL_LN000014_02_CR,ACCRUAL_LN000014_02,LN000014,interest_accrual,2026-05-06,2026-05-06,6011,Interest Income,0.0,532.0,-532.0
AE_ACCRUAL_LN000014_03_DR,ACCRUAL_LN000014_03,LN000014,interest_accrual,2026-06-06,2026-06-06,1132,Interest Receivable,532.0,0.0,532.0
AE_ACCRUAL_LN000014_03_CR,ACCRUAL_LN000014_03,LN000014,interest_accrual,2026-06-06,2026-06-06,6011,Interest Income,0.0,532.0,-532.0
AE_ACCRUAL_LN000014_04_DR,ACCRUAL_LN000014_04,LN000014,interest_accrual,2026-07-06,2026-07-06,1132,Interest Receivable,532.0,0.0,532.0
AE_ACCRUAL_LN000014_04_CR,ACCRUAL_LN000014_04,LN000014,interest_accrual,2026-07-06,2026-07-06,6011,Interest Income,0.0,532.0,-532.0
AE_ACCRUAL_LN000014_05_DR,ACCRUAL_LN000014_05,LN000014,interest_accrual,2026-08-06,2026-08-06,1132,Interest Receivable,532.0,0.0,532.0
AE_ACCRUAL_LN000014_05_CR,ACCRUAL_LN000014_05,LN000014,interest_accrual,2026-08-06,2026-08-06,6011,Interest Income,0.0,532.0,-532.0
AE_ACCRUAL_LN000014_06_DR,ACCRUAL_LN000014_06,LN000014,interest_accrual,2026-09-06,2026-09-06,1132,Interest Receivable,532.0,0.0,532.0
AE_ACCRUAL_LN000014_06_CR,ACCRUAL_LN000014_06,LN000014,interest_accrual,2026-09-06,2026-09-06,6011,Interest Income,0.0,532.0,-532.0
AE_ACCRUAL_LN000014_07_DR,ACCRUAL_LN000014_07,LN000014,interest_accrual,2026-10-06,2026-10-06,1132,Interest Receivable,532.0,0.0,532.0
AE_ACCRUAL_LN000014_07_CR,ACCRUAL_LN000014_07,LN000014,interest_accrual,2026-10-06,2026-10-06,6011,Interest Income,0.0,532.0,-532.0
AE_ACCRUAL_LN000014_08_DR,ACCRUAL_LN000014_08,LN000014,interest_accrual,2026-11-06,2026-11-06,1132,Interest Receivable,532.0,0.0,532.0
AE_ACCRUAL_LN000014_08_CR,ACCRUAL_LN000014_08,LN000014,interest_accrual,2026-11-06,2026-11-06,6011,Interest Income,0.0,532.0,-532.0
AE_ACCRUAL_LN000014_09_DR,ACCRUAL_LN000014_09,LN000014,interest_accrual,2026-12-06,2026-12-06,1132,Interest Receivable,532.0,0.0,532.0
AE_ACCRUAL_LN000014_09_CR,ACCRUAL_LN000014_09,LN000014,interest_accrual,2026-12-06,2026-12-06,6011,Interest Income,0.0,532.0,-532.0
AE_ACCRUAL_LN000014_10_DR,ACCRUAL_LN000014_10,LN000014,interest_accrual,2027-01-06,2027-01-06,1132,Interest Receivable,532.0,0.0,532.0
AE_ACCRUAL_LN000014_10_CR,ACCRUAL_LN000014_10,LN000014,interest_accrual,2027-01-06,2027-01-06,6011,Interest Income,0.0,532.0,-532.0
AE_ACCRUAL_LN000014_11_DR,ACCRUAL_LN000014_11,LN000014,interest_accrual,2027-02-06,2027-02-06,1132,Interest Receivable,532.0,0.0,532.0
AE_ACCRUAL_LN000014_11_CR,ACCRUAL_LN000014_11,LN000014,interest_accrual,2027-02-06,2027-02-06,6011,Interest Income,0.0,532.0,-532.0
AE_ACCRUAL_LN000014_12_DR,ACCRUAL_LN000014_12,LN000014,interest_accrual,2027-03-06,2027-03-06,1132,Interest Receivable,532.0,0.0,532.0
AE_ACCRUAL_LN000014_12_CR,ACCRUAL_LN000014_12,LN000014,interest_accrual,2027-03-06,2027-03-06,6011,Interest Income,0.0,532.0,-532.0
AE_ACCRUAL_LN000014_13_DR,ACCRUAL_LN000014_13,LN000014,interest_accrual,2027-04-06,2027-04-06,1132,Interest Receivable,532.0,0.0,532.0
AE_ACCRUAL_LN000014_13_CR,ACCRUAL_LN000014_13,LN000014,interest_accrual,2027-04-06,2027-04-06,6011,Interest Income,0.0,532.0,-532.0
AE_ACCRUAL_LN000014_14_DR,ACCRUAL_LN000014_14,LN000014,interest_accrual,2027-05-06,2027-05-06,1132,Interest Receivable,532.0,0.0,532.0
AE_ACCRUAL_LN000014_14_CR,ACCRUAL_LN000014_14,LN000014,interest_accrual,2027-05-06,2027-05-06,6011,Interest Income,0.0,532.0,-532.0
AE_ACCRUAL_LN000014_15_DR,ACCRUAL_LN000014_15,LN000014,interest_accrual,2027-06-06,2027-06-06,1132,Interest Receivable,532.0,0.0,532.0
AE_ACCRUAL_LN000014_15_CR,ACCRUAL_LN000014_15,LN000014,interest_accrual,2027-06-06,2027-06-06,6011,Interest Income,0.0,532.0,-532.0
AE_ACCRUAL_LN000014_16_DR,ACCRUAL_LN000014_16,LN000014,interest_accrual,2027-07-06,2027-07-06,1132,Interest Receivable,532.0,0.0,532.0
AE_ACCRUAL_LN000014_16_CR,ACCRUAL_LN000014_16,LN000014,interest_accrual,2027-07-06,2027-07-06,6011,Interest Income,0.0,532.0,-532.0
AE_ACCRUAL_LN000014_17_DR,ACCRUAL_LN000014_17,LN000014,interest_accrual,2027-08-06,2027-08-06,1132,Interest Receivable,532.0,0.0,532.0
AE_ACCRUAL_LN000014_17_CR,ACCRUAL_LN000014_17,LN000014,interest_accrual,2027-08-06,2027-08-06,6011,Interest Income,0.0,532.0,-532.0
AE_ACCRUAL_LN000014_18_DR,ACCRUAL_LN000014_18,LN000014,interest_accrual,2027-09-06,2027-09-06,1132,Interest Receivable,532.0,0.0,532.0
AE_ACCRUAL_LN000014_18_CR,ACCRUAL_LN000014_18,LN000014,interest_accrual,2027-09-06,2027-09-06,6011,Interest Income,0.0,532.0,-532.0
AE_ACCRUAL_LN000014_19_DR,ACCRUAL_LN000014_19,LN000014,interest_accrual,2027-10-06,2027-10-06,1132,Interest Receivable,532.0,0.0,532.0
AE_ACCRUAL_LN000014_19_CR,ACCRUAL_LN000014_19,LN000014,interest_accrual,2027-10-06,2027-10-06,6011,Interest Income,0.0,532.0,-532.0
AE_ACCRUAL_LN000014_20_DR,ACCRUAL_LN000014_20,LN000014,interest_accrual,2027-11-06,2027-11-06,1132,Interest Receivable,532.0,0.0,532.0
AE_ACCRUAL_LN000014_20_CR,ACCRUAL_LN000014_20,LN000014,interest_accrual,2027-11-06,2027-11-06,6011,Interest Income,0.0,532.0,-532.0
AE_ACCRUAL_LN000014_21_DR,ACCRUAL_LN000014_21,LN000014,interest_accrual,2027-12-06,2027-12-06,1132,Interest Receivable,532.0,0.0,532.0
AE_ACCRUAL_LN000014_21_CR,ACCRUAL_LN000014_21,LN000014,interest_accrual,2027-12-06,2027-12-06,6011,Interest Income,0.0,532.0,-532.0
AE_ACCRUAL_LN000014_22_DR,ACCRUAL_LN000014_22,LN000014,interest_accrual,2028-01-06,2028-01-06,1132,Interest Receivable,532.0,0.0,532.0
AE_ACCRUAL_LN000014_22_CR,ACCRUAL_LN000014_22,LN000014,interest_accrual,2028-01-06,2028-01-06,6011,Interest Income,0.0,532.0,-532.0
AE_ACCRUAL_LN000014_23_DR,ACCRUAL_LN000014_23,LN000014,interest_accrual,2028-02-06,2028-02-06,1132,Interest Receivable,532.0,0.0,532.0
AE_ACCRUAL_LN000014_23_CR,ACCRUAL_LN000014_23,LN000014,interest_accrual,2028-02-06,2028-02-06,6011,Interest Income,0.0,532.0,-532.0
AE_ACCRUAL_LN000014_24_DR,ACCRUAL_LN000014_24,LN000014,interest_accrual,2028-03-06,2028-03-06,1132,Interest Receivable,532.0,0.0,532.0
AE_ACCRUAL_LN000014_24_CR,ACCRUAL_LN000014_24,LN000014,interest_accrual,2028-03-06,2028-03-06,6011,Interest Income,0.0,532.0,-532.0
AE_ACCRUAL_LN000014_25_DR,ACCRUAL_LN000014_25,LN000014,interest_accrual,2028-04-06,2028-04-06,1132,Interest Receivable,532.0,0.0,532.0
AE_ACCRUAL_LN000014_25_CR,ACCRUAL_LN000014_25,LN000014,interest_accrual,2028-04-06,2028-04-06,6011,Interest Income,0.0,532.0,-532.0
AE_ACCRUAL_LN000014_26_DR,ACCRUAL_LN000014_26,LN000014,interest_accrual,2028-05-06,2028-05-06,1132,Interest Receivable,532.0,0.0,532.0
AE_ACCRUAL_LN000014_26_CR,ACCRUAL_LN000014_26,LN000014,interest_accrual,2028-05-06,2028-05-06,6011,Interest Income,0.0,532.0,-532.0
AE_ACCRUAL_LN000014_27_DR,ACCRUAL_LN000014_27,LN000014,interest_accrual,2028-06-06,2028-06-06,1132,Interest Receivable,532.0,0.0,532.0
AE_ACCRUAL_LN000014_27_CR,ACCRUAL_LN000014_27,LN000014,interest_accrual,2028-06-06,2028-06-06,6011,Interest Income,0.0,532.0,-532.0
AE_ACCRUAL_LN000014_28_DR,ACCRUAL_LN000014_28,LN000014,interest_accrual,2028-07-06,2028-07-06,1132,Interest Receivable,532.0,0.0,532.0
AE_ACCRUAL_LN000014_28_CR,ACCRUAL_LN000014_28,LN000014,interest_accrual,2028-07-06,2028-07-06,6011,Interest Income,0.0,532.0,-532.0
AE_ACCRUAL_LN000014_29_DR,ACCRUAL_LN000014_29,LN000014,interest_accrual,2028-08-06,2028-08-06,1132,Interest Receivable,532.0,0.0,532.0
AE_ACCRUAL_LN000014_29_CR,ACCRUAL_LN000014_29,LN000014,interest_accrual,2028-08-06,2028-08-06,6011,Interest Income,0.0,532.0,-532.0
AE_ACCRUAL_LN000014_30_DR,ACCRUAL_LN000014_30,LN000014,interest_accrual,2028-09-06,2028-09-06,1132,Interest Receivable,532.0,0.0,532.0
AE_ACCRUAL_LN000014_30_CR,ACCRUAL_LN000014_30,LN000014,interest_accrual,2028-09-06,2028-09-06,6011,Interest Income,0.0,532.0,-532.0
AE_ACCRUAL_LN000014_31_DR,ACCRUAL_LN000014_31,LN000014,interest_accrual,2028-10-06,2028-10-06,1132,Interest Receivable,532.0,0.0,532.0
AE_ACCRUAL_LN000014_31_CR,ACCRUAL_LN000014_31,LN000014,interest_accrual,2028-10-06,2028-10-06,6011,Interest Income,0.0,532.0,-532.0
AE_ACCRUAL_LN000014_32_DR,ACCRUAL_LN000014_32,LN000014,interest_accrual,2028-11-06,2028-11-06,1132,Interest Receivable,532.0,0.0,532.0
AE_ACCRUAL_LN000014_32_CR,ACCRUAL_LN000014_32,LN000014,interest_accrual,2028-11-06,2028-11-06,6011,Interest Income,0.0,532.0,-532.0
AE_ACCRUAL_LN000014_33_DR,ACCRUAL_LN000014_33,LN000014,interest_accrual,2028-12-06,2028-12-06,1132,Interest Receivable,532.0,0.0,532.0
AE_ACCRUAL_LN000014_33_CR,ACCRUAL_LN000014_33,LN000014,interest_accrual,2028-12-06,2028-12-06,6011,Interest Income,0.0,532.0,-532.0
AE_ACCRUAL_LN000014_34_DR,ACCRUAL_LN000014_34,LN000014,interest_accrual,2029-01-06,2029-01-06,1132,Interest Receivable,532.0,0.0,532.0
AE_ACCRUAL_LN000014_34_CR,ACCRUAL_LN000014_34,LN000014,interest_accrual,2029-01-06,2029-01-06,6011,Interest Income,0.0,532.0,-532.0
AE_ACCRUAL_LN000014_35_DR,ACCRUAL_LN000014_35,LN000014,interest_accrual,2029-02-06,2029-02-06,1132,Interest Receivable,532.0,0.0,532.0
AE_ACCRUAL_LN000014_35_CR,ACCRUAL_LN000014_35,LN000014,interest_accrual,2029-02-06,2029-02-06,6011,Interest Income,0.0,532.0,-532.0
AE_ACCRUAL_LN000014_36_DR,ACCRUAL_LN000014_36,LN000014,interest_accrual,2029-03-06,2029-03-06,1132,Interest Receivable,532.0,0.0,532.0
AE_ACCRUAL_LN000014_36_CR,ACCRUAL_LN000014_36,LN000014,interest_accrual,2029-03-06,2029-03-06,6011,Interest Income,0.0,532.0,-532.0
AE_ACCRUAL_LN000015_01_DR,ACCRUAL_LN000015_01,LN000015,interest_accrual,2026-04-20,2026-04-20,1132,Interest Receivable,92.73,0.0,92.73
AE_ACCRUAL_LN000015_01_CR,ACCRUAL_LN000015_01,LN000015,interest_accrual,2026-04-20,2026-04-20,6011,Interest Income,0.0,92.73,-92.73
AE_ACCRUAL_LN000015_02_DR,ACCRUAL_LN000015_02,LN000015,interest_accrual,2026-05-20,2026-05-20,1132,Interest Receivable,92.73,0.0,92.73
AE_ACCRUAL_LN000015_02_CR,ACCRUAL_LN000015_02,LN000015,interest_accrual,2026-05-20,2026-05-20,6011,Interest Income,0.0,92.73,-92.73
AE_ACCRUAL_LN000015_03_DR,ACCRUAL_LN000015_03,LN000015,interest_accrual,2026-06-20,2026-06-20,1132,Interest Receivable,92.73,0.0,92.73
AE_ACCRUAL_LN000015_03_CR,ACCRUAL_LN000015_03,LN000015,interest_accrual,2026-06-20,2026-06-20,6011,Interest Income,0.0,92.73,-92.73
AE_ACCRUAL_LN000015_04_DR,ACCRUAL_LN000015_04,LN000015,interest_accrual,2026-07-20,2026-07-20,1132,Interest Receivable,92.73,0.0,92.73
AE_ACCRUAL_LN000015_04_CR,ACCRUAL_LN000015_04,LN000015,interest_accrual,2026-07-20,2026-07-20,6011,Interest Income,0.0,92.73,-92.73
AE_ACCRUAL_LN000015_05_DR,ACCRUAL_LN000015_05,LN000015,interest_accrual,2026-08-20,2026-08-20,1132,Interest Receivable,92.73,0.0,92.73
AE_ACCRUAL_LN000015_05_CR,ACCRUAL_LN000015_05,LN000015,interest_accrual,2026-08-20,2026-08-20,6011,Interest Income,0.0,92.73,-92.73
AE_ACCRUAL_LN000015_06_DR,ACCRUAL_LN000015_06,LN000015,interest_accrual,2026-09-20,2026-09-20,1132,Interest Receivable,92.73,0.0,92.73
AE_ACCRUAL_LN000015_06_CR,ACCRUAL_LN000015_06,LN000015,interest_accrual,2026-09-20,2026-09-20,6011,Interest Income,0.0,92.73,-92.73
AE_ACCRUAL_LN000015_07_DR,ACCRUAL_LN000015_07,LN000015,interest_accrual,2026-10-20,2026-10-20,1132,Interest Receivable,92.73,0.0,92.73
AE_ACCRUAL_LN000015_07_CR,ACCRUAL_LN000015_07,LN000015,interest_accrual,2026-10-20,2026-10-20,6011,Interest Income,0.0,92.73,-92.73
AE_ACCRUAL_LN000015_08_DR,ACCRUAL_LN000015_08,LN000015,interest_accrual,2026-11-20,2026-11-20,1132,Interest Receivable,92.73,0.0,92.73
AE_ACCRUAL_LN000015_08_CR,ACCRUAL_LN000015_08,LN000015,interest_accrual,2026-11-20,2026-11-20,6011,Interest Income,0.0,92.73,-92.73
AE_ACCRUAL_LN000015_09_DR,ACCRUAL_LN000015_09,LN000015,interest_accrual,2026-12-20,2026-12-20,1132,Interest Receivable,92.73,0.0,92.73
AE_ACCRUAL_LN000015_09_CR,ACCRUAL_LN000015_09,LN000015,interest_accrual,2026-12-20,2026-12-20,6011,Interest Income,0.0,92.73,-92.73
AE_ACCRUAL_LN000015_10_DR,ACCRUAL_LN000015_10,LN000015,interest_accrual,2027-01-20,2027-01-20,1132,Interest Receivable,92.73,0.0,92.73
AE_ACCRUAL_LN000015_10_CR,ACCRUAL_LN000015_10,LN000015,interest_accrual,2027-01-20,2027-01-20,6011,Interest Income,0.0,92.73,-92.73
AE_ACCRUAL_LN000015_11_DR,ACCRUAL_LN000015_11,LN000015,interest_accrual,2027-02-20,2027-02-20,1132,Interest Receivable,92.73,0.0,92.73
AE_ACCRUAL_LN000015_11_CR,ACCRUAL_LN000015_11,LN000015,interest_accrual,2027-02-20,2027-02-20,6011,Interest Income,0.0,92.73,-92.73
AE_ACCRUAL_LN000015_12_DR,ACCRUAL_LN000015_12,LN000015,interest_accrual,2027-03-20,2027-03-20,1132,Interest Receivable,92.73,0.0,92.73
AE_ACCRUAL_LN000015_12_CR,ACCRUAL_LN000015_12,LN000015,interest_accrual,2027-03-20,2027-03-20,6011,Interest Income,0.0,92.73,-92.73
AE_ACCRUAL_LN000015_13_DR,ACCRUAL_LN000015_13,LN000015,interest_accrual,2027-04-20,2027-04-20,1132,Interest Receivable,92.73,0.0,92.73
AE_ACCRUAL_LN000015_13_CR,ACCRUAL_LN000015_13,LN000015,interest_accrual,2027-04-20,2027-04-20,6011,Interest Income,0.0,92.73,-92.73
AE_ACCRUAL_LN000015_14_DR,ACCRUAL_LN000015_14,LN000015,interest_accrual,2027-05-20,2027-05-20,1132,Interest Receivable,92.73,0.0,92.73
AE_ACCRUAL_LN000015_14_CR,ACCRUAL_LN000015_14,LN000015,interest_accrual,2027-05-20,2027-05-20,6011,Interest Income,0.0,92.73,-92.73
AE_ACCRUAL_LN000015_15_DR,ACCRUAL_LN000015_15,LN000015,interest_accrual,2027-06-20,2027-06-20,1132,Interest Receivable,92.73,0.0,92.73
AE_ACCRUAL_LN000015_15_CR,ACCRUAL_LN000015_15,LN000015,interest_accrual,2027-06-20,2027-06-20,6011,Interest Income,0.0,92.73,-92.73
AE_ACCRUAL_LN000015_16_DR,ACCRUAL_LN000015_16,LN000015,interest_accrual,2027-07-20,2027-07-20,1132,Interest Receivable,92.73,0.0,92.73
AE_ACCRUAL_LN000015_16_CR,ACCRUAL_LN000015_16,LN000015,interest_accrual,2027-07-20,2027-07-20,6011,Interest Income,0.0,92.73,-92.73
AE_ACCRUAL_LN000015_17_DR,ACCRUAL_LN000015_17,LN000015,interest_accrual,2027-08-20,2027-08-20,1132,Interest Receivable,92.73,0.0,92.73
AE_ACCRUAL_LN000015_17_CR,ACCRUAL_LN000015_17,LN000015,interest_accrual,2027-08-20,2027-08-20,6011,Interest Income,0.0,92.73,-92.73
AE_ACCRUAL_LN000015_18_DR,ACCRUAL_LN000015_18,LN000015,interest_accrual,2027-09-20,2027-09-20,1132,Interest Receivable,92.73,0.0,92.73
AE_ACCRUAL_LN000015_18_CR,ACCRUAL_LN000015_18,LN000015,interest_accrual,2027-09-20,2027-09-20,6011,Interest Income,0.0,92.73,-92.73
AE_ACCRUAL_LN000016_01_DR,ACCRUAL_LN000016_01,LN000016,interest_accrual,2026-02-04,2026-02-04,1132,Interest Receivable,262.0,0.0,262.0
AE_ACCRUAL_LN000016_01_CR,ACCRUAL_LN000016_01,LN000016,interest_accrual,2026-02-04,2026-02-04,6011,Interest Income,0.0,262.0,-262.0
AE_ACCRUAL_LN000016_02_DR,ACCRUAL_LN000016_02,LN000016,interest_accrual,2026-03-04,2026-03-04,1132,Interest Receivable,262.0,0.0,262.0
AE_ACCRUAL_LN000016_02_CR,ACCRUAL_LN000016_02,LN000016,interest_accrual,2026-03-04,2026-03-04,6011,Interest Income,0.0,262.0,-262.0
AE_ACCRUAL_LN000016_03_DR,ACCRUAL_LN000016_03,LN000016,interest_accrual,2026-04-04,2026-04-04,1132,Interest Receivable,262.0,0.0,262.0
AE_ACCRUAL_LN000016_03_CR,ACCRUAL_LN000016_03,LN000016,interest_accrual,2026-04-04,2026-04-04,6011,Interest Income,0.0,262.0,-262.0
AE_ACCRUAL_LN000016_04_DR,ACCRUAL_LN000016_04,LN000016,interest_accrual,2026-05-04,2026-05-04,1132,Interest Receivable,262.0,0.0,262.0
AE_ACCRUAL_LN000016_04_CR,ACCRUAL_LN000016_04,LN000016,interest_accrual,2026-05-04,2026-05-04,6011,Interest Income,0.0,262.0,-262.0
AE_ACCRUAL_LN000016_05_DR,ACCRUAL_LN000016_05,LN000016,interest_accrual,2026-06-04,2026-06-04,1132,Interest Receivable,262.0,0.0,262.0
AE_ACCRUAL_LN000016_05_CR,ACCRUAL_LN000016_05,LN000016,interest_accrual,2026-06-04,2026-06-04,6011,Interest Income,0.0,262.0,-262.0
AE_ACCRUAL_LN000016_06_DR,ACCRUAL_LN000016_06,LN000016,interest_accrual,2026-07-04,2026-07-04,1132,Interest Receivable,262.0,0.0,262.0
AE_ACCRUAL_LN000016_06_CR,ACCRUAL_LN000016_06,LN000016,interest_accrual,2026-07-04,2026-07-04,6011,Interest Income,0.0,262.0,-262.0
AE_ACCRUAL_LN000016_07_DR,ACCRUAL_LN000016_07,LN000016,interest_accrual,2026-08-04,2026-08-04,1132,Interest Receivable,262.0,0.0,262.0
AE_ACCRUAL_LN000016_07_CR,ACCRUAL_LN000016_07,LN000016,interest_accrual,2026-08-04,2026-08-04,6011,Interest Income,0.0,262.0,-262.0
AE_ACCRUAL_LN000016_08_DR,ACCRUAL_LN000016_08,LN000016,interest_accrual,2026-09-04,2026-09-04,1132,Interest Receivable,262.0,0.0,262.0
AE_ACCRUAL_LN000016_08_CR,ACCRUAL_LN000016_08,LN000016,interest_accrual,2026-09-04,2026-09-04,6011,Interest Income,0.0,262.0,-262.0
AE_ACCRUAL_LN000016_09_DR,ACCRUAL_LN000016_09,LN000016,interest_accrual,2026-10-04,2026-10-04,1132,Interest Receivable,262.0,0.0,262.0
AE_ACCRUAL_LN000016_09_CR,ACCRUAL_LN000016_09,LN000016,interest_accrual,2026-10-04,2026-10-04,6011,Interest Income,0.0,262.0,-262.0
AE_ACCRUAL_LN000016_10_DR,ACCRUAL_LN000016_10,LN000016,interest_accrual,2026-11-04,2026-11-04,1132,Interest Receivable,262.0,0.0,262.0
AE_ACCRUAL_LN000016_10_CR,ACCRUAL_LN000016_10,LN000016,interest_accrual,2026-11-04,2026-11-04,6011,Interest Income,0.0,262.0,-262.0
AE_ACCRUAL_LN000016_11_DR,ACCRUAL_LN000016_11,LN000016,interest_accrual,2026-12-04,2026-12-04,1132,Interest Receivable,262.0,0.0,262.0
AE_ACCRUAL_LN000016_11_CR,ACCRUAL_LN000016_11,LN000016,interest_accrual,2026-12-04,2026-12-04,6011,Interest Income,0.0,262.0,-262.0
AE_ACCRUAL_LN000016_12_DR,ACCRUAL_LN000016_12,LN000016,interest_accrual,2027-01-04,2027-01-04,1132,Interest Receivable,262.0,0.0,262.0
AE_ACCRUAL_LN000016_12_CR,ACCRUAL_LN000016_12,LN000016,interest_accrual,2027-01-04,2027-01-04,6011,Interest Income,0.0,262.0,-262.0
AE_ACCRUAL_LN000016_13_DR,ACCRUAL_LN000016_13,LN000016,interest_accrual,2027-02-04,2027-02-04,1132,Interest Receivable,262.0,0.0,262.0
AE_ACCRUAL_LN000016_13_CR,ACCRUAL_LN000016_13,LN000016,interest_accrual,2027-02-04,2027-02-04,6011,Interest Income,0.0,262.0,-262.0
AE_ACCRUAL_LN000016_14_DR,ACCRUAL_LN000016_14,LN000016,interest_accrual,2027-03-04,2027-03-04,1132,Interest Receivable,262.0,0.0,262.0
AE_ACCRUAL_LN000016_14_CR,ACCRUAL_LN000016_14,LN000016,interest_accrual,2027-03-04,2027-03-04,6011,Interest Income,0.0,262.0,-262.0
AE_ACCRUAL_LN000016_15_DR,ACCRUAL_LN000016_15,LN000016,interest_accrual,2027-04-04,2027-04-04,1132,Interest Receivable,262.0,0.0,262.0
AE_ACCRUAL_LN000016_15_CR,ACCRUAL_LN000016_15,LN000016,interest_accrual,2027-04-04,2027-04-04,6011,Interest Income,0.0,262.0,-262.0
AE_ACCRUAL_LN000016_16_DR,ACCRUAL_LN000016_16,LN000016,interest_accrual,2027-05-04,2027-05-04,1132,Interest Receivable,262.0,0.0,262.0
AE_ACCRUAL_LN000016_16_CR,ACCRUAL_LN000016_16,LN000016,interest_accrual,2027-05-04,2027-05-04,6011,Interest Income,0.0,262.0,-262.0
AE_ACCRUAL_LN000016_17_DR,ACCRUAL_LN000016_17,LN000016,interest_accrual,2027-06-04,2027-06-04,1132,Interest Receivable,262.0,0.0,262.0
AE_ACCRUAL_LN000016_17_CR,ACCRUAL_LN000016_17,LN000016,interest_accrual,2027-06-04,2027-06-04,6011,Interest Income,0.0,262.0,-262.0
AE_ACCRUAL_LN000016_18_DR,ACCRUAL_LN000016_18,LN000016,interest_accrual,2027-07-04,2027-07-04,1132,Interest Receivable,262.0,0.0,262.0
AE_ACCRUAL_LN000016_18_CR,ACCRUAL_LN000016_18,LN000016,interest_accrual,2027-07-04,2027-07-04,6011,Interest Income,0.0,262.0,-262.0
AE_ACCRUAL_LN000016_19_DR,ACCRUAL_LN000016_19,LN000016,interest_accrual,2027-08-04,2027-08-04,1132,Interest Receivable,262.0,0.0,262.0
AE_ACCRUAL_LN000016_19_CR,ACCRUAL_LN000016_19,LN000016,interest_accrual,2027-08-04,2027-08-04,6011,Interest Income,0.0,262.0,-262.0
AE_ACCRUAL_LN000016_20_DR,ACCRUAL_LN000016_20,LN000016,interest_accrual,2027-09-04,2027-09-04,1132,Interest Receivable,262.0,0.0,262.0
AE_ACCRUAL_LN000016_20_CR,ACCRUAL_LN000016_20,LN000016,interest_accrual,2027-09-04,2027-09-04,6011,Interest Income,0.0,262.0,-262.0
AE_ACCRUAL_LN000016_21_DR,ACCRUAL_LN000016_21,LN000016,interest_accrual,2027-10-04,2027-10-04,1132,Interest Receivable,262.0,0.0,262.0
AE_ACCRUAL_LN000016_21_CR,ACCRUAL_LN000016_21,LN000016,interest_accrual,2027-10-04,2027-10-04,6011,Interest Income,0.0,262.0,-262.0
AE_ACCRUAL_LN000016_22_DR,ACCRUAL_LN000016_22,LN000016,interest_accrual,2027-11-04,2027-11-04,1132,Interest Receivable,262.0,0.0,262.0
AE_ACCRUAL_LN000016_22_CR,ACCRUAL_LN000016_22,LN000016,interest_accrual,2027-11-04,2027-11-04,6011,Interest Income,0.0,262.0,-262.0
AE_ACCRUAL_LN000016_23_DR,ACCRUAL_LN000016_23,LN000016,interest_accrual,2027-12-04,2027-12-04,1132,Interest Receivable,262.0,0.0,262.0
AE_ACCRUAL_LN000016_23_CR,ACCRUAL_LN000016_23,LN000016,interest_accrual,2027-12-04,2027-12-04,6011,Interest Income,0.0,262.0,-262.0
AE_ACCRUAL_LN000016_24_DR,ACCRUAL_LN000016_24,LN000016,interest_accrual,2028-01-04,2028-01-04,1132,Interest Receivable,262.0,0.0,262.0
AE_ACCRUAL_LN000016_24_CR,ACCRUAL_LN000016_24,LN000016,interest_accrual,2028-01-04,2028-01-04,6011,Interest Income,0.0,262.0,-262.0
AE_ACCRUAL_LN000016_25_DR,ACCRUAL_LN000016_25,LN000016,interest_accrual,2028-02-04,2028-02-04,1132,Interest Receivable,262.0,0.0,262.0
AE_ACCRUAL_LN000016_25_CR,ACCRUAL_LN000016_25,LN000016,interest_accrual,2028-02-04,2028-02-04,6011,Interest Income,0.0,262.0,-262.0
AE_ACCRUAL_LN000016_26_DR,ACCRUAL_LN000016_26,LN000016,interest_accrual,2028-03-04,2028-03-04,1132,Interest Receivable,262.0,0.0,262.0
AE_ACCRUAL_LN000016_26_CR,ACCRUAL_LN000016_26,LN000016,interest_accrual,2028-03-04,2028-03-04,6011,Interest Income,0.0,262.0,-262.0
AE_ACCRUAL_LN000016_27_DR,ACCRUAL_LN000016_27,LN000016,interest_accrual,2028-04-04,2028-04-04,1132,Interest Receivable,262.0,0.0,262.0
AE_ACCRUAL_LN000016_27_CR,ACCRUAL_LN000016_27,LN000016,interest_accrual,2028-04-04,2028-04-04,6011,Interest Income,0.0,262.0,-262.0
AE_ACCRUAL_LN000016_28_DR,ACCRUAL_LN000016_28,LN000016,interest_accrual,2028-05-04,2028-05-04,1132,Interest Receivable,262.0,0.0,262.0
AE_ACCRUAL_LN000016_28_CR,ACCRUAL_LN000016_28,LN000016,interest_accrual,2028-05-04,2028-05-04,6011,Interest Income,0.0,262.0,-262.0
AE_ACCRUAL_LN000016_29_DR,ACCRUAL_LN000016_29,LN000016,interest_accrual,2028-06-04,2028-06-04,1132,Interest Receivable,262.0,0.0,262.0
AE_ACCRUAL_LN000016_29_CR,ACCRUAL_LN000016_29,LN000016,interest_accrual,2028-06-04,2028-06-04,6011,Interest Income,0.0,262.0,-262.0
AE_ACCRUAL_LN000016_30_DR,ACCRUAL_LN000016_30,LN000016,interest_accrual,2028-07-04,2028-07-04,1132,Interest Receivable,262.0,0.0,262.0
AE_ACCRUAL_LN000016_30_CR,ACCRUAL_LN000016_30,LN000016,interest_accrual,2028-07-04,2028-07-04,6011,Interest Income,0.0,262.0,-262.0
AE_ACCRUAL_LN000016_31_DR,ACCRUAL_LN000016_31,LN000016,interest_accrual,2028-08-04,2028-08-04,1132,Interest Receivable,262.0,0.0,262.0
AE_ACCRUAL_LN000016_31_CR,ACCRUAL_LN000016_31,LN000016,interest_accrual,2028-08-04,2028-08-04,6011,Interest Income,0.0,262.0,-262.0
AE_ACCRUAL_LN000016_32_DR,ACCRUAL_LN000016_32,LN000016,interest_accrual,2028-09-04,2028-09-04,1132,Interest Receivable,262.0,0.0,262.0
AE_ACCRUAL_LN000016_32_CR,ACCRUAL_LN000016_32,LN000016,interest_accrual,2028-09-04,2028-09-04,6011,Interest Income,0.0,262.0,-262.0
AE_ACCRUAL_LN000016_33_DR,ACCRUAL_LN000016_33,LN000016,interest_accrual,2028-10-04,2028-10-04,1132,Interest Receivable,262.0,0.0,262.0
AE_ACCRUAL_LN000016_33_CR,ACCRUAL_LN000016_33,LN000016,interest_accrual,2028-10-04,2028-10-04,6011,Interest Income,0.0,262.0,-262.0
AE_ACCRUAL_LN000016_34_DR,ACCRUAL_LN000016_34,LN000016,interest_accrual,2028-11-04,2028-11-04,1132,Interest Receivable,262.0,0.0,262.0
AE_ACCRUAL_LN000016_34_CR,ACCRUAL_LN000016_34,LN000016,interest_accrual,2028-11-04,2028-11-04,6011,Interest Income,0.0,262.0,-262.0
AE_ACCRUAL_LN000016_35_DR,ACCRUAL_LN000016_35,LN000016,interest_accrual,2028-12-04,2028-12-04,1132,Interest Receivable,262.0,0.0,262.0
AE_ACCRUAL_LN000016_35_CR,ACCRUAL_LN000016_35,LN000016,interest_accrual,2028-12-04,2028-12-04,6011,Interest Income,0.0,262.0,-262.0
AE_ACCRUAL_LN000016_36_DR,ACCRUAL_LN000016_36,LN000016,interest_accrual,2029-01-04,2029-01-04,1132,Interest Receivable,262.0,0.0,262.0
AE_ACCRUAL_LN000016_36_CR,ACCRUAL_LN000016_36,LN000016,interest_accrual,2029-01-04,2029-01-04,6011,Interest Income,0.0,262.0,-262.0
AE_ACCRUAL_LN000017_01_DR,ACCRUAL_LN000017_01,LN000017,interest_accrual,2026-04-12,2026-04-12,1132,Interest Receivable,546.25,0.0,546.25
AE_ACCRUAL_LN000017_01_CR,ACCRUAL_LN000017_01,LN000017,interest_accrual,2026-04-12,2026-04-12,6011,Interest Income,0.0,546.25,-546.25
AE_ACCRUAL_LN000017_02_DR,ACCRUAL_LN000017_02,LN000017,interest_accrual,2026-05-12,2026-05-12,1132,Interest Receivable,546.25,0.0,546.25
AE_ACCRUAL_LN000017_02_CR,ACCRUAL_LN000017_02,LN000017,interest_accrual,2026-05-12,2026-05-12,6011,Interest Income,0.0,546.25,-546.25
AE_ACCRUAL_LN000017_03_DR,ACCRUAL_LN000017_03,LN000017,interest_accrual,2026-06-12,2026-06-12,1132,Interest Receivable,546.25,0.0,546.25
AE_ACCRUAL_LN000017_03_CR,ACCRUAL_LN000017_03,LN000017,interest_accrual,2026-06-12,2026-06-12,6011,Interest Income,0.0,546.25,-546.25
AE_ACCRUAL_LN000017_04_DR,ACCRUAL_LN000017_04,LN000017,interest_accrual,2026-07-12,2026-07-12,1132,Interest Receivable,546.25,0.0,546.25
AE_ACCRUAL_LN000017_04_CR,ACCRUAL_LN000017_04,LN000017,interest_accrual,2026-07-12,2026-07-12,6011,Interest Income,0.0,546.25,-546.25
AE_ACCRUAL_LN000017_05_DR,ACCRUAL_LN000017_05,LN000017,interest_accrual,2026-08-12,2026-08-12,1132,Interest Receivable,546.25,0.0,546.25
AE_ACCRUAL_LN000017_05_CR,ACCRUAL_LN000017_05,LN000017,interest_accrual,2026-08-12,2026-08-12,6011,Interest Income,0.0,546.25,-546.25
AE_ACCRUAL_LN000017_06_DR,ACCRUAL_LN000017_06,LN000017,interest_accrual,2026-09-12,2026-09-12,1132,Interest Receivable,546.25,0.0,546.25
AE_ACCRUAL_LN000017_06_CR,ACCRUAL_LN000017_06,LN000017,interest_accrual,2026-09-12,2026-09-12,6011,Interest Income,0.0,546.25,-546.25
AE_ACCRUAL_LN000017_07_DR,ACCRUAL_LN000017_07,LN000017,interest_accrual,2026-10-12,2026-10-12,1132,Interest Receivable,546.25,0.0,546.25
AE_ACCRUAL_LN000017_07_CR,ACCRUAL_LN000017_07,LN000017,interest_accrual,2026-10-12,2026-10-12,6011,Interest Income,0.0,546.25,-546.25
AE_ACCRUAL_LN000017_08_DR,ACCRUAL_LN000017_08,LN000017,interest_accrual,2026-11-12,2026-11-12,1132,Interest Receivable,546.25,0.0,546.25
AE_ACCRUAL_LN000017_08_CR,ACCRUAL_LN000017_08,LN000017,interest_accrual,2026-11-12,2026-11-12,6011,Interest Income,0.0,546.25,-546.25
AE_ACCRUAL_LN000017_09_DR,ACCRUAL_LN000017_09,LN000017,interest_accrual,2026-12-12,2026-12-12,1132,Interest Receivable,546.25,0.0,546.25
AE_ACCRUAL_LN000017_09_CR,ACCRUAL_LN000017_09,LN000017,interest_accrual,2026-12-12,2026-12-12,6011,Interest Income,0.0,546.25,-546.25
AE_ACCRUAL_LN000017_10_DR,ACCRUAL_LN000017_10,LN000017,interest_accrual,2027-01-12,2027-01-12,1132,Interest Receivable,546.25,0.0,546.25
AE_ACCRUAL_LN000017_10_CR,ACCRUAL_LN000017_10,LN000017,interest_accrual,2027-01-12,2027-01-12,6011,Interest Income,0.0,546.25,-546.25
AE_ACCRUAL_LN000017_11_DR,ACCRUAL_LN000017_11,LN000017,interest_accrual,2027-02-12,2027-02-12,1132,Interest Receivable,546.25,0.0,546.25
AE_ACCRUAL_LN000017_11_CR,ACCRUAL_LN000017_11,LN000017,interest_accrual,2027-02-12,2027-02-12,6011,Interest Income,0.0,546.25,-546.25
AE_ACCRUAL_LN000017_12_DR,ACCRUAL_LN000017_12,LN000017,interest_accrual,2027-03-12,2027-03-12,1132,Interest Receivable,546.25,0.0,546.25
AE_ACCRUAL_LN000017_12_CR,ACCRUAL_LN000017_12,LN000017,interest_accrual,2027-03-12,2027-03-12,6011,Interest Income,0.0,546.25,-546.25
AE_ACCRUAL_LN000018_01_DR,ACCRUAL_LN000018_01,LN000018,interest_accrual,2026-02-28,2026-02-28,1132,Interest Receivable,168.75,0.0,168.75
AE_ACCRUAL_LN000018_01_CR,ACCRUAL_LN000018_01,LN000018,interest_accrual,2026-02-28,2026-02-28,6011,Interest Income,0.0,168.75,-168.75
AE_ACCRUAL_LN000018_02_DR,ACCRUAL_LN000018_02,LN000018,interest_accrual,2026-03-28,2026-03-28,1132,Interest Receivable,168.75,0.0,168.75
AE_ACCRUAL_LN000018_02_CR,ACCRUAL_LN000018_02,LN000018,interest_accrual,2026-03-28,2026-03-28,6011,Interest Income,0.0,168.75,-168.75
AE_ACCRUAL_LN000018_03_DR,ACCRUAL_LN000018_03,LN000018,interest_accrual,2026-04-28,2026-04-28,1132,Interest Receivable,168.75,0.0,168.75
AE_ACCRUAL_LN000018_03_CR,ACCRUAL_LN000018_03,LN000018,interest_accrual,2026-04-28,2026-04-28,6011,Interest Income,0.0,168.75,-168.75
AE_ACCRUAL_LN000018_04_DR,ACCRUAL_LN000018_04,LN000018,interest_accrual,2026-05-28,2026-05-28,1132,Interest Receivable,168.75,0.0,168.75
AE_ACCRUAL_LN000018_04_CR,ACCRUAL_LN000018_04,LN000018,interest_accrual,2026-05-28,2026-05-28,6011,Interest Income,0.0,168.75,-168.75
AE_ACCRUAL_LN000018_05_DR,ACCRUAL_LN000018_05,LN000018,interest_accrual,2026-06-28,2026-06-28,1132,Interest Receivable,168.75,0.0,168.75
AE_ACCRUAL_LN000018_05_CR,ACCRUAL_LN000018_05,LN000018,interest_accrual,2026-06-28,2026-06-28,6011,Interest Income,0.0,168.75,-168.75
AE_ACCRUAL_LN000018_06_DR,ACCRUAL_LN000018_06,LN000018,interest_accrual,2026-07-28,2026-07-28,1132,Interest Receivable,168.75,0.0,168.75
AE_ACCRUAL_LN000018_06_CR,ACCRUAL_LN000018_06,LN000018,interest_accrual,2026-07-28,2026-07-28,6011,Interest Income,0.0,168.75,-168.75
AE_ACCRUAL_LN000018_07_DR,ACCRUAL_LN000018_07,LN000018,interest_accrual,2026-08-28,2026-08-28,1132,Interest Receivable,168.75,0.0,168.75
AE_ACCRUAL_LN000018_07_CR,ACCRUAL_LN000018_07,LN000018,interest_accrual,2026-08-28,2026-08-28,6011,Interest Income,0.0,168.75,-168.75
AE_ACCRUAL_LN000018_08_DR,ACCRUAL_LN000018_08,LN000018,interest_accrual,2026-09-28,2026-09-28,1132,Interest Receivable,168.75,0.0,168.75
AE_ACCRUAL_LN000018_08_CR,ACCRUAL_LN000018_08,LN000018,interest_accrual,2026-09-28,2026-09-28,6011,Interest Income,0.0,168.75,-168.75
AE_ACCRUAL_LN000018_09_DR,ACCRUAL_LN000018_09,LN000018,interest_accrual,2026-10-28,2026-10-28,1132,Interest Receivable,168.75,0.0,168.75
AE_ACCRUAL_LN000018_09_CR,ACCRUAL_LN000018_09,LN000018,interest_accrual,2026-10-28,2026-10-28,6011,Interest Income,0.0,168.75,-168.75
AE_ACCRUAL_LN000018_10_DR,ACCRUAL_LN000018_10,LN000018,interest_accrual,2026-11-28,2026-11-28,1132,Interest Receivable,168.75,0.0,168.75
AE_ACCRUAL_LN000018_10_CR,ACCRUAL_LN000018_10,LN000018,interest_accrual,2026-11-28,2026-11-28,6011,Interest Income,0.0,168.75,-168.75
AE_ACCRUAL_LN000018_11_DR,ACCRUAL_LN000018_11,LN000018,interest_accrual,2026-12-28,2026-12-28,1132,Interest Receivable,168.75,0.0,168.75
AE_ACCRUAL_LN000018_11_CR,ACCRUAL_LN000018_11,LN000018,interest_accrual,2026-12-28,2026-12-28,6011,Interest Income,0.0,168.75,-168.75
AE_ACCRUAL_LN000018_12_DR,ACCRUAL_LN000018_12,LN000018,interest_accrual,2027-01-28,2027-01-28,1132,Interest Receivable,168.75,0.0,168.75
AE_ACCRUAL_LN000018_12_CR,ACCRUAL_LN000018_12,LN000018,interest_accrual,2027-01-28,2027-01-28,6011,Interest Income,0.0,168.75,-168.75
AE_ACCRUAL_LN000018_13_DR,ACCRUAL_LN000018_13,LN000018,interest_accrual,2027-02-28,2027-02-28,1132,Interest Receivable,168.75,0.0,168.75
AE_ACCRUAL_LN000018_13_CR,ACCRUAL_LN000018_13,LN000018,interest_accrual,2027-02-28,2027-02-28,6011,Interest Income,0.0,168.75,-168.75
AE_ACCRUAL_LN000018_14_DR,ACCRUAL_LN000018_14,LN000018,interest_accrual,2027-03-28,2027-03-28,1132,Interest Receivable,168.75,0.0,168.75
AE_ACCRUAL_LN000018_14_CR,ACCRUAL_LN000018_14,LN000018,interest_accrual,2027-03-28,2027-03-28,6011,Interest Income,0.0,168.75,-168.75
AE_ACCRUAL_LN000018_15_DR,ACCRUAL_LN000018_15,LN000018,interest_accrual,2027-04-28,2027-04-28,1132,Interest Receivable,168.75,0.0,168.75
AE_ACCRUAL_LN000018_15_CR,ACCRUAL_LN000018_15,LN000018,interest_accrual,2027-04-28,2027-04-28,6011,Interest Income,0.0,168.75,-168.75
AE_ACCRUAL_LN000018_16_DR,ACCRUAL_LN000018_16,LN000018,interest_accrual,2027-05-28,2027-05-28,1132,Interest Receivable,168.75,0.0,168.75
AE_ACCRUAL_LN000018_16_CR,ACCRUAL_LN000018_16,LN000018,interest_accrual,2027-05-28,2027-05-28,6011,Interest Income,0.0,168.75,-168.75
AE_ACCRUAL_LN000018_17_DR,ACCRUAL_LN000018_17,LN000018,interest_accrual,2027-06-28,2027-06-28,1132,Interest Receivable,168.75,0.0,168.75
AE_ACCRUAL_LN000018_17_CR,ACCRUAL_LN000018_17,LN000018,interest_accrual,2027-06-28,2027-06-28,6011,Interest Income,0.0,168.75,-168.75
AE_ACCRUAL_LN000018_18_DR,ACCRUAL_LN000018_18,LN000018,interest_accrual,2027-07-28,2027-07-28,1132,Interest Receivable,168.75,0.0,168.75
AE_ACCRUAL_LN000018_18_CR,ACCRUAL_LN000018_18,LN000018,interest_accrual,2027-07-28,2027-07-28,6011,Interest Income,0.0,168.75,-168.75
AE_ACCRUAL_LN000019_01_DR,ACCRUAL_LN000019_01,LN000019,interest_accrual,2026-02-01,2026-02-01,1132,Interest Receivable,150.25,0.0,150.25
AE_ACCRUAL_LN000019_01_CR,ACCRUAL_LN000019_01,LN000019,interest_accrual,2026-02-01,2026-02-01,6011,Interest Income,0.0,150.25,-150.25
AE_ACCRUAL_LN000019_02_DR,ACCRUAL_LN000019_02,LN000019,interest_accrual,2026-03-01,2026-03-01,1132,Interest Receivable,150.25,0.0,150.25
AE_ACCRUAL_LN000019_02_CR,ACCRUAL_LN000019_02,LN000019,interest_accrual,2026-03-01,2026-03-01,6011,Interest Income,0.0,150.25,-150.25
AE_ACCRUAL_LN000019_03_DR,ACCRUAL_LN000019_03,LN000019,interest_accrual,2026-04-01,2026-04-01,1132,Interest Receivable,150.25,0.0,150.25
AE_ACCRUAL_LN000019_03_CR,ACCRUAL_LN000019_03,LN000019,interest_accrual,2026-04-01,2026-04-01,6011,Interest Income,0.0,150.25,-150.25
AE_ACCRUAL_LN000019_04_DR,ACCRUAL_LN000019_04,LN000019,interest_accrual,2026-05-01,2026-05-01,1132,Interest Receivable,150.25,0.0,150.25
AE_ACCRUAL_LN000019_04_CR,ACCRUAL_LN000019_04,LN000019,interest_accrual,2026-05-01,2026-05-01,6011,Interest Income,0.0,150.25,-150.25
AE_ACCRUAL_LN000019_05_DR,ACCRUAL_LN000019_05,LN000019,interest_accrual,2026-06-01,2026-06-01,1132,Interest Receivable,150.25,0.0,150.25
AE_ACCRUAL_LN000019_05_CR,ACCRUAL_LN000019_05,LN000019,interest_accrual,2026-06-01,2026-06-01,6011,Interest Income,0.0,150.25,-150.25
AE_ACCRUAL_LN000019_06_DR,ACCRUAL_LN000019_06,LN000019,interest_accrual,2026-07-01,2026-07-01,1132,Interest Receivable,150.25,0.0,150.25
AE_ACCRUAL_LN000019_06_CR,ACCRUAL_LN000019_06,LN000019,interest_accrual,2026-07-01,2026-07-01,6011,Interest Income,0.0,150.25,-150.25
AE_ACCRUAL_LN000019_07_DR,ACCRUAL_LN000019_07,LN000019,interest_accrual,2026-08-01,2026-08-01,1132,Interest Receivable,150.25,0.0,150.25
AE_ACCRUAL_LN000019_07_CR,ACCRUAL_LN000019_07,LN000019,interest_accrual,2026-08-01,2026-08-01,6011,Interest Income,0.0,150.25,-150.25
AE_ACCRUAL_LN000019_08_DR,ACCRUAL_LN000019_08,LN000019,interest_accrual,2026-09-01,2026-09-01,1132,Interest Receivable,150.25,0.0,150.25
AE_ACCRUAL_LN000019_08_CR,ACCRUAL_LN000019_08,LN000019,interest_accrual,2026-09-01,2026-09-01,6011,Interest Income,0.0,150.25,-150.25
AE_ACCRUAL_LN000019_09_DR,ACCRUAL_LN000019_09,LN000019,interest_accrual,2026-10-01,2026-10-01,1132,Interest Receivable,150.25,0.0,150.25
AE_ACCRUAL_LN000019_09_CR,ACCRUAL_LN000019_09,LN000019,interest_accrual,2026-10-01,2026-10-01,6011,Interest Income,0.0,150.25,-150.25
AE_ACCRUAL_LN000019_10_DR,ACCRUAL_LN000019_10,LN000019,interest_accrual,2026-11-01,2026-11-01,1132,Interest Receivable,150.25,0.0,150.25
AE_ACCRUAL_LN000019_10_CR,ACCRUAL_LN000019_10,LN000019,interest_accrual,2026-11-01,2026-11-01,6011,Interest Income,0.0,150.25,-150.25
AE_ACCRUAL_LN000019_11_DR,ACCRUAL_LN000019_11,LN000019,interest_accrual,2026-12-01,2026-12-01,1132,Interest Receivable,150.25,0.0,150.25
AE_ACCRUAL_LN000019_11_CR,ACCRUAL_LN000019_11,LN000019,interest_accrual,2026-12-01,2026-12-01,6011,Interest Income,0.0,150.25,-150.25
AE_ACCRUAL_LN000019_12_DR,ACCRUAL_LN000019_12,LN000019,interest_accrual,2027-01-01,2027-01-01,1132,Interest Receivable,150.25,0.0,150.25
AE_ACCRUAL_LN000019_12_CR,ACCRUAL_LN000019_12,LN000019,interest_accrual,2027-01-01,2027-01-01,6011,Interest Income,0.0,150.25,-150.25
AE_ACCRUAL_LN000019_13_DR,ACCRUAL_LN000019_13,LN000019,interest_accrual,2027-02-01,2027-02-01,1132,Interest Receivable,150.25,0.0,150.25
AE_ACCRUAL_LN000019_13_CR,ACCRUAL_LN000019_13,LN000019,interest_accrual,2027-02-01,2027-02-01,6011,Interest Income,0.0,150.25,-150.25
AE_ACCRUAL_LN000019_14_DR,ACCRUAL_LN000019_14,LN000019,interest_accrual,2027-03-01,2027-03-01,1132,Interest Receivable,150.25,0.0,150.25
AE_ACCRUAL_LN000019_14_CR,ACCRUAL_LN000019_14,LN000019,interest_accrual,2027-03-01,2027-03-01,6011,Interest Income,0.0,150.25,-150.25
AE_ACCRUAL_LN000019_15_DR,ACCRUAL_LN000019_15,LN000019,interest_accrual,2027-04-01,2027-04-01,1132,Interest Receivable,150.25,0.0,150.25
AE_ACCRUAL_LN000019_15_CR,ACCRUAL_LN000019_15,LN000019,interest_accrual,2027-04-01,2027-04-01,6011,Interest Income,0.0,150.25,-150.25
AE_ACCRUAL_LN000019_16_DR,ACCRUAL_LN000019_16,LN000019,interest_accrual,2027-05-01,2027-05-01,1132,Interest Receivable,150.25,0.0,150.25
AE_ACCRUAL_LN000019_16_CR,ACCRUAL_LN000019_16,LN000019,interest_accrual,2027-05-01,2027-05-01,6011,Interest Income,0.0,150.25,-150.25
AE_ACCRUAL_LN000019_17_DR,ACCRUAL_LN000019_17,LN000019,interest_accrual,2027-06-01,2027-06-01,1132,Interest Receivable,150.25,0.0,150.25
AE_ACCRUAL_LN000019_17_CR,ACCRUAL_LN000019_17,LN000019,interest_accrual,2027-06-01,2027-06-01,6011,Interest Income,0.0,150.25,-150.25
AE_ACCRUAL_LN000019_18_DR,ACCRUAL_LN000019_18,LN000019,interest_accrual,2027-07-01,2027-07-01,1132,Interest Receivable,150.25,0.0,150.25
AE_ACCRUAL_LN000019_18_CR,ACCRUAL_LN000019_18,LN000019,interest_accrual,2027-07-01,2027-07-01,6011,Interest Income,0.0,150.25,-150.25
AE_ACCRUAL_LN000019_19_DR,ACCRUAL_LN000019_19,LN000019,interest_accrual,2027-08-01,2027-08-01,1132,Interest Receivable,150.25,0.0,150.25
AE_ACCRUAL_LN000019_19_CR,ACCRUAL_LN000019_19,LN000019,interest_accrual,2027-08-01,2027-08-01,6011,Interest Income,0.0,150.25,-150.25
AE_ACCRUAL_LN000019_20_DR,ACCRUAL_LN000019_20,LN000019,interest_accrual,2027-09-01,2027-09-01,1132,Interest Receivable,150.25,0.0,150.25
AE_ACCRUAL_LN000019_20_CR,ACCRUAL_LN000019_20,LN000019,interest_accrual,2027-09-01,2027-09-01,6011,Interest Income,0.0,150.25,-150.25
AE_ACCRUAL_LN000019_21_DR,ACCRUAL_LN000019_21,LN000019,interest_accrual,2027-10-01,2027-10-01,1132,Interest Receivable,150.25,0.0,150.25
AE_ACCRUAL_LN000019_21_CR,ACCRUAL_LN000019_21,LN000019,interest_accrual,2027-10-01,2027-10-01,6011,Interest Income,0.0,150.25,-150.25
AE_ACCRUAL_LN000019_22_DR,ACCRUAL_LN000019_22,LN000019,interest_accrual,2027-11-01,2027-11-01,1132,Interest Receivable,150.25,0.0,150.25
AE_ACCRUAL_LN000019_22_CR,ACCRUAL_LN000019_22,LN000019,interest_accrual,2027-11-01,2027-11-01,6011,Interest Income,0.0,150.25,-150.25
AE_ACCRUAL_LN000019_23_DR,ACCRUAL_LN000019_23,LN000019,interest_accrual,2027-12-01,2027-12-01,1132,Interest Receivable,150.25,0.0,150.25
AE_ACCRUAL_LN000019_23_CR,ACCRUAL_LN000019_23,LN000019,interest_accrual,2027-12-01,2027-12-01,6011,Interest Income,0.0,150.25,-150.25
AE_ACCRUAL_LN000019_24_DR,ACCRUAL_LN000019_24,LN000019,interest_accrual,2028-01-01,2028-01-01,1132,Interest Receivable,150.25,0.0,150.25
AE_ACCRUAL_LN000019_24_CR,ACCRUAL_LN000019_24,LN000019,interest_accrual,2028-01-01,2028-01-01,6011,Interest Income,0.0,150.25,-150.25
AE_ACCRUAL_LN000019_25_DR,ACCRUAL_LN000019_25,LN000019,interest_accrual,2028-02-01,2028-02-01,1132,Interest Receivable,150.25,0.0,150.25
AE_ACCRUAL_LN000019_25_CR,ACCRUAL_LN000019_25,LN000019,interest_accrual,2028-02-01,2028-02-01,6011,Interest Income,0.0,150.25,-150.25
AE_ACCRUAL_LN000019_26_DR,ACCRUAL_LN000019_26,LN000019,interest_accrual,2028-03-01,2028-03-01,1132,Interest Receivable,150.25,0.0,150.25
AE_ACCRUAL_LN000019_26_CR,ACCRUAL_LN000019_26,LN000019,interest_accrual,2028-03-01,2028-03-01,6011,Interest Income,0.0,150.25,-150.25
AE_ACCRUAL_LN000019_27_DR,ACCRUAL_LN000019_27,LN000019,interest_accrual,2028-04-01,2028-04-01,1132,Interest Receivable,150.25,0.0,150.25
AE_ACCRUAL_LN000019_27_CR,ACCRUAL_LN000019_27,LN000019,interest_accrual,2028-04-01,2028-04-01,6011,Interest Income,0.0,150.25,-150.25
AE_ACCRUAL_LN000019_28_DR,ACCRUAL_LN000019_28,LN000019,interest_accrual,2028-05-01,2028-05-01,1132,Interest Receivable,150.25,0.0,150.25
AE_ACCRUAL_LN000019_28_CR,ACCRUAL_LN000019_28,LN000019,interest_accrual,2028-05-01,2028-05-01,6011,Interest Income,0.0,150.25,-150.25
AE_ACCRUAL_LN000019_29_DR,ACCRUAL_LN000019_29,LN000019,interest_accrual,2028-06-01,2028-06-01,1132,Interest Receivable,150.25,0.0,150.25
AE_ACCRUAL_LN000019_29_CR,ACCRUAL_LN000019_29,LN000019,interest_accrual,2028-06-01,2028-06-01,6011,Interest Income,0.0,150.25,-150.25
AE_ACCRUAL_LN000019_30_DR,ACCRUAL_LN000019_30,LN000019,interest_accrual,2028-07-01,2028-07-01,1132,Interest Receivable,150.25,0.0,150.25
AE_ACCRUAL_LN000019_30_CR,ACCRUAL_LN000019_30,LN000019,interest_accrual,2028-07-01,2028-07-01,6011,Interest Income,0.0,150.25,-150.25
AE_ACCRUAL_LN000019_31_DR,ACCRUAL_LN000019_31,LN000019,interest_accrual,2028-08-01,2028-08-01,1132,Interest Receivable,150.25,0.0,150.25
AE_ACCRUAL_LN000019_31_CR,ACCRUAL_LN000019_31,LN000019,interest_accrual,2028-08-01,2028-08-01,6011,Interest Income,0.0,150.25,-150.25
AE_ACCRUAL_LN000019_32_DR,ACCRUAL_LN000019_32,LN000019,interest_accrual,2028-09-01,2028-09-01,1132,Interest Receivable,150.25,0.0,150.25
AE_ACCRUAL_LN000019_32_CR,ACCRUAL_LN000019_32,LN000019,interest_accrual,2028-09-01,2028-09-01,6011,Interest Income,0.0,150.25,-150.25
AE_ACCRUAL_LN000019_33_DR,ACCRUAL_LN000019_33,LN000019,interest_accrual,2028-10-01,2028-10-01,1132,Interest Receivable,150.25,0.0,150.25
AE_ACCRUAL_LN000019_33_CR,ACCRUAL_LN000019_33,LN000019,interest_accrual,2028-10-01,2028-10-01,6011,Interest Income,0.0,150.25,-150.25
AE_ACCRUAL_LN000019_34_DR,ACCRUAL_LN000019_34,LN000019,interest_accrual,2028-11-01,2028-11-01,1132,Interest Receivable,150.25,0.0,150.25
AE_ACCRUAL_LN000019_34_CR,ACCRUAL_LN000019_34,LN000019,interest_accrual,2028-11-01,2028-11-01,6011,Interest Income,0.0,150.25,-150.25
AE_ACCRUAL_LN000019_35_DR,ACCRUAL_LN000019_35,LN000019,interest_accrual,2028-12-01,2028-12-01,1132,Interest Receivable,150.25,0.0,150.25
AE_ACCRUAL_LN000019_35_CR,ACCRUAL_LN000019_35,LN000019,interest_accrual,2028-12-01,2028-12-01,6011,Interest Income,0.0,150.25,-150.25
AE_ACCRUAL_LN000019_36_DR,ACCRUAL_LN000019_36,LN000019,interest_accrual,2029-01-01,2029-01-01,1132,Interest Receivable,150.25,0.0,150.25
AE_ACCRUAL_LN000019_36_CR,ACCRUAL_LN000019_36,LN000019,interest_accrual,2029-01-01,2029-01-01,6011,Interest Income,0.0,150.25,-150.25
AE_ACCRUAL_LN000020_01_DR,ACCRUAL_LN000020_01,LN000020,interest_accrual,2026-04-13,2026-04-13,1132,Interest Receivable,250.0,0.0,250.0
AE_ACCRUAL_LN000020_01_CR,ACCRUAL_LN000020_01,LN000020,interest_accrual,2026-04-13,2026-04-13,6011,Interest Income,0.0,250.0,-250.0
AE_ACCRUAL_LN000020_02_DR,ACCRUAL_LN000020_02,LN000020,interest_accrual,2026-05-13,2026-05-13,1132,Interest Receivable,250.0,0.0,250.0
AE_ACCRUAL_LN000020_02_CR,ACCRUAL_LN000020_02,LN000020,interest_accrual,2026-05-13,2026-05-13,6011,Interest Income,0.0,250.0,-250.0
AE_ACCRUAL_LN000020_03_DR,ACCRUAL_LN000020_03,LN000020,interest_accrual,2026-06-13,2026-06-13,1132,Interest Receivable,250.0,0.0,250.0
AE_ACCRUAL_LN000020_03_CR,ACCRUAL_LN000020_03,LN000020,interest_accrual,2026-06-13,2026-06-13,6011,Interest Income,0.0,250.0,-250.0
AE_ACCRUAL_LN000020_04_DR,ACCRUAL_LN000020_04,LN000020,interest_accrual,2026-07-13,2026-07-13,1132,Interest Receivable,250.0,0.0,250.0
AE_ACCRUAL_LN000020_04_CR,ACCRUAL_LN000020_04,LN000020,interest_accrual,2026-07-13,2026-07-13,6011,Interest Income,0.0,250.0,-250.0
AE_ACCRUAL_LN000020_05_DR,ACCRUAL_LN000020_05,LN000020,interest_accrual,2026-08-13,2026-08-13,1132,Interest Receivable,250.0,0.0,250.0
AE_ACCRUAL_LN000020_05_CR,ACCRUAL_LN000020_05,LN000020,interest_accrual,2026-08-13,2026-08-13,6011,Interest Income,0.0,250.0,-250.0
AE_ACCRUAL_LN000020_06_DR,ACCRUAL_LN000020_06,LN000020,interest_accrual,2026-09-13,2026-09-13,1132,Interest Receivable,250.0,0.0,250.0
AE_ACCRUAL_LN000020_06_CR,ACCRUAL_LN000020_06,LN000020,interest_accrual,2026-09-13,2026-09-13,6011,Interest Income,0.0,250.0,-250.0
AE_ACCRUAL_LN000020_07_DR,ACCRUAL_LN000020_07,LN000020,interest_accrual,2026-10-13,2026-10-13,1132,Interest Receivable,250.0,0.0,250.0
AE_ACCRUAL_LN000020_07_CR,ACCRUAL_LN000020_07,LN000020,interest_accrual,2026-10-13,2026-10-13,6011,Interest Income,0.0,250.0,-250.0
AE_ACCRUAL_LN000020_08_DR,ACCRUAL_LN000020_08,LN000020,interest_accrual,2026-11-13,2026-11-13,1132,Interest Receivable,250.0,0.0,250.0
AE_ACCRUAL_LN000020_08_CR,ACCRUAL_LN000020_08,LN000020,interest_accrual,2026-11-13,2026-11-13,6011,Interest Income,0.0,250.0,-250.0
AE_ACCRUAL_LN000020_09_DR,ACCRUAL_LN000020_09,LN000020,interest_accrual,2026-12-13,2026-12-13,1132,Interest Receivable,250.0,0.0,250.0
AE_ACCRUAL_LN000020_09_CR,ACCRUAL_LN000020_09,LN000020,interest_accrual,2026-12-13,2026-12-13,6011,Interest Income,0.0,250.0,-250.0
AE_ACCRUAL_LN000020_10_DR,ACCRUAL_LN000020_10,LN000020,interest_accrual,2027-01-13,2027-01-13,1132,Interest Receivable,250.0,0.0,250.0
AE_ACCRUAL_LN000020_10_CR,ACCRUAL_LN000020_10,LN000020,interest_accrual,2027-01-13,2027-01-13,6011,Interest Income,0.0,250.0,-250.0
AE_ACCRUAL_LN000020_11_DR,ACCRUAL_LN000020_11,LN000020,interest_accrual,2027-02-13,2027-02-13,1132,Interest Receivable,250.0,0.0,250.0
AE_ACCRUAL_LN000020_11_CR,ACCRUAL_LN000020_11,LN000020,interest_accrual,2027-02-13,2027-02-13,6011,Interest Income,0.0,250.0,-250.0
AE_ACCRUAL_LN000020_12_DR,ACCRUAL_LN000020_12,LN000020,interest_accrual,2027-03-13,2027-03-13,1132,Interest Receivable,250.0,0.0,250.0
AE_ACCRUAL_LN000020_12_CR,ACCRUAL_LN000020_12,LN000020,interest_accrual,2027-03-13,2027-03-13,6011,Interest Income,0.0,250.0,-250.0
AE_ACCRUAL_LN000020_13_DR,ACCRUAL_LN000020_13,LN000020,interest_accrual,2027-04-13,2027-04-13,1132,Interest Receivable,250.0,0.0,250.0
AE_ACCRUAL_LN000020_13_CR,ACCRUAL_LN000020_13,LN000020,interest_accrual,2027-04-13,2027-04-13,6011,Interest Income,0.0,250.0,-250.0
AE_ACCRUAL_LN000020_14_DR,ACCRUAL_LN000020_14,LN000020,interest_accrual,2027-05-13,2027-05-13,1132,Interest Receivable,250.0,0.0,250.0
AE_ACCRUAL_LN000020_14_CR,ACCRUAL_LN000020_14,LN000020,interest_accrual,2027-05-13,2027-05-13,6011,Interest Income,0.0,250.0,-250.0
AE_ACCRUAL_LN000020_15_DR,ACCRUAL_LN000020_15,LN000020,interest_accrual,2027-06-13,2027-06-13,1132,Interest Receivable,250.0,0.0,250.0
AE_ACCRUAL_LN000020_15_CR,ACCRUAL_LN000020_15,LN000020,interest_accrual,2027-06-13,2027-06-13,6011,Interest Income,0.0,250.0,-250.0
AE_ACCRUAL_LN000020_16_DR,ACCRUAL_LN000020_16,LN000020,interest_accrual,2027-07-13,2027-07-13,1132,Interest Receivable,250.0,0.0,250.0
AE_ACCRUAL_LN000020_16_CR,ACCRUAL_LN000020_16,LN000020,interest_accrual,2027-07-13,2027-07-13,6011,Interest Income,0.0,250.0,-250.0
AE_ACCRUAL_LN000020_17_DR,ACCRUAL_LN000020_17,LN000020,interest_accrual,2027-08-13,2027-08-13,1132,Interest Receivable,250.0,0.0,250.0
AE_ACCRUAL_LN000020_17_CR,ACCRUAL_LN000020_17,LN000020,interest_accrual,2027-08-13,2027-08-13,6011,Interest Income,0.0,250.0,-250.0
AE_ACCRUAL_LN000020_18_DR,ACCRUAL_LN000020_18,LN000020,interest_accrual,2027-09-13,2027-09-13,1132,Interest Receivable,250.0,0.0,250.0
AE_ACCRUAL_LN000020_18_CR,ACCRUAL_LN000020_18,LN000020,interest_accrual,2027-09-13,2027-09-13,6011,Interest Income,0.0,250.0,-250.0
AE_ACCRUAL_LN000021_01_DR,ACCRUAL_LN000021_01,LN000021,interest_accrual,2026-04-20,2026-04-20,1132,Interest Receivable,55.29,0.0,55.29
AE_ACCRUAL_LN000021_01_CR,ACCRUAL_LN000021_01,LN000021,interest_accrual,2026-04-20,2026-04-20,6011,Interest Income,0.0,55.29,-55.29
AE_ACCRUAL_LN000021_02_DR,ACCRUAL_LN000021_02,LN000021,interest_accrual,2026-05-20,2026-05-20,1132,Interest Receivable,55.29,0.0,55.29
AE_ACCRUAL_LN000021_02_CR,ACCRUAL_LN000021_02,LN000021,interest_accrual,2026-05-20,2026-05-20,6011,Interest Income,0.0,55.29,-55.29
AE_ACCRUAL_LN000021_03_DR,ACCRUAL_LN000021_03,LN000021,interest_accrual,2026-06-20,2026-06-20,1132,Interest Receivable,55.29,0.0,55.29
AE_ACCRUAL_LN000021_03_CR,ACCRUAL_LN000021_03,LN000021,interest_accrual,2026-06-20,2026-06-20,6011,Interest Income,0.0,55.29,-55.29
AE_ACCRUAL_LN000021_04_DR,ACCRUAL_LN000021_04,LN000021,interest_accrual,2026-07-20,2026-07-20,1132,Interest Receivable,55.29,0.0,55.29
AE_ACCRUAL_LN000021_04_CR,ACCRUAL_LN000021_04,LN000021,interest_accrual,2026-07-20,2026-07-20,6011,Interest Income,0.0,55.29,-55.29
AE_ACCRUAL_LN000021_05_DR,ACCRUAL_LN000021_05,LN000021,interest_accrual,2026-08-20,2026-08-20,1132,Interest Receivable,55.29,0.0,55.29
AE_ACCRUAL_LN000021_05_CR,ACCRUAL_LN000021_05,LN000021,interest_accrual,2026-08-20,2026-08-20,6011,Interest Income,0.0,55.29,-55.29
AE_ACCRUAL_LN000021_06_DR,ACCRUAL_LN000021_06,LN000021,interest_accrual,2026-09-20,2026-09-20,1132,Interest Receivable,55.29,0.0,55.29
AE_ACCRUAL_LN000021_06_CR,ACCRUAL_LN000021_06,LN000021,interest_accrual,2026-09-20,2026-09-20,6011,Interest Income,0.0,55.29,-55.29
AE_ACCRUAL_LN000022_01_DR,ACCRUAL_LN000022_01,LN000022,interest_accrual,2026-03-08,2026-03-08,1132,Interest Receivable,36.12,0.0,36.12
AE_ACCRUAL_LN000022_01_CR,ACCRUAL_LN000022_01,LN000022,interest_accrual,2026-03-08,2026-03-08,6011,Interest Income,0.0,36.12,-36.12
AE_ACCRUAL_LN000022_02_DR,ACCRUAL_LN000022_02,LN000022,interest_accrual,2026-04-08,2026-04-08,1132,Interest Receivable,36.12,0.0,36.12
AE_ACCRUAL_LN000022_02_CR,ACCRUAL_LN000022_02,LN000022,interest_accrual,2026-04-08,2026-04-08,6011,Interest Income,0.0,36.12,-36.12
AE_ACCRUAL_LN000022_03_DR,ACCRUAL_LN000022_03,LN000022,interest_accrual,2026-05-08,2026-05-08,1132,Interest Receivable,36.12,0.0,36.12
AE_ACCRUAL_LN000022_03_CR,ACCRUAL_LN000022_03,LN000022,interest_accrual,2026-05-08,2026-05-08,6011,Interest Income,0.0,36.12,-36.12
AE_ACCRUAL_LN000022_04_DR,ACCRUAL_LN000022_04,LN000022,interest_accrual,2026-06-08,2026-06-08,1132,Interest Receivable,36.12,0.0,36.12
AE_ACCRUAL_LN000022_04_CR,ACCRUAL_LN000022_04,LN000022,interest_accrual,2026-06-08,2026-06-08,6011,Interest Income,0.0,36.12,-36.12
AE_ACCRUAL_LN000022_05_DR,ACCRUAL_LN000022_05,LN000022,interest_accrual,2026-07-08,2026-07-08,1132,Interest Receivable,36.12,0.0,36.12
AE_ACCRUAL_LN000022_05_CR,ACCRUAL_LN000022_05,LN000022,interest_accrual,2026-07-08,2026-07-08,6011,Interest Income,0.0,36.12,-36.12
AE_ACCRUAL_LN000022_06_DR,ACCRUAL_LN000022_06,LN000022,interest_accrual,2026-08-08,2026-08-08,1132,Interest Receivable,36.12,0.0,36.12
AE_ACCRUAL_LN000022_06_CR,ACCRUAL_LN000022_06,LN000022,interest_accrual,2026-08-08,2026-08-08,6011,Interest Income,0.0,36.12,-36.12
AE_ACCRUAL_LN000023_01_DR,ACCRUAL_LN000023_01,LN000023,interest_accrual,2026-02-02,2026-02-02,1132,Interest Receivable,203.5,0.0,203.5
AE_ACCRUAL_LN000023_01_CR,ACCRUAL_LN000023_01,LN000023,interest_accrual,2026-02-02,2026-02-02,6011,Interest Income,0.0,203.5,-203.5
AE_ACCRUAL_LN000023_02_DR,ACCRUAL_LN000023_02,LN000023,interest_accrual,2026-03-02,2026-03-02,1132,Interest Receivable,203.5,0.0,203.5
AE_ACCRUAL_LN000023_02_CR,ACCRUAL_LN000023_02,LN000023,interest_accrual,2026-03-02,2026-03-02,6011,Interest Income,0.0,203.5,-203.5
AE_ACCRUAL_LN000023_03_DR,ACCRUAL_LN000023_03,LN000023,interest_accrual,2026-04-02,2026-04-02,1132,Interest Receivable,203.5,0.0,203.5
AE_ACCRUAL_LN000023_03_CR,ACCRUAL_LN000023_03,LN000023,interest_accrual,2026-04-02,2026-04-02,6011,Interest Income,0.0,203.5,-203.5
AE_ACCRUAL_LN000023_04_DR,ACCRUAL_LN000023_04,LN000023,interest_accrual,2026-05-02,2026-05-02,1132,Interest Receivable,203.5,0.0,203.5
AE_ACCRUAL_LN000023_04_CR,ACCRUAL_LN000023_04,LN000023,interest_accrual,2026-05-02,2026-05-02,6011,Interest Income,0.0,203.5,-203.5
AE_ACCRUAL_LN000023_05_DR,ACCRUAL_LN000023_05,LN000023,interest_accrual,2026-06-02,2026-06-02,1132,Interest Receivable,203.5,0.0,203.5
AE_ACCRUAL_LN000023_05_CR,ACCRUAL_LN000023_05,LN000023,interest_accrual,2026-06-02,2026-06-02,6011,Interest Income,0.0,203.5,-203.5
AE_ACCRUAL_LN000023_06_DR,ACCRUAL_LN000023_06,LN000023,interest_accrual,2026-07-02,2026-07-02,1132,Interest Receivable,203.5,0.0,203.5
AE_ACCRUAL_LN000023_06_CR,ACCRUAL_LN000023_06,LN000023,interest_accrual,2026-07-02,2026-07-02,6011,Interest Income,0.0,203.5,-203.5
AE_ACCRUAL_LN000024_01_DR,ACCRUAL_LN000024_01,LN000024,interest_accrual,2026-03-13,2026-03-13,1132,Interest Receivable,259.0,0.0,259.0
AE_ACCRUAL_LN000024_01_CR,ACCRUAL_LN000024_01,LN000024,interest_accrual,2026-03-13,2026-03-13,6011,Interest Income,0.0,259.0,-259.0
AE_ACCRUAL_LN000024_02_DR,ACCRUAL_LN000024_02,LN000024,interest_accrual,2026-04-13,2026-04-13,1132,Interest Receivable,259.0,0.0,259.0
AE_ACCRUAL_LN000024_02_CR,ACCRUAL_LN000024_02,LN000024,interest_accrual,2026-04-13,2026-04-13,6011,Interest Income,0.0,259.0,-259.0
AE_ACCRUAL_LN000024_03_DR,ACCRUAL_LN000024_03,LN000024,interest_accrual,2026-05-13,2026-05-13,1132,Interest Receivable,259.0,0.0,259.0
AE_ACCRUAL_LN000024_03_CR,ACCRUAL_LN000024_03,LN000024,interest_accrual,2026-05-13,2026-05-13,6011,Interest Income,0.0,259.0,-259.0
AE_ACCRUAL_LN000024_04_DR,ACCRUAL_LN000024_04,LN000024,interest_accrual,2026-06-13,2026-06-13,1132,Interest Receivable,259.0,0.0,259.0
AE_ACCRUAL_LN000024_04_CR,ACCRUAL_LN000024_04,LN000024,interest_accrual,2026-06-13,2026-06-13,6011,Interest Income,0.0,259.0,-259.0
AE_ACCRUAL_LN000024_05_DR,ACCRUAL_LN000024_05,LN000024,interest_accrual,2026-07-13,2026-07-13,1132,Interest Receivable,259.0,0.0,259.0
AE_ACCRUAL_LN000024_05_CR,ACCRUAL_LN000024_05,LN000024,interest_accrual,2026-07-13,2026-07-13,6011,Interest Income,0.0,259.0,-259.0
AE_ACCRUAL_LN000024_06_DR,ACCRUAL_LN000024_06,LN000024,interest_accrual,2026-08-13,2026-08-13,1132,Interest Receivable,259.0,0.0,259.0
AE_ACCRUAL_LN000024_06_CR,ACCRUAL_LN000024_06,LN000024,interest_accrual,2026-08-13,2026-08-13,6011,Interest Income,0.0,259.0,-259.0
AE_ACCRUAL_LN000024_07_DR,ACCRUAL_LN000024_07,LN000024,interest_accrual,2026-09-13,2026-09-13,1132,Interest Receivable,259.0,0.0,259.0
AE_ACCRUAL_LN000024_07_CR,ACCRUAL_LN000024_07,LN000024,interest_accrual,2026-09-13,2026-09-13,6011,Interest Income,0.0,259.0,-259.0
AE_ACCRUAL_LN000024_08_DR,ACCRUAL_LN000024_08,LN000024,interest_accrual,2026-10-13,2026-10-13,1132,Interest Receivable,259.0,0.0,259.0
AE_ACCRUAL_LN000024_08_CR,ACCRUAL_LN000024_08,LN000024,interest_accrual,2026-10-13,2026-10-13,6011,Interest Income,0.0,259.0,-259.0
AE_ACCRUAL_LN000024_09_DR,ACCRUAL_LN000024_09,LN000024,interest_accrual,2026-11-13,2026-11-13,1132,Interest Receivable,259.0,0.0,259.0
AE_ACCRUAL_LN000024_09_CR,ACCRUAL_LN000024_09,LN000024,interest_accrual,2026-11-13,2026-11-13,6011,Interest Income,0.0,259.0,-259.0
AE_ACCRUAL_LN000024_10_DR,ACCRUAL_LN000024_10,LN000024,interest_accrual,2026-12-13,2026-12-13,1132,Interest Receivable,259.0,0.0,259.0
AE_ACCRUAL_LN000024_10_CR,ACCRUAL_LN000024_10,LN000024,interest_accrual,2026-12-13,2026-12-13,6011,Interest Income,0.0,259.0,-259.0
AE_ACCRUAL_LN000024_11_DR,ACCRUAL_LN000024_11,LN000024,interest_accrual,2027-01-13,2027-01-13,1132,Interest Receivable,259.0,0.0,259.0
AE_ACCRUAL_LN000024_11_CR,ACCRUAL_LN000024_11,LN000024,interest_accrual,2027-01-13,2027-01-13,6011,Interest Income,0.0,259.0,-259.0
AE_ACCRUAL_LN000024_12_DR,ACCRUAL_LN000024_12,LN000024,interest_accrual,2027-02-13,2027-02-13,1132,Interest Receivable,259.0,0.0,259.0
AE_ACCRUAL_LN000024_12_CR,ACCRUAL_LN000024_12,LN000024,interest_accrual,2027-02-13,2027-02-13,6011,Interest Income,0.0,259.0,-259.0
AE_ACCRUAL_LN000024_13_DR,ACCRUAL_LN000024_13,LN000024,interest_accrual,2027-03-13,2027-03-13,1132,Interest Receivable,259.0,0.0,259.0
AE_ACCRUAL_LN000024_13_CR,ACCRUAL_LN000024_13,LN000024,interest_accrual,2027-03-13,2027-03-13,6011,Interest Income,0.0,259.0,-259.0
AE_ACCRUAL_LN000024_14_DR,ACCRUAL_LN000024_14,LN000024,interest_accrual,2027-04-13,2027-04-13,1132,Interest Receivable,259.0,0.0,259.0
AE_ACCRUAL_LN000024_14_CR,ACCRUAL_LN000024_14,LN000024,interest_accrual,2027-04-13,2027-04-13,6011,Interest Income,0.0,259.0,-259.0
AE_ACCRUAL_LN000024_15_DR,ACCRUAL_LN000024_15,LN000024,interest_accrual,2027-05-13,2027-05-13,1132,Interest Receivable,259.0,0.0,259.0
AE_ACCRUAL_LN000024_15_CR,ACCRUAL_LN000024_15,LN000024,interest_accrual,2027-05-13,2027-05-13,6011,Interest Income,0.0,259.0,-259.0
AE_ACCRUAL_LN000024_16_DR,ACCRUAL_LN000024_16,LN000024,interest_accrual,2027-06-13,2027-06-13,1132,Interest Receivable,259.0,0.0,259.0
AE_ACCRUAL_LN000024_16_CR,ACCRUAL_LN000024_16,LN000024,interest_accrual,2027-06-13,2027-06-13,6011,Interest Income,0.0,259.0,-259.0
AE_ACCRUAL_LN000024_17_DR,ACCRUAL_LN000024_17,LN000024,interest_accrual,2027-07-13,2027-07-13,1132,Interest Receivable,259.0,0.0,259.0
AE_ACCRUAL_LN000024_17_CR,ACCRUAL_LN000024_17,LN000024,interest_accrual,2027-07-13,2027-07-13,6011,Interest Income,0.0,259.0,-259.0
AE_ACCRUAL_LN000024_18_DR,ACCRUAL_LN000024_18,LN000024,interest_accrual,2027-08-13,2027-08-13,1132,Interest Receivable,259.0,0.0,259.0
AE_ACCRUAL_LN000024_18_CR,ACCRUAL_LN000024_18,LN000024,interest_accrual,2027-08-13,2027-08-13,6011,Interest Income,0.0,259.0,-259.0
AE_ACCRUAL_LN000024_19_DR,ACCRUAL_LN000024_19,LN000024,interest_accrual,2027-09-13,2027-09-13,1132,Interest Receivable,259.0,0.0,259.0
AE_ACCRUAL_LN000024_19_CR,ACCRUAL_LN000024_19,LN000024,interest_accrual,2027-09-13,2027-09-13,6011,Interest Income,0.0,259.0,-259.0
AE_ACCRUAL_LN000024_20_DR,ACCRUAL_LN000024_20,LN000024,interest_accrual,2027-10-13,2027-10-13,1132,Interest Receivable,259.0,0.0,259.0
AE_ACCRUAL_LN000024_20_CR,ACCRUAL_LN000024_20,LN000024,interest_accrual,2027-10-13,2027-10-13,6011,Interest Income,0.0,259.0,-259.0
AE_ACCRUAL_LN000024_21_DR,ACCRUAL_LN000024_21,LN000024,interest_accrual,2027-11-13,2027-11-13,1132,Interest Receivable,259.0,0.0,259.0
AE_ACCRUAL_LN000024_21_CR,ACCRUAL_LN000024_21,LN000024,interest_accrual,2027-11-13,2027-11-13,6011,Interest Income,0.0,259.0,-259.0
AE_ACCRUAL_LN000024_22_DR,ACCRUAL_LN000024_22,LN000024,interest_accrual,2027-12-13,2027-12-13,1132,Interest Receivable,259.0,0.0,259.0
AE_ACCRUAL_LN000024_22_CR,ACCRUAL_LN000024_22,LN000024,interest_accrual,2027-12-13,2027-12-13,6011,Interest Income,0.0,259.0,-259.0
AE_ACCRUAL_LN000024_23_DR,ACCRUAL_LN000024_23,LN000024,interest_accrual,2028-01-13,2028-01-13,1132,Interest Receivable,259.0,0.0,259.0
AE_ACCRUAL_LN000024_23_CR,ACCRUAL_LN000024_23,LN000024,interest_accrual,2028-01-13,2028-01-13,6011,Interest Income,0.0,259.0,-259.0
AE_ACCRUAL_LN000024_24_DR,ACCRUAL_LN000024_24,LN000024,interest_accrual,2028-02-13,2028-02-13,1132,Interest Receivable,259.0,0.0,259.0
AE_ACCRUAL_LN000024_24_CR,ACCRUAL_LN000024_24,LN000024,interest_accrual,2028-02-13,2028-02-13,6011,Interest Income,0.0,259.0,-259.0
AE_ACCRUAL_LN000025_01_DR,ACCRUAL_LN000025_01,LN000025,interest_accrual,2026-02-17,2026-02-17,1132,Interest Receivable,289.67,0.0,289.67
AE_ACCRUAL_LN000025_01_CR,ACCRUAL_LN000025_01,LN000025,interest_accrual,2026-02-17,2026-02-17,6011,Interest Income,0.0,289.67,-289.67
AE_ACCRUAL_LN000025_02_DR,ACCRUAL_LN000025_02,LN000025,interest_accrual,2026-03-17,2026-03-17,1132,Interest Receivable,289.67,0.0,289.67
AE_ACCRUAL_LN000025_02_CR,ACCRUAL_LN000025_02,LN000025,interest_accrual,2026-03-17,2026-03-17,6011,Interest Income,0.0,289.67,-289.67
AE_ACCRUAL_LN000025_03_DR,ACCRUAL_LN000025_03,LN000025,interest_accrual,2026-04-17,2026-04-17,1132,Interest Receivable,289.67,0.0,289.67
AE_ACCRUAL_LN000025_03_CR,ACCRUAL_LN000025_03,LN000025,interest_accrual,2026-04-17,2026-04-17,6011,Interest Income,0.0,289.67,-289.67
AE_ACCRUAL_LN000025_04_DR,ACCRUAL_LN000025_04,LN000025,interest_accrual,2026-05-17,2026-05-17,1132,Interest Receivable,289.67,0.0,289.67
AE_ACCRUAL_LN000025_04_CR,ACCRUAL_LN000025_04,LN000025,interest_accrual,2026-05-17,2026-05-17,6011,Interest Income,0.0,289.67,-289.67
AE_ACCRUAL_LN000025_05_DR,ACCRUAL_LN000025_05,LN000025,interest_accrual,2026-06-17,2026-06-17,1132,Interest Receivable,289.67,0.0,289.67
AE_ACCRUAL_LN000025_05_CR,ACCRUAL_LN000025_05,LN000025,interest_accrual,2026-06-17,2026-06-17,6011,Interest Income,0.0,289.67,-289.67
AE_ACCRUAL_LN000025_06_DR,ACCRUAL_LN000025_06,LN000025,interest_accrual,2026-07-17,2026-07-17,1132,Interest Receivable,289.67,0.0,289.67
AE_ACCRUAL_LN000025_06_CR,ACCRUAL_LN000025_06,LN000025,interest_accrual,2026-07-17,2026-07-17,6011,Interest Income,0.0,289.67,-289.67
AE_ACCRUAL_LN000025_07_DR,ACCRUAL_LN000025_07,LN000025,interest_accrual,2026-08-17,2026-08-17,1132,Interest Receivable,289.67,0.0,289.67
AE_ACCRUAL_LN000025_07_CR,ACCRUAL_LN000025_07,LN000025,interest_accrual,2026-08-17,2026-08-17,6011,Interest Income,0.0,289.67,-289.67
AE_ACCRUAL_LN000025_08_DR,ACCRUAL_LN000025_08,LN000025,interest_accrual,2026-09-17,2026-09-17,1132,Interest Receivable,289.67,0.0,289.67
AE_ACCRUAL_LN000025_08_CR,ACCRUAL_LN000025_08,LN000025,interest_accrual,2026-09-17,2026-09-17,6011,Interest Income,0.0,289.67,-289.67
AE_ACCRUAL_LN000025_09_DR,ACCRUAL_LN000025_09,LN000025,interest_accrual,2026-10-17,2026-10-17,1132,Interest Receivable,289.67,0.0,289.67
AE_ACCRUAL_LN000025_09_CR,ACCRUAL_LN000025_09,LN000025,interest_accrual,2026-10-17,2026-10-17,6011,Interest Income,0.0,289.67,-289.67
AE_ACCRUAL_LN000025_10_DR,ACCRUAL_LN000025_10,LN000025,interest_accrual,2026-11-17,2026-11-17,1132,Interest Receivable,289.67,0.0,289.67
AE_ACCRUAL_LN000025_10_CR,ACCRUAL_LN000025_10,LN000025,interest_accrual,2026-11-17,2026-11-17,6011,Interest Income,0.0,289.67,-289.67
AE_ACCRUAL_LN000025_11_DR,ACCRUAL_LN000025_11,LN000025,interest_accrual,2026-12-17,2026-12-17,1132,Interest Receivable,289.67,0.0,289.67
AE_ACCRUAL_LN000025_11_CR,ACCRUAL_LN000025_11,LN000025,interest_accrual,2026-12-17,2026-12-17,6011,Interest Income,0.0,289.67,-289.67
AE_ACCRUAL_LN000025_12_DR,ACCRUAL_LN000025_12,LN000025,interest_accrual,2027-01-17,2027-01-17,1132,Interest Receivable,289.67,0.0,289.67
AE_ACCRUAL_LN000025_12_CR,ACCRUAL_LN000025_12,LN000025,interest_accrual,2027-01-17,2027-01-17,6011,Interest Income,0.0,289.67,-289.67
AE_ACCRUAL_LN000025_13_DR,ACCRUAL_LN000025_13,LN000025,interest_accrual,2027-02-17,2027-02-17,1132,Interest Receivable,289.67,0.0,289.67
AE_ACCRUAL_LN000025_13_CR,ACCRUAL_LN000025_13,LN000025,interest_accrual,2027-02-17,2027-02-17,6011,Interest Income,0.0,289.67,-289.67
AE_ACCRUAL_LN000025_14_DR,ACCRUAL_LN000025_14,LN000025,interest_accrual,2027-03-17,2027-03-17,1132,Interest Receivable,289.67,0.0,289.67
AE_ACCRUAL_LN000025_14_CR,ACCRUAL_LN000025_14,LN000025,interest_accrual,2027-03-17,2027-03-17,6011,Interest Income,0.0,289.67,-289.67
AE_ACCRUAL_LN000025_15_DR,ACCRUAL_LN000025_15,LN000025,interest_accrual,2027-04-17,2027-04-17,1132,Interest Receivable,289.67,0.0,289.67
AE_ACCRUAL_LN000025_15_CR,ACCRUAL_LN000025_15,LN000025,interest_accrual,2027-04-17,2027-04-17,6011,Interest Income,0.0,289.67,-289.67
AE_ACCRUAL_LN000025_16_DR,ACCRUAL_LN000025_16,LN000025,interest_accrual,2027-05-17,2027-05-17,1132,Interest Receivable,289.67,0.0,289.67
AE_ACCRUAL_LN000025_16_CR,ACCRUAL_LN000025_16,LN000025,interest_accrual,2027-05-17,2027-05-17,6011,Interest Income,0.0,289.67,-289.67
AE_ACCRUAL_LN000025_17_DR,ACCRUAL_LN000025_17,LN000025,interest_accrual,2027-06-17,2027-06-17,1132,Interest Receivable,289.67,0.0,289.67
AE_ACCRUAL_LN000025_17_CR,ACCRUAL_LN000025_17,LN000025,interest_accrual,2027-06-17,2027-06-17,6011,Interest Income,0.0,289.67,-289.67
AE_ACCRUAL_LN000025_18_DR,ACCRUAL_LN000025_18,LN000025,interest_accrual,2027-07-17,2027-07-17,1132,Interest Receivable,289.67,0.0,289.67
AE_ACCRUAL_LN000025_18_CR,ACCRUAL_LN000025_18,LN000025,interest_accrual,2027-07-17,2027-07-17,6011,Interest Income,0.0,289.67,-289.67
AE_ACCRUAL_LN000026_01_DR,ACCRUAL_LN000026_01,LN000026,interest_accrual,2026-03-28,2026-03-28,1132,Interest Receivable,357.5,0.0,357.5
AE_ACCRUAL_LN000026_01_CR,ACCRUAL_LN000026_01,LN000026,interest_accrual,2026-03-28,2026-03-28,6011,Interest Income,0.0,357.5,-357.5
AE_ACCRUAL_LN000026_02_DR,ACCRUAL_LN000026_02,LN000026,interest_accrual,2026-04-28,2026-04-28,1132,Interest Receivable,357.5,0.0,357.5
AE_ACCRUAL_LN000026_02_CR,ACCRUAL_LN000026_02,LN000026,interest_accrual,2026-04-28,2026-04-28,6011,Interest Income,0.0,357.5,-357.5
AE_ACCRUAL_LN000026_03_DR,ACCRUAL_LN000026_03,LN000026,interest_accrual,2026-05-28,2026-05-28,1132,Interest Receivable,357.5,0.0,357.5
AE_ACCRUAL_LN000026_03_CR,ACCRUAL_LN000026_03,LN000026,interest_accrual,2026-05-28,2026-05-28,6011,Interest Income,0.0,357.5,-357.5
AE_ACCRUAL_LN000026_04_DR,ACCRUAL_LN000026_04,LN000026,interest_accrual,2026-06-28,2026-06-28,1132,Interest Receivable,357.5,0.0,357.5
AE_ACCRUAL_LN000026_04_CR,ACCRUAL_LN000026_04,LN000026,interest_accrual,2026-06-28,2026-06-28,6011,Interest Income,0.0,357.5,-357.5
AE_ACCRUAL_LN000026_05_DR,ACCRUAL_LN000026_05,LN000026,interest_accrual,2026-07-28,2026-07-28,1132,Interest Receivable,357.5,0.0,357.5
AE_ACCRUAL_LN000026_05_CR,ACCRUAL_LN000026_05,LN000026,interest_accrual,2026-07-28,2026-07-28,6011,Interest Income,0.0,357.5,-357.5
AE_ACCRUAL_LN000026_06_DR,ACCRUAL_LN000026_06,LN000026,interest_accrual,2026-08-28,2026-08-28,1132,Interest Receivable,357.5,0.0,357.5
AE_ACCRUAL_LN000026_06_CR,ACCRUAL_LN000026_06,LN000026,interest_accrual,2026-08-28,2026-08-28,6011,Interest Income,0.0,357.5,-357.5
AE_ACCRUAL_LN000026_07_DR,ACCRUAL_LN000026_07,LN000026,interest_accrual,2026-09-28,2026-09-28,1132,Interest Receivable,357.5,0.0,357.5
AE_ACCRUAL_LN000026_07_CR,ACCRUAL_LN000026_07,LN000026,interest_accrual,2026-09-28,2026-09-28,6011,Interest Income,0.0,357.5,-357.5
AE_ACCRUAL_LN000026_08_DR,ACCRUAL_LN000026_08,LN000026,interest_accrual,2026-10-28,2026-10-28,1132,Interest Receivable,357.5,0.0,357.5
AE_ACCRUAL_LN000026_08_CR,ACCRUAL_LN000026_08,LN000026,interest_accrual,2026-10-28,2026-10-28,6011,Interest Income,0.0,357.5,-357.5
AE_ACCRUAL_LN000026_09_DR,ACCRUAL_LN000026_09,LN000026,interest_accrual,2026-11-28,2026-11-28,1132,Interest Receivable,357.5,0.0,357.5
AE_ACCRUAL_LN000026_09_CR,ACCRUAL_LN000026_09,LN000026,interest_accrual,2026-11-28,2026-11-28,6011,Interest Income,0.0,357.5,-357.5
AE_ACCRUAL_LN000026_10_DR,ACCRUAL_LN000026_10,LN000026,interest_accrual,2026-12-28,2026-12-28,1132,Interest Receivable,357.5,0.0,357.5
AE_ACCRUAL_LN000026_10_CR,ACCRUAL_LN000026_10,LN000026,interest_accrual,2026-12-28,2026-12-28,6011,Interest Income,0.0,357.5,-357.5
AE_ACCRUAL_LN000026_11_DR,ACCRUAL_LN000026_11,LN000026,interest_accrual,2027-01-28,2027-01-28,1132,Interest Receivable,357.5,0.0,357.5
AE_ACCRUAL_LN000026_11_CR,ACCRUAL_LN000026_11,LN000026,interest_accrual,2027-01-28,2027-01-28,6011,Interest Income,0.0,357.5,-357.5
AE_ACCRUAL_LN000026_12_DR,ACCRUAL_LN000026_12,LN000026,interest_accrual,2027-02-28,2027-02-28,1132,Interest Receivable,357.5,0.0,357.5
AE_ACCRUAL_LN000026_12_CR,ACCRUAL_LN000026_12,LN000026,interest_accrual,2027-02-28,2027-02-28,6011,Interest Income,0.0,357.5,-357.5
AE_ACCRUAL_LN000026_13_DR,ACCRUAL_LN000026_13,LN000026,interest_accrual,2027-03-28,2027-03-28,1132,Interest Receivable,357.5,0.0,357.5
AE_ACCRUAL_LN000026_13_CR,ACCRUAL_LN000026_13,LN000026,interest_accrual,2027-03-28,2027-03-28,6011,Interest Income,0.0,357.5,-357.5
AE_ACCRUAL_LN000026_14_DR,ACCRUAL_LN000026_14,LN000026,interest_accrual,2027-04-28,2027-04-28,1132,Interest Receivable,357.5,0.0,357.5
AE_ACCRUAL_LN000026_14_CR,ACCRUAL_LN000026_14,LN000026,interest_accrual,2027-04-28,2027-04-28,6011,Interest Income,0.0,357.5,-357.5
AE_ACCRUAL_LN000026_15_DR,ACCRUAL_LN000026_15,LN000026,interest_accrual,2027-05-28,2027-05-28,1132,Interest Receivable,357.5,0.0,357.5
AE_ACCRUAL_LN000026_15_CR,ACCRUAL_LN000026_15,LN000026,interest_accrual,2027-05-28,2027-05-28,6011,Interest Income,0.0,357.5,-357.5
AE_ACCRUAL_LN000026_16_DR,ACCRUAL_LN000026_16,LN000026,interest_accrual,2027-06-28,2027-06-28,1132,Interest Receivable,357.5,0.0,357.5
AE_ACCRUAL_LN000026_16_CR,ACCRUAL_LN000026_16,LN000026,interest_accrual,2027-06-28,2027-06-28,6011,Interest Income,0.0,357.5,-357.5
AE_ACCRUAL_LN000026_17_DR,ACCRUAL_LN000026_17,LN000026,interest_accrual,2027-07-28,2027-07-28,1132,Interest Receivable,357.5,0.0,357.5
AE_ACCRUAL_LN000026_17_CR,ACCRUAL_LN000026_17,LN000026,interest_accrual,2027-07-28,2027-07-28,6011,Interest Income,0.0,357.5,-357.5
AE_ACCRUAL_LN000026_18_DR,ACCRUAL_LN000026_18,LN000026,interest_accrual,2027-08-28,2027-08-28,1132,Interest Receivable,357.5,0.0,357.5
AE_ACCRUAL_LN000026_18_CR,ACCRUAL_LN000026_18,LN000026,interest_accrual,2027-08-28,2027-08-28,6011,Interest Income,0.0,357.5,-357.5
AE_ACCRUAL_LN000026_19_DR,ACCRUAL_LN000026_19,LN000026,interest_accrual,2027-09-28,2027-09-28,1132,Interest Receivable,357.5,0.0,357.5
AE_ACCRUAL_LN000026_19_CR,ACCRUAL_LN000026_19,LN000026,interest_accrual,2027-09-28,2027-09-28,6011,Interest Income,0.0,357.5,-357.5
AE_ACCRUAL_LN000026_20_DR,ACCRUAL_LN000026_20,LN000026,interest_accrual,2027-10-28,2027-10-28,1132,Interest Receivable,357.5,0.0,357.5
AE_ACCRUAL_LN000026_20_CR,ACCRUAL_LN000026_20,LN000026,interest_accrual,2027-10-28,2027-10-28,6011,Interest Income,0.0,357.5,-357.5
AE_ACCRUAL_LN000026_21_DR,ACCRUAL_LN000026_21,LN000026,interest_accrual,2027-11-28,2027-11-28,1132,Interest Receivable,357.5,0.0,357.5
AE_ACCRUAL_LN000026_21_CR,ACCRUAL_LN000026_21,LN000026,interest_accrual,2027-11-28,2027-11-28,6011,Interest Income,0.0,357.5,-357.5
AE_ACCRUAL_LN000026_22_DR,ACCRUAL_LN000026_22,LN000026,interest_accrual,2027-12-28,2027-12-28,1132,Interest Receivable,357.5,0.0,357.5
AE_ACCRUAL_LN000026_22_CR,ACCRUAL_LN000026_22,LN000026,interest_accrual,2027-12-28,2027-12-28,6011,Interest Income,0.0,357.5,-357.5
AE_ACCRUAL_LN000026_23_DR,ACCRUAL_LN000026_23,LN000026,interest_accrual,2028-01-28,2028-01-28,1132,Interest Receivable,357.5,0.0,357.5
AE_ACCRUAL_LN000026_23_CR,ACCRUAL_LN000026_23,LN000026,interest_accrual,2028-01-28,2028-01-28,6011,Interest Income,0.0,357.5,-357.5
AE_ACCRUAL_LN000026_24_DR,ACCRUAL_LN000026_24,LN000026,interest_accrual,2028-02-28,2028-02-28,1132,Interest Receivable,357.5,0.0,357.5
AE_ACCRUAL_LN000026_24_CR,ACCRUAL_LN000026_24,LN000026,interest_accrual,2028-02-28,2028-02-28,6011,Interest Income,0.0,357.5,-357.5
AE_ACCRUAL_LN000027_01_DR,ACCRUAL_LN000027_01,LN000027,interest_accrual,2026-04-30,2026-04-30,1132,Interest Receivable,102.33,0.0,102.33
AE_ACCRUAL_LN000027_01_CR,ACCRUAL_LN000027_01,LN000027,interest_accrual,2026-04-30,2026-04-30,6011,Interest Income,0.0,102.33,-102.33
AE_ACCRUAL_LN000027_02_DR,ACCRUAL_LN000027_02,LN000027,interest_accrual,2026-05-31,2026-05-31,1132,Interest Receivable,102.33,0.0,102.33
AE_ACCRUAL_LN000027_02_CR,ACCRUAL_LN000027_02,LN000027,interest_accrual,2026-05-31,2026-05-31,6011,Interest Income,0.0,102.33,-102.33
AE_ACCRUAL_LN000027_03_DR,ACCRUAL_LN000027_03,LN000027,interest_accrual,2026-06-30,2026-06-30,1132,Interest Receivable,102.33,0.0,102.33
AE_ACCRUAL_LN000027_03_CR,ACCRUAL_LN000027_03,LN000027,interest_accrual,2026-06-30,2026-06-30,6011,Interest Income,0.0,102.33,-102.33
AE_ACCRUAL_LN000027_04_DR,ACCRUAL_LN000027_04,LN000027,interest_accrual,2026-07-31,2026-07-31,1132,Interest Receivable,102.33,0.0,102.33
AE_ACCRUAL_LN000027_04_CR,ACCRUAL_LN000027_04,LN000027,interest_accrual,2026-07-31,2026-07-31,6011,Interest Income,0.0,102.33,-102.33
AE_ACCRUAL_LN000027_05_DR,ACCRUAL_LN000027_05,LN000027,interest_accrual,2026-08-31,2026-08-31,1132,Interest Receivable,102.33,0.0,102.33
AE_ACCRUAL_LN000027_05_CR,ACCRUAL_LN000027_05,LN000027,interest_accrual,2026-08-31,2026-08-31,6011,Interest Income,0.0,102.33,-102.33
AE_ACCRUAL_LN000027_06_DR,ACCRUAL_LN000027_06,LN000027,interest_accrual,2026-09-30,2026-09-30,1132,Interest Receivable,102.33,0.0,102.33
AE_ACCRUAL_LN000027_06_CR,ACCRUAL_LN000027_06,LN000027,interest_accrual,2026-09-30,2026-09-30,6011,Interest Income,0.0,102.33,-102.33
AE_ACCRUAL_LN000027_07_DR,ACCRUAL_LN000027_07,LN000027,interest_accrual,2026-10-31,2026-10-31,1132,Interest Receivable,102.33,0.0,102.33
AE_ACCRUAL_LN000027_07_CR,ACCRUAL_LN000027_07,LN000027,interest_accrual,2026-10-31,2026-10-31,6011,Interest Income,0.0,102.33,-102.33
AE_ACCRUAL_LN000027_08_DR,ACCRUAL_LN000027_08,LN000027,interest_accrual,2026-11-30,2026-11-30,1132,Interest Receivable,102.33,0.0,102.33
AE_ACCRUAL_LN000027_08_CR,ACCRUAL_LN000027_08,LN000027,interest_accrual,2026-11-30,2026-11-30,6011,Interest Income,0.0,102.33,-102.33
AE_ACCRUAL_LN000027_09_DR,ACCRUAL_LN000027_09,LN000027,interest_accrual,2026-12-31,2026-12-31,1132,Interest Receivable,102.33,0.0,102.33
AE_ACCRUAL_LN000027_09_CR,ACCRUAL_LN000027_09,LN000027,interest_accrual,2026-12-31,2026-12-31,6011,Interest Income,0.0,102.33,-102.33
AE_ACCRUAL_LN000027_10_DR,ACCRUAL_LN000027_10,LN000027,interest_accrual,2027-01-31,2027-01-31,1132,Interest Receivable,102.33,0.0,102.33
AE_ACCRUAL_LN000027_10_CR,ACCRUAL_LN000027_10,LN000027,interest_accrual,2027-01-31,2027-01-31,6011,Interest Income,0.0,102.33,-102.33
AE_ACCRUAL_LN000027_11_DR,ACCRUAL_LN000027_11,LN000027,interest_accrual,2027-02-28,2027-02-28,1132,Interest Receivable,102.33,0.0,102.33
AE_ACCRUAL_LN000027_11_CR,ACCRUAL_LN000027_11,LN000027,interest_accrual,2027-02-28,2027-02-28,6011,Interest Income,0.0,102.33,-102.33
AE_ACCRUAL_LN000027_12_DR,ACCRUAL_LN000027_12,LN000027,interest_accrual,2027-03-31,2027-03-31,1132,Interest Receivable,102.33,0.0,102.33
AE_ACCRUAL_LN000027_12_CR,ACCRUAL_LN000027_12,LN000027,interest_accrual,2027-03-31,2027-03-31,6011,Interest Income,0.0,102.33,-102.33
AE_ACCRUAL_LN000027_13_DR,ACCRUAL_LN000027_13,LN000027,interest_accrual,2027-04-30,2027-04-30,1132,Interest Receivable,102.33,0.0,102.33
AE_ACCRUAL_LN000027_13_CR,ACCRUAL_LN000027_13,LN000027,interest_accrual,2027-04-30,2027-04-30,6011,Interest Income,0.0,102.33,-102.33
AE_ACCRUAL_LN000027_14_DR,ACCRUAL_LN000027_14,LN000027,interest_accrual,2027-05-31,2027-05-31,1132,Interest Receivable,102.33,0.0,102.33
AE_ACCRUAL_LN000027_14_CR,ACCRUAL_LN000027_14,LN000027,interest_accrual,2027-05-31,2027-05-31,6011,Interest Income,0.0,102.33,-102.33
AE_ACCRUAL_LN000027_15_DR,ACCRUAL_LN000027_15,LN000027,interest_accrual,2027-06-30,2027-06-30,1132,Interest Receivable,102.33,0.0,102.33
AE_ACCRUAL_LN000027_15_CR,ACCRUAL_LN000027_15,LN000027,interest_accrual,2027-06-30,2027-06-30,6011,Interest Income,0.0,102.33,-102.33
AE_ACCRUAL_LN000027_16_DR,ACCRUAL_LN000027_16,LN000027,interest_accrual,2027-07-31,2027-07-31,1132,Interest Receivable,102.33,0.0,102.33
AE_ACCRUAL_LN000027_16_CR,ACCRUAL_LN000027_16,LN000027,interest_accrual,2027-07-31,2027-07-31,6011,Interest Income,0.0,102.33,-102.33
AE_ACCRUAL_LN000027_17_DR,ACCRUAL_LN000027_17,LN000027,interest_accrual,2027-08-31,2027-08-31,1132,Interest Receivable,102.33,0.0,102.33
AE_ACCRUAL_LN000027_17_CR,ACCRUAL_LN000027_17,LN000027,interest_accrual,2027-08-31,2027-08-31,6011,Interest Income,0.0,102.33,-102.33
AE_ACCRUAL_LN000027_18_DR,ACCRUAL_LN000027_18,LN000027,interest_accrual,2027-09-30,2027-09-30,1132,Interest Receivable,102.33,0.0,102.33
AE_ACCRUAL_LN000027_18_CR,ACCRUAL_LN000027_18,LN000027,interest_accrual,2027-09-30,2027-09-30,6011,Interest Income,0.0,102.33,-102.33
AE_ACCRUAL_LN000027_19_DR,ACCRUAL_LN000027_19,LN000027,interest_accrual,2027-10-31,2027-10-31,1132,Interest Receivable,102.33,0.0,102.33
AE_ACCRUAL_LN000027_19_CR,ACCRUAL_LN000027_19,LN000027,interest_accrual,2027-10-31,2027-10-31,6011,Interest Income,0.0,102.33,-102.33
AE_ACCRUAL_LN000027_20_DR,ACCRUAL_LN000027_20,LN000027,interest_accrual,2027-11-30,2027-11-30,1132,Interest Receivable,102.33,0.0,102.33
AE_ACCRUAL_LN000027_20_CR,ACCRUAL_LN000027_20,LN000027,interest_accrual,2027-11-30,2027-11-30,6011,Interest Income,0.0,102.33,-102.33
AE_ACCRUAL_LN000027_21_DR,ACCRUAL_LN000027_21,LN000027,interest_accrual,2027-12-31,2027-12-31,1132,Interest Receivable,102.33,0.0,102.33
AE_ACCRUAL_LN000027_21_CR,ACCRUAL_LN000027_21,LN000027,interest_accrual,2027-12-31,2027-12-31,6011,Interest Income,0.0,102.33,-102.33
AE_ACCRUAL_LN000027_22_DR,ACCRUAL_LN000027_22,LN000027,interest_accrual,2028-01-31,2028-01-31,1132,Interest Receivable,102.33,0.0,102.33
AE_ACCRUAL_LN000027_22_CR,ACCRUAL_LN000027_22,LN000027,interest_accrual,2028-01-31,2028-01-31,6011,Interest Income,0.0,102.33,-102.33
AE_ACCRUAL_LN000027_23_DR,ACCRUAL_LN000027_23,LN000027,interest_accrual,2028-02-29,2028-02-29,1132,Interest Receivable,102.33,0.0,102.33
AE_ACCRUAL_LN000027_23_CR,ACCRUAL_LN000027_23,LN000027,interest_accrual,2028-02-29,2028-02-29,6011,Interest Income,0.0,102.33,-102.33
AE_ACCRUAL_LN000027_24_DR,ACCRUAL_LN000027_24,LN000027,interest_accrual,2028-03-31,2028-03-31,1132,Interest Receivable,102.33,0.0,102.33
AE_ACCRUAL_LN000027_24_CR,ACCRUAL_LN000027_24,LN000027,interest_accrual,2028-03-31,2028-03-31,6011,Interest Income,0.0,102.33,-102.33
AE_ACCRUAL_LN000028_01_DR,ACCRUAL_LN000028_01,LN000028,interest_accrual,2026-03-08,2026-03-08,1132,Interest Receivable,75.67,0.0,75.67
AE_ACCRUAL_LN000028_01_CR,ACCRUAL_LN000028_01,LN000028,interest_accrual,2026-03-08,2026-03-08,6011,Interest Income,0.0,75.67,-75.67
AE_ACCRUAL_LN000028_02_DR,ACCRUAL_LN000028_02,LN000028,interest_accrual,2026-04-08,2026-04-08,1132,Interest Receivable,75.67,0.0,75.67
AE_ACCRUAL_LN000028_02_CR,ACCRUAL_LN000028_02,LN000028,interest_accrual,2026-04-08,2026-04-08,6011,Interest Income,0.0,75.67,-75.67
AE_ACCRUAL_LN000028_03_DR,ACCRUAL_LN000028_03,LN000028,interest_accrual,2026-05-08,2026-05-08,1132,Interest Receivable,75.67,0.0,75.67
AE_ACCRUAL_LN000028_03_CR,ACCRUAL_LN000028_03,LN000028,interest_accrual,2026-05-08,2026-05-08,6011,Interest Income,0.0,75.67,-75.67
AE_ACCRUAL_LN000028_04_DR,ACCRUAL_LN000028_04,LN000028,interest_accrual,2026-06-08,2026-06-08,1132,Interest Receivable,75.67,0.0,75.67
AE_ACCRUAL_LN000028_04_CR,ACCRUAL_LN000028_04,LN000028,interest_accrual,2026-06-08,2026-06-08,6011,Interest Income,0.0,75.67,-75.67
AE_ACCRUAL_LN000028_05_DR,ACCRUAL_LN000028_05,LN000028,interest_accrual,2026-07-08,2026-07-08,1132,Interest Receivable,75.67,0.0,75.67
AE_ACCRUAL_LN000028_05_CR,ACCRUAL_LN000028_05,LN000028,interest_accrual,2026-07-08,2026-07-08,6011,Interest Income,0.0,75.67,-75.67
AE_ACCRUAL_LN000028_06_DR,ACCRUAL_LN000028_06,LN000028,interest_accrual,2026-08-08,2026-08-08,1132,Interest Receivable,75.67,0.0,75.67
AE_ACCRUAL_LN000028_06_CR,ACCRUAL_LN000028_06,LN000028,interest_accrual,2026-08-08,2026-08-08,6011,Interest Income,0.0,75.67,-75.67
AE_ACCRUAL_LN000029_01_DR,ACCRUAL_LN000029_01,LN000029,interest_accrual,2026-02-28,2026-02-28,1132,Interest Receivable,84.25,0.0,84.25
AE_ACCRUAL_LN000029_01_CR,ACCRUAL_LN000029_01,LN000029,interest_accrual,2026-02-28,2026-02-28,6011,Interest Income,0.0,84.25,-84.25
AE_ACCRUAL_LN000029_02_DR,ACCRUAL_LN000029_02,LN000029,interest_accrual,2026-03-31,2026-03-31,1132,Interest Receivable,84.25,0.0,84.25
AE_ACCRUAL_LN000029_02_CR,ACCRUAL_LN000029_02,LN000029,interest_accrual,2026-03-31,2026-03-31,6011,Interest Income,0.0,84.25,-84.25
AE_ACCRUAL_LN000029_03_DR,ACCRUAL_LN000029_03,LN000029,interest_accrual,2026-04-30,2026-04-30,1132,Interest Receivable,84.25,0.0,84.25
AE_ACCRUAL_LN000029_03_CR,ACCRUAL_LN000029_03,LN000029,interest_accrual,2026-04-30,2026-04-30,6011,Interest Income,0.0,84.25,-84.25
AE_ACCRUAL_LN000029_04_DR,ACCRUAL_LN000029_04,LN000029,interest_accrual,2026-05-31,2026-05-31,1132,Interest Receivable,84.25,0.0,84.25
AE_ACCRUAL_LN000029_04_CR,ACCRUAL_LN000029_04,LN000029,interest_accrual,2026-05-31,2026-05-31,6011,Interest Income,0.0,84.25,-84.25
AE_ACCRUAL_LN000029_05_DR,ACCRUAL_LN000029_05,LN000029,interest_accrual,2026-06-30,2026-06-30,1132,Interest Receivable,84.25,0.0,84.25
AE_ACCRUAL_LN000029_05_CR,ACCRUAL_LN000029_05,LN000029,interest_accrual,2026-06-30,2026-06-30,6011,Interest Income,0.0,84.25,-84.25
AE_ACCRUAL_LN000029_06_DR,ACCRUAL_LN000029_06,LN000029,interest_accrual,2026-07-31,2026-07-31,1132,Interest Receivable,84.25,0.0,84.25
AE_ACCRUAL_LN000029_06_CR,ACCRUAL_LN000029_06,LN000029,interest_accrual,2026-07-31,2026-07-31,6011,Interest Income,0.0,84.25,-84.25
AE_ACCRUAL_LN000029_07_DR,ACCRUAL_LN000029_07,LN000029,interest_accrual,2026-08-31,2026-08-31,1132,Interest Receivable,84.25,0.0,84.25
AE_ACCRUAL_LN000029_07_CR,ACCRUAL_LN000029_07,LN000029,interest_accrual,2026-08-31,2026-08-31,6011,Interest Income,0.0,84.25,-84.25
AE_ACCRUAL_LN000029_08_DR,ACCRUAL_LN000029_08,LN000029,interest_accrual,2026-09-30,2026-09-30,1132,Interest Receivable,84.25,0.0,84.25
AE_ACCRUAL_LN000029_08_CR,ACCRUAL_LN000029_08,LN000029,interest_accrual,2026-09-30,2026-09-30,6011,Interest Income,0.0,84.25,-84.25
AE_ACCRUAL_LN000029_09_DR,ACCRUAL_LN000029_09,LN000029,interest_accrual,2026-10-31,2026-10-31,1132,Interest Receivable,84.25,0.0,84.25
AE_ACCRUAL_LN000029_09_CR,ACCRUAL_LN000029_09,LN000029,interest_accrual,2026-10-31,2026-10-31,6011,Interest Income,0.0,84.25,-84.25
AE_ACCRUAL_LN000029_10_DR,ACCRUAL_LN000029_10,LN000029,interest_accrual,2026-11-30,2026-11-30,1132,Interest Receivable,84.25,0.0,84.25
AE_ACCRUAL_LN000029_10_CR,ACCRUAL_LN000029_10,LN000029,interest_accrual,2026-11-30,2026-11-30,6011,Interest Income,0.0,84.25,-84.25
AE_ACCRUAL_LN000029_11_DR,ACCRUAL_LN000029_11,LN000029,interest_accrual,2026-12-31,2026-12-31,1132,Interest Receivable,84.25,0.0,84.25
AE_ACCRUAL_LN000029_11_CR,ACCRUAL_LN000029_11,LN000029,interest_accrual,2026-12-31,2026-12-31,6011,Interest Income,0.0,84.25,-84.25
AE_ACCRUAL_LN000029_12_DR,ACCRUAL_LN000029_12,LN000029,interest_accrual,2027-01-31,2027-01-31,1132,Interest Receivable,84.25,0.0,84.25
AE_ACCRUAL_LN000029_12_CR,ACCRUAL_LN000029_12,LN000029,interest_accrual,2027-01-31,2027-01-31,6011,Interest Income,0.0,84.25,-84.25
AE_ACCRUAL_LN000030_01_DR,ACCRUAL_LN000030_01,LN000030,interest_accrual,2026-02-02,2026-02-02,1132,Interest Receivable,553.75,0.0,553.75
AE_ACCRUAL_LN000030_01_CR,ACCRUAL_LN000030_01,LN000030,interest_accrual,2026-02-02,2026-02-02,6011,Interest Income,0.0,553.75,-553.75
AE_ACCRUAL_LN000030_02_DR,ACCRUAL_LN000030_02,LN000030,interest_accrual,2026-03-02,2026-03-02,1132,Interest Receivable,553.75,0.0,553.75
AE_ACCRUAL_LN000030_02_CR,ACCRUAL_LN000030_02,LN000030,interest_accrual,2026-03-02,2026-03-02,6011,Interest Income,0.0,553.75,-553.75
AE_ACCRUAL_LN000030_03_DR,ACCRUAL_LN000030_03,LN000030,interest_accrual,2026-04-02,2026-04-02,1132,Interest Receivable,553.75,0.0,553.75
AE_ACCRUAL_LN000030_03_CR,ACCRUAL_LN000030_03,LN000030,interest_accrual,2026-04-02,2026-04-02,6011,Interest Income,0.0,553.75,-553.75
AE_ACCRUAL_LN000030_04_DR,ACCRUAL_LN000030_04,LN000030,interest_accrual,2026-05-02,2026-05-02,1132,Interest Receivable,553.75,0.0,553.75
AE_ACCRUAL_LN000030_04_CR,ACCRUAL_LN000030_04,LN000030,interest_accrual,2026-05-02,2026-05-02,6011,Interest Income,0.0,553.75,-553.75
AE_ACCRUAL_LN000030_05_DR,ACCRUAL_LN000030_05,LN000030,interest_accrual,2026-06-02,2026-06-02,1132,Interest Receivable,553.75,0.0,553.75
AE_ACCRUAL_LN000030_05_CR,ACCRUAL_LN000030_05,LN000030,interest_accrual,2026-06-02,2026-06-02,6011,Interest Income,0.0,553.75,-553.75
AE_ACCRUAL_LN000030_06_DR,ACCRUAL_LN000030_06,LN000030,interest_accrual,2026-07-02,2026-07-02,1132,Interest Receivable,553.75,0.0,553.75
AE_ACCRUAL_LN000030_06_CR,ACCRUAL_LN000030_06,LN000030,interest_accrual,2026-07-02,2026-07-02,6011,Interest Income,0.0,553.75,-553.75
AE_ACCRUAL_LN000030_07_DR,ACCRUAL_LN000030_07,LN000030,interest_accrual,2026-08-02,2026-08-02,1132,Interest Receivable,553.75,0.0,553.75
AE_ACCRUAL_LN000030_07_CR,ACCRUAL_LN000030_07,LN000030,interest_accrual,2026-08-02,2026-08-02,6011,Interest Income,0.0,553.75,-553.75
AE_ACCRUAL_LN000030_08_DR,ACCRUAL_LN000030_08,LN000030,interest_accrual,2026-09-02,2026-09-02,1132,Interest Receivable,553.75,0.0,553.75
AE_ACCRUAL_LN000030_08_CR,ACCRUAL_LN000030_08,LN000030,interest_accrual,2026-09-02,2026-09-02,6011,Interest Income,0.0,553.75,-553.75
AE_ACCRUAL_LN000030_09_DR,ACCRUAL_LN000030_09,LN000030,interest_accrual,2026-10-02,2026-10-02,1132,Interest Receivable,553.75,0.0,553.75
AE_ACCRUAL_LN000030_09_CR,ACCRUAL_LN000030_09,LN000030,interest_accrual,2026-10-02,2026-10-02,6011,Interest Income,0.0,553.75,-553.75
AE_ACCRUAL_LN000030_10_DR,ACCRUAL_LN000030_10,LN000030,interest_accrual,2026-11-02,2026-11-02,1132,Interest Receivable,553.75,0.0,553.75
AE_ACCRUAL_LN000030_10_CR,ACCRUAL_LN000030_10,LN000030,interest_accrual,2026-11-02,2026-11-02,6011,Interest Income,0.0,553.75,-553.75
AE_ACCRUAL_LN000030_11_DR,ACCRUAL_LN000030_11,LN000030,interest_accrual,2026-12-02,2026-12-02,1132,Interest Receivable,553.75,0.0,553.75
AE_ACCRUAL_LN000030_11_CR,ACCRUAL_LN000030_11,LN000030,interest_accrual,2026-12-02,2026-12-02,6011,Interest Income,0.0,553.75,-553.75
AE_ACCRUAL_LN000030_12_DR,ACCRUAL_LN000030_12,LN000030,interest_accrual,2027-01-02,2027-01-02,1132,Interest Receivable,553.75,0.0,553.75
AE_ACCRUAL_LN000030_12_CR,ACCRUAL_LN000030_12,LN000030,interest_accrual,2027-01-02,2027-01-02,6011,Interest Income,0.0,553.75,-553.75
AE_ACCRUAL_LN000030_13_DR,ACCRUAL_LN000030_13,LN000030,interest_accrual,2027-02-02,2027-02-02,1132,Interest Receivable,553.75,0.0,553.75
AE_ACCRUAL_LN000030_13_CR,ACCRUAL_LN000030_13,LN000030,interest_accrual,2027-02-02,2027-02-02,6011,Interest Income,0.0,553.75,-553.75
AE_ACCRUAL_LN000030_14_DR,ACCRUAL_LN000030_14,LN000030,interest_accrual,2027-03-02,2027-03-02,1132,Interest Receivable,553.75,0.0,553.75
AE_ACCRUAL_LN000030_14_CR,ACCRUAL_LN000030_14,LN000030,interest_accrual,2027-03-02,2027-03-02,6011,Interest Income,0.0,553.75,-553.75
AE_ACCRUAL_LN000030_15_DR,ACCRUAL_LN000030_15,LN000030,interest_accrual,2027-04-02,2027-04-02,1132,Interest Receivable,553.75,0.0,553.75
AE_ACCRUAL_LN000030_15_CR,ACCRUAL_LN000030_15,LN000030,interest_accrual,2027-04-02,2027-04-02,6011,Interest Income,0.0,553.75,-553.75
AE_ACCRUAL_LN000030_16_DR,ACCRUAL_LN000030_16,LN000030,interest_accrual,2027-05-02,2027-05-02,1132,Interest Receivable,553.75,0.0,553.75
AE_ACCRUAL_LN000030_16_CR,ACCRUAL_LN000030_16,LN000030,interest_accrual,2027-05-02,2027-05-02,6011,Interest Income,0.0,553.75,-553.75
AE_ACCRUAL_LN000030_17_DR,ACCRUAL_LN000030_17,LN000030,interest_accrual,2027-06-02,2027-06-02,1132,Interest Receivable,553.75,0.0,553.75
AE_ACCRUAL_LN000030_17_CR,ACCRUAL_LN000030_17,LN000030,interest_accrual,2027-06-02,2027-06-02,6011,Interest Income,0.0,553.75,-553.75
AE_ACCRUAL_LN000030_18_DR,ACCRUAL_LN000030_18,LN000030,interest_accrual,2027-07-02,2027-07-02,1132,Interest Receivable,553.75,0.0,553.75
AE_ACCRUAL_LN000030_18_CR,ACCRUAL_LN000030_18,LN000030,interest_accrual,2027-07-02,2027-07-02,6011,Interest Income,0.0,553.75,-553.75
AE_ACCRUAL_LN000030_19_DR,ACCRUAL_LN000030_19,LN000030,interest_accrual,2027-08-02,2027-08-02,1132,Interest Receivable,553.75,0.0,553.75
AE_ACCRUAL_LN000030_19_CR,ACCRUAL_LN000030_19,LN000030,interest_accrual,2027-08-02,2027-08-02,6011,Interest Income,0.0,553.75,-553.75
AE_ACCRUAL_LN000030_20_DR,ACCRUAL_LN000030_20,LN000030,interest_accrual,2027-09-02,2027-09-02,1132,Interest Receivable,553.75,0.0,553.75
AE_ACCRUAL_LN000030_20_CR,ACCRUAL_LN000030_20,LN000030,interest_accrual,2027-09-02,2027-09-02,6011,Interest Income,0.0,553.75,-553.75
AE_ACCRUAL_LN000030_21_DR,ACCRUAL_LN000030_21,LN000030,interest_accrual,2027-10-02,2027-10-02,1132,Interest Receivable,553.75,0.0,553.75
AE_ACCRUAL_LN000030_21_CR,ACCRUAL_LN000030_21,LN000030,interest_accrual,2027-10-02,2027-10-02,6011,Interest Income,0.0,553.75,-553.75
AE_ACCRUAL_LN000030_22_DR,ACCRUAL_LN000030_22,LN000030,interest_accrual,2027-11-02,2027-11-02,1132,Interest Receivable,553.75,0.0,553.75
AE_ACCRUAL_LN000030_22_CR,ACCRUAL_LN000030_22,LN000030,interest_accrual,2027-11-02,2027-11-02,6011,Interest Income,0.0,553.75,-553.75
AE_ACCRUAL_LN000030_23_DR,ACCRUAL_LN000030_23,LN000030,interest_accrual,2027-12-02,2027-12-02,1132,Interest Receivable,553.75,0.0,553.75
AE_ACCRUAL_LN000030_23_CR,ACCRUAL_LN000030_23,LN000030,interest_accrual,2027-12-02,2027-12-02,6011,Interest Income,0.0,553.75,-553.75
AE_ACCRUAL_LN000030_24_DR,ACCRUAL_LN000030_24,LN000030,interest_accrual,2028-01-02,2028-01-02,1132,Interest Receivable,553.75,0.0,553.75
AE_ACCRUAL_LN000030_24_CR,ACCRUAL_LN000030_24,LN000030,interest_accrual,2028-01-02,2028-01-02,6011,Interest Income,0.0,553.75,-553.75
AE_ACCRUAL_LN000030_25_DR,ACCRUAL_LN000030_25,LN000030,interest_accrual,2028-02-02,2028-02-02,1132,Interest Receivable,553.75,0.0,553.75
AE_ACCRUAL_LN000030_25_CR,ACCRUAL_LN000030_25,LN000030,interest_accrual,2028-02-02,2028-02-02,6011,Interest Income,0.0,553.75,-553.75
AE_ACCRUAL_LN000030_26_DR,ACCRUAL_LN000030_26,LN000030,interest_accrual,2028-03-02,2028-03-02,1132,Interest Receivable,553.75,0.0,553.75
AE_ACCRUAL_LN000030_26_CR,ACCRUAL_LN000030_26,LN000030,interest_accrual,2028-03-02,2028-03-02,6011,Interest Income,0.0,553.75,-553.75
AE_ACCRUAL_LN000030_27_DR,ACCRUAL_LN000030_27,LN000030,interest_accrual,2028-04-02,2028-04-02,1132,Interest Receivable,553.75,0.0,553.75
AE_ACCRUAL_LN000030_27_CR,ACCRUAL_LN000030_27,LN000030,interest_accrual,2028-04-02,2028-04-02,6011,Interest Income,0.0,553.75,-553.75
AE_ACCRUAL_LN000030_28_DR,ACCRUAL_LN000030_28,LN000030,interest_accrual,2028-05-02,2028-05-02,1132,Interest Receivable,553.75,0.0,553.75
AE_ACCRUAL_LN000030_28_CR,ACCRUAL_LN000030_28,LN000030,interest_accrual,2028-05-02,2028-05-02,6011,Interest Income,0.0,553.75,-553.75
AE_ACCRUAL_LN000030_29_DR,ACCRUAL_LN000030_29,LN000030,interest_accrual,2028-06-02,2028-06-02,1132,Interest Receivable,553.75,0.0,553.75
AE_ACCRUAL_LN000030_29_CR,ACCRUAL_LN000030_29,LN000030,interest_accrual,2028-06-02,2028-06-02,6011,Interest Income,0.0,553.75,-553.75
AE_ACCRUAL_LN000030_30_DR,ACCRUAL_LN000030_30,LN000030,interest_accrual,2028-07-02,2028-07-02,1132,Interest Receivable,553.75,0.0,553.75
AE_ACCRUAL_LN000030_30_CR,ACCRUAL_LN000030_30,LN000030,interest_accrual,2028-07-02,2028-07-02,6011,Interest Income,0.0,553.75,-553.75
AE_ACCRUAL_LN000030_31_DR,ACCRUAL_LN000030_31,LN000030,interest_accrual,2028-08-02,2028-08-02,1132,Interest Receivable,553.75,0.0,553.75
AE_ACCRUAL_LN000030_31_CR,ACCRUAL_LN000030_31,LN000030,interest_accrual,2028-08-02,2028-08-02,6011,Interest Income,0.0,553.75,-553.75
AE_ACCRUAL_LN000030_32_DR,ACCRUAL_LN000030_32,LN000030,interest_accrual,2028-09-02,2028-09-02,1132,Interest Receivable,553.75,0.0,553.75
AE_ACCRUAL_LN000030_32_CR,ACCRUAL_LN000030_32,LN000030,interest_accrual,2028-09-02,2028-09-02,6011,Interest Income,0.0,553.75,-553.75
AE_ACCRUAL_LN000030_33_DR,ACCRUAL_LN000030_33,LN000030,interest_accrual,2028-10-02,2028-10-02,1132,Interest Receivable,553.75,0.0,553.75
AE_ACCRUAL_LN000030_33_CR,ACCRUAL_LN000030_33,LN000030,interest_accrual,2028-10-02,2028-10-02,6011,Interest Income,0.0,553.75,-553.75
AE_ACCRUAL_LN000030_34_DR,ACCRUAL_LN000030_34,LN000030,interest_accrual,2028-11-02,2028-11-02,1132,Interest Receivable,553.75,0.0,553.75
AE_ACCRUAL_LN000030_34_CR,ACCRUAL_LN000030_34,LN000030,interest_accrual,2028-11-02,2028-11-02,6011,Interest Income,0.0,553.75,-553.75
AE_ACCRUAL_LN000030_35_DR,ACCRUAL_LN000030_35,LN000030,interest_accrual,2028-12-02,2028-12-02,1132,Interest Receivable,553.75,0.0,553.75
AE_ACCRUAL_LN000030_35_CR,ACCRUAL_LN000030_35,LN000030,interest_accrual,2028-12-02,2028-12-02,6011,Interest Income,0.0,553.75,-553.75
AE_ACCRUAL_LN000030_36_DR,ACCRUAL_LN000030_36,LN000030,interest_accrual,2029-01-02,2029-01-02,1132,Interest Receivable,553.75,0.0,553.75
AE_ACCRUAL_LN000030_36_CR,ACCRUAL_LN000030_36,LN000030,interest_accrual,2029-01-02,2029-01-02,6011,Interest Income,0.0,553.75,-553.75
AE_ACCRUAL_LN000031_01_DR,ACCRUAL_LN000031_01,LN000031,interest_accrual,2026-02-19,2026-02-19,1132,Interest Receivable,178.42,0.0,178.42
AE_ACCRUAL_LN000031_01_CR,ACCRUAL_LN000031_01,LN000031,interest_accrual,2026-02-19,2026-02-19,6011,Interest Income,0.0,178.42,-178.42
AE_ACCRUAL_LN000031_02_DR,ACCRUAL_LN000031_02,LN000031,interest_accrual,2026-03-19,2026-03-19,1132,Interest Receivable,178.42,0.0,178.42
AE_ACCRUAL_LN000031_02_CR,ACCRUAL_LN000031_02,LN000031,interest_accrual,2026-03-19,2026-03-19,6011,Interest Income,0.0,178.42,-178.42
AE_ACCRUAL_LN000031_03_DR,ACCRUAL_LN000031_03,LN000031,interest_accrual,2026-04-19,2026-04-19,1132,Interest Receivable,178.42,0.0,178.42
AE_ACCRUAL_LN000031_03_CR,ACCRUAL_LN000031_03,LN000031,interest_accrual,2026-04-19,2026-04-19,6011,Interest Income,0.0,178.42,-178.42
AE_ACCRUAL_LN000031_04_DR,ACCRUAL_LN000031_04,LN000031,interest_accrual,2026-05-19,2026-05-19,1132,Interest Receivable,178.42,0.0,178.42
AE_ACCRUAL_LN000031_04_CR,ACCRUAL_LN000031_04,LN000031,interest_accrual,2026-05-19,2026-05-19,6011,Interest Income,0.0,178.42,-178.42
AE_ACCRUAL_LN000031_05_DR,ACCRUAL_LN000031_05,LN000031,interest_accrual,2026-06-19,2026-06-19,1132,Interest Receivable,178.42,0.0,178.42
AE_ACCRUAL_LN000031_05_CR,ACCRUAL_LN000031_05,LN000031,interest_accrual,2026-06-19,2026-06-19,6011,Interest Income,0.0,178.42,-178.42
AE_ACCRUAL_LN000031_06_DR,ACCRUAL_LN000031_06,LN000031,interest_accrual,2026-07-19,2026-07-19,1132,Interest Receivable,178.42,0.0,178.42
AE_ACCRUAL_LN000031_06_CR,ACCRUAL_LN000031_06,LN000031,interest_accrual,2026-07-19,2026-07-19,6011,Interest Income,0.0,178.42,-178.42
AE_ACCRUAL_LN000032_01_DR,ACCRUAL_LN000032_01,LN000032,interest_accrual,2026-04-13,2026-04-13,1132,Interest Receivable,205.62,0.0,205.62
AE_ACCRUAL_LN000032_01_CR,ACCRUAL_LN000032_01,LN000032,interest_accrual,2026-04-13,2026-04-13,6011,Interest Income,0.0,205.62,-205.62
AE_ACCRUAL_LN000032_02_DR,ACCRUAL_LN000032_02,LN000032,interest_accrual,2026-05-13,2026-05-13,1132,Interest Receivable,205.62,0.0,205.62
AE_ACCRUAL_LN000032_02_CR,ACCRUAL_LN000032_02,LN000032,interest_accrual,2026-05-13,2026-05-13,6011,Interest Income,0.0,205.62,-205.62
AE_ACCRUAL_LN000032_03_DR,ACCRUAL_LN000032_03,LN000032,interest_accrual,2026-06-13,2026-06-13,1132,Interest Receivable,205.62,0.0,205.62
AE_ACCRUAL_LN000032_03_CR,ACCRUAL_LN000032_03,LN000032,interest_accrual,2026-06-13,2026-06-13,6011,Interest Income,0.0,205.62,-205.62
AE_ACCRUAL_LN000032_04_DR,ACCRUAL_LN000032_04,LN000032,interest_accrual,2026-07-13,2026-07-13,1132,Interest Receivable,205.62,0.0,205.62
AE_ACCRUAL_LN000032_04_CR,ACCRUAL_LN000032_04,LN000032,interest_accrual,2026-07-13,2026-07-13,6011,Interest Income,0.0,205.62,-205.62
AE_ACCRUAL_LN000032_05_DR,ACCRUAL_LN000032_05,LN000032,interest_accrual,2026-08-13,2026-08-13,1132,Interest Receivable,205.62,0.0,205.62
AE_ACCRUAL_LN000032_05_CR,ACCRUAL_LN000032_05,LN000032,interest_accrual,2026-08-13,2026-08-13,6011,Interest Income,0.0,205.62,-205.62
AE_ACCRUAL_LN000032_06_DR,ACCRUAL_LN000032_06,LN000032,interest_accrual,2026-09-13,2026-09-13,1132,Interest Receivable,205.62,0.0,205.62
AE_ACCRUAL_LN000032_06_CR,ACCRUAL_LN000032_06,LN000032,interest_accrual,2026-09-13,2026-09-13,6011,Interest Income,0.0,205.62,-205.62
AE_ACCRUAL_LN000033_01_DR,ACCRUAL_LN000033_01,LN000033,interest_accrual,2026-04-23,2026-04-23,1132,Interest Receivable,147.83,0.0,147.83
AE_ACCRUAL_LN000033_01_CR,ACCRUAL_LN000033_01,LN000033,interest_accrual,2026-04-23,2026-04-23,6011,Interest Income,0.0,147.83,-147.83
AE_ACCRUAL_LN000033_02_DR,ACCRUAL_LN000033_02,LN000033,interest_accrual,2026-05-23,2026-05-23,1132,Interest Receivable,147.83,0.0,147.83
AE_ACCRUAL_LN000033_02_CR,ACCRUAL_LN000033_02,LN000033,interest_accrual,2026-05-23,2026-05-23,6011,Interest Income,0.0,147.83,-147.83
AE_ACCRUAL_LN000033_03_DR,ACCRUAL_LN000033_03,LN000033,interest_accrual,2026-06-23,2026-06-23,1132,Interest Receivable,147.83,0.0,147.83
AE_ACCRUAL_LN000033_03_CR,ACCRUAL_LN000033_03,LN000033,interest_accrual,2026-06-23,2026-06-23,6011,Interest Income,0.0,147.83,-147.83
AE_ACCRUAL_LN000033_04_DR,ACCRUAL_LN000033_04,LN000033,interest_accrual,2026-07-23,2026-07-23,1132,Interest Receivable,147.83,0.0,147.83
AE_ACCRUAL_LN000033_04_CR,ACCRUAL_LN000033_04,LN000033,interest_accrual,2026-07-23,2026-07-23,6011,Interest Income,0.0,147.83,-147.83
AE_ACCRUAL_LN000033_05_DR,ACCRUAL_LN000033_05,LN000033,interest_accrual,2026-08-23,2026-08-23,1132,Interest Receivable,147.83,0.0,147.83
AE_ACCRUAL_LN000033_05_CR,ACCRUAL_LN000033_05,LN000033,interest_accrual,2026-08-23,2026-08-23,6011,Interest Income,0.0,147.83,-147.83
AE_ACCRUAL_LN000033_06_DR,ACCRUAL_LN000033_06,LN000033,interest_accrual,2026-09-23,2026-09-23,1132,Interest Receivable,147.83,0.0,147.83
AE_ACCRUAL_LN000033_06_CR,ACCRUAL_LN000033_06,LN000033,interest_accrual,2026-09-23,2026-09-23,6011,Interest Income,0.0,147.83,-147.83
AE_ACCRUAL_LN000034_01_DR,ACCRUAL_LN000034_01,LN000034,interest_accrual,2026-03-02,2026-03-02,1132,Interest Receivable,157.5,0.0,157.5
AE_ACCRUAL_LN000034_01_CR,ACCRUAL_LN000034_01,LN000034,interest_accrual,2026-03-02,2026-03-02,6011,Interest Income,0.0,157.5,-157.5
AE_ACCRUAL_LN000034_02_DR,ACCRUAL_LN000034_02,LN000034,interest_accrual,2026-04-02,2026-04-02,1132,Interest Receivable,157.5,0.0,157.5
AE_ACCRUAL_LN000034_02_CR,ACCRUAL_LN000034_02,LN000034,interest_accrual,2026-04-02,2026-04-02,6011,Interest Income,0.0,157.5,-157.5
AE_ACCRUAL_LN000034_03_DR,ACCRUAL_LN000034_03,LN000034,interest_accrual,2026-05-02,2026-05-02,1132,Interest Receivable,157.5,0.0,157.5
AE_ACCRUAL_LN000034_03_CR,ACCRUAL_LN000034_03,LN000034,interest_accrual,2026-05-02,2026-05-02,6011,Interest Income,0.0,157.5,-157.5
AE_ACCRUAL_LN000034_04_DR,ACCRUAL_LN000034_04,LN000034,interest_accrual,2026-06-02,2026-06-02,1132,Interest Receivable,157.5,0.0,157.5
AE_ACCRUAL_LN000034_04_CR,ACCRUAL_LN000034_04,LN000034,interest_accrual,2026-06-02,2026-06-02,6011,Interest Income,0.0,157.5,-157.5
AE_ACCRUAL_LN000034_05_DR,ACCRUAL_LN000034_05,LN000034,interest_accrual,2026-07-02,2026-07-02,1132,Interest Receivable,157.5,0.0,157.5
AE_ACCRUAL_LN000034_05_CR,ACCRUAL_LN000034_05,LN000034,interest_accrual,2026-07-02,2026-07-02,6011,Interest Income,0.0,157.5,-157.5
AE_ACCRUAL_LN000034_06_DR,ACCRUAL_LN000034_06,LN000034,interest_accrual,2026-08-02,2026-08-02,1132,Interest Receivable,157.5,0.0,157.5
AE_ACCRUAL_LN000034_06_CR,ACCRUAL_LN000034_06,LN000034,interest_accrual,2026-08-02,2026-08-02,6011,Interest Income,0.0,157.5,-157.5
AE_ACCRUAL_LN000034_07_DR,ACCRUAL_LN000034_07,LN000034,interest_accrual,2026-09-02,2026-09-02,1132,Interest Receivable,157.5,0.0,157.5
AE_ACCRUAL_LN000034_07_CR,ACCRUAL_LN000034_07,LN000034,interest_accrual,2026-09-02,2026-09-02,6011,Interest Income,0.0,157.5,-157.5
AE_ACCRUAL_LN000034_08_DR,ACCRUAL_LN000034_08,LN000034,interest_accrual,2026-10-02,2026-10-02,1132,Interest Receivable,157.5,0.0,157.5
AE_ACCRUAL_LN000034_08_CR,ACCRUAL_LN000034_08,LN000034,interest_accrual,2026-10-02,2026-10-02,6011,Interest Income,0.0,157.5,-157.5
AE_ACCRUAL_LN000034_09_DR,ACCRUAL_LN000034_09,LN000034,interest_accrual,2026-11-02,2026-11-02,1132,Interest Receivable,157.5,0.0,157.5
AE_ACCRUAL_LN000034_09_CR,ACCRUAL_LN000034_09,LN000034,interest_accrual,2026-11-02,2026-11-02,6011,Interest Income,0.0,157.5,-157.5
AE_ACCRUAL_LN000034_10_DR,ACCRUAL_LN000034_10,LN000034,interest_accrual,2026-12-02,2026-12-02,1132,Interest Receivable,157.5,0.0,157.5
AE_ACCRUAL_LN000034_10_CR,ACCRUAL_LN000034_10,LN000034,interest_accrual,2026-12-02,2026-12-02,6011,Interest Income,0.0,157.5,-157.5
AE_ACCRUAL_LN000034_11_DR,ACCRUAL_LN000034_11,LN000034,interest_accrual,2027-01-02,2027-01-02,1132,Interest Receivable,157.5,0.0,157.5
AE_ACCRUAL_LN000034_11_CR,ACCRUAL_LN000034_11,LN000034,interest_accrual,2027-01-02,2027-01-02,6011,Interest Income,0.0,157.5,-157.5
AE_ACCRUAL_LN000034_12_DR,ACCRUAL_LN000034_12,LN000034,interest_accrual,2027-02-02,2027-02-02,1132,Interest Receivable,157.5,0.0,157.5
AE_ACCRUAL_LN000034_12_CR,ACCRUAL_LN000034_12,LN000034,interest_accrual,2027-02-02,2027-02-02,6011,Interest Income,0.0,157.5,-157.5
AE_ACCRUAL_LN000034_13_DR,ACCRUAL_LN000034_13,LN000034,interest_accrual,2027-03-02,2027-03-02,1132,Interest Receivable,157.5,0.0,157.5
AE_ACCRUAL_LN000034_13_CR,ACCRUAL_LN000034_13,LN000034,interest_accrual,2027-03-02,2027-03-02,6011,Interest Income,0.0,157.5,-157.5
AE_ACCRUAL_LN000034_14_DR,ACCRUAL_LN000034_14,LN000034,interest_accrual,2027-04-02,2027-04-02,1132,Interest Receivable,157.5,0.0,157.5
AE_ACCRUAL_LN000034_14_CR,ACCRUAL_LN000034_14,LN000034,interest_accrual,2027-04-02,2027-04-02,6011,Interest Income,0.0,157.5,-157.5
AE_ACCRUAL_LN000034_15_DR,ACCRUAL_LN000034_15,LN000034,interest_accrual,2027-05-02,2027-05-02,1132,Interest Receivable,157.5,0.0,157.5
AE_ACCRUAL_LN000034_15_CR,ACCRUAL_LN000034_15,LN000034,interest_accrual,2027-05-02,2027-05-02,6011,Interest Income,0.0,157.5,-157.5
AE_ACCRUAL_LN000034_16_DR,ACCRUAL_LN000034_16,LN000034,interest_accrual,2027-06-02,2027-06-02,1132,Interest Receivable,157.5,0.0,157.5
AE_ACCRUAL_LN000034_16_CR,ACCRUAL_LN000034_16,LN000034,interest_accrual,2027-06-02,2027-06-02,6011,Interest Income,0.0,157.5,-157.5
AE_ACCRUAL_LN000034_17_DR,ACCRUAL_LN000034_17,LN000034,interest_accrual,2027-07-02,2027-07-02,1132,Interest Receivable,157.5,0.0,157.5
AE_ACCRUAL_LN000034_17_CR,ACCRUAL_LN000034_17,LN000034,interest_accrual,2027-07-02,2027-07-02,6011,Interest Income,0.0,157.5,-157.5
AE_ACCRUAL_LN000034_18_DR,ACCRUAL_LN000034_18,LN000034,interest_accrual,2027-08-02,2027-08-02,1132,Interest Receivable,157.5,0.0,157.5
AE_ACCRUAL_LN000034_18_CR,ACCRUAL_LN000034_18,LN000034,interest_accrual,2027-08-02,2027-08-02,6011,Interest Income,0.0,157.5,-157.5
AE_ACCRUAL_LN000035_01_DR,ACCRUAL_LN000035_01,LN000035,interest_accrual,2026-04-17,2026-04-17,1132,Interest Receivable,269.25,0.0,269.25
AE_ACCRUAL_LN000035_01_CR,ACCRUAL_LN000035_01,LN000035,interest_accrual,2026-04-17,2026-04-17,6011,Interest Income,0.0,269.25,-269.25
AE_ACCRUAL_LN000035_02_DR,ACCRUAL_LN000035_02,LN000035,interest_accrual,2026-05-17,2026-05-17,1132,Interest Receivable,269.25,0.0,269.25
AE_ACCRUAL_LN000035_02_CR,ACCRUAL_LN000035_02,LN000035,interest_accrual,2026-05-17,2026-05-17,6011,Interest Income,0.0,269.25,-269.25
AE_ACCRUAL_LN000035_03_DR,ACCRUAL_LN000035_03,LN000035,interest_accrual,2026-06-17,2026-06-17,1132,Interest Receivable,269.25,0.0,269.25
AE_ACCRUAL_LN000035_03_CR,ACCRUAL_LN000035_03,LN000035,interest_accrual,2026-06-17,2026-06-17,6011,Interest Income,0.0,269.25,-269.25
AE_ACCRUAL_LN000035_04_DR,ACCRUAL_LN000035_04,LN000035,interest_accrual,2026-07-17,2026-07-17,1132,Interest Receivable,269.25,0.0,269.25
AE_ACCRUAL_LN000035_04_CR,ACCRUAL_LN000035_04,LN000035,interest_accrual,2026-07-17,2026-07-17,6011,Interest Income,0.0,269.25,-269.25
AE_ACCRUAL_LN000035_05_DR,ACCRUAL_LN000035_05,LN000035,interest_accrual,2026-08-17,2026-08-17,1132,Interest Receivable,269.25,0.0,269.25
AE_ACCRUAL_LN000035_05_CR,ACCRUAL_LN000035_05,LN000035,interest_accrual,2026-08-17,2026-08-17,6011,Interest Income,0.0,269.25,-269.25
AE_ACCRUAL_LN000035_06_DR,ACCRUAL_LN000035_06,LN000035,interest_accrual,2026-09-17,2026-09-17,1132,Interest Receivable,269.25,0.0,269.25
AE_ACCRUAL_LN000035_06_CR,ACCRUAL_LN000035_06,LN000035,interest_accrual,2026-09-17,2026-09-17,6011,Interest Income,0.0,269.25,-269.25
AE_ACCRUAL_LN000035_07_DR,ACCRUAL_LN000035_07,LN000035,interest_accrual,2026-10-17,2026-10-17,1132,Interest Receivable,269.25,0.0,269.25
AE_ACCRUAL_LN000035_07_CR,ACCRUAL_LN000035_07,LN000035,interest_accrual,2026-10-17,2026-10-17,6011,Interest Income,0.0,269.25,-269.25
AE_ACCRUAL_LN000035_08_DR,ACCRUAL_LN000035_08,LN000035,interest_accrual,2026-11-17,2026-11-17,1132,Interest Receivable,269.25,0.0,269.25
AE_ACCRUAL_LN000035_08_CR,ACCRUAL_LN000035_08,LN000035,interest_accrual,2026-11-17,2026-11-17,6011,Interest Income,0.0,269.25,-269.25
AE_ACCRUAL_LN000035_09_DR,ACCRUAL_LN000035_09,LN000035,interest_accrual,2026-12-17,2026-12-17,1132,Interest Receivable,269.25,0.0,269.25
AE_ACCRUAL_LN000035_09_CR,ACCRUAL_LN000035_09,LN000035,interest_accrual,2026-12-17,2026-12-17,6011,Interest Income,0.0,269.25,-269.25
AE_ACCRUAL_LN000035_10_DR,ACCRUAL_LN000035_10,LN000035,interest_accrual,2027-01-17,2027-01-17,1132,Interest Receivable,269.25,0.0,269.25
AE_ACCRUAL_LN000035_10_CR,ACCRUAL_LN000035_10,LN000035,interest_accrual,2027-01-17,2027-01-17,6011,Interest Income,0.0,269.25,-269.25
AE_ACCRUAL_LN000035_11_DR,ACCRUAL_LN000035_11,LN000035,interest_accrual,2027-02-17,2027-02-17,1132,Interest Receivable,269.25,0.0,269.25
AE_ACCRUAL_LN000035_11_CR,ACCRUAL_LN000035_11,LN000035,interest_accrual,2027-02-17,2027-02-17,6011,Interest Income,0.0,269.25,-269.25
AE_ACCRUAL_LN000035_12_DR,ACCRUAL_LN000035_12,LN000035,interest_accrual,2027-03-17,2027-03-17,1132,Interest Receivable,269.25,0.0,269.25
AE_ACCRUAL_LN000035_12_CR,ACCRUAL_LN000035_12,LN000035,interest_accrual,2027-03-17,2027-03-17,6011,Interest Income,0.0,269.25,-269.25
AE_ACCRUAL_LN000035_13_DR,ACCRUAL_LN000035_13,LN000035,interest_accrual,2027-04-17,2027-04-17,1132,Interest Receivable,269.25,0.0,269.25
AE_ACCRUAL_LN000035_13_CR,ACCRUAL_LN000035_13,LN000035,interest_accrual,2027-04-17,2027-04-17,6011,Interest Income,0.0,269.25,-269.25
AE_ACCRUAL_LN000035_14_DR,ACCRUAL_LN000035_14,LN000035,interest_accrual,2027-05-17,2027-05-17,1132,Interest Receivable,269.25,0.0,269.25
AE_ACCRUAL_LN000035_14_CR,ACCRUAL_LN000035_14,LN000035,interest_accrual,2027-05-17,2027-05-17,6011,Interest Income,0.0,269.25,-269.25
AE_ACCRUAL_LN000035_15_DR,ACCRUAL_LN000035_15,LN000035,interest_accrual,2027-06-17,2027-06-17,1132,Interest Receivable,269.25,0.0,269.25
AE_ACCRUAL_LN000035_15_CR,ACCRUAL_LN000035_15,LN000035,interest_accrual,2027-06-17,2027-06-17,6011,Interest Income,0.0,269.25,-269.25
AE_ACCRUAL_LN000035_16_DR,ACCRUAL_LN000035_16,LN000035,interest_accrual,2027-07-17,2027-07-17,1132,Interest Receivable,269.25,0.0,269.25
AE_ACCRUAL_LN000035_16_CR,ACCRUAL_LN000035_16,LN000035,interest_accrual,2027-07-17,2027-07-17,6011,Interest Income,0.0,269.25,-269.25
AE_ACCRUAL_LN000035_17_DR,ACCRUAL_LN000035_17,LN000035,interest_accrual,2027-08-17,2027-08-17,1132,Interest Receivable,269.25,0.0,269.25
AE_ACCRUAL_LN000035_17_CR,ACCRUAL_LN000035_17,LN000035,interest_accrual,2027-08-17,2027-08-17,6011,Interest Income,0.0,269.25,-269.25
AE_ACCRUAL_LN000035_18_DR,ACCRUAL_LN000035_18,LN000035,interest_accrual,2027-09-17,2027-09-17,1132,Interest Receivable,269.25,0.0,269.25
AE_ACCRUAL_LN000035_18_CR,ACCRUAL_LN000035_18,LN000035,interest_accrual,2027-09-17,2027-09-17,6011,Interest Income,0.0,269.25,-269.25
AE_ACCRUAL_LN000035_19_DR,ACCRUAL_LN000035_19,LN000035,interest_accrual,2027-10-17,2027-10-17,1132,Interest Receivable,269.25,0.0,269.25
AE_ACCRUAL_LN000035_19_CR,ACCRUAL_LN000035_19,LN000035,interest_accrual,2027-10-17,2027-10-17,6011,Interest Income,0.0,269.25,-269.25
AE_ACCRUAL_LN000035_20_DR,ACCRUAL_LN000035_20,LN000035,interest_accrual,2027-11-17,2027-11-17,1132,Interest Receivable,269.25,0.0,269.25
AE_ACCRUAL_LN000035_20_CR,ACCRUAL_LN000035_20,LN000035,interest_accrual,2027-11-17,2027-11-17,6011,Interest Income,0.0,269.25,-269.25
AE_ACCRUAL_LN000035_21_DR,ACCRUAL_LN000035_21,LN000035,interest_accrual,2027-12-17,2027-12-17,1132,Interest Receivable,269.25,0.0,269.25
AE_ACCRUAL_LN000035_21_CR,ACCRUAL_LN000035_21,LN000035,interest_accrual,2027-12-17,2027-12-17,6011,Interest Income,0.0,269.25,-269.25
AE_ACCRUAL_LN000035_22_DR,ACCRUAL_LN000035_22,LN000035,interest_accrual,2028-01-17,2028-01-17,1132,Interest Receivable,269.25,0.0,269.25
AE_ACCRUAL_LN000035_22_CR,ACCRUAL_LN000035_22,LN000035,interest_accrual,2028-01-17,2028-01-17,6011,Interest Income,0.0,269.25,-269.25
AE_ACCRUAL_LN000035_23_DR,ACCRUAL_LN000035_23,LN000035,interest_accrual,2028-02-17,2028-02-17,1132,Interest Receivable,269.25,0.0,269.25
AE_ACCRUAL_LN000035_23_CR,ACCRUAL_LN000035_23,LN000035,interest_accrual,2028-02-17,2028-02-17,6011,Interest Income,0.0,269.25,-269.25
AE_ACCRUAL_LN000035_24_DR,ACCRUAL_LN000035_24,LN000035,interest_accrual,2028-03-17,2028-03-17,1132,Interest Receivable,269.25,0.0,269.25
AE_ACCRUAL_LN000035_24_CR,ACCRUAL_LN000035_24,LN000035,interest_accrual,2028-03-17,2028-03-17,6011,Interest Income,0.0,269.25,-269.25
AE_ACCRUAL_LN000035_25_DR,ACCRUAL_LN000035_25,LN000035,interest_accrual,2028-04-17,2028-04-17,1132,Interest Receivable,269.25,0.0,269.25
AE_ACCRUAL_LN000035_25_CR,ACCRUAL_LN000035_25,LN000035,interest_accrual,2028-04-17,2028-04-17,6011,Interest Income,0.0,269.25,-269.25
AE_ACCRUAL_LN000035_26_DR,ACCRUAL_LN000035_26,LN000035,interest_accrual,2028-05-17,2028-05-17,1132,Interest Receivable,269.25,0.0,269.25
AE_ACCRUAL_LN000035_26_CR,ACCRUAL_LN000035_26,LN000035,interest_accrual,2028-05-17,2028-05-17,6011,Interest Income,0.0,269.25,-269.25
AE_ACCRUAL_LN000035_27_DR,ACCRUAL_LN000035_27,LN000035,interest_accrual,2028-06-17,2028-06-17,1132,Interest Receivable,269.25,0.0,269.25
AE_ACCRUAL_LN000035_27_CR,ACCRUAL_LN000035_27,LN000035,interest_accrual,2028-06-17,2028-06-17,6011,Interest Income,0.0,269.25,-269.25
AE_ACCRUAL_LN000035_28_DR,ACCRUAL_LN000035_28,LN000035,interest_accrual,2028-07-17,2028-07-17,1132,Interest Receivable,269.25,0.0,269.25
AE_ACCRUAL_LN000035_28_CR,ACCRUAL_LN000035_28,LN000035,interest_accrual,2028-07-17,2028-07-17,6011,Interest Income,0.0,269.25,-269.25
AE_ACCRUAL_LN000035_29_DR,ACCRUAL_LN000035_29,LN000035,interest_accrual,2028-08-17,2028-08-17,1132,Interest Receivable,269.25,0.0,269.25
AE_ACCRUAL_LN000035_29_CR,ACCRUAL_LN000035_29,LN000035,interest_accrual,2028-08-17,2028-08-17,6011,Interest Income,0.0,269.25,-269.25
AE_ACCRUAL_LN000035_30_DR,ACCRUAL_LN000035_30,LN000035,interest_accrual,2028-09-17,2028-09-17,1132,Interest Receivable,269.25,0.0,269.25
AE_ACCRUAL_LN000035_30_CR,ACCRUAL_LN000035_30,LN000035,interest_accrual,2028-09-17,2028-09-17,6011,Interest Income,0.0,269.25,-269.25
AE_ACCRUAL_LN000035_31_DR,ACCRUAL_LN000035_31,LN000035,interest_accrual,2028-10-17,2028-10-17,1132,Interest Receivable,269.25,0.0,269.25
AE_ACCRUAL_LN000035_31_CR,ACCRUAL_LN000035_31,LN000035,interest_accrual,2028-10-17,2028-10-17,6011,Interest Income,0.0,269.25,-269.25
AE_ACCRUAL_LN000035_32_DR,ACCRUAL_LN000035_32,LN000035,interest_accrual,2028-11-17,2028-11-17,1132,Interest Receivable,269.25,0.0,269.25
AE_ACCRUAL_LN000035_32_CR,ACCRUAL_LN000035_32,LN000035,interest_accrual,2028-11-17,2028-11-17,6011,Interest Income,0.0,269.25,-269.25
AE_ACCRUAL_LN000035_33_DR,ACCRUAL_LN000035_33,LN000035,interest_accrual,2028-12-17,2028-12-17,1132,Interest Receivable,269.25,0.0,269.25
AE_ACCRUAL_LN000035_33_CR,ACCRUAL_LN000035_33,LN000035,interest_accrual,2028-12-17,2028-12-17,6011,Interest Income,0.0,269.25,-269.25
AE_ACCRUAL_LN000035_34_DR,ACCRUAL_LN000035_34,LN000035,interest_accrual,2029-01-17,2029-01-17,1132,Interest Receivable,269.25,0.0,269.25
AE_ACCRUAL_LN000035_34_CR,ACCRUAL_LN000035_34,LN000035,interest_accrual,2029-01-17,2029-01-17,6011,Interest Income,0.0,269.25,-269.25
AE_ACCRUAL_LN000035_35_DR,ACCRUAL_LN000035_35,LN000035,interest_accrual,2029-02-17,2029-02-17,1132,Interest Receivable,269.25,0.0,269.25
AE_ACCRUAL_LN000035_35_CR,ACCRUAL_LN000035_35,LN000035,interest_accrual,2029-02-17,2029-02-17,6011,Interest Income,0.0,269.25,-269.25
AE_ACCRUAL_LN000035_36_DR,ACCRUAL_LN000035_36,LN000035,interest_accrual,2029-03-17,2029-03-17,1132,Interest Receivable,269.25,0.0,269.25
AE_ACCRUAL_LN000035_36_CR,ACCRUAL_LN000035_36,LN000035,interest_accrual,2029-03-17,2029-03-17,6011,Interest Income,0.0,269.25,-269.25
AE_ACCRUAL_LN000036_01_DR,ACCRUAL_LN000036_01,LN000036,interest_accrual,2026-02-21,2026-02-21,1132,Interest Receivable,225.5,0.0,225.5
AE_ACCRUAL_LN000036_01_CR,ACCRUAL_LN000036_01,LN000036,interest_accrual,2026-02-21,2026-02-21,6011,Interest Income,0.0,225.5,-225.5
AE_ACCRUAL_LN000036_02_DR,ACCRUAL_LN000036_02,LN000036,interest_accrual,2026-03-21,2026-03-21,1132,Interest Receivable,225.5,0.0,225.5
AE_ACCRUAL_LN000036_02_CR,ACCRUAL_LN000036_02,LN000036,interest_accrual,2026-03-21,2026-03-21,6011,Interest Income,0.0,225.5,-225.5
AE_ACCRUAL_LN000036_03_DR,ACCRUAL_LN000036_03,LN000036,interest_accrual,2026-04-21,2026-04-21,1132,Interest Receivable,225.5,0.0,225.5
AE_ACCRUAL_LN000036_03_CR,ACCRUAL_LN000036_03,LN000036,interest_accrual,2026-04-21,2026-04-21,6011,Interest Income,0.0,225.5,-225.5
AE_ACCRUAL_LN000036_04_DR,ACCRUAL_LN000036_04,LN000036,interest_accrual,2026-05-21,2026-05-21,1132,Interest Receivable,225.5,0.0,225.5
AE_ACCRUAL_LN000036_04_CR,ACCRUAL_LN000036_04,LN000036,interest_accrual,2026-05-21,2026-05-21,6011,Interest Income,0.0,225.5,-225.5
AE_ACCRUAL_LN000036_05_DR,ACCRUAL_LN000036_05,LN000036,interest_accrual,2026-06-21,2026-06-21,1132,Interest Receivable,225.5,0.0,225.5
AE_ACCRUAL_LN000036_05_CR,ACCRUAL_LN000036_05,LN000036,interest_accrual,2026-06-21,2026-06-21,6011,Interest Income,0.0,225.5,-225.5
AE_ACCRUAL_LN000036_06_DR,ACCRUAL_LN000036_06,LN000036,interest_accrual,2026-07-21,2026-07-21,1132,Interest Receivable,225.5,0.0,225.5
AE_ACCRUAL_LN000036_06_CR,ACCRUAL_LN000036_06,LN000036,interest_accrual,2026-07-21,2026-07-21,6011,Interest Income,0.0,225.5,-225.5
AE_ACCRUAL_LN000037_01_DR,ACCRUAL_LN000037_01,LN000037,interest_accrual,2026-03-17,2026-03-17,1132,Interest Receivable,165.25,0.0,165.25
AE_ACCRUAL_LN000037_01_CR,ACCRUAL_LN000037_01,LN000037,interest_accrual,2026-03-17,2026-03-17,6011,Interest Income,0.0,165.25,-165.25
AE_ACCRUAL_LN000037_02_DR,ACCRUAL_LN000037_02,LN000037,interest_accrual,2026-04-17,2026-04-17,1132,Interest Receivable,165.25,0.0,165.25
AE_ACCRUAL_LN000037_02_CR,ACCRUAL_LN000037_02,LN000037,interest_accrual,2026-04-17,2026-04-17,6011,Interest Income,0.0,165.25,-165.25
AE_ACCRUAL_LN000037_03_DR,ACCRUAL_LN000037_03,LN000037,interest_accrual,2026-05-17,2026-05-17,1132,Interest Receivable,165.25,0.0,165.25
AE_ACCRUAL_LN000037_03_CR,ACCRUAL_LN000037_03,LN000037,interest_accrual,2026-05-17,2026-05-17,6011,Interest Income,0.0,165.25,-165.25
AE_ACCRUAL_LN000037_04_DR,ACCRUAL_LN000037_04,LN000037,interest_accrual,2026-06-17,2026-06-17,1132,Interest Receivable,165.25,0.0,165.25
AE_ACCRUAL_LN000037_04_CR,ACCRUAL_LN000037_04,LN000037,interest_accrual,2026-06-17,2026-06-17,6011,Interest Income,0.0,165.25,-165.25
AE_ACCRUAL_LN000037_05_DR,ACCRUAL_LN000037_05,LN000037,interest_accrual,2026-07-17,2026-07-17,1132,Interest Receivable,165.25,0.0,165.25
AE_ACCRUAL_LN000037_05_CR,ACCRUAL_LN000037_05,LN000037,interest_accrual,2026-07-17,2026-07-17,6011,Interest Income,0.0,165.25,-165.25
AE_ACCRUAL_LN000037_06_DR,ACCRUAL_LN000037_06,LN000037,interest_accrual,2026-08-17,2026-08-17,1132,Interest Receivable,165.25,0.0,165.25
AE_ACCRUAL_LN000037_06_CR,ACCRUAL_LN000037_06,LN000037,interest_accrual,2026-08-17,2026-08-17,6011,Interest Income,0.0,165.25,-165.25
AE_ACCRUAL_LN000038_01_DR,ACCRUAL_LN000038_01,LN000038,interest_accrual,2026-03-15,2026-03-15,1132,Interest Receivable,162.17,0.0,162.17
AE_ACCRUAL_LN000038_01_CR,ACCRUAL_LN000038_01,LN000038,interest_accrual,2026-03-15,2026-03-15,6011,Interest Income,0.0,162.17,-162.17
AE_ACCRUAL_LN000038_02_DR,ACCRUAL_LN000038_02,LN000038,interest_accrual,2026-04-15,2026-04-15,1132,Interest Receivable,162.17,0.0,162.17
AE_ACCRUAL_LN000038_02_CR,ACCRUAL_LN000038_02,LN000038,interest_accrual,2026-04-15,2026-04-15,6011,Interest Income,0.0,162.17,-162.17
AE_ACCRUAL_LN000038_03_DR,ACCRUAL_LN000038_03,LN000038,interest_accrual,2026-05-15,2026-05-15,1132,Interest Receivable,162.17,0.0,162.17
AE_ACCRUAL_LN000038_03_CR,ACCRUAL_LN000038_03,LN000038,interest_accrual,2026-05-15,2026-05-15,6011,Interest Income,0.0,162.17,-162.17
AE_ACCRUAL_LN000038_04_DR,ACCRUAL_LN000038_04,LN000038,interest_accrual,2026-06-15,2026-06-15,1132,Interest Receivable,162.17,0.0,162.17
AE_ACCRUAL_LN000038_04_CR,ACCRUAL_LN000038_04,LN000038,interest_accrual,2026-06-15,2026-06-15,6011,Interest Income,0.0,162.17,-162.17
AE_ACCRUAL_LN000038_05_DR,ACCRUAL_LN000038_05,LN000038,interest_accrual,2026-07-15,2026-07-15,1132,Interest Receivable,162.17,0.0,162.17
AE_ACCRUAL_LN000038_05_CR,ACCRUAL_LN000038_05,LN000038,interest_accrual,2026-07-15,2026-07-15,6011,Interest Income,0.0,162.17,-162.17
AE_ACCRUAL_LN000038_06_DR,ACCRUAL_LN000038_06,LN000038,interest_accrual,2026-08-15,2026-08-15,1132,Interest Receivable,162.17,0.0,162.17
AE_ACCRUAL_LN000038_06_CR,ACCRUAL_LN000038_06,LN000038,interest_accrual,2026-08-15,2026-08-15,6011,Interest Income,0.0,162.17,-162.17
AE_ACCRUAL_LN000038_07_DR,ACCRUAL_LN000038_07,LN000038,interest_accrual,2026-09-15,2026-09-15,1132,Interest Receivable,162.17,0.0,162.17
AE_ACCRUAL_LN000038_07_CR,ACCRUAL_LN000038_07,LN000038,interest_accrual,2026-09-15,2026-09-15,6011,Interest Income,0.0,162.17,-162.17
AE_ACCRUAL_LN000038_08_DR,ACCRUAL_LN000038_08,LN000038,interest_accrual,2026-10-15,2026-10-15,1132,Interest Receivable,162.17,0.0,162.17
AE_ACCRUAL_LN000038_08_CR,ACCRUAL_LN000038_08,LN000038,interest_accrual,2026-10-15,2026-10-15,6011,Interest Income,0.0,162.17,-162.17
AE_ACCRUAL_LN000038_09_DR,ACCRUAL_LN000038_09,LN000038,interest_accrual,2026-11-15,2026-11-15,1132,Interest Receivable,162.17,0.0,162.17
AE_ACCRUAL_LN000038_09_CR,ACCRUAL_LN000038_09,LN000038,interest_accrual,2026-11-15,2026-11-15,6011,Interest Income,0.0,162.17,-162.17
AE_ACCRUAL_LN000038_10_DR,ACCRUAL_LN000038_10,LN000038,interest_accrual,2026-12-15,2026-12-15,1132,Interest Receivable,162.17,0.0,162.17
AE_ACCRUAL_LN000038_10_CR,ACCRUAL_LN000038_10,LN000038,interest_accrual,2026-12-15,2026-12-15,6011,Interest Income,0.0,162.17,-162.17
AE_ACCRUAL_LN000038_11_DR,ACCRUAL_LN000038_11,LN000038,interest_accrual,2027-01-15,2027-01-15,1132,Interest Receivable,162.17,0.0,162.17
AE_ACCRUAL_LN000038_11_CR,ACCRUAL_LN000038_11,LN000038,interest_accrual,2027-01-15,2027-01-15,6011,Interest Income,0.0,162.17,-162.17
AE_ACCRUAL_LN000038_12_DR,ACCRUAL_LN000038_12,LN000038,interest_accrual,2027-02-15,2027-02-15,1132,Interest Receivable,162.17,0.0,162.17
AE_ACCRUAL_LN000038_12_CR,ACCRUAL_LN000038_12,LN000038,interest_accrual,2027-02-15,2027-02-15,6011,Interest Income,0.0,162.17,-162.17
AE_ACCRUAL_LN000038_13_DR,ACCRUAL_LN000038_13,LN000038,interest_accrual,2027-03-15,2027-03-15,1132,Interest Receivable,162.17,0.0,162.17
AE_ACCRUAL_LN000038_13_CR,ACCRUAL_LN000038_13,LN000038,interest_accrual,2027-03-15,2027-03-15,6011,Interest Income,0.0,162.17,-162.17
AE_ACCRUAL_LN000038_14_DR,ACCRUAL_LN000038_14,LN000038,interest_accrual,2027-04-15,2027-04-15,1132,Interest Receivable,162.17,0.0,162.17
AE_ACCRUAL_LN000038_14_CR,ACCRUAL_LN000038_14,LN000038,interest_accrual,2027-04-15,2027-04-15,6011,Interest Income,0.0,162.17,-162.17
AE_ACCRUAL_LN000038_15_DR,ACCRUAL_LN000038_15,LN000038,interest_accrual,2027-05-15,2027-05-15,1132,Interest Receivable,162.17,0.0,162.17
AE_ACCRUAL_LN000038_15_CR,ACCRUAL_LN000038_15,LN000038,interest_accrual,2027-05-15,2027-05-15,6011,Interest Income,0.0,162.17,-162.17
AE_ACCRUAL_LN000038_16_DR,ACCRUAL_LN000038_16,LN000038,interest_accrual,2027-06-15,2027-06-15,1132,Interest Receivable,162.17,0.0,162.17
AE_ACCRUAL_LN000038_16_CR,ACCRUAL_LN000038_16,LN000038,interest_accrual,2027-06-15,2027-06-15,6011,Interest Income,0.0,162.17,-162.17
AE_ACCRUAL_LN000038_17_DR,ACCRUAL_LN000038_17,LN000038,interest_accrual,2027-07-15,2027-07-15,1132,Interest Receivable,162.17,0.0,162.17
AE_ACCRUAL_LN000038_17_CR,ACCRUAL_LN000038_17,LN000038,interest_accrual,2027-07-15,2027-07-15,6011,Interest Income,0.0,162.17,-162.17
AE_ACCRUAL_LN000038_18_DR,ACCRUAL_LN000038_18,LN000038,interest_accrual,2027-08-15,2027-08-15,1132,Interest Receivable,162.17,0.0,162.17
AE_ACCRUAL_LN000038_18_CR,ACCRUAL_LN000038_18,LN000038,interest_accrual,2027-08-15,2027-08-15,6011,Interest Income,0.0,162.17,-162.17
AE_ACCRUAL_LN000038_19_DR,ACCRUAL_LN000038_19,LN000038,interest_accrual,2027-09-15,2027-09-15,1132,Interest Receivable,162.17,0.0,162.17
AE_ACCRUAL_LN000038_19_CR,ACCRUAL_LN000038_19,LN000038,interest_accrual,2027-09-15,2027-09-15,6011,Interest Income,0.0,162.17,-162.17
AE_ACCRUAL_LN000038_20_DR,ACCRUAL_LN000038_20,LN000038,interest_accrual,2027-10-15,2027-10-15,1132,Interest Receivable,162.17,0.0,162.17
AE_ACCRUAL_LN000038_20_CR,ACCRUAL_LN000038_20,LN000038,interest_accrual,2027-10-15,2027-10-15,6011,Interest Income,0.0,162.17,-162.17
AE_ACCRUAL_LN000038_21_DR,ACCRUAL_LN000038_21,LN000038,interest_accrual,2027-11-15,2027-11-15,1132,Interest Receivable,162.17,0.0,162.17
AE_ACCRUAL_LN000038_21_CR,ACCRUAL_LN000038_21,LN000038,interest_accrual,2027-11-15,2027-11-15,6011,Interest Income,0.0,162.17,-162.17
AE_ACCRUAL_LN000038_22_DR,ACCRUAL_LN000038_22,LN000038,interest_accrual,2027-12-15,2027-12-15,1132,Interest Receivable,162.17,0.0,162.17
AE_ACCRUAL_LN000038_22_CR,ACCRUAL_LN000038_22,LN000038,interest_accrual,2027-12-15,2027-12-15,6011,Interest Income,0.0,162.17,-162.17
AE_ACCRUAL_LN000038_23_DR,ACCRUAL_LN000038_23,LN000038,interest_accrual,2028-01-15,2028-01-15,1132,Interest Receivable,162.17,0.0,162.17
AE_ACCRUAL_LN000038_23_CR,ACCRUAL_LN000038_23,LN000038,interest_accrual,2028-01-15,2028-01-15,6011,Interest Income,0.0,162.17,-162.17
AE_ACCRUAL_LN000038_24_DR,ACCRUAL_LN000038_24,LN000038,interest_accrual,2028-02-15,2028-02-15,1132,Interest Receivable,162.17,0.0,162.17
AE_ACCRUAL_LN000038_24_CR,ACCRUAL_LN000038_24,LN000038,interest_accrual,2028-02-15,2028-02-15,6011,Interest Income,0.0,162.17,-162.17
AE_ACCRUAL_LN000038_25_DR,ACCRUAL_LN000038_25,LN000038,interest_accrual,2028-03-15,2028-03-15,1132,Interest Receivable,162.17,0.0,162.17
AE_ACCRUAL_LN000038_25_CR,ACCRUAL_LN000038_25,LN000038,interest_accrual,2028-03-15,2028-03-15,6011,Interest Income,0.0,162.17,-162.17
AE_ACCRUAL_LN000038_26_DR,ACCRUAL_LN000038_26,LN000038,interest_accrual,2028-04-15,2028-04-15,1132,Interest Receivable,162.17,0.0,162.17
AE_ACCRUAL_LN000038_26_CR,ACCRUAL_LN000038_26,LN000038,interest_accrual,2028-04-15,2028-04-15,6011,Interest Income,0.0,162.17,-162.17
AE_ACCRUAL_LN000038_27_DR,ACCRUAL_LN000038_27,LN000038,interest_accrual,2028-05-15,2028-05-15,1132,Interest Receivable,162.17,0.0,162.17
AE_ACCRUAL_LN000038_27_CR,ACCRUAL_LN000038_27,LN000038,interest_accrual,2028-05-15,2028-05-15,6011,Interest Income,0.0,162.17,-162.17
AE_ACCRUAL_LN000038_28_DR,ACCRUAL_LN000038_28,LN000038,interest_accrual,2028-06-15,2028-06-15,1132,Interest Receivable,162.17,0.0,162.17
AE_ACCRUAL_LN000038_28_CR,ACCRUAL_LN000038_28,LN000038,interest_accrual,2028-06-15,2028-06-15,6011,Interest Income,0.0,162.17,-162.17
AE_ACCRUAL_LN000038_29_DR,ACCRUAL_LN000038_29,LN000038,interest_accrual,2028-07-15,2028-07-15,1132,Interest Receivable,162.17,0.0,162.17
AE_ACCRUAL_LN000038_29_CR,ACCRUAL_LN000038_29,LN000038,interest_accrual,2028-07-15,2028-07-15,6011,Interest Income,0.0,162.17,-162.17
AE_ACCRUAL_LN000038_30_DR,ACCRUAL_LN000038_30,LN000038,interest_accrual,2028-08-15,2028-08-15,1132,Interest Receivable,162.17,0.0,162.17
AE_ACCRUAL_LN000038_30_CR,ACCRUAL_LN000038_30,LN000038,interest_accrual,2028-08-15,2028-08-15,6011,Interest Income,0.0,162.17,-162.17
AE_ACCRUAL_LN000038_31_DR,ACCRUAL_LN000038_31,LN000038,interest_accrual,2028-09-15,2028-09-15,1132,Interest Receivable,162.17,0.0,162.17
AE_ACCRUAL_LN000038_31_CR,ACCRUAL_LN000038_31,LN000038,interest_accrual,2028-09-15,2028-09-15,6011,Interest Income,0.0,162.17,-162.17
AE_ACCRUAL_LN000038_32_DR,ACCRUAL_LN000038_32,LN000038,interest_accrual,2028-10-15,2028-10-15,1132,Interest Receivable,162.17,0.0,162.17
AE_ACCRUAL_LN000038_32_CR,ACCRUAL_LN000038_32,LN000038,interest_accrual,2028-10-15,2028-10-15,6011,Interest Income,0.0,162.17,-162.17
AE_ACCRUAL_LN000038_33_DR,ACCRUAL_LN000038_33,LN000038,interest_accrual,2028-11-15,2028-11-15,1132,Interest Receivable,162.17,0.0,162.17
AE_ACCRUAL_LN000038_33_CR,ACCRUAL_LN000038_33,LN000038,interest_accrual,2028-11-15,2028-11-15,6011,Interest Income,0.0,162.17,-162.17
AE_ACCRUAL_LN000038_34_DR,ACCRUAL_LN000038_34,LN000038,interest_accrual,2028-12-15,2028-12-15,1132,Interest Receivable,162.17,0.0,162.17
AE_ACCRUAL_LN000038_34_CR,ACCRUAL_LN000038_34,LN000038,interest_accrual,2028-12-15,2028-12-15,6011,Interest Income,0.0,162.17,-162.17
AE_ACCRUAL_LN000038_35_DR,ACCRUAL_LN000038_35,LN000038,interest_accrual,2029-01-15,2029-01-15,1132,Interest Receivable,162.17,0.0,162.17
AE_ACCRUAL_LN000038_35_CR,ACCRUAL_LN000038_35,LN000038,interest_accrual,2029-01-15,2029-01-15,6011,Interest Income,0.0,162.17,-162.17
AE_ACCRUAL_LN000038_36_DR,ACCRUAL_LN000038_36,LN000038,interest_accrual,2029-02-15,2029-02-15,1132,Interest Receivable,162.17,0.0,162.17
AE_ACCRUAL_LN000038_36_CR,ACCRUAL_LN000038_36,LN000038,interest_accrual,2029-02-15,2029-02-15,6011,Interest Income,0.0,162.17,-162.17
AE_ACCRUAL_LN000039_01_DR,ACCRUAL_LN000039_01,LN000039,interest_accrual,2026-03-22,2026-03-22,1132,Interest Receivable,266.88,0.0,266.88
AE_ACCRUAL_LN000039_01_CR,ACCRUAL_LN000039_01,LN000039,interest_accrual,2026-03-22,2026-03-22,6011,Interest Income,0.0,266.88,-266.88
AE_ACCRUAL_LN000039_02_DR,ACCRUAL_LN000039_02,LN000039,interest_accrual,2026-04-22,2026-04-22,1132,Interest Receivable,266.88,0.0,266.88
AE_ACCRUAL_LN000039_02_CR,ACCRUAL_LN000039_02,LN000039,interest_accrual,2026-04-22,2026-04-22,6011,Interest Income,0.0,266.88,-266.88
AE_ACCRUAL_LN000039_03_DR,ACCRUAL_LN000039_03,LN000039,interest_accrual,2026-05-22,2026-05-22,1132,Interest Receivable,266.88,0.0,266.88
AE_ACCRUAL_LN000039_03_CR,ACCRUAL_LN000039_03,LN000039,interest_accrual,2026-05-22,2026-05-22,6011,Interest Income,0.0,266.88,-266.88
AE_ACCRUAL_LN000039_04_DR,ACCRUAL_LN000039_04,LN000039,interest_accrual,2026-06-22,2026-06-22,1132,Interest Receivable,266.88,0.0,266.88
AE_ACCRUAL_LN000039_04_CR,ACCRUAL_LN000039_04,LN000039,interest_accrual,2026-06-22,2026-06-22,6011,Interest Income,0.0,266.88,-266.88
AE_ACCRUAL_LN000039_05_DR,ACCRUAL_LN000039_05,LN000039,interest_accrual,2026-07-22,2026-07-22,1132,Interest Receivable,266.88,0.0,266.88
AE_ACCRUAL_LN000039_05_CR,ACCRUAL_LN000039_05,LN000039,interest_accrual,2026-07-22,2026-07-22,6011,Interest Income,0.0,266.88,-266.88
AE_ACCRUAL_LN000039_06_DR,ACCRUAL_LN000039_06,LN000039,interest_accrual,2026-08-22,2026-08-22,1132,Interest Receivable,266.88,0.0,266.88
AE_ACCRUAL_LN000039_06_CR,ACCRUAL_LN000039_06,LN000039,interest_accrual,2026-08-22,2026-08-22,6011,Interest Income,0.0,266.88,-266.88
AE_ACCRUAL_LN000039_07_DR,ACCRUAL_LN000039_07,LN000039,interest_accrual,2026-09-22,2026-09-22,1132,Interest Receivable,266.88,0.0,266.88
AE_ACCRUAL_LN000039_07_CR,ACCRUAL_LN000039_07,LN000039,interest_accrual,2026-09-22,2026-09-22,6011,Interest Income,0.0,266.88,-266.88
AE_ACCRUAL_LN000039_08_DR,ACCRUAL_LN000039_08,LN000039,interest_accrual,2026-10-22,2026-10-22,1132,Interest Receivable,266.88,0.0,266.88
AE_ACCRUAL_LN000039_08_CR,ACCRUAL_LN000039_08,LN000039,interest_accrual,2026-10-22,2026-10-22,6011,Interest Income,0.0,266.88,-266.88
AE_ACCRUAL_LN000039_09_DR,ACCRUAL_LN000039_09,LN000039,interest_accrual,2026-11-22,2026-11-22,1132,Interest Receivable,266.88,0.0,266.88
AE_ACCRUAL_LN000039_09_CR,ACCRUAL_LN000039_09,LN000039,interest_accrual,2026-11-22,2026-11-22,6011,Interest Income,0.0,266.88,-266.88
AE_ACCRUAL_LN000039_10_DR,ACCRUAL_LN000039_10,LN000039,interest_accrual,2026-12-22,2026-12-22,1132,Interest Receivable,266.88,0.0,266.88
AE_ACCRUAL_LN000039_10_CR,ACCRUAL_LN000039_10,LN000039,interest_accrual,2026-12-22,2026-12-22,6011,Interest Income,0.0,266.88,-266.88
AE_ACCRUAL_LN000039_11_DR,ACCRUAL_LN000039_11,LN000039,interest_accrual,2027-01-22,2027-01-22,1132,Interest Receivable,266.88,0.0,266.88
AE_ACCRUAL_LN000039_11_CR,ACCRUAL_LN000039_11,LN000039,interest_accrual,2027-01-22,2027-01-22,6011,Interest Income,0.0,266.88,-266.88
AE_ACCRUAL_LN000039_12_DR,ACCRUAL_LN000039_12,LN000039,interest_accrual,2027-02-22,2027-02-22,1132,Interest Receivable,266.88,0.0,266.88
AE_ACCRUAL_LN000039_12_CR,ACCRUAL_LN000039_12,LN000039,interest_accrual,2027-02-22,2027-02-22,6011,Interest Income,0.0,266.88,-266.88
AE_ACCRUAL_LN000039_13_DR,ACCRUAL_LN000039_13,LN000039,interest_accrual,2027-03-22,2027-03-22,1132,Interest Receivable,266.88,0.0,266.88
AE_ACCRUAL_LN000039_13_CR,ACCRUAL_LN000039_13,LN000039,interest_accrual,2027-03-22,2027-03-22,6011,Interest Income,0.0,266.88,-266.88
AE_ACCRUAL_LN000039_14_DR,ACCRUAL_LN000039_14,LN000039,interest_accrual,2027-04-22,2027-04-22,1132,Interest Receivable,266.88,0.0,266.88
AE_ACCRUAL_LN000039_14_CR,ACCRUAL_LN000039_14,LN000039,interest_accrual,2027-04-22,2027-04-22,6011,Interest Income,0.0,266.88,-266.88
AE_ACCRUAL_LN000039_15_DR,ACCRUAL_LN000039_15,LN000039,interest_accrual,2027-05-22,2027-05-22,1132,Interest Receivable,266.88,0.0,266.88
AE_ACCRUAL_LN000039_15_CR,ACCRUAL_LN000039_15,LN000039,interest_accrual,2027-05-22,2027-05-22,6011,Interest Income,0.0,266.88,-266.88
AE_ACCRUAL_LN000039_16_DR,ACCRUAL_LN000039_16,LN000039,interest_accrual,2027-06-22,2027-06-22,1132,Interest Receivable,266.88,0.0,266.88
AE_ACCRUAL_LN000039_16_CR,ACCRUAL_LN000039_16,LN000039,interest_accrual,2027-06-22,2027-06-22,6011,Interest Income,0.0,266.88,-266.88
AE_ACCRUAL_LN000039_17_DR,ACCRUAL_LN000039_17,LN000039,interest_accrual,2027-07-22,2027-07-22,1132,Interest Receivable,266.88,0.0,266.88
AE_ACCRUAL_LN000039_17_CR,ACCRUAL_LN000039_17,LN000039,interest_accrual,2027-07-22,2027-07-22,6011,Interest Income,0.0,266.88,-266.88
AE_ACCRUAL_LN000039_18_DR,ACCRUAL_LN000039_18,LN000039,interest_accrual,2027-08-22,2027-08-22,1132,Interest Receivable,266.88,0.0,266.88
AE_ACCRUAL_LN000039_18_CR,ACCRUAL_LN000039_18,LN000039,interest_accrual,2027-08-22,2027-08-22,6011,Interest Income,0.0,266.88,-266.88
AE_ACCRUAL_LN000039_19_DR,ACCRUAL_LN000039_19,LN000039,interest_accrual,2027-09-22,2027-09-22,1132,Interest Receivable,266.88,0.0,266.88
AE_ACCRUAL_LN000039_19_CR,ACCRUAL_LN000039_19,LN000039,interest_accrual,2027-09-22,2027-09-22,6011,Interest Income,0.0,266.88,-266.88
AE_ACCRUAL_LN000039_20_DR,ACCRUAL_LN000039_20,LN000039,interest_accrual,2027-10-22,2027-10-22,1132,Interest Receivable,266.88,0.0,266.88
AE_ACCRUAL_LN000039_20_CR,ACCRUAL_LN000039_20,LN000039,interest_accrual,2027-10-22,2027-10-22,6011,Interest Income,0.0,266.88,-266.88
AE_ACCRUAL_LN000039_21_DR,ACCRUAL_LN000039_21,LN000039,interest_accrual,2027-11-22,2027-11-22,1132,Interest Receivable,266.88,0.0,266.88
AE_ACCRUAL_LN000039_21_CR,ACCRUAL_LN000039_21,LN000039,interest_accrual,2027-11-22,2027-11-22,6011,Interest Income,0.0,266.88,-266.88
AE_ACCRUAL_LN000039_22_DR,ACCRUAL_LN000039_22,LN000039,interest_accrual,2027-12-22,2027-12-22,1132,Interest Receivable,266.88,0.0,266.88
AE_ACCRUAL_LN000039_22_CR,ACCRUAL_LN000039_22,LN000039,interest_accrual,2027-12-22,2027-12-22,6011,Interest Income,0.0,266.88,-266.88
AE_ACCRUAL_LN000039_23_DR,ACCRUAL_LN000039_23,LN000039,interest_accrual,2028-01-22,2028-01-22,1132,Interest Receivable,266.88,0.0,266.88
AE_ACCRUAL_LN000039_23_CR,ACCRUAL_LN000039_23,LN000039,interest_accrual,2028-01-22,2028-01-22,6011,Interest Income,0.0,266.88,-266.88
AE_ACCRUAL_LN000039_24_DR,ACCRUAL_LN000039_24,LN000039,interest_accrual,2028-02-22,2028-02-22,1132,Interest Receivable,266.88,0.0,266.88
AE_ACCRUAL_LN000039_24_CR,ACCRUAL_LN000039_24,LN000039,interest_accrual,2028-02-22,2028-02-22,6011,Interest Income,0.0,266.88,-266.88
AE_ACCRUAL_LN000039_25_DR,ACCRUAL_LN000039_25,LN000039,interest_accrual,2028-03-22,2028-03-22,1132,Interest Receivable,266.88,0.0,266.88
AE_ACCRUAL_LN000039_25_CR,ACCRUAL_LN000039_25,LN000039,interest_accrual,2028-03-22,2028-03-22,6011,Interest Income,0.0,266.88,-266.88
AE_ACCRUAL_LN000039_26_DR,ACCRUAL_LN000039_26,LN000039,interest_accrual,2028-04-22,2028-04-22,1132,Interest Receivable,266.88,0.0,266.88
AE_ACCRUAL_LN000039_26_CR,ACCRUAL_LN000039_26,LN000039,interest_accrual,2028-04-22,2028-04-22,6011,Interest Income,0.0,266.88,-266.88
AE_ACCRUAL_LN000039_27_DR,ACCRUAL_LN000039_27,LN000039,interest_accrual,2028-05-22,2028-05-22,1132,Interest Receivable,266.88,0.0,266.88
AE_ACCRUAL_LN000039_27_CR,ACCRUAL_LN000039_27,LN000039,interest_accrual,2028-05-22,2028-05-22,6011,Interest Income,0.0,266.88,-266.88
AE_ACCRUAL_LN000039_28_DR,ACCRUAL_LN000039_28,LN000039,interest_accrual,2028-06-22,2028-06-22,1132,Interest Receivable,266.88,0.0,266.88
AE_ACCRUAL_LN000039_28_CR,ACCRUAL_LN000039_28,LN000039,interest_accrual,2028-06-22,2028-06-22,6011,Interest Income,0.0,266.88,-266.88
AE_ACCRUAL_LN000039_29_DR,ACCRUAL_LN000039_29,LN000039,interest_accrual,2028-07-22,2028-07-22,1132,Interest Receivable,266.88,0.0,266.88
AE_ACCRUAL_LN000039_29_CR,ACCRUAL_LN000039_29,LN000039,interest_accrual,2028-07-22,2028-07-22,6011,Interest Income,0.0,266.88,-266.88
AE_ACCRUAL_LN000039_30_DR,ACCRUAL_LN000039_30,LN000039,interest_accrual,2028-08-22,2028-08-22,1132,Interest Receivable,266.88,0.0,266.88
AE_ACCRUAL_LN000039_30_CR,ACCRUAL_LN000039_30,LN000039,interest_accrual,2028-08-22,2028-08-22,6011,Interest Income,0.0,266.88,-266.88
AE_ACCRUAL_LN000039_31_DR,ACCRUAL_LN000039_31,LN000039,interest_accrual,2028-09-22,2028-09-22,1132,Interest Receivable,266.88,0.0,266.88
AE_ACCRUAL_LN000039_31_CR,ACCRUAL_LN000039_31,LN000039,interest_accrual,2028-09-22,2028-09-22,6011,Interest Income,0.0,266.88,-266.88
AE_ACCRUAL_LN000039_32_DR,ACCRUAL_LN000039_32,LN000039,interest_accrual,2028-10-22,2028-10-22,1132,Interest Receivable,266.88,0.0,266.88
AE_ACCRUAL_LN000039_32_CR,ACCRUAL_LN000039_32,LN000039,interest_accrual,2028-10-22,2028-10-22,6011,Interest Income,0.0,266.88,-266.88
AE_ACCRUAL_LN000039_33_DR,ACCRUAL_LN000039_33,LN000039,interest_accrual,2028-11-22,2028-11-22,1132,Interest Receivable,266.88,0.0,266.88
AE_ACCRUAL_LN000039_33_CR,ACCRUAL_LN000039_33,LN000039,interest_accrual,2028-11-22,2028-11-22,6011,Interest Income,0.0,266.88,-266.88
AE_ACCRUAL_LN000039_34_DR,ACCRUAL_LN000039_34,LN000039,interest_accrual,2028-12-22,2028-12-22,1132,Interest Receivable,266.88,0.0,266.88
AE_ACCRUAL_LN000039_34_CR,ACCRUAL_LN000039_34,LN000039,interest_accrual,2028-12-22,2028-12-22,6011,Interest Income,0.0,266.88,-266.88
AE_ACCRUAL_LN000039_35_DR,ACCRUAL_LN000039_35,LN000039,interest_accrual,2029-01-22,2029-01-22,1132,Interest Receivable,266.88,0.0,266.88
AE_ACCRUAL_LN000039_35_CR,ACCRUAL_LN000039_35,LN000039,interest_accrual,2029-01-22,2029-01-22,6011,Interest Income,0.0,266.88,-266.88
AE_ACCRUAL_LN000039_36_DR,ACCRUAL_LN000039_36,LN000039,interest_accrual,2029-02-22,2029-02-22,1132,Interest Receivable,266.88,0.0,266.88
AE_ACCRUAL_LN000039_36_CR,ACCRUAL_LN000039_36,LN000039,interest_accrual,2029-02-22,2029-02-22,6011,Interest Income,0.0,266.88,-266.88
AE_ACCRUAL_LN000040_01_DR,ACCRUAL_LN000040_01,LN000040,interest_accrual,2026-02-18,2026-02-18,1132,Interest Receivable,463.25,0.0,463.25
AE_ACCRUAL_LN000040_01_CR,ACCRUAL_LN000040_01,LN000040,interest_accrual,2026-02-18,2026-02-18,6011,Interest Income,0.0,463.25,-463.25
AE_ACCRUAL_LN000040_02_DR,ACCRUAL_LN000040_02,LN000040,interest_accrual,2026-03-18,2026-03-18,1132,Interest Receivable,463.25,0.0,463.25
AE_ACCRUAL_LN000040_02_CR,ACCRUAL_LN000040_02,LN000040,interest_accrual,2026-03-18,2026-03-18,6011,Interest Income,0.0,463.25,-463.25
AE_ACCRUAL_LN000040_03_DR,ACCRUAL_LN000040_03,LN000040,interest_accrual,2026-04-18,2026-04-18,1132,Interest Receivable,463.25,0.0,463.25
AE_ACCRUAL_LN000040_03_CR,ACCRUAL_LN000040_03,LN000040,interest_accrual,2026-04-18,2026-04-18,6011,Interest Income,0.0,463.25,-463.25
AE_ACCRUAL_LN000040_04_DR,ACCRUAL_LN000040_04,LN000040,interest_accrual,2026-05-18,2026-05-18,1132,Interest Receivable,463.25,0.0,463.25
AE_ACCRUAL_LN000040_04_CR,ACCRUAL_LN000040_04,LN000040,interest_accrual,2026-05-18,2026-05-18,6011,Interest Income,0.0,463.25,-463.25
AE_ACCRUAL_LN000040_05_DR,ACCRUAL_LN000040_05,LN000040,interest_accrual,2026-06-18,2026-06-18,1132,Interest Receivable,463.25,0.0,463.25
AE_ACCRUAL_LN000040_05_CR,ACCRUAL_LN000040_05,LN000040,interest_accrual,2026-06-18,2026-06-18,6011,Interest Income,0.0,463.25,-463.25
AE_ACCRUAL_LN000040_06_DR,ACCRUAL_LN000040_06,LN000040,interest_accrual,2026-07-18,2026-07-18,1132,Interest Receivable,463.25,0.0,463.25
AE_ACCRUAL_LN000040_06_CR,ACCRUAL_LN000040_06,LN000040,interest_accrual,2026-07-18,2026-07-18,6011,Interest Income,0.0,463.25,-463.25
AE_ACCRUAL_LN000040_07_DR,ACCRUAL_LN000040_07,LN000040,interest_accrual,2026-08-18,2026-08-18,1132,Interest Receivable,463.25,0.0,463.25
AE_ACCRUAL_LN000040_07_CR,ACCRUAL_LN000040_07,LN000040,interest_accrual,2026-08-18,2026-08-18,6011,Interest Income,0.0,463.25,-463.25
AE_ACCRUAL_LN000040_08_DR,ACCRUAL_LN000040_08,LN000040,interest_accrual,2026-09-18,2026-09-18,1132,Interest Receivable,463.25,0.0,463.25
AE_ACCRUAL_LN000040_08_CR,ACCRUAL_LN000040_08,LN000040,interest_accrual,2026-09-18,2026-09-18,6011,Interest Income,0.0,463.25,-463.25
AE_ACCRUAL_LN000040_09_DR,ACCRUAL_LN000040_09,LN000040,interest_accrual,2026-10-18,2026-10-18,1132,Interest Receivable,463.25,0.0,463.25
AE_ACCRUAL_LN000040_09_CR,ACCRUAL_LN000040_09,LN000040,interest_accrual,2026-10-18,2026-10-18,6011,Interest Income,0.0,463.25,-463.25
AE_ACCRUAL_LN000040_10_DR,ACCRUAL_LN000040_10,LN000040,interest_accrual,2026-11-18,2026-11-18,1132,Interest Receivable,463.25,0.0,463.25
AE_ACCRUAL_LN000040_10_CR,ACCRUAL_LN000040_10,LN000040,interest_accrual,2026-11-18,2026-11-18,6011,Interest Income,0.0,463.25,-463.25
AE_ACCRUAL_LN000040_11_DR,ACCRUAL_LN000040_11,LN000040,interest_accrual,2026-12-18,2026-12-18,1132,Interest Receivable,463.25,0.0,463.25
AE_ACCRUAL_LN000040_11_CR,ACCRUAL_LN000040_11,LN000040,interest_accrual,2026-12-18,2026-12-18,6011,Interest Income,0.0,463.25,-463.25
AE_ACCRUAL_LN000040_12_DR,ACCRUAL_LN000040_12,LN000040,interest_accrual,2027-01-18,2027-01-18,1132,Interest Receivable,463.25,0.0,463.25
AE_ACCRUAL_LN000040_12_CR,ACCRUAL_LN000040_12,LN000040,interest_accrual,2027-01-18,2027-01-18,6011,Interest Income,0.0,463.25,-463.25
AE_ACCRUAL_LN000041_01_DR,ACCRUAL_LN000041_01,LN000041,interest_accrual,2026-02-02,2026-02-02,1132,Interest Receivable,35.25,0.0,35.25
AE_ACCRUAL_LN000041_01_CR,ACCRUAL_LN000041_01,LN000041,interest_accrual,2026-02-02,2026-02-02,6011,Interest Income,0.0,35.25,-35.25
AE_ACCRUAL_LN000041_02_DR,ACCRUAL_LN000041_02,LN000041,interest_accrual,2026-03-02,2026-03-02,1132,Interest Receivable,35.25,0.0,35.25
AE_ACCRUAL_LN000041_02_CR,ACCRUAL_LN000041_02,LN000041,interest_accrual,2026-03-02,2026-03-02,6011,Interest Income,0.0,35.25,-35.25
AE_ACCRUAL_LN000041_03_DR,ACCRUAL_LN000041_03,LN000041,interest_accrual,2026-04-02,2026-04-02,1132,Interest Receivable,35.25,0.0,35.25
AE_ACCRUAL_LN000041_03_CR,ACCRUAL_LN000041_03,LN000041,interest_accrual,2026-04-02,2026-04-02,6011,Interest Income,0.0,35.25,-35.25
AE_ACCRUAL_LN000041_04_DR,ACCRUAL_LN000041_04,LN000041,interest_accrual,2026-05-02,2026-05-02,1132,Interest Receivable,35.25,0.0,35.25
AE_ACCRUAL_LN000041_04_CR,ACCRUAL_LN000041_04,LN000041,interest_accrual,2026-05-02,2026-05-02,6011,Interest Income,0.0,35.25,-35.25
AE_ACCRUAL_LN000041_05_DR,ACCRUAL_LN000041_05,LN000041,interest_accrual,2026-06-02,2026-06-02,1132,Interest Receivable,35.25,0.0,35.25
AE_ACCRUAL_LN000041_05_CR,ACCRUAL_LN000041_05,LN000041,interest_accrual,2026-06-02,2026-06-02,6011,Interest Income,0.0,35.25,-35.25
AE_ACCRUAL_LN000041_06_DR,ACCRUAL_LN000041_06,LN000041,interest_accrual,2026-07-02,2026-07-02,1132,Interest Receivable,35.25,0.0,35.25
AE_ACCRUAL_LN000041_06_CR,ACCRUAL_LN000041_06,LN000041,interest_accrual,2026-07-02,2026-07-02,6011,Interest Income,0.0,35.25,-35.25
AE_ACCRUAL_LN000041_07_DR,ACCRUAL_LN000041_07,LN000041,interest_accrual,2026-08-02,2026-08-02,1132,Interest Receivable,35.25,0.0,35.25
AE_ACCRUAL_LN000041_07_CR,ACCRUAL_LN000041_07,LN000041,interest_accrual,2026-08-02,2026-08-02,6011,Interest Income,0.0,35.25,-35.25
AE_ACCRUAL_LN000041_08_DR,ACCRUAL_LN000041_08,LN000041,interest_accrual,2026-09-02,2026-09-02,1132,Interest Receivable,35.25,0.0,35.25
AE_ACCRUAL_LN000041_08_CR,ACCRUAL_LN000041_08,LN000041,interest_accrual,2026-09-02,2026-09-02,6011,Interest Income,0.0,35.25,-35.25
AE_ACCRUAL_LN000041_09_DR,ACCRUAL_LN000041_09,LN000041,interest_accrual,2026-10-02,2026-10-02,1132,Interest Receivable,35.25,0.0,35.25
AE_ACCRUAL_LN000041_09_CR,ACCRUAL_LN000041_09,LN000041,interest_accrual,2026-10-02,2026-10-02,6011,Interest Income,0.0,35.25,-35.25
AE_ACCRUAL_LN000041_10_DR,ACCRUAL_LN000041_10,LN000041,interest_accrual,2026-11-02,2026-11-02,1132,Interest Receivable,35.25,0.0,35.25
AE_ACCRUAL_LN000041_10_CR,ACCRUAL_LN000041_10,LN000041,interest_accrual,2026-11-02,2026-11-02,6011,Interest Income,0.0,35.25,-35.25
AE_ACCRUAL_LN000041_11_DR,ACCRUAL_LN000041_11,LN000041,interest_accrual,2026-12-02,2026-12-02,1132,Interest Receivable,35.25,0.0,35.25
AE_ACCRUAL_LN000041_11_CR,ACCRUAL_LN000041_11,LN000041,interest_accrual,2026-12-02,2026-12-02,6011,Interest Income,0.0,35.25,-35.25
AE_ACCRUAL_LN000041_12_DR,ACCRUAL_LN000041_12,LN000041,interest_accrual,2027-01-02,2027-01-02,1132,Interest Receivable,35.25,0.0,35.25
AE_ACCRUAL_LN000041_12_CR,ACCRUAL_LN000041_12,LN000041,interest_accrual,2027-01-02,2027-01-02,6011,Interest Income,0.0,35.25,-35.25
AE_ACCRUAL_LN000041_13_DR,ACCRUAL_LN000041_13,LN000041,interest_accrual,2027-02-02,2027-02-02,1132,Interest Receivable,35.25,0.0,35.25
AE_ACCRUAL_LN000041_13_CR,ACCRUAL_LN000041_13,LN000041,interest_accrual,2027-02-02,2027-02-02,6011,Interest Income,0.0,35.25,-35.25
AE_ACCRUAL_LN000041_14_DR,ACCRUAL_LN000041_14,LN000041,interest_accrual,2027-03-02,2027-03-02,1132,Interest Receivable,35.25,0.0,35.25
AE_ACCRUAL_LN000041_14_CR,ACCRUAL_LN000041_14,LN000041,interest_accrual,2027-03-02,2027-03-02,6011,Interest Income,0.0,35.25,-35.25
AE_ACCRUAL_LN000041_15_DR,ACCRUAL_LN000041_15,LN000041,interest_accrual,2027-04-02,2027-04-02,1132,Interest Receivable,35.25,0.0,35.25
AE_ACCRUAL_LN000041_15_CR,ACCRUAL_LN000041_15,LN000041,interest_accrual,2027-04-02,2027-04-02,6011,Interest Income,0.0,35.25,-35.25
AE_ACCRUAL_LN000041_16_DR,ACCRUAL_LN000041_16,LN000041,interest_accrual,2027-05-02,2027-05-02,1132,Interest Receivable,35.25,0.0,35.25
AE_ACCRUAL_LN000041_16_CR,ACCRUAL_LN000041_16,LN000041,interest_accrual,2027-05-02,2027-05-02,6011,Interest Income,0.0,35.25,-35.25
AE_ACCRUAL_LN000041_17_DR,ACCRUAL_LN000041_17,LN000041,interest_accrual,2027-06-02,2027-06-02,1132,Interest Receivable,35.25,0.0,35.25
AE_ACCRUAL_LN000041_17_CR,ACCRUAL_LN000041_17,LN000041,interest_accrual,2027-06-02,2027-06-02,6011,Interest Income,0.0,35.25,-35.25
AE_ACCRUAL_LN000041_18_DR,ACCRUAL_LN000041_18,LN000041,interest_accrual,2027-07-02,2027-07-02,1132,Interest Receivable,35.25,0.0,35.25
AE_ACCRUAL_LN000041_18_CR,ACCRUAL_LN000041_18,LN000041,interest_accrual,2027-07-02,2027-07-02,6011,Interest Income,0.0,35.25,-35.25
AE_ACCRUAL_LN000041_19_DR,ACCRUAL_LN000041_19,LN000041,interest_accrual,2027-08-02,2027-08-02,1132,Interest Receivable,35.25,0.0,35.25
AE_ACCRUAL_LN000041_19_CR,ACCRUAL_LN000041_19,LN000041,interest_accrual,2027-08-02,2027-08-02,6011,Interest Income,0.0,35.25,-35.25
AE_ACCRUAL_LN000041_20_DR,ACCRUAL_LN000041_20,LN000041,interest_accrual,2027-09-02,2027-09-02,1132,Interest Receivable,35.25,0.0,35.25
AE_ACCRUAL_LN000041_20_CR,ACCRUAL_LN000041_20,LN000041,interest_accrual,2027-09-02,2027-09-02,6011,Interest Income,0.0,35.25,-35.25
AE_ACCRUAL_LN000041_21_DR,ACCRUAL_LN000041_21,LN000041,interest_accrual,2027-10-02,2027-10-02,1132,Interest Receivable,35.25,0.0,35.25
AE_ACCRUAL_LN000041_21_CR,ACCRUAL_LN000041_21,LN000041,interest_accrual,2027-10-02,2027-10-02,6011,Interest Income,0.0,35.25,-35.25
AE_ACCRUAL_LN000041_22_DR,ACCRUAL_LN000041_22,LN000041,interest_accrual,2027-11-02,2027-11-02,1132,Interest Receivable,35.25,0.0,35.25
AE_ACCRUAL_LN000041_22_CR,ACCRUAL_LN000041_22,LN000041,interest_accrual,2027-11-02,2027-11-02,6011,Interest Income,0.0,35.25,-35.25
AE_ACCRUAL_LN000041_23_DR,ACCRUAL_LN000041_23,LN000041,interest_accrual,2027-12-02,2027-12-02,1132,Interest Receivable,35.25,0.0,35.25
AE_ACCRUAL_LN000041_23_CR,ACCRUAL_LN000041_23,LN000041,interest_accrual,2027-12-02,2027-12-02,6011,Interest Income,0.0,35.25,-35.25
AE_ACCRUAL_LN000041_24_DR,ACCRUAL_LN000041_24,LN000041,interest_accrual,2028-01-02,2028-01-02,1132,Interest Receivable,35.25,0.0,35.25
AE_ACCRUAL_LN000041_24_CR,ACCRUAL_LN000041_24,LN000041,interest_accrual,2028-01-02,2028-01-02,6011,Interest Income,0.0,35.25,-35.25
AE_ACCRUAL_LN000041_25_DR,ACCRUAL_LN000041_25,LN000041,interest_accrual,2028-02-02,2028-02-02,1132,Interest Receivable,35.25,0.0,35.25
AE_ACCRUAL_LN000041_25_CR,ACCRUAL_LN000041_25,LN000041,interest_accrual,2028-02-02,2028-02-02,6011,Interest Income,0.0,35.25,-35.25
AE_ACCRUAL_LN000041_26_DR,ACCRUAL_LN000041_26,LN000041,interest_accrual,2028-03-02,2028-03-02,1132,Interest Receivable,35.25,0.0,35.25
AE_ACCRUAL_LN000041_26_CR,ACCRUAL_LN000041_26,LN000041,interest_accrual,2028-03-02,2028-03-02,6011,Interest Income,0.0,35.25,-35.25
AE_ACCRUAL_LN000041_27_DR,ACCRUAL_LN000041_27,LN000041,interest_accrual,2028-04-02,2028-04-02,1132,Interest Receivable,35.25,0.0,35.25
AE_ACCRUAL_LN000041_27_CR,ACCRUAL_LN000041_27,LN000041,interest_accrual,2028-04-02,2028-04-02,6011,Interest Income,0.0,35.25,-35.25
AE_ACCRUAL_LN000041_28_DR,ACCRUAL_LN000041_28,LN000041,interest_accrual,2028-05-02,2028-05-02,1132,Interest Receivable,35.25,0.0,35.25
AE_ACCRUAL_LN000041_28_CR,ACCRUAL_LN000041_28,LN000041,interest_accrual,2028-05-02,2028-05-02,6011,Interest Income,0.0,35.25,-35.25
AE_ACCRUAL_LN000041_29_DR,ACCRUAL_LN000041_29,LN000041,interest_accrual,2028-06-02,2028-06-02,1132,Interest Receivable,35.25,0.0,35.25
AE_ACCRUAL_LN000041_29_CR,ACCRUAL_LN000041_29,LN000041,interest_accrual,2028-06-02,2028-06-02,6011,Interest Income,0.0,35.25,-35.25
AE_ACCRUAL_LN000041_30_DR,ACCRUAL_LN000041_30,LN000041,interest_accrual,2028-07-02,2028-07-02,1132,Interest Receivable,35.25,0.0,35.25
AE_ACCRUAL_LN000041_30_CR,ACCRUAL_LN000041_30,LN000041,interest_accrual,2028-07-02,2028-07-02,6011,Interest Income,0.0,35.25,-35.25
AE_ACCRUAL_LN000041_31_DR,ACCRUAL_LN000041_31,LN000041,interest_accrual,2028-08-02,2028-08-02,1132,Interest Receivable,35.25,0.0,35.25
AE_ACCRUAL_LN000041_31_CR,ACCRUAL_LN000041_31,LN000041,interest_accrual,2028-08-02,2028-08-02,6011,Interest Income,0.0,35.25,-35.25
AE_ACCRUAL_LN000041_32_DR,ACCRUAL_LN000041_32,LN000041,interest_accrual,2028-09-02,2028-09-02,1132,Interest Receivable,35.25,0.0,35.25
AE_ACCRUAL_LN000041_32_CR,ACCRUAL_LN000041_32,LN000041,interest_accrual,2028-09-02,2028-09-02,6011,Interest Income,0.0,35.25,-35.25
AE_ACCRUAL_LN000041_33_DR,ACCRUAL_LN000041_33,LN000041,interest_accrual,2028-10-02,2028-10-02,1132,Interest Receivable,35.25,0.0,35.25
AE_ACCRUAL_LN000041_33_CR,ACCRUAL_LN000041_33,LN000041,interest_accrual,2028-10-02,2028-10-02,6011,Interest Income,0.0,35.25,-35.25
AE_ACCRUAL_LN000041_34_DR,ACCRUAL_LN000041_34,LN000041,interest_accrual,2028-11-02,2028-11-02,1132,Interest Receivable,35.25,0.0,35.25
AE_ACCRUAL_LN000041_34_CR,ACCRUAL_LN000041_34,LN000041,interest_accrual,2028-11-02,2028-11-02,6011,Interest Income,0.0,35.25,-35.25
AE_ACCRUAL_LN000041_35_DR,ACCRUAL_LN000041_35,LN000041,interest_accrual,2028-12-02,2028-12-02,1132,Interest Receivable,35.25,0.0,35.25
AE_ACCRUAL_LN000041_35_CR,ACCRUAL_LN000041_35,LN000041,interest_accrual,2028-12-02,2028-12-02,6011,Interest Income,0.0,35.25,-35.25
AE_ACCRUAL_LN000041_36_DR,ACCRUAL_LN000041_36,LN000041,interest_accrual,2029-01-02,2029-01-02,1132,Interest Receivable,35.25,0.0,35.25
AE_ACCRUAL_LN000041_36_CR,ACCRUAL_LN000041_36,LN000041,interest_accrual,2029-01-02,2029-01-02,6011,Interest Income,0.0,35.25,-35.25
AE_ACCRUAL_LN000042_01_DR,ACCRUAL_LN000042_01,LN000042,interest_accrual,2026-02-25,2026-02-25,1132,Interest Receivable,190.0,0.0,190.0
AE_ACCRUAL_LN000042_01_CR,ACCRUAL_LN000042_01,LN000042,interest_accrual,2026-02-25,2026-02-25,6011,Interest Income,0.0,190.0,-190.0
AE_ACCRUAL_LN000042_02_DR,ACCRUAL_LN000042_02,LN000042,interest_accrual,2026-03-25,2026-03-25,1132,Interest Receivable,190.0,0.0,190.0
AE_ACCRUAL_LN000042_02_CR,ACCRUAL_LN000042_02,LN000042,interest_accrual,2026-03-25,2026-03-25,6011,Interest Income,0.0,190.0,-190.0
AE_ACCRUAL_LN000042_03_DR,ACCRUAL_LN000042_03,LN000042,interest_accrual,2026-04-25,2026-04-25,1132,Interest Receivable,190.0,0.0,190.0
AE_ACCRUAL_LN000042_03_CR,ACCRUAL_LN000042_03,LN000042,interest_accrual,2026-04-25,2026-04-25,6011,Interest Income,0.0,190.0,-190.0
AE_ACCRUAL_LN000042_04_DR,ACCRUAL_LN000042_04,LN000042,interest_accrual,2026-05-25,2026-05-25,1132,Interest Receivable,190.0,0.0,190.0
AE_ACCRUAL_LN000042_04_CR,ACCRUAL_LN000042_04,LN000042,interest_accrual,2026-05-25,2026-05-25,6011,Interest Income,0.0,190.0,-190.0
AE_ACCRUAL_LN000042_05_DR,ACCRUAL_LN000042_05,LN000042,interest_accrual,2026-06-25,2026-06-25,1132,Interest Receivable,190.0,0.0,190.0
AE_ACCRUAL_LN000042_05_CR,ACCRUAL_LN000042_05,LN000042,interest_accrual,2026-06-25,2026-06-25,6011,Interest Income,0.0,190.0,-190.0
AE_ACCRUAL_LN000042_06_DR,ACCRUAL_LN000042_06,LN000042,interest_accrual,2026-07-25,2026-07-25,1132,Interest Receivable,190.0,0.0,190.0
AE_ACCRUAL_LN000042_06_CR,ACCRUAL_LN000042_06,LN000042,interest_accrual,2026-07-25,2026-07-25,6011,Interest Income,0.0,190.0,-190.0
AE_ACCRUAL_LN000043_01_DR,ACCRUAL_LN000043_01,LN000043,interest_accrual,2026-04-05,2026-04-05,1132,Interest Receivable,508.0,0.0,508.0
AE_ACCRUAL_LN000043_01_CR,ACCRUAL_LN000043_01,LN000043,interest_accrual,2026-04-05,2026-04-05,6011,Interest Income,0.0,508.0,-508.0
AE_ACCRUAL_LN000043_02_DR,ACCRUAL_LN000043_02,LN000043,interest_accrual,2026-05-05,2026-05-05,1132,Interest Receivable,508.0,0.0,508.0
AE_ACCRUAL_LN000043_02_CR,ACCRUAL_LN000043_02,LN000043,interest_accrual,2026-05-05,2026-05-05,6011,Interest Income,0.0,508.0,-508.0
AE_ACCRUAL_LN000043_03_DR,ACCRUAL_LN000043_03,LN000043,interest_accrual,2026-06-05,2026-06-05,1132,Interest Receivable,508.0,0.0,508.0
AE_ACCRUAL_LN000043_03_CR,ACCRUAL_LN000043_03,LN000043,interest_accrual,2026-06-05,2026-06-05,6011,Interest Income,0.0,508.0,-508.0
AE_ACCRUAL_LN000043_04_DR,ACCRUAL_LN000043_04,LN000043,interest_accrual,2026-07-05,2026-07-05,1132,Interest Receivable,508.0,0.0,508.0
AE_ACCRUAL_LN000043_04_CR,ACCRUAL_LN000043_04,LN000043,interest_accrual,2026-07-05,2026-07-05,6011,Interest Income,0.0,508.0,-508.0
AE_ACCRUAL_LN000043_05_DR,ACCRUAL_LN000043_05,LN000043,interest_accrual,2026-08-05,2026-08-05,1132,Interest Receivable,508.0,0.0,508.0
AE_ACCRUAL_LN000043_05_CR,ACCRUAL_LN000043_05,LN000043,interest_accrual,2026-08-05,2026-08-05,6011,Interest Income,0.0,508.0,-508.0
AE_ACCRUAL_LN000043_06_DR,ACCRUAL_LN000043_06,LN000043,interest_accrual,2026-09-05,2026-09-05,1132,Interest Receivable,508.0,0.0,508.0
AE_ACCRUAL_LN000043_06_CR,ACCRUAL_LN000043_06,LN000043,interest_accrual,2026-09-05,2026-09-05,6011,Interest Income,0.0,508.0,-508.0
AE_ACCRUAL_LN000043_07_DR,ACCRUAL_LN000043_07,LN000043,interest_accrual,2026-10-05,2026-10-05,1132,Interest Receivable,508.0,0.0,508.0
AE_ACCRUAL_LN000043_07_CR,ACCRUAL_LN000043_07,LN000043,interest_accrual,2026-10-05,2026-10-05,6011,Interest Income,0.0,508.0,-508.0
AE_ACCRUAL_LN000043_08_DR,ACCRUAL_LN000043_08,LN000043,interest_accrual,2026-11-05,2026-11-05,1132,Interest Receivable,508.0,0.0,508.0
AE_ACCRUAL_LN000043_08_CR,ACCRUAL_LN000043_08,LN000043,interest_accrual,2026-11-05,2026-11-05,6011,Interest Income,0.0,508.0,-508.0
AE_ACCRUAL_LN000043_09_DR,ACCRUAL_LN000043_09,LN000043,interest_accrual,2026-12-05,2026-12-05,1132,Interest Receivable,508.0,0.0,508.0
AE_ACCRUAL_LN000043_09_CR,ACCRUAL_LN000043_09,LN000043,interest_accrual,2026-12-05,2026-12-05,6011,Interest Income,0.0,508.0,-508.0
AE_ACCRUAL_LN000043_10_DR,ACCRUAL_LN000043_10,LN000043,interest_accrual,2027-01-05,2027-01-05,1132,Interest Receivable,508.0,0.0,508.0
AE_ACCRUAL_LN000043_10_CR,ACCRUAL_LN000043_10,LN000043,interest_accrual,2027-01-05,2027-01-05,6011,Interest Income,0.0,508.0,-508.0
AE_ACCRUAL_LN000043_11_DR,ACCRUAL_LN000043_11,LN000043,interest_accrual,2027-02-05,2027-02-05,1132,Interest Receivable,508.0,0.0,508.0
AE_ACCRUAL_LN000043_11_CR,ACCRUAL_LN000043_11,LN000043,interest_accrual,2027-02-05,2027-02-05,6011,Interest Income,0.0,508.0,-508.0
AE_ACCRUAL_LN000043_12_DR,ACCRUAL_LN000043_12,LN000043,interest_accrual,2027-03-05,2027-03-05,1132,Interest Receivable,508.0,0.0,508.0
AE_ACCRUAL_LN000043_12_CR,ACCRUAL_LN000043_12,LN000043,interest_accrual,2027-03-05,2027-03-05,6011,Interest Income,0.0,508.0,-508.0
AE_ACCRUAL_LN000043_13_DR,ACCRUAL_LN000043_13,LN000043,interest_accrual,2027-04-05,2027-04-05,1132,Interest Receivable,508.0,0.0,508.0
AE_ACCRUAL_LN000043_13_CR,ACCRUAL_LN000043_13,LN000043,interest_accrual,2027-04-05,2027-04-05,6011,Interest Income,0.0,508.0,-508.0
AE_ACCRUAL_LN000043_14_DR,ACCRUAL_LN000043_14,LN000043,interest_accrual,2027-05-05,2027-05-05,1132,Interest Receivable,508.0,0.0,508.0
AE_ACCRUAL_LN000043_14_CR,ACCRUAL_LN000043_14,LN000043,interest_accrual,2027-05-05,2027-05-05,6011,Interest Income,0.0,508.0,-508.0
AE_ACCRUAL_LN000043_15_DR,ACCRUAL_LN000043_15,LN000043,interest_accrual,2027-06-05,2027-06-05,1132,Interest Receivable,508.0,0.0,508.0
AE_ACCRUAL_LN000043_15_CR,ACCRUAL_LN000043_15,LN000043,interest_accrual,2027-06-05,2027-06-05,6011,Interest Income,0.0,508.0,-508.0
AE_ACCRUAL_LN000043_16_DR,ACCRUAL_LN000043_16,LN000043,interest_accrual,2027-07-05,2027-07-05,1132,Interest Receivable,508.0,0.0,508.0
AE_ACCRUAL_LN000043_16_CR,ACCRUAL_LN000043_16,LN000043,interest_accrual,2027-07-05,2027-07-05,6011,Interest Income,0.0,508.0,-508.0
AE_ACCRUAL_LN000043_17_DR,ACCRUAL_LN000043_17,LN000043,interest_accrual,2027-08-05,2027-08-05,1132,Interest Receivable,508.0,0.0,508.0
AE_ACCRUAL_LN000043_17_CR,ACCRUAL_LN000043_17,LN000043,interest_accrual,2027-08-05,2027-08-05,6011,Interest Income,0.0,508.0,-508.0
AE_ACCRUAL_LN000043_18_DR,ACCRUAL_LN000043_18,LN000043,interest_accrual,2027-09-05,2027-09-05,1132,Interest Receivable,508.0,0.0,508.0
AE_ACCRUAL_LN000043_18_CR,ACCRUAL_LN000043_18,LN000043,interest_accrual,2027-09-05,2027-09-05,6011,Interest Income,0.0,508.0,-508.0
AE_ACCRUAL_LN000043_19_DR,ACCRUAL_LN000043_19,LN000043,interest_accrual,2027-10-05,2027-10-05,1132,Interest Receivable,508.0,0.0,508.0
AE_ACCRUAL_LN000043_19_CR,ACCRUAL_LN000043_19,LN000043,interest_accrual,2027-10-05,2027-10-05,6011,Interest Income,0.0,508.0,-508.0
AE_ACCRUAL_LN000043_20_DR,ACCRUAL_LN000043_20,LN000043,interest_accrual,2027-11-05,2027-11-05,1132,Interest Receivable,508.0,0.0,508.0
AE_ACCRUAL_LN000043_20_CR,ACCRUAL_LN000043_20,LN000043,interest_accrual,2027-11-05,2027-11-05,6011,Interest Income,0.0,508.0,-508.0
AE_ACCRUAL_LN000043_21_DR,ACCRUAL_LN000043_21,LN000043,interest_accrual,2027-12-05,2027-12-05,1132,Interest Receivable,508.0,0.0,508.0
AE_ACCRUAL_LN000043_21_CR,ACCRUAL_LN000043_21,LN000043,interest_accrual,2027-12-05,2027-12-05,6011,Interest Income,0.0,508.0,-508.0
AE_ACCRUAL_LN000043_22_DR,ACCRUAL_LN000043_22,LN000043,interest_accrual,2028-01-05,2028-01-05,1132,Interest Receivable,508.0,0.0,508.0
AE_ACCRUAL_LN000043_22_CR,ACCRUAL_LN000043_22,LN000043,interest_accrual,2028-01-05,2028-01-05,6011,Interest Income,0.0,508.0,-508.0
AE_ACCRUAL_LN000043_23_DR,ACCRUAL_LN000043_23,LN000043,interest_accrual,2028-02-05,2028-02-05,1132,Interest Receivable,508.0,0.0,508.0
AE_ACCRUAL_LN000043_23_CR,ACCRUAL_LN000043_23,LN000043,interest_accrual,2028-02-05,2028-02-05,6011,Interest Income,0.0,508.0,-508.0
AE_ACCRUAL_LN000043_24_DR,ACCRUAL_LN000043_24,LN000043,interest_accrual,2028-03-05,2028-03-05,1132,Interest Receivable,508.0,0.0,508.0
AE_ACCRUAL_LN000043_24_CR,ACCRUAL_LN000043_24,LN000043,interest_accrual,2028-03-05,2028-03-05,6011,Interest Income,0.0,508.0,-508.0
AE_ACCRUAL_LN000044_01_DR,ACCRUAL_LN000044_01,LN000044,interest_accrual,2026-03-01,2026-03-01,1132,Interest Receivable,297.75,0.0,297.75
AE_ACCRUAL_LN000044_01_CR,ACCRUAL_LN000044_01,LN000044,interest_accrual,2026-03-01,2026-03-01,6011,Interest Income,0.0,297.75,-297.75
AE_ACCRUAL_LN000044_02_DR,ACCRUAL_LN000044_02,LN000044,interest_accrual,2026-04-01,2026-04-01,1132,Interest Receivable,297.75,0.0,297.75
AE_ACCRUAL_LN000044_02_CR,ACCRUAL_LN000044_02,LN000044,interest_accrual,2026-04-01,2026-04-01,6011,Interest Income,0.0,297.75,-297.75
AE_ACCRUAL_LN000044_03_DR,ACCRUAL_LN000044_03,LN000044,interest_accrual,2026-05-01,2026-05-01,1132,Interest Receivable,297.75,0.0,297.75
AE_ACCRUAL_LN000044_03_CR,ACCRUAL_LN000044_03,LN000044,interest_accrual,2026-05-01,2026-05-01,6011,Interest Income,0.0,297.75,-297.75
AE_ACCRUAL_LN000044_04_DR,ACCRUAL_LN000044_04,LN000044,interest_accrual,2026-06-01,2026-06-01,1132,Interest Receivable,297.75,0.0,297.75
AE_ACCRUAL_LN000044_04_CR,ACCRUAL_LN000044_04,LN000044,interest_accrual,2026-06-01,2026-06-01,6011,Interest Income,0.0,297.75,-297.75
AE_ACCRUAL_LN000044_05_DR,ACCRUAL_LN000044_05,LN000044,interest_accrual,2026-07-01,2026-07-01,1132,Interest Receivable,297.75,0.0,297.75
AE_ACCRUAL_LN000044_05_CR,ACCRUAL_LN000044_05,LN000044,interest_accrual,2026-07-01,2026-07-01,6011,Interest Income,0.0,297.75,-297.75
AE_ACCRUAL_LN000044_06_DR,ACCRUAL_LN000044_06,LN000044,interest_accrual,2026-08-01,2026-08-01,1132,Interest Receivable,297.75,0.0,297.75
AE_ACCRUAL_LN000044_06_CR,ACCRUAL_LN000044_06,LN000044,interest_accrual,2026-08-01,2026-08-01,6011,Interest Income,0.0,297.75,-297.75
AE_ACCRUAL_LN000044_07_DR,ACCRUAL_LN000044_07,LN000044,interest_accrual,2026-09-01,2026-09-01,1132,Interest Receivable,297.75,0.0,297.75
AE_ACCRUAL_LN000044_07_CR,ACCRUAL_LN000044_07,LN000044,interest_accrual,2026-09-01,2026-09-01,6011,Interest Income,0.0,297.75,-297.75
AE_ACCRUAL_LN000044_08_DR,ACCRUAL_LN000044_08,LN000044,interest_accrual,2026-10-01,2026-10-01,1132,Interest Receivable,297.75,0.0,297.75
AE_ACCRUAL_LN000044_08_CR,ACCRUAL_LN000044_08,LN000044,interest_accrual,2026-10-01,2026-10-01,6011,Interest Income,0.0,297.75,-297.75
AE_ACCRUAL_LN000044_09_DR,ACCRUAL_LN000044_09,LN000044,interest_accrual,2026-11-01,2026-11-01,1132,Interest Receivable,297.75,0.0,297.75
AE_ACCRUAL_LN000044_09_CR,ACCRUAL_LN000044_09,LN000044,interest_accrual,2026-11-01,2026-11-01,6011,Interest Income,0.0,297.75,-297.75
AE_ACCRUAL_LN000044_10_DR,ACCRUAL_LN000044_10,LN000044,interest_accrual,2026-12-01,2026-12-01,1132,Interest Receivable,297.75,0.0,297.75
AE_ACCRUAL_LN000044_10_CR,ACCRUAL_LN000044_10,LN000044,interest_accrual,2026-12-01,2026-12-01,6011,Interest Income,0.0,297.75,-297.75
AE_ACCRUAL_LN000044_11_DR,ACCRUAL_LN000044_11,LN000044,interest_accrual,2027-01-01,2027-01-01,1132,Interest Receivable,297.75,0.0,297.75
AE_ACCRUAL_LN000044_11_CR,ACCRUAL_LN000044_11,LN000044,interest_accrual,2027-01-01,2027-01-01,6011,Interest Income,0.0,297.75,-297.75
AE_ACCRUAL_LN000044_12_DR,ACCRUAL_LN000044_12,LN000044,interest_accrual,2027-02-01,2027-02-01,1132,Interest Receivable,297.75,0.0,297.75
AE_ACCRUAL_LN000044_12_CR,ACCRUAL_LN000044_12,LN000044,interest_accrual,2027-02-01,2027-02-01,6011,Interest Income,0.0,297.75,-297.75
AE_ACCRUAL_LN000045_01_DR,ACCRUAL_LN000045_01,LN000045,interest_accrual,2026-03-27,2026-03-27,1132,Interest Receivable,27.79,0.0,27.79
AE_ACCRUAL_LN000045_01_CR,ACCRUAL_LN000045_01,LN000045,interest_accrual,2026-03-27,2026-03-27,6011,Interest Income,0.0,27.79,-27.79
AE_ACCRUAL_LN000045_02_DR,ACCRUAL_LN000045_02,LN000045,interest_accrual,2026-04-27,2026-04-27,1132,Interest Receivable,27.79,0.0,27.79
AE_ACCRUAL_LN000045_02_CR,ACCRUAL_LN000045_02,LN000045,interest_accrual,2026-04-27,2026-04-27,6011,Interest Income,0.0,27.79,-27.79
AE_ACCRUAL_LN000045_03_DR,ACCRUAL_LN000045_03,LN000045,interest_accrual,2026-05-27,2026-05-27,1132,Interest Receivable,27.79,0.0,27.79
AE_ACCRUAL_LN000045_03_CR,ACCRUAL_LN000045_03,LN000045,interest_accrual,2026-05-27,2026-05-27,6011,Interest Income,0.0,27.79,-27.79
AE_ACCRUAL_LN000045_04_DR,ACCRUAL_LN000045_04,LN000045,interest_accrual,2026-06-27,2026-06-27,1132,Interest Receivable,27.79,0.0,27.79
AE_ACCRUAL_LN000045_04_CR,ACCRUAL_LN000045_04,LN000045,interest_accrual,2026-06-27,2026-06-27,6011,Interest Income,0.0,27.79,-27.79
AE_ACCRUAL_LN000045_05_DR,ACCRUAL_LN000045_05,LN000045,interest_accrual,2026-07-27,2026-07-27,1132,Interest Receivable,27.79,0.0,27.79
AE_ACCRUAL_LN000045_05_CR,ACCRUAL_LN000045_05,LN000045,interest_accrual,2026-07-27,2026-07-27,6011,Interest Income,0.0,27.79,-27.79
AE_ACCRUAL_LN000045_06_DR,ACCRUAL_LN000045_06,LN000045,interest_accrual,2026-08-27,2026-08-27,1132,Interest Receivable,27.79,0.0,27.79
AE_ACCRUAL_LN000045_06_CR,ACCRUAL_LN000045_06,LN000045,interest_accrual,2026-08-27,2026-08-27,6011,Interest Income,0.0,27.79,-27.79
AE_ACCRUAL_LN000045_07_DR,ACCRUAL_LN000045_07,LN000045,interest_accrual,2026-09-27,2026-09-27,1132,Interest Receivable,27.79,0.0,27.79
AE_ACCRUAL_LN000045_07_CR,ACCRUAL_LN000045_07,LN000045,interest_accrual,2026-09-27,2026-09-27,6011,Interest Income,0.0,27.79,-27.79
AE_ACCRUAL_LN000045_08_DR,ACCRUAL_LN000045_08,LN000045,interest_accrual,2026-10-27,2026-10-27,1132,Interest Receivable,27.79,0.0,27.79
AE_ACCRUAL_LN000045_08_CR,ACCRUAL_LN000045_08,LN000045,interest_accrual,2026-10-27,2026-10-27,6011,Interest Income,0.0,27.79,-27.79
AE_ACCRUAL_LN000045_09_DR,ACCRUAL_LN000045_09,LN000045,interest_accrual,2026-11-27,2026-11-27,1132,Interest Receivable,27.79,0.0,27.79
AE_ACCRUAL_LN000045_09_CR,ACCRUAL_LN000045_09,LN000045,interest_accrual,2026-11-27,2026-11-27,6011,Interest Income,0.0,27.79,-27.79
AE_ACCRUAL_LN000045_10_DR,ACCRUAL_LN000045_10,LN000045,interest_accrual,2026-12-27,2026-12-27,1132,Interest Receivable,27.79,0.0,27.79
AE_ACCRUAL_LN000045_10_CR,ACCRUAL_LN000045_10,LN000045,interest_accrual,2026-12-27,2026-12-27,6011,Interest Income,0.0,27.79,-27.79
AE_ACCRUAL_LN000045_11_DR,ACCRUAL_LN000045_11,LN000045,interest_accrual,2027-01-27,2027-01-27,1132,Interest Receivable,27.79,0.0,27.79
AE_ACCRUAL_LN000045_11_CR,ACCRUAL_LN000045_11,LN000045,interest_accrual,2027-01-27,2027-01-27,6011,Interest Income,0.0,27.79,-27.79
AE_ACCRUAL_LN000045_12_DR,ACCRUAL_LN000045_12,LN000045,interest_accrual,2027-02-27,2027-02-27,1132,Interest Receivable,27.79,0.0,27.79
AE_ACCRUAL_LN000045_12_CR,ACCRUAL_LN000045_12,LN000045,interest_accrual,2027-02-27,2027-02-27,6011,Interest Income,0.0,27.79,-27.79
AE_ACCRUAL_LN000045_13_DR,ACCRUAL_LN000045_13,LN000045,interest_accrual,2027-03-27,2027-03-27,1132,Interest Receivable,27.79,0.0,27.79
AE_ACCRUAL_LN000045_13_CR,ACCRUAL_LN000045_13,LN000045,interest_accrual,2027-03-27,2027-03-27,6011,Interest Income,0.0,27.79,-27.79
AE_ACCRUAL_LN000045_14_DR,ACCRUAL_LN000045_14,LN000045,interest_accrual,2027-04-27,2027-04-27,1132,Interest Receivable,27.79,0.0,27.79
AE_ACCRUAL_LN000045_14_CR,ACCRUAL_LN000045_14,LN000045,interest_accrual,2027-04-27,2027-04-27,6011,Interest Income,0.0,27.79,-27.79
AE_ACCRUAL_LN000045_15_DR,ACCRUAL_LN000045_15,LN000045,interest_accrual,2027-05-27,2027-05-27,1132,Interest Receivable,27.79,0.0,27.79
AE_ACCRUAL_LN000045_15_CR,ACCRUAL_LN000045_15,LN000045,interest_accrual,2027-05-27,2027-05-27,6011,Interest Income,0.0,27.79,-27.79
AE_ACCRUAL_LN000045_16_DR,ACCRUAL_LN000045_16,LN000045,interest_accrual,2027-06-27,2027-06-27,1132,Interest Receivable,27.79,0.0,27.79
AE_ACCRUAL_LN000045_16_CR,ACCRUAL_LN000045_16,LN000045,interest_accrual,2027-06-27,2027-06-27,6011,Interest Income,0.0,27.79,-27.79
AE_ACCRUAL_LN000045_17_DR,ACCRUAL_LN000045_17,LN000045,interest_accrual,2027-07-27,2027-07-27,1132,Interest Receivable,27.79,0.0,27.79
AE_ACCRUAL_LN000045_17_CR,ACCRUAL_LN000045_17,LN000045,interest_accrual,2027-07-27,2027-07-27,6011,Interest Income,0.0,27.79,-27.79
AE_ACCRUAL_LN000045_18_DR,ACCRUAL_LN000045_18,LN000045,interest_accrual,2027-08-27,2027-08-27,1132,Interest Receivable,27.79,0.0,27.79
AE_ACCRUAL_LN000045_18_CR,ACCRUAL_LN000045_18,LN000045,interest_accrual,2027-08-27,2027-08-27,6011,Interest Income,0.0,27.79,-27.79
AE_ACCRUAL_LN000046_01_DR,ACCRUAL_LN000046_01,LN000046,interest_accrual,2026-03-22,2026-03-22,1132,Interest Receivable,215.12,0.0,215.12
AE_ACCRUAL_LN000046_01_CR,ACCRUAL_LN000046_01,LN000046,interest_accrual,2026-03-22,2026-03-22,6011,Interest Income,0.0,215.12,-215.12
AE_ACCRUAL_LN000046_02_DR,ACCRUAL_LN000046_02,LN000046,interest_accrual,2026-04-22,2026-04-22,1132,Interest Receivable,215.12,0.0,215.12
AE_ACCRUAL_LN000046_02_CR,ACCRUAL_LN000046_02,LN000046,interest_accrual,2026-04-22,2026-04-22,6011,Interest Income,0.0,215.12,-215.12
AE_ACCRUAL_LN000046_03_DR,ACCRUAL_LN000046_03,LN000046,interest_accrual,2026-05-22,2026-05-22,1132,Interest Receivable,215.12,0.0,215.12
AE_ACCRUAL_LN000046_03_CR,ACCRUAL_LN000046_03,LN000046,interest_accrual,2026-05-22,2026-05-22,6011,Interest Income,0.0,215.12,-215.12
AE_ACCRUAL_LN000046_04_DR,ACCRUAL_LN000046_04,LN000046,interest_accrual,2026-06-22,2026-06-22,1132,Interest Receivable,215.12,0.0,215.12
AE_ACCRUAL_LN000046_04_CR,ACCRUAL_LN000046_04,LN000046,interest_accrual,2026-06-22,2026-06-22,6011,Interest Income,0.0,215.12,-215.12
AE_ACCRUAL_LN000046_05_DR,ACCRUAL_LN000046_05,LN000046,interest_accrual,2026-07-22,2026-07-22,1132,Interest Receivable,215.12,0.0,215.12
AE_ACCRUAL_LN000046_05_CR,ACCRUAL_LN000046_05,LN000046,interest_accrual,2026-07-22,2026-07-22,6011,Interest Income,0.0,215.12,-215.12
AE_ACCRUAL_LN000046_06_DR,ACCRUAL_LN000046_06,LN000046,interest_accrual,2026-08-22,2026-08-22,1132,Interest Receivable,215.12,0.0,215.12
AE_ACCRUAL_LN000046_06_CR,ACCRUAL_LN000046_06,LN000046,interest_accrual,2026-08-22,2026-08-22,6011,Interest Income,0.0,215.12,-215.12
AE_ACCRUAL_LN000046_07_DR,ACCRUAL_LN000046_07,LN000046,interest_accrual,2026-09-22,2026-09-22,1132,Interest Receivable,215.12,0.0,215.12
AE_ACCRUAL_LN000046_07_CR,ACCRUAL_LN000046_07,LN000046,interest_accrual,2026-09-22,2026-09-22,6011,Interest Income,0.0,215.12,-215.12
AE_ACCRUAL_LN000046_08_DR,ACCRUAL_LN000046_08,LN000046,interest_accrual,2026-10-22,2026-10-22,1132,Interest Receivable,215.12,0.0,215.12
AE_ACCRUAL_LN000046_08_CR,ACCRUAL_LN000046_08,LN000046,interest_accrual,2026-10-22,2026-10-22,6011,Interest Income,0.0,215.12,-215.12
AE_ACCRUAL_LN000046_09_DR,ACCRUAL_LN000046_09,LN000046,interest_accrual,2026-11-22,2026-11-22,1132,Interest Receivable,215.12,0.0,215.12
AE_ACCRUAL_LN000046_09_CR,ACCRUAL_LN000046_09,LN000046,interest_accrual,2026-11-22,2026-11-22,6011,Interest Income,0.0,215.12,-215.12
AE_ACCRUAL_LN000046_10_DR,ACCRUAL_LN000046_10,LN000046,interest_accrual,2026-12-22,2026-12-22,1132,Interest Receivable,215.12,0.0,215.12
AE_ACCRUAL_LN000046_10_CR,ACCRUAL_LN000046_10,LN000046,interest_accrual,2026-12-22,2026-12-22,6011,Interest Income,0.0,215.12,-215.12
AE_ACCRUAL_LN000046_11_DR,ACCRUAL_LN000046_11,LN000046,interest_accrual,2027-01-22,2027-01-22,1132,Interest Receivable,215.12,0.0,215.12
AE_ACCRUAL_LN000046_11_CR,ACCRUAL_LN000046_11,LN000046,interest_accrual,2027-01-22,2027-01-22,6011,Interest Income,0.0,215.12,-215.12
AE_ACCRUAL_LN000046_12_DR,ACCRUAL_LN000046_12,LN000046,interest_accrual,2027-02-22,2027-02-22,1132,Interest Receivable,215.12,0.0,215.12
AE_ACCRUAL_LN000046_12_CR,ACCRUAL_LN000046_12,LN000046,interest_accrual,2027-02-22,2027-02-22,6011,Interest Income,0.0,215.12,-215.12
AE_ACCRUAL_LN000046_13_DR,ACCRUAL_LN000046_13,LN000046,interest_accrual,2027-03-22,2027-03-22,1132,Interest Receivable,215.12,0.0,215.12
AE_ACCRUAL_LN000046_13_CR,ACCRUAL_LN000046_13,LN000046,interest_accrual,2027-03-22,2027-03-22,6011,Interest Income,0.0,215.12,-215.12
AE_ACCRUAL_LN000046_14_DR,ACCRUAL_LN000046_14,LN000046,interest_accrual,2027-04-22,2027-04-22,1132,Interest Receivable,215.12,0.0,215.12
AE_ACCRUAL_LN000046_14_CR,ACCRUAL_LN000046_14,LN000046,interest_accrual,2027-04-22,2027-04-22,6011,Interest Income,0.0,215.12,-215.12
AE_ACCRUAL_LN000046_15_DR,ACCRUAL_LN000046_15,LN000046,interest_accrual,2027-05-22,2027-05-22,1132,Interest Receivable,215.12,0.0,215.12
AE_ACCRUAL_LN000046_15_CR,ACCRUAL_LN000046_15,LN000046,interest_accrual,2027-05-22,2027-05-22,6011,Interest Income,0.0,215.12,-215.12
AE_ACCRUAL_LN000046_16_DR,ACCRUAL_LN000046_16,LN000046,interest_accrual,2027-06-22,2027-06-22,1132,Interest Receivable,215.12,0.0,215.12
AE_ACCRUAL_LN000046_16_CR,ACCRUAL_LN000046_16,LN000046,interest_accrual,2027-06-22,2027-06-22,6011,Interest Income,0.0,215.12,-215.12
AE_ACCRUAL_LN000046_17_DR,ACCRUAL_LN000046_17,LN000046,interest_accrual,2027-07-22,2027-07-22,1132,Interest Receivable,215.12,0.0,215.12
AE_ACCRUAL_LN000046_17_CR,ACCRUAL_LN000046_17,LN000046,interest_accrual,2027-07-22,2027-07-22,6011,Interest Income,0.0,215.12,-215.12
AE_ACCRUAL_LN000046_18_DR,ACCRUAL_LN000046_18,LN000046,interest_accrual,2027-08-22,2027-08-22,1132,Interest Receivable,215.12,0.0,215.12
AE_ACCRUAL_LN000046_18_CR,ACCRUAL_LN000046_18,LN000046,interest_accrual,2027-08-22,2027-08-22,6011,Interest Income,0.0,215.12,-215.12
AE_ACCRUAL_LN000046_19_DR,ACCRUAL_LN000046_19,LN000046,interest_accrual,2027-09-22,2027-09-22,1132,Interest Receivable,215.12,0.0,215.12
AE_ACCRUAL_LN000046_19_CR,ACCRUAL_LN000046_19,LN000046,interest_accrual,2027-09-22,2027-09-22,6011,Interest Income,0.0,215.12,-215.12
AE_ACCRUAL_LN000046_20_DR,ACCRUAL_LN000046_20,LN000046,interest_accrual,2027-10-22,2027-10-22,1132,Interest Receivable,215.12,0.0,215.12
AE_ACCRUAL_LN000046_20_CR,ACCRUAL_LN000046_20,LN000046,interest_accrual,2027-10-22,2027-10-22,6011,Interest Income,0.0,215.12,-215.12
AE_ACCRUAL_LN000046_21_DR,ACCRUAL_LN000046_21,LN000046,interest_accrual,2027-11-22,2027-11-22,1132,Interest Receivable,215.12,0.0,215.12
AE_ACCRUAL_LN000046_21_CR,ACCRUAL_LN000046_21,LN000046,interest_accrual,2027-11-22,2027-11-22,6011,Interest Income,0.0,215.12,-215.12
AE_ACCRUAL_LN000046_22_DR,ACCRUAL_LN000046_22,LN000046,interest_accrual,2027-12-22,2027-12-22,1132,Interest Receivable,215.12,0.0,215.12
AE_ACCRUAL_LN000046_22_CR,ACCRUAL_LN000046_22,LN000046,interest_accrual,2027-12-22,2027-12-22,6011,Interest Income,0.0,215.12,-215.12
AE_ACCRUAL_LN000046_23_DR,ACCRUAL_LN000046_23,LN000046,interest_accrual,2028-01-22,2028-01-22,1132,Interest Receivable,215.12,0.0,215.12
AE_ACCRUAL_LN000046_23_CR,ACCRUAL_LN000046_23,LN000046,interest_accrual,2028-01-22,2028-01-22,6011,Interest Income,0.0,215.12,-215.12
AE_ACCRUAL_LN000046_24_DR,ACCRUAL_LN000046_24,LN000046,interest_accrual,2028-02-22,2028-02-22,1132,Interest Receivable,215.12,0.0,215.12
AE_ACCRUAL_LN000046_24_CR,ACCRUAL_LN000046_24,LN000046,interest_accrual,2028-02-22,2028-02-22,6011,Interest Income,0.0,215.12,-215.12
AE_ACCRUAL_LN000047_01_DR,ACCRUAL_LN000047_01,LN000047,interest_accrual,2026-03-23,2026-03-23,1132,Interest Receivable,390.83,0.0,390.83
AE_ACCRUAL_LN000047_01_CR,ACCRUAL_LN000047_01,LN000047,interest_accrual,2026-03-23,2026-03-23,6011,Interest Income,0.0,390.83,-390.83
AE_ACCRUAL_LN000047_02_DR,ACCRUAL_LN000047_02,LN000047,interest_accrual,2026-04-23,2026-04-23,1132,Interest Receivable,390.83,0.0,390.83
AE_ACCRUAL_LN000047_02_CR,ACCRUAL_LN000047_02,LN000047,interest_accrual,2026-04-23,2026-04-23,6011,Interest Income,0.0,390.83,-390.83
AE_ACCRUAL_LN000047_03_DR,ACCRUAL_LN000047_03,LN000047,interest_accrual,2026-05-23,2026-05-23,1132,Interest Receivable,390.83,0.0,390.83
AE_ACCRUAL_LN000047_03_CR,ACCRUAL_LN000047_03,LN000047,interest_accrual,2026-05-23,2026-05-23,6011,Interest Income,0.0,390.83,-390.83
AE_ACCRUAL_LN000047_04_DR,ACCRUAL_LN000047_04,LN000047,interest_accrual,2026-06-23,2026-06-23,1132,Interest Receivable,390.83,0.0,390.83
AE_ACCRUAL_LN000047_04_CR,ACCRUAL_LN000047_04,LN000047,interest_accrual,2026-06-23,2026-06-23,6011,Interest Income,0.0,390.83,-390.83
AE_ACCRUAL_LN000047_05_DR,ACCRUAL_LN000047_05,LN000047,interest_accrual,2026-07-23,2026-07-23,1132,Interest Receivable,390.83,0.0,390.83
AE_ACCRUAL_LN000047_05_CR,ACCRUAL_LN000047_05,LN000047,interest_accrual,2026-07-23,2026-07-23,6011,Interest Income,0.0,390.83,-390.83
AE_ACCRUAL_LN000047_06_DR,ACCRUAL_LN000047_06,LN000047,interest_accrual,2026-08-23,2026-08-23,1132,Interest Receivable,390.83,0.0,390.83
AE_ACCRUAL_LN000047_06_CR,ACCRUAL_LN000047_06,LN000047,interest_accrual,2026-08-23,2026-08-23,6011,Interest Income,0.0,390.83,-390.83
AE_ACCRUAL_LN000047_07_DR,ACCRUAL_LN000047_07,LN000047,interest_accrual,2026-09-23,2026-09-23,1132,Interest Receivable,390.83,0.0,390.83
AE_ACCRUAL_LN000047_07_CR,ACCRUAL_LN000047_07,LN000047,interest_accrual,2026-09-23,2026-09-23,6011,Interest Income,0.0,390.83,-390.83
AE_ACCRUAL_LN000047_08_DR,ACCRUAL_LN000047_08,LN000047,interest_accrual,2026-10-23,2026-10-23,1132,Interest Receivable,390.83,0.0,390.83
AE_ACCRUAL_LN000047_08_CR,ACCRUAL_LN000047_08,LN000047,interest_accrual,2026-10-23,2026-10-23,6011,Interest Income,0.0,390.83,-390.83
AE_ACCRUAL_LN000047_09_DR,ACCRUAL_LN000047_09,LN000047,interest_accrual,2026-11-23,2026-11-23,1132,Interest Receivable,390.83,0.0,390.83
AE_ACCRUAL_LN000047_09_CR,ACCRUAL_LN000047_09,LN000047,interest_accrual,2026-11-23,2026-11-23,6011,Interest Income,0.0,390.83,-390.83
AE_ACCRUAL_LN000047_10_DR,ACCRUAL_LN000047_10,LN000047,interest_accrual,2026-12-23,2026-12-23,1132,Interest Receivable,390.83,0.0,390.83
AE_ACCRUAL_LN000047_10_CR,ACCRUAL_LN000047_10,LN000047,interest_accrual,2026-12-23,2026-12-23,6011,Interest Income,0.0,390.83,-390.83
AE_ACCRUAL_LN000047_11_DR,ACCRUAL_LN000047_11,LN000047,interest_accrual,2027-01-23,2027-01-23,1132,Interest Receivable,390.83,0.0,390.83
AE_ACCRUAL_LN000047_11_CR,ACCRUAL_LN000047_11,LN000047,interest_accrual,2027-01-23,2027-01-23,6011,Interest Income,0.0,390.83,-390.83
AE_ACCRUAL_LN000047_12_DR,ACCRUAL_LN000047_12,LN000047,interest_accrual,2027-02-23,2027-02-23,1132,Interest Receivable,390.83,0.0,390.83
AE_ACCRUAL_LN000047_12_CR,ACCRUAL_LN000047_12,LN000047,interest_accrual,2027-02-23,2027-02-23,6011,Interest Income,0.0,390.83,-390.83
AE_ACCRUAL_LN000048_01_DR,ACCRUAL_LN000048_01,LN000048,interest_accrual,2026-04-04,2026-04-04,1132,Interest Receivable,49.4,0.0,49.4
AE_ACCRUAL_LN000048_01_CR,ACCRUAL_LN000048_01,LN000048,interest_accrual,2026-04-04,2026-04-04,6011,Interest Income,0.0,49.4,-49.4
AE_ACCRUAL_LN000048_02_DR,ACCRUAL_LN000048_02,LN000048,interest_accrual,2026-05-04,2026-05-04,1132,Interest Receivable,49.4,0.0,49.4
AE_ACCRUAL_LN000048_02_CR,ACCRUAL_LN000048_02,LN000048,interest_accrual,2026-05-04,2026-05-04,6011,Interest Income,0.0,49.4,-49.4
AE_ACCRUAL_LN000048_03_DR,ACCRUAL_LN000048_03,LN000048,interest_accrual,2026-06-04,2026-06-04,1132,Interest Receivable,49.4,0.0,49.4
AE_ACCRUAL_LN000048_03_CR,ACCRUAL_LN000048_03,LN000048,interest_accrual,2026-06-04,2026-06-04,6011,Interest Income,0.0,49.4,-49.4
AE_ACCRUAL_LN000048_04_DR,ACCRUAL_LN000048_04,LN000048,interest_accrual,2026-07-04,2026-07-04,1132,Interest Receivable,49.4,0.0,49.4
AE_ACCRUAL_LN000048_04_CR,ACCRUAL_LN000048_04,LN000048,interest_accrual,2026-07-04,2026-07-04,6011,Interest Income,0.0,49.4,-49.4
AE_ACCRUAL_LN000048_05_DR,ACCRUAL_LN000048_05,LN000048,interest_accrual,2026-08-04,2026-08-04,1132,Interest Receivable,49.4,0.0,49.4
AE_ACCRUAL_LN000048_05_CR,ACCRUAL_LN000048_05,LN000048,interest_accrual,2026-08-04,2026-08-04,6011,Interest Income,0.0,49.4,-49.4
AE_ACCRUAL_LN000048_06_DR,ACCRUAL_LN000048_06,LN000048,interest_accrual,2026-09-04,2026-09-04,1132,Interest Receivable,49.4,0.0,49.4
AE_ACCRUAL_LN000048_06_CR,ACCRUAL_LN000048_06,LN000048,interest_accrual,2026-09-04,2026-09-04,6011,Interest Income,0.0,49.4,-49.4
AE_ACCRUAL_LN000048_07_DR,ACCRUAL_LN000048_07,LN000048,interest_accrual,2026-10-04,2026-10-04,1132,Interest Receivable,49.4,0.0,49.4
AE_ACCRUAL_LN000048_07_CR,ACCRUAL_LN000048_07,LN000048,interest_accrual,2026-10-04,2026-10-04,6011,Interest Income,0.0,49.4,-49.4
AE_ACCRUAL_LN000048_08_DR,ACCRUAL_LN000048_08,LN000048,interest_accrual,2026-11-04,2026-11-04,1132,Interest Receivable,49.4,0.0,49.4
AE_ACCRUAL_LN000048_08_CR,ACCRUAL_LN000048_08,LN000048,interest_accrual,2026-11-04,2026-11-04,6011,Interest Income,0.0,49.4,-49.4
AE_ACCRUAL_LN000048_09_DR,ACCRUAL_LN000048_09,LN000048,interest_accrual,2026-12-04,2026-12-04,1132,Interest Receivable,49.4,0.0,49.4
AE_ACCRUAL_LN000048_09_CR,ACCRUAL_LN000048_09,LN000048,interest_accrual,2026-12-04,2026-12-04,6011,Interest Income,0.0,49.4,-49.4
AE_ACCRUAL_LN000048_10_DR,ACCRUAL_LN000048_10,LN000048,interest_accrual,2027-01-04,2027-01-04,1132,Interest Receivable,49.4,0.0,49.4
AE_ACCRUAL_LN000048_10_CR,ACCRUAL_LN000048_10,LN000048,interest_accrual,2027-01-04,2027-01-04,6011,Interest Income,0.0,49.4,-49.4
AE_ACCRUAL_LN000048_11_DR,ACCRUAL_LN000048_11,LN000048,interest_accrual,2027-02-04,2027-02-04,1132,Interest Receivable,49.4,0.0,49.4
AE_ACCRUAL_LN000048_11_CR,ACCRUAL_LN000048_11,LN000048,interest_accrual,2027-02-04,2027-02-04,6011,Interest Income,0.0,49.4,-49.4
AE_ACCRUAL_LN000048_12_DR,ACCRUAL_LN000048_12,LN000048,interest_accrual,2027-03-04,2027-03-04,1132,Interest Receivable,49.4,0.0,49.4
AE_ACCRUAL_LN000048_12_CR,ACCRUAL_LN000048_12,LN000048,interest_accrual,2027-03-04,2027-03-04,6011,Interest Income,0.0,49.4,-49.4
AE_ACCRUAL_LN000048_13_DR,ACCRUAL_LN000048_13,LN000048,interest_accrual,2027-04-04,2027-04-04,1132,Interest Receivable,49.4,0.0,49.4
AE_ACCRUAL_LN000048_13_CR,ACCRUAL_LN000048_13,LN000048,interest_accrual,2027-04-04,2027-04-04,6011,Interest Income,0.0,49.4,-49.4
AE_ACCRUAL_LN000048_14_DR,ACCRUAL_LN000048_14,LN000048,interest_accrual,2027-05-04,2027-05-04,1132,Interest Receivable,49.4,0.0,49.4
AE_ACCRUAL_LN000048_14_CR,ACCRUAL_LN000048_14,LN000048,interest_accrual,2027-05-04,2027-05-04,6011,Interest Income,0.0,49.4,-49.4
AE_ACCRUAL_LN000048_15_DR,ACCRUAL_LN000048_15,LN000048,interest_accrual,2027-06-04,2027-06-04,1132,Interest Receivable,49.4,0.0,49.4
AE_ACCRUAL_LN000048_15_CR,ACCRUAL_LN000048_15,LN000048,interest_accrual,2027-06-04,2027-06-04,6011,Interest Income,0.0,49.4,-49.4
AE_ACCRUAL_LN000048_16_DR,ACCRUAL_LN000048_16,LN000048,interest_accrual,2027-07-04,2027-07-04,1132,Interest Receivable,49.4,0.0,49.4
AE_ACCRUAL_LN000048_16_CR,ACCRUAL_LN000048_16,LN000048,interest_accrual,2027-07-04,2027-07-04,6011,Interest Income,0.0,49.4,-49.4
AE_ACCRUAL_LN000048_17_DR,ACCRUAL_LN000048_17,LN000048,interest_accrual,2027-08-04,2027-08-04,1132,Interest Receivable,49.4,0.0,49.4
AE_ACCRUAL_LN000048_17_CR,ACCRUAL_LN000048_17,LN000048,interest_accrual,2027-08-04,2027-08-04,6011,Interest Income,0.0,49.4,-49.4
AE_ACCRUAL_LN000048_18_DR,ACCRUAL_LN000048_18,LN000048,interest_accrual,2027-09-04,2027-09-04,1132,Interest Receivable,49.4,0.0,49.4
AE_ACCRUAL_LN000048_18_CR,ACCRUAL_LN000048_18,LN000048,interest_accrual,2027-09-04,2027-09-04,6011,Interest Income,0.0,49.4,-49.4
AE_ACCRUAL_LN000048_19_DR,ACCRUAL_LN000048_19,LN000048,interest_accrual,2027-10-04,2027-10-04,1132,Interest Receivable,49.4,0.0,49.4
AE_ACCRUAL_LN000048_19_CR,ACCRUAL_LN000048_19,LN000048,interest_accrual,2027-10-04,2027-10-04,6011,Interest Income,0.0,49.4,-49.4
AE_ACCRUAL_LN000048_20_DR,ACCRUAL_LN000048_20,LN000048,interest_accrual,2027-11-04,2027-11-04,1132,Interest Receivable,49.4,0.0,49.4
AE_ACCRUAL_LN000048_20_CR,ACCRUAL_LN000048_20,LN000048,interest_accrual,2027-11-04,2027-11-04,6011,Interest Income,0.0,49.4,-49.4
AE_ACCRUAL_LN000048_21_DR,ACCRUAL_LN000048_21,LN000048,interest_accrual,2027-12-04,2027-12-04,1132,Interest Receivable,49.4,0.0,49.4
AE_ACCRUAL_LN000048_21_CR,ACCRUAL_LN000048_21,LN000048,interest_accrual,2027-12-04,2027-12-04,6011,Interest Income,0.0,49.4,-49.4
AE_ACCRUAL_LN000048_22_DR,ACCRUAL_LN000048_22,LN000048,interest_accrual,2028-01-04,2028-01-04,1132,Interest Receivable,49.4,0.0,49.4
AE_ACCRUAL_LN000048_22_CR,ACCRUAL_LN000048_22,LN000048,interest_accrual,2028-01-04,2028-01-04,6011,Interest Income,0.0,49.4,-49.4
AE_ACCRUAL_LN000048_23_DR,ACCRUAL_LN000048_23,LN000048,interest_accrual,2028-02-04,2028-02-04,1132,Interest Receivable,49.4,0.0,49.4
AE_ACCRUAL_LN000048_23_CR,ACCRUAL_LN000048_23,LN000048,interest_accrual,2028-02-04,2028-02-04,6011,Interest Income,0.0,49.4,-49.4
AE_ACCRUAL_LN000048_24_DR,ACCRUAL_LN000048_24,LN000048,interest_accrual,2028-03-04,2028-03-04,1132,Interest Receivable,49.4,0.0,49.4
AE_ACCRUAL_LN000048_24_CR,ACCRUAL_LN000048_24,LN000048,interest_accrual,2028-03-04,2028-03-04,6011,Interest Income,0.0,49.4,-49.4
AE_ACCRUAL_LN000048_25_DR,ACCRUAL_LN000048_25,LN000048,interest_accrual,2028-04-04,2028-04-04,1132,Interest Receivable,49.4,0.0,49.4
AE_ACCRUAL_LN000048_25_CR,ACCRUAL_LN000048_25,LN000048,interest_accrual,2028-04-04,2028-04-04,6011,Interest Income,0.0,49.4,-49.4
AE_ACCRUAL_LN000048_26_DR,ACCRUAL_LN000048_26,LN000048,interest_accrual,2028-05-04,2028-05-04,1132,Interest Receivable,49.4,0.0,49.4
AE_ACCRUAL_LN000048_26_CR,ACCRUAL_LN000048_26,LN000048,interest_accrual,2028-05-04,2028-05-04,6011,Interest Income,0.0,49.4,-49.4
AE_ACCRUAL_LN000048_27_DR,ACCRUAL_LN000048_27,LN000048,interest_accrual,2028-06-04,2028-06-04,1132,Interest Receivable,49.4,0.0,49.4
AE_ACCRUAL_LN000048_27_CR,ACCRUAL_LN000048_27,LN000048,interest_accrual,2028-06-04,2028-06-04,6011,Interest Income,0.0,49.4,-49.4
AE_ACCRUAL_LN000048_28_DR,ACCRUAL_LN000048_28,LN000048,interest_accrual,2028-07-04,2028-07-04,1132,Interest Receivable,49.4,0.0,49.4
AE_ACCRUAL_LN000048_28_CR,ACCRUAL_LN000048_28,LN000048,interest_accrual,2028-07-04,2028-07-04,6011,Interest Income,0.0,49.4,-49.4
AE_ACCRUAL_LN000048_29_DR,ACCRUAL_LN000048_29,LN000048,interest_accrual,2028-08-04,2028-08-04,1132,Interest Receivable,49.4,0.0,49.4
AE_ACCRUAL_LN000048_29_CR,ACCRUAL_LN000048_29,LN000048,interest_accrual,2028-08-04,2028-08-04,6011,Interest Income,0.0,49.4,-49.4
AE_ACCRUAL_LN000048_30_DR,ACCRUAL_LN000048_30,LN000048,interest_accrual,2028-09-04,2028-09-04,1132,Interest Receivable,49.4,0.0,49.4
AE_ACCRUAL_LN000048_30_CR,ACCRUAL_LN000048_30,LN000048,interest_accrual,2028-09-04,2028-09-04,6011,Interest Income,0.0,49.4,-49.4
AE_ACCRUAL_LN000048_31_DR,ACCRUAL_LN000048_31,LN000048,interest_accrual,2028-10-04,2028-10-04,1132,Interest Receivable,49.4,0.0,49.4
AE_ACCRUAL_LN000048_31_CR,ACCRUAL_LN000048_31,LN000048,interest_accrual,2028-10-04,2028-10-04,6011,Interest Income,0.0,49.4,-49.4
AE_ACCRUAL_LN000048_32_DR,ACCRUAL_LN000048_32,LN000048,interest_accrual,2028-11-04,2028-11-04,1132,Interest Receivable,49.4,0.0,49.4
AE_ACCRUAL_LN000048_32_CR,ACCRUAL_LN000048_32,LN000048,interest_accrual,2028-11-04,2028-11-04,6011,Interest Income,0.0,49.4,-49.4
AE_ACCRUAL_LN000048_33_DR,ACCRUAL_LN000048_33,LN000048,interest_accrual,2028-12-04,2028-12-04,1132,Interest Receivable,49.4,0.0,49.4
AE_ACCRUAL_LN000048_33_CR,ACCRUAL_LN000048_33,LN000048,interest_accrual,2028-12-04,2028-12-04,6011,Interest Income,0.0,49.4,-49.4
AE_ACCRUAL_LN000048_34_DR,ACCRUAL_LN000048_34,LN000048,interest_accrual,2029-01-04,2029-01-04,1132,Interest Receivable,49.4,0.0,49.4
AE_ACCRUAL_LN000048_34_CR,ACCRUAL_LN000048_34,LN000048,interest_accrual,2029-01-04,2029-01-04,6011,Interest Income,0.0,49.4,-49.4
AE_ACCRUAL_LN000048_35_DR,ACCRUAL_LN000048_35,LN000048,interest_accrual,2029-02-04,2029-02-04,1132,Interest Receivable,49.4,0.0,49.4
AE_ACCRUAL_LN000048_35_CR,ACCRUAL_LN000048_35,LN000048,interest_accrual,2029-02-04,2029-02-04,6011,Interest Income,0.0,49.4,-49.4
AE_ACCRUAL_LN000048_36_DR,ACCRUAL_LN000048_36,LN000048,interest_accrual,2029-03-04,2029-03-04,1132,Interest Receivable,49.4,0.0,49.4
AE_ACCRUAL_LN000048_36_CR,ACCRUAL_LN000048_36,LN000048,interest_accrual,2029-03-04,2029-03-04,6011,Interest Income,0.0,49.4,-49.4
AE_ACCRUAL_LN000049_01_DR,ACCRUAL_LN000049_01,LN000049,interest_accrual,2026-02-23,2026-02-23,1132,Interest Receivable,167.0,0.0,167.0
AE_ACCRUAL_LN000049_01_CR,ACCRUAL_LN000049_01,LN000049,interest_accrual,2026-02-23,2026-02-23,6011,Interest Income,0.0,167.0,-167.0
AE_ACCRUAL_LN000049_02_DR,ACCRUAL_LN000049_02,LN000049,interest_accrual,2026-03-23,2026-03-23,1132,Interest Receivable,167.0,0.0,167.0
AE_ACCRUAL_LN000049_02_CR,ACCRUAL_LN000049_02,LN000049,interest_accrual,2026-03-23,2026-03-23,6011,Interest Income,0.0,167.0,-167.0
AE_ACCRUAL_LN000049_03_DR,ACCRUAL_LN000049_03,LN000049,interest_accrual,2026-04-23,2026-04-23,1132,Interest Receivable,167.0,0.0,167.0
AE_ACCRUAL_LN000049_03_CR,ACCRUAL_LN000049_03,LN000049,interest_accrual,2026-04-23,2026-04-23,6011,Interest Income,0.0,167.0,-167.0
AE_ACCRUAL_LN000049_04_DR,ACCRUAL_LN000049_04,LN000049,interest_accrual,2026-05-23,2026-05-23,1132,Interest Receivable,167.0,0.0,167.0
AE_ACCRUAL_LN000049_04_CR,ACCRUAL_LN000049_04,LN000049,interest_accrual,2026-05-23,2026-05-23,6011,Interest Income,0.0,167.0,-167.0
AE_ACCRUAL_LN000049_05_DR,ACCRUAL_LN000049_05,LN000049,interest_accrual,2026-06-23,2026-06-23,1132,Interest Receivable,167.0,0.0,167.0
AE_ACCRUAL_LN000049_05_CR,ACCRUAL_LN000049_05,LN000049,interest_accrual,2026-06-23,2026-06-23,6011,Interest Income,0.0,167.0,-167.0
AE_ACCRUAL_LN000049_06_DR,ACCRUAL_LN000049_06,LN000049,interest_accrual,2026-07-23,2026-07-23,1132,Interest Receivable,167.0,0.0,167.0
AE_ACCRUAL_LN000049_06_CR,ACCRUAL_LN000049_06,LN000049,interest_accrual,2026-07-23,2026-07-23,6011,Interest Income,0.0,167.0,-167.0
AE_ACCRUAL_LN000049_07_DR,ACCRUAL_LN000049_07,LN000049,interest_accrual,2026-08-23,2026-08-23,1132,Interest Receivable,167.0,0.0,167.0
AE_ACCRUAL_LN000049_07_CR,ACCRUAL_LN000049_07,LN000049,interest_accrual,2026-08-23,2026-08-23,6011,Interest Income,0.0,167.0,-167.0
AE_ACCRUAL_LN000049_08_DR,ACCRUAL_LN000049_08,LN000049,interest_accrual,2026-09-23,2026-09-23,1132,Interest Receivable,167.0,0.0,167.0
AE_ACCRUAL_LN000049_08_CR,ACCRUAL_LN000049_08,LN000049,interest_accrual,2026-09-23,2026-09-23,6011,Interest Income,0.0,167.0,-167.0
AE_ACCRUAL_LN000049_09_DR,ACCRUAL_LN000049_09,LN000049,interest_accrual,2026-10-23,2026-10-23,1132,Interest Receivable,167.0,0.0,167.0
AE_ACCRUAL_LN000049_09_CR,ACCRUAL_LN000049_09,LN000049,interest_accrual,2026-10-23,2026-10-23,6011,Interest Income,0.0,167.0,-167.0
AE_ACCRUAL_LN000049_10_DR,ACCRUAL_LN000049_10,LN000049,interest_accrual,2026-11-23,2026-11-23,1132,Interest Receivable,167.0,0.0,167.0
AE_ACCRUAL_LN000049_10_CR,ACCRUAL_LN000049_10,LN000049,interest_accrual,2026-11-23,2026-11-23,6011,Interest Income,0.0,167.0,-167.0
AE_ACCRUAL_LN000049_11_DR,ACCRUAL_LN000049_11,LN000049,interest_accrual,2026-12-23,2026-12-23,1132,Interest Receivable,167.0,0.0,167.0
AE_ACCRUAL_LN000049_11_CR,ACCRUAL_LN000049_11,LN000049,interest_accrual,2026-12-23,2026-12-23,6011,Interest Income,0.0,167.0,-167.0
AE_ACCRUAL_LN000049_12_DR,ACCRUAL_LN000049_12,LN000049,interest_accrual,2027-01-23,2027-01-23,1132,Interest Receivable,167.0,0.0,167.0
AE_ACCRUAL_LN000049_12_CR,ACCRUAL_LN000049_12,LN000049,interest_accrual,2027-01-23,2027-01-23,6011,Interest Income,0.0,167.0,-167.0
AE_ACCRUAL_LN000050_01_DR,ACCRUAL_LN000050_01,LN000050,interest_accrual,2026-03-17,2026-03-17,1132,Interest Receivable,184.0,0.0,184.0
AE_ACCRUAL_LN000050_01_CR,ACCRUAL_LN000050_01,LN000050,interest_accrual,2026-03-17,2026-03-17,6011,Interest Income,0.0,184.0,-184.0
AE_ACCRUAL_LN000050_02_DR,ACCRUAL_LN000050_02,LN000050,interest_accrual,2026-04-17,2026-04-17,1132,Interest Receivable,184.0,0.0,184.0
AE_ACCRUAL_LN000050_02_CR,ACCRUAL_LN000050_02,LN000050,interest_accrual,2026-04-17,2026-04-17,6011,Interest Income,0.0,184.0,-184.0
AE_ACCRUAL_LN000050_03_DR,ACCRUAL_LN000050_03,LN000050,interest_accrual,2026-05-17,2026-05-17,1132,Interest Receivable,184.0,0.0,184.0
AE_ACCRUAL_LN000050_03_CR,ACCRUAL_LN000050_03,LN000050,interest_accrual,2026-05-17,2026-05-17,6011,Interest Income,0.0,184.0,-184.0
AE_ACCRUAL_LN000050_04_DR,ACCRUAL_LN000050_04,LN000050,interest_accrual,2026-06-17,2026-06-17,1132,Interest Receivable,184.0,0.0,184.0
AE_ACCRUAL_LN000050_04_CR,ACCRUAL_LN000050_04,LN000050,interest_accrual,2026-06-17,2026-06-17,6011,Interest Income,0.0,184.0,-184.0
AE_ACCRUAL_LN000050_05_DR,ACCRUAL_LN000050_05,LN000050,interest_accrual,2026-07-17,2026-07-17,1132,Interest Receivable,184.0,0.0,184.0
AE_ACCRUAL_LN000050_05_CR,ACCRUAL_LN000050_05,LN000050,interest_accrual,2026-07-17,2026-07-17,6011,Interest Income,0.0,184.0,-184.0
AE_ACCRUAL_LN000050_06_DR,ACCRUAL_LN000050_06,LN000050,interest_accrual,2026-08-17,2026-08-17,1132,Interest Receivable,184.0,0.0,184.0
AE_ACCRUAL_LN000050_06_CR,ACCRUAL_LN000050_06,LN000050,interest_accrual,2026-08-17,2026-08-17,6011,Interest Income,0.0,184.0,-184.0
AE_ACCRUAL_LN000050_07_DR,ACCRUAL_LN000050_07,LN000050,interest_accrual,2026-09-17,2026-09-17,1132,Interest Receivable,184.0,0.0,184.0
AE_ACCRUAL_LN000050_07_CR,ACCRUAL_LN000050_07,LN000050,interest_accrual,2026-09-17,2026-09-17,6011,Interest Income,0.0,184.0,-184.0
AE_ACCRUAL_LN000050_08_DR,ACCRUAL_LN000050_08,LN000050,interest_accrual,2026-10-17,2026-10-17,1132,Interest Receivable,184.0,0.0,184.0
AE_ACCRUAL_LN000050_08_CR,ACCRUAL_LN000050_08,LN000050,interest_accrual,2026-10-17,2026-10-17,6011,Interest Income,0.0,184.0,-184.0
AE_ACCRUAL_LN000050_09_DR,ACCRUAL_LN000050_09,LN000050,interest_accrual,2026-11-17,2026-11-17,1132,Interest Receivable,184.0,0.0,184.0
AE_ACCRUAL_LN000050_09_CR,ACCRUAL_LN000050_09,LN000050,interest_accrual,2026-11-17,2026-11-17,6011,Interest Income,0.0,184.0,-184.0
AE_ACCRUAL_LN000050_10_DR,ACCRUAL_LN000050_10,LN000050,interest_accrual,2026-12-17,2026-12-17,1132,Interest Receivable,184.0,0.0,184.0
AE_ACCRUAL_LN000050_10_CR,ACCRUAL_LN000050_10,LN000050,interest_accrual,2026-12-17,2026-12-17,6011,Interest Income,0.0,184.0,-184.0
AE_ACCRUAL_LN000050_11_DR,ACCRUAL_LN000050_11,LN000050,interest_accrual,2027-01-17,2027-01-17,1132,Interest Receivable,184.0,0.0,184.0
AE_ACCRUAL_LN000050_11_CR,ACCRUAL_LN000050_11,LN000050,interest_accrual,2027-01-17,2027-01-17,6011,Interest Income,0.0,184.0,-184.0
AE_ACCRUAL_LN000050_12_DR,ACCRUAL_LN000050_12,LN000050,interest_accrual,2027-02-17,2027-02-17,1132,Interest Receivable,184.0,0.0,184.0
AE_ACCRUAL_LN000050_12_CR,ACCRUAL_LN000050_12,LN000050,interest_accrual,2027-02-17,2027-02-17,6011,Interest Income,0.0,184.0,-184.0
AE_ACCRUAL_LN000050_13_DR,ACCRUAL_LN000050_13,LN000050,interest_accrual,2027-03-17,2027-03-17,1132,Interest Receivable,184.0,0.0,184.0
AE_ACCRUAL_LN000050_13_CR,ACCRUAL_LN000050_13,LN000050,interest_accrual,2027-03-17,2027-03-17,6011,Interest Income,0.0,184.0,-184.0
AE_ACCRUAL_LN000050_14_DR,ACCRUAL_LN000050_14,LN000050,interest_accrual,2027-04-17,2027-04-17,1132,Interest Receivable,184.0,0.0,184.0
AE_ACCRUAL_LN000050_14_CR,ACCRUAL_LN000050_14,LN000050,interest_accrual,2027-04-17,2027-04-17,6011,Interest Income,0.0,184.0,-184.0
AE_ACCRUAL_LN000050_15_DR,ACCRUAL_LN000050_15,LN000050,interest_accrual,2027-05-17,2027-05-17,1132,Interest Receivable,184.0,0.0,184.0
AE_ACCRUAL_LN000050_15_CR,ACCRUAL_LN000050_15,LN000050,interest_accrual,2027-05-17,2027-05-17,6011,Interest Income,0.0,184.0,-184.0
AE_ACCRUAL_LN000050_16_DR,ACCRUAL_LN000050_16,LN000050,interest_accrual,2027-06-17,2027-06-17,1132,Interest Receivable,184.0,0.0,184.0
AE_ACCRUAL_LN000050_16_CR,ACCRUAL_LN000050_16,LN000050,interest_accrual,2027-06-17,2027-06-17,6011,Interest Income,0.0,184.0,-184.0
AE_ACCRUAL_LN000050_17_DR,ACCRUAL_LN000050_17,LN000050,interest_accrual,2027-07-17,2027-07-17,1132,Interest Receivable,184.0,0.0,184.0
AE_ACCRUAL_LN000050_17_CR,ACCRUAL_LN000050_17,LN000050,interest_accrual,2027-07-17,2027-07-17,6011,Interest Income,0.0,184.0,-184.0
AE_ACCRUAL_LN000050_18_DR,ACCRUAL_LN000050_18,LN000050,interest_accrual,2027-08-17,2027-08-17,1132,Interest Receivable,184.0,0.0,184.0
AE_ACCRUAL_LN000050_18_CR,ACCRUAL_LN000050_18,LN000050,interest_accrual,2027-08-17,2027-08-17,6011,Interest Income,0.0,184.0,-184.0
AE_ACCRUAL_LN000050_19_DR,ACCRUAL_LN000050_19,LN000050,interest_accrual,2027-09-17,2027-09-17,1132,Interest Receivable,184.0,0.0,184.0
AE_ACCRUAL_LN000050_19_CR,ACCRUAL_LN000050_19,LN000050,interest_accrual,2027-09-17,2027-09-17,6011,Interest Income,0.0,184.0,-184.0
AE_ACCRUAL_LN000050_20_DR,ACCRUAL_LN000050_20,LN000050,interest_accrual,2027-10-17,2027-10-17,1132,Interest Receivable,184.0,0.0,184.0
AE_ACCRUAL_LN000050_20_CR,ACCRUAL_LN000050_20,LN000050,interest_accrual,2027-10-17,2027-10-17,6011,Interest Income,0.0,184.0,-184.0
AE_ACCRUAL_LN000050_21_DR,ACCRUAL_LN000050_21,LN000050,interest_accrual,2027-11-17,2027-11-17,1132,Interest Receivable,184.0,0.0,184.0
AE_ACCRUAL_LN000050_21_CR,ACCRUAL_LN000050_21,LN000050,interest_accrual,2027-11-17,2027-11-17,6011,Interest Income,0.0,184.0,-184.0
AE_ACCRUAL_LN000050_22_DR,ACCRUAL_LN000050_22,LN000050,interest_accrual,2027-12-17,2027-12-17,1132,Interest Receivable,184.0,0.0,184.0
AE_ACCRUAL_LN000050_22_CR,ACCRUAL_LN000050_22,LN000050,interest_accrual,2027-12-17,2027-12-17,6011,Interest Income,0.0,184.0,-184.0
AE_ACCRUAL_LN000050_23_DR,ACCRUAL_LN000050_23,LN000050,interest_accrual,2028-01-17,2028-01-17,1132,Interest Receivable,184.0,0.0,184.0
AE_ACCRUAL_LN000050_23_CR,ACCRUAL_LN000050_23,LN000050,interest_accrual,2028-01-17,2028-01-17,6011,Interest Income,0.0,184.0,-184.0
AE_ACCRUAL_LN000050_24_DR,ACCRUAL_LN000050_24,LN000050,interest_accrual,2028-02-17,2028-02-17,1132,Interest Receivable,184.0,0.0,184.0
AE_ACCRUAL_LN000050_24_CR,ACCRUAL_LN000050_24,LN000050,interest_accrual,2028-02-17,2028-02-17,6011,Interest Income,0.0,184.0,-184.0
AE_ACCRUAL_LN000050_25_DR,ACCRUAL_LN000050_25,LN000050,interest_accrual,2028-03-17,2028-03-17,1132,Interest Receivable,184.0,0.0,184.0
AE_ACCRUAL_LN000050_25_CR,ACCRUAL_LN000050_25,LN000050,interest_accrual,2028-03-17,2028-03-17,6011,Interest Income,0.0,184.0,-184.0
AE_ACCRUAL_LN000050_26_DR,ACCRUAL_LN000050_26,LN000050,interest_accrual,2028-04-17,2028-04-17,1132,Interest Receivable,184.0,0.0,184.0
AE_ACCRUAL_LN000050_26_CR,ACCRUAL_LN000050_26,LN000050,interest_accrual,2028-04-17,2028-04-17,6011,Interest Income,0.0,184.0,-184.0
AE_ACCRUAL_LN000050_27_DR,ACCRUAL_LN000050_27,LN000050,interest_accrual,2028-05-17,2028-05-17,1132,Interest Receivable,184.0,0.0,184.0
AE_ACCRUAL_LN000050_27_CR,ACCRUAL_LN000050_27,LN000050,interest_accrual,2028-05-17,2028-05-17,6011,Interest Income,0.0,184.0,-184.0
AE_ACCRUAL_LN000050_28_DR,ACCRUAL_LN000050_28,LN000050,interest_accrual,2028-06-17,2028-06-17,1132,Interest Receivable,184.0,0.0,184.0
AE_ACCRUAL_LN000050_28_CR,ACCRUAL_LN000050_28,LN000050,interest_accrual,2028-06-17,2028-06-17,6011,Interest Income,0.0,184.0,-184.0
AE_ACCRUAL_LN000050_29_DR,ACCRUAL_LN000050_29,LN000050,interest_accrual,2028-07-17,2028-07-17,1132,Interest Receivable,184.0,0.0,184.0
AE_ACCRUAL_LN000050_29_CR,ACCRUAL_LN000050_29,LN000050,interest_accrual,2028-07-17,2028-07-17,6011,Interest Income,0.0,184.0,-184.0
AE_ACCRUAL_LN000050_30_DR,ACCRUAL_LN000050_30,LN000050,interest_accrual,2028-08-17,2028-08-17,1132,Interest Receivable,184.0,0.0,184.0
AE_ACCRUAL_LN000050_30_CR,ACCRUAL_LN000050_30,LN000050,interest_accrual,2028-08-17,2028-08-17,6011,Interest Income,0.0,184.0,-184.0
AE_ACCRUAL_LN000050_31_DR,ACCRUAL_LN000050_31,LN000050,interest_accrual,2028-09-17,2028-09-17,1132,Interest Receivable,184.0,0.0,184.0
AE_ACCRUAL_LN000050_31_CR,ACCRUAL_LN000050_31,LN000050,interest_accrual,2028-09-17,2028-09-17,6011,Interest Income,0.0,184.0,-184.0
AE_ACCRUAL_LN000050_32_DR,ACCRUAL_LN000050_32,LN000050,interest_accrual,2028-10-17,2028-10-17,1132,Interest Receivable,184.0,0.0,184.0
AE_ACCRUAL_LN000050_32_CR,ACCRUAL_LN000050_32,LN000050,interest_accrual,2028-10-17,2028-10-17,6011,Interest Income,0.0,184.0,-184.0
AE_ACCRUAL_LN000050_33_DR,ACCRUAL_LN000050_33,LN000050,interest_accrual,2028-11-17,2028-11-17,1132,Interest Receivable,184.0,0.0,184.0
AE_ACCRUAL_LN000050_33_CR,ACCRUAL_LN000050_33,LN000050,interest_accrual,2028-11-17,2028-11-17,6011,Interest Income,0.0,184.0,-184.0
AE_ACCRUAL_LN000050_34_DR,ACCRUAL_LN000050_34,LN000050,interest_accrual,2028-12-17,2028-12-17,1132,Interest Receivable,184.0,0.0,184.0
AE_ACCRUAL_LN000050_34_CR,ACCRUAL_LN000050_34,LN000050,interest_accrual,2028-12-17,2028-12-17,6011,Interest Income,0.0,184.0,-184.0
AE_ACCRUAL_LN000050_35_DR,ACCRUAL_LN000050_35,LN000050,interest_accrual,2029-01-17,2029-01-17,1132,Interest Receivable,184.0,0.0,184.0
AE_ACCRUAL_LN000050_35_CR,ACCRUAL_LN000050_35,LN000050,interest_accrual,2029-01-17,2029-01-17,6011,Interest Income,0.0,184.0,-184.0
AE_ACCRUAL_LN000050_36_DR,ACCRUAL_LN000050_36,LN000050,interest_accrual,2029-02-17,2029-02-17,1132,Interest Receivable,184.0,0.0,184.0
AE_ACCRUAL_LN000050_36_CR,ACCRUAL_LN000050_36,LN000050,interest_accrual,2029-02-17,2029-02-17,6011,Interest Income,0.0,184.0,-184.0
AE_ACCRUAL_LN000051_01_DR,ACCRUAL_LN000051_01,LN000051,interest_accrual,2026-04-08,2026-04-08,1132,Interest Receivable,163.67,0.0,163.67
AE_ACCRUAL_LN000051_01_CR,ACCRUAL_LN000051_01,LN000051,interest_accrual,2026-04-08,2026-04-08,6011,Interest Income,0.0,163.67,-163.67
AE_ACCRUAL_LN000051_02_DR,ACCRUAL_LN000051_02,LN000051,interest_accrual,2026-05-08,2026-05-08,1132,Interest Receivable,163.67,0.0,163.67
AE_ACCRUAL_LN000051_02_CR,ACCRUAL_LN000051_02,LN000051,interest_accrual,2026-05-08,2026-05-08,6011,Interest Income,0.0,163.67,-163.67
AE_ACCRUAL_LN000051_03_DR,ACCRUAL_LN000051_03,LN000051,interest_accrual,2026-06-08,2026-06-08,1132,Interest Receivable,163.67,0.0,163.67
AE_ACCRUAL_LN000051_03_CR,ACCRUAL_LN000051_03,LN000051,interest_accrual,2026-06-08,2026-06-08,6011,Interest Income,0.0,163.67,-163.67
AE_ACCRUAL_LN000051_04_DR,ACCRUAL_LN000051_04,LN000051,interest_accrual,2026-07-08,2026-07-08,1132,Interest Receivable,163.67,0.0,163.67
AE_ACCRUAL_LN000051_04_CR,ACCRUAL_LN000051_04,LN000051,interest_accrual,2026-07-08,2026-07-08,6011,Interest Income,0.0,163.67,-163.67
AE_ACCRUAL_LN000051_05_DR,ACCRUAL_LN000051_05,LN000051,interest_accrual,2026-08-08,2026-08-08,1132,Interest Receivable,163.67,0.0,163.67
AE_ACCRUAL_LN000051_05_CR,ACCRUAL_LN000051_05,LN000051,interest_accrual,2026-08-08,2026-08-08,6011,Interest Income,0.0,163.67,-163.67
AE_ACCRUAL_LN000051_06_DR,ACCRUAL_LN000051_06,LN000051,interest_accrual,2026-09-08,2026-09-08,1132,Interest Receivable,163.67,0.0,163.67
AE_ACCRUAL_LN000051_06_CR,ACCRUAL_LN000051_06,LN000051,interest_accrual,2026-09-08,2026-09-08,6011,Interest Income,0.0,163.67,-163.67
AE_ACCRUAL_LN000052_01_DR,ACCRUAL_LN000052_01,LN000052,interest_accrual,2026-03-15,2026-03-15,1132,Interest Receivable,590.75,0.0,590.75
AE_ACCRUAL_LN000052_01_CR,ACCRUAL_LN000052_01,LN000052,interest_accrual,2026-03-15,2026-03-15,6011,Interest Income,0.0,590.75,-590.75
AE_ACCRUAL_LN000052_02_DR,ACCRUAL_LN000052_02,LN000052,interest_accrual,2026-04-15,2026-04-15,1132,Interest Receivable,590.75,0.0,590.75
AE_ACCRUAL_LN000052_02_CR,ACCRUAL_LN000052_02,LN000052,interest_accrual,2026-04-15,2026-04-15,6011,Interest Income,0.0,590.75,-590.75
AE_ACCRUAL_LN000052_03_DR,ACCRUAL_LN000052_03,LN000052,interest_accrual,2026-05-15,2026-05-15,1132,Interest Receivable,590.75,0.0,590.75
AE_ACCRUAL_LN000052_03_CR,ACCRUAL_LN000052_03,LN000052,interest_accrual,2026-05-15,2026-05-15,6011,Interest Income,0.0,590.75,-590.75
AE_ACCRUAL_LN000052_04_DR,ACCRUAL_LN000052_04,LN000052,interest_accrual,2026-06-15,2026-06-15,1132,Interest Receivable,590.75,0.0,590.75
AE_ACCRUAL_LN000052_04_CR,ACCRUAL_LN000052_04,LN000052,interest_accrual,2026-06-15,2026-06-15,6011,Interest Income,0.0,590.75,-590.75
AE_ACCRUAL_LN000052_05_DR,ACCRUAL_LN000052_05,LN000052,interest_accrual,2026-07-15,2026-07-15,1132,Interest Receivable,590.75,0.0,590.75
AE_ACCRUAL_LN000052_05_CR,ACCRUAL_LN000052_05,LN000052,interest_accrual,2026-07-15,2026-07-15,6011,Interest Income,0.0,590.75,-590.75
AE_ACCRUAL_LN000052_06_DR,ACCRUAL_LN000052_06,LN000052,interest_accrual,2026-08-15,2026-08-15,1132,Interest Receivable,590.75,0.0,590.75
AE_ACCRUAL_LN000052_06_CR,ACCRUAL_LN000052_06,LN000052,interest_accrual,2026-08-15,2026-08-15,6011,Interest Income,0.0,590.75,-590.75
AE_ACCRUAL_LN000052_07_DR,ACCRUAL_LN000052_07,LN000052,interest_accrual,2026-09-15,2026-09-15,1132,Interest Receivable,590.75,0.0,590.75
AE_ACCRUAL_LN000052_07_CR,ACCRUAL_LN000052_07,LN000052,interest_accrual,2026-09-15,2026-09-15,6011,Interest Income,0.0,590.75,-590.75
AE_ACCRUAL_LN000052_08_DR,ACCRUAL_LN000052_08,LN000052,interest_accrual,2026-10-15,2026-10-15,1132,Interest Receivable,590.75,0.0,590.75
AE_ACCRUAL_LN000052_08_CR,ACCRUAL_LN000052_08,LN000052,interest_accrual,2026-10-15,2026-10-15,6011,Interest Income,0.0,590.75,-590.75
AE_ACCRUAL_LN000052_09_DR,ACCRUAL_LN000052_09,LN000052,interest_accrual,2026-11-15,2026-11-15,1132,Interest Receivable,590.75,0.0,590.75
AE_ACCRUAL_LN000052_09_CR,ACCRUAL_LN000052_09,LN000052,interest_accrual,2026-11-15,2026-11-15,6011,Interest Income,0.0,590.75,-590.75
AE_ACCRUAL_LN000052_10_DR,ACCRUAL_LN000052_10,LN000052,interest_accrual,2026-12-15,2026-12-15,1132,Interest Receivable,590.75,0.0,590.75
AE_ACCRUAL_LN000052_10_CR,ACCRUAL_LN000052_10,LN000052,interest_accrual,2026-12-15,2026-12-15,6011,Interest Income,0.0,590.75,-590.75
AE_ACCRUAL_LN000052_11_DR,ACCRUAL_LN000052_11,LN000052,interest_accrual,2027-01-15,2027-01-15,1132,Interest Receivable,590.75,0.0,590.75
AE_ACCRUAL_LN000052_11_CR,ACCRUAL_LN000052_11,LN000052,interest_accrual,2027-01-15,2027-01-15,6011,Interest Income,0.0,590.75,-590.75
AE_ACCRUAL_LN000052_12_DR,ACCRUAL_LN000052_12,LN000052,interest_accrual,2027-02-15,2027-02-15,1132,Interest Receivable,590.75,0.0,590.75
AE_ACCRUAL_LN000052_12_CR,ACCRUAL_LN000052_12,LN000052,interest_accrual,2027-02-15,2027-02-15,6011,Interest Income,0.0,590.75,-590.75
AE_ACCRUAL_LN000052_13_DR,ACCRUAL_LN000052_13,LN000052,interest_accrual,2027-03-15,2027-03-15,1132,Interest Receivable,590.75,0.0,590.75
AE_ACCRUAL_LN000052_13_CR,ACCRUAL_LN000052_13,LN000052,interest_accrual,2027-03-15,2027-03-15,6011,Interest Income,0.0,590.75,-590.75
AE_ACCRUAL_LN000052_14_DR,ACCRUAL_LN000052_14,LN000052,interest_accrual,2027-04-15,2027-04-15,1132,Interest Receivable,590.75,0.0,590.75
AE_ACCRUAL_LN000052_14_CR,ACCRUAL_LN000052_14,LN000052,interest_accrual,2027-04-15,2027-04-15,6011,Interest Income,0.0,590.75,-590.75
AE_ACCRUAL_LN000052_15_DR,ACCRUAL_LN000052_15,LN000052,interest_accrual,2027-05-15,2027-05-15,1132,Interest Receivable,590.75,0.0,590.75
AE_ACCRUAL_LN000052_15_CR,ACCRUAL_LN000052_15,LN000052,interest_accrual,2027-05-15,2027-05-15,6011,Interest Income,0.0,590.75,-590.75
AE_ACCRUAL_LN000052_16_DR,ACCRUAL_LN000052_16,LN000052,interest_accrual,2027-06-15,2027-06-15,1132,Interest Receivable,590.75,0.0,590.75
AE_ACCRUAL_LN000052_16_CR,ACCRUAL_LN000052_16,LN000052,interest_accrual,2027-06-15,2027-06-15,6011,Interest Income,0.0,590.75,-590.75
AE_ACCRUAL_LN000052_17_DR,ACCRUAL_LN000052_17,LN000052,interest_accrual,2027-07-15,2027-07-15,1132,Interest Receivable,590.75,0.0,590.75
AE_ACCRUAL_LN000052_17_CR,ACCRUAL_LN000052_17,LN000052,interest_accrual,2027-07-15,2027-07-15,6011,Interest Income,0.0,590.75,-590.75
AE_ACCRUAL_LN000052_18_DR,ACCRUAL_LN000052_18,LN000052,interest_accrual,2027-08-15,2027-08-15,1132,Interest Receivable,590.75,0.0,590.75
AE_ACCRUAL_LN000052_18_CR,ACCRUAL_LN000052_18,LN000052,interest_accrual,2027-08-15,2027-08-15,6011,Interest Income,0.0,590.75,-590.75
AE_ACCRUAL_LN000052_19_DR,ACCRUAL_LN000052_19,LN000052,interest_accrual,2027-09-15,2027-09-15,1132,Interest Receivable,590.75,0.0,590.75
AE_ACCRUAL_LN000052_19_CR,ACCRUAL_LN000052_19,LN000052,interest_accrual,2027-09-15,2027-09-15,6011,Interest Income,0.0,590.75,-590.75
AE_ACCRUAL_LN000052_20_DR,ACCRUAL_LN000052_20,LN000052,interest_accrual,2027-10-15,2027-10-15,1132,Interest Receivable,590.75,0.0,590.75
AE_ACCRUAL_LN000052_20_CR,ACCRUAL_LN000052_20,LN000052,interest_accrual,2027-10-15,2027-10-15,6011,Interest Income,0.0,590.75,-590.75
AE_ACCRUAL_LN000052_21_DR,ACCRUAL_LN000052_21,LN000052,interest_accrual,2027-11-15,2027-11-15,1132,Interest Receivable,590.75,0.0,590.75
AE_ACCRUAL_LN000052_21_CR,ACCRUAL_LN000052_21,LN000052,interest_accrual,2027-11-15,2027-11-15,6011,Interest Income,0.0,590.75,-590.75
AE_ACCRUAL_LN000052_22_DR,ACCRUAL_LN000052_22,LN000052,interest_accrual,2027-12-15,2027-12-15,1132,Interest Receivable,590.75,0.0,590.75
AE_ACCRUAL_LN000052_22_CR,ACCRUAL_LN000052_22,LN000052,interest_accrual,2027-12-15,2027-12-15,6011,Interest Income,0.0,590.75,-590.75
AE_ACCRUAL_LN000052_23_DR,ACCRUAL_LN000052_23,LN000052,interest_accrual,2028-01-15,2028-01-15,1132,Interest Receivable,590.75,0.0,590.75
AE_ACCRUAL_LN000052_23_CR,ACCRUAL_LN000052_23,LN000052,interest_accrual,2028-01-15,2028-01-15,6011,Interest Income,0.0,590.75,-590.75
AE_ACCRUAL_LN000052_24_DR,ACCRUAL_LN000052_24,LN000052,interest_accrual,2028-02-15,2028-02-15,1132,Interest Receivable,590.75,0.0,590.75
AE_ACCRUAL_LN000052_24_CR,ACCRUAL_LN000052_24,LN000052,interest_accrual,2028-02-15,2028-02-15,6011,Interest Income,0.0,590.75,-590.75
AE_ACCRUAL_LN000052_25_DR,ACCRUAL_LN000052_25,LN000052,interest_accrual,2028-03-15,2028-03-15,1132,Interest Receivable,590.75,0.0,590.75
AE_ACCRUAL_LN000052_25_CR,ACCRUAL_LN000052_25,LN000052,interest_accrual,2028-03-15,2028-03-15,6011,Interest Income,0.0,590.75,-590.75
AE_ACCRUAL_LN000052_26_DR,ACCRUAL_LN000052_26,LN000052,interest_accrual,2028-04-15,2028-04-15,1132,Interest Receivable,590.75,0.0,590.75
AE_ACCRUAL_LN000052_26_CR,ACCRUAL_LN000052_26,LN000052,interest_accrual,2028-04-15,2028-04-15,6011,Interest Income,0.0,590.75,-590.75
AE_ACCRUAL_LN000052_27_DR,ACCRUAL_LN000052_27,LN000052,interest_accrual,2028-05-15,2028-05-15,1132,Interest Receivable,590.75,0.0,590.75
AE_ACCRUAL_LN000052_27_CR,ACCRUAL_LN000052_27,LN000052,interest_accrual,2028-05-15,2028-05-15,6011,Interest Income,0.0,590.75,-590.75
AE_ACCRUAL_LN000052_28_DR,ACCRUAL_LN000052_28,LN000052,interest_accrual,2028-06-15,2028-06-15,1132,Interest Receivable,590.75,0.0,590.75
AE_ACCRUAL_LN000052_28_CR,ACCRUAL_LN000052_28,LN000052,interest_accrual,2028-06-15,2028-06-15,6011,Interest Income,0.0,590.75,-590.75
AE_ACCRUAL_LN000052_29_DR,ACCRUAL_LN000052_29,LN000052,interest_accrual,2028-07-15,2028-07-15,1132,Interest Receivable,590.75,0.0,590.75
AE_ACCRUAL_LN000052_29_CR,ACCRUAL_LN000052_29,LN000052,interest_accrual,2028-07-15,2028-07-15,6011,Interest Income,0.0,590.75,-590.75
AE_ACCRUAL_LN000052_30_DR,ACCRUAL_LN000052_30,LN000052,interest_accrual,2028-08-15,2028-08-15,1132,Interest Receivable,590.75,0.0,590.75
AE_ACCRUAL_LN000052_30_CR,ACCRUAL_LN000052_30,LN000052,interest_accrual,2028-08-15,2028-08-15,6011,Interest Income,0.0,590.75,-590.75
AE_ACCRUAL_LN000052_31_DR,ACCRUAL_LN000052_31,LN000052,interest_accrual,2028-09-15,2028-09-15,1132,Interest Receivable,590.75,0.0,590.75
AE_ACCRUAL_LN000052_31_CR,ACCRUAL_LN000052_31,LN000052,interest_accrual,2028-09-15,2028-09-15,6011,Interest Income,0.0,590.75,-590.75
AE_ACCRUAL_LN000052_32_DR,ACCRUAL_LN000052_32,LN000052,interest_accrual,2028-10-15,2028-10-15,1132,Interest Receivable,590.75,0.0,590.75
AE_ACCRUAL_LN000052_32_CR,ACCRUAL_LN000052_32,LN000052,interest_accrual,2028-10-15,2028-10-15,6011,Interest Income,0.0,590.75,-590.75
AE_ACCRUAL_LN000052_33_DR,ACCRUAL_LN000052_33,LN000052,interest_accrual,2028-11-15,2028-11-15,1132,Interest Receivable,590.75,0.0,590.75
AE_ACCRUAL_LN000052_33_CR,ACCRUAL_LN000052_33,LN000052,interest_accrual,2028-11-15,2028-11-15,6011,Interest Income,0.0,590.75,-590.75
AE_ACCRUAL_LN000052_34_DR,ACCRUAL_LN000052_34,LN000052,interest_accrual,2028-12-15,2028-12-15,1132,Interest Receivable,590.75,0.0,590.75
AE_ACCRUAL_LN000052_34_CR,ACCRUAL_LN000052_34,LN000052,interest_accrual,2028-12-15,2028-12-15,6011,Interest Income,0.0,590.75,-590.75
AE_ACCRUAL_LN000052_35_DR,ACCRUAL_LN000052_35,LN000052,interest_accrual,2029-01-15,2029-01-15,1132,Interest Receivable,590.75,0.0,590.75
AE_ACCRUAL_LN000052_35_CR,ACCRUAL_LN000052_35,LN000052,interest_accrual,2029-01-15,2029-01-15,6011,Interest Income,0.0,590.75,-590.75
AE_ACCRUAL_LN000052_36_DR,ACCRUAL_LN000052_36,LN000052,interest_accrual,2029-02-15,2029-02-15,1132,Interest Receivable,590.75,0.0,590.75
AE_ACCRUAL_LN000052_36_CR,ACCRUAL_LN000052_36,LN000052,interest_accrual,2029-02-15,2029-02-15,6011,Interest Income,0.0,590.75,-590.75
AE_ACCRUAL_LN000053_01_DR,ACCRUAL_LN000053_01,LN000053,interest_accrual,2026-04-26,2026-04-26,1132,Interest Receivable,59.83,0.0,59.83
AE_ACCRUAL_LN000053_01_CR,ACCRUAL_LN000053_01,LN000053,interest_accrual,2026-04-26,2026-04-26,6011,Interest Income,0.0,59.83,-59.83
AE_ACCRUAL_LN000053_02_DR,ACCRUAL_LN000053_02,LN000053,interest_accrual,2026-05-26,2026-05-26,1132,Interest Receivable,59.83,0.0,59.83
AE_ACCRUAL_LN000053_02_CR,ACCRUAL_LN000053_02,LN000053,interest_accrual,2026-05-26,2026-05-26,6011,Interest Income,0.0,59.83,-59.83
AE_ACCRUAL_LN000053_03_DR,ACCRUAL_LN000053_03,LN000053,interest_accrual,2026-06-26,2026-06-26,1132,Interest Receivable,59.83,0.0,59.83
AE_ACCRUAL_LN000053_03_CR,ACCRUAL_LN000053_03,LN000053,interest_accrual,2026-06-26,2026-06-26,6011,Interest Income,0.0,59.83,-59.83
AE_ACCRUAL_LN000053_04_DR,ACCRUAL_LN000053_04,LN000053,interest_accrual,2026-07-26,2026-07-26,1132,Interest Receivable,59.83,0.0,59.83
AE_ACCRUAL_LN000053_04_CR,ACCRUAL_LN000053_04,LN000053,interest_accrual,2026-07-26,2026-07-26,6011,Interest Income,0.0,59.83,-59.83
AE_ACCRUAL_LN000053_05_DR,ACCRUAL_LN000053_05,LN000053,interest_accrual,2026-08-26,2026-08-26,1132,Interest Receivable,59.83,0.0,59.83
AE_ACCRUAL_LN000053_05_CR,ACCRUAL_LN000053_05,LN000053,interest_accrual,2026-08-26,2026-08-26,6011,Interest Income,0.0,59.83,-59.83
AE_ACCRUAL_LN000053_06_DR,ACCRUAL_LN000053_06,LN000053,interest_accrual,2026-09-26,2026-09-26,1132,Interest Receivable,59.83,0.0,59.83
AE_ACCRUAL_LN000053_06_CR,ACCRUAL_LN000053_06,LN000053,interest_accrual,2026-09-26,2026-09-26,6011,Interest Income,0.0,59.83,-59.83
AE_ACCRUAL_LN000053_07_DR,ACCRUAL_LN000053_07,LN000053,interest_accrual,2026-10-26,2026-10-26,1132,Interest Receivable,59.83,0.0,59.83
AE_ACCRUAL_LN000053_07_CR,ACCRUAL_LN000053_07,LN000053,interest_accrual,2026-10-26,2026-10-26,6011,Interest Income,0.0,59.83,-59.83
AE_ACCRUAL_LN000053_08_DR,ACCRUAL_LN000053_08,LN000053,interest_accrual,2026-11-26,2026-11-26,1132,Interest Receivable,59.83,0.0,59.83
AE_ACCRUAL_LN000053_08_CR,ACCRUAL_LN000053_08,LN000053,interest_accrual,2026-11-26,2026-11-26,6011,Interest Income,0.0,59.83,-59.83
AE_ACCRUAL_LN000053_09_DR,ACCRUAL_LN000053_09,LN000053,interest_accrual,2026-12-26,2026-12-26,1132,Interest Receivable,59.83,0.0,59.83
AE_ACCRUAL_LN000053_09_CR,ACCRUAL_LN000053_09,LN000053,interest_accrual,2026-12-26,2026-12-26,6011,Interest Income,0.0,59.83,-59.83
AE_ACCRUAL_LN000053_10_DR,ACCRUAL_LN000053_10,LN000053,interest_accrual,2027-01-26,2027-01-26,1132,Interest Receivable,59.83,0.0,59.83
AE_ACCRUAL_LN000053_10_CR,ACCRUAL_LN000053_10,LN000053,interest_accrual,2027-01-26,2027-01-26,6011,Interest Income,0.0,59.83,-59.83
AE_ACCRUAL_LN000053_11_DR,ACCRUAL_LN000053_11,LN000053,interest_accrual,2027-02-26,2027-02-26,1132,Interest Receivable,59.83,0.0,59.83
AE_ACCRUAL_LN000053_11_CR,ACCRUAL_LN000053_11,LN000053,interest_accrual,2027-02-26,2027-02-26,6011,Interest Income,0.0,59.83,-59.83
AE_ACCRUAL_LN000053_12_DR,ACCRUAL_LN000053_12,LN000053,interest_accrual,2027-03-26,2027-03-26,1132,Interest Receivable,59.83,0.0,59.83
AE_ACCRUAL_LN000053_12_CR,ACCRUAL_LN000053_12,LN000053,interest_accrual,2027-03-26,2027-03-26,6011,Interest Income,0.0,59.83,-59.83
AE_ACCRUAL_LN000053_13_DR,ACCRUAL_LN000053_13,LN000053,interest_accrual,2027-04-26,2027-04-26,1132,Interest Receivable,59.83,0.0,59.83
AE_ACCRUAL_LN000053_13_CR,ACCRUAL_LN000053_13,LN000053,interest_accrual,2027-04-26,2027-04-26,6011,Interest Income,0.0,59.83,-59.83
AE_ACCRUAL_LN000053_14_DR,ACCRUAL_LN000053_14,LN000053,interest_accrual,2027-05-26,2027-05-26,1132,Interest Receivable,59.83,0.0,59.83
AE_ACCRUAL_LN000053_14_CR,ACCRUAL_LN000053_14,LN000053,interest_accrual,2027-05-26,2027-05-26,6011,Interest Income,0.0,59.83,-59.83
AE_ACCRUAL_LN000053_15_DR,ACCRUAL_LN000053_15,LN000053,interest_accrual,2027-06-26,2027-06-26,1132,Interest Receivable,59.83,0.0,59.83
AE_ACCRUAL_LN000053_15_CR,ACCRUAL_LN000053_15,LN000053,interest_accrual,2027-06-26,2027-06-26,6011,Interest Income,0.0,59.83,-59.83
AE_ACCRUAL_LN000053_16_DR,ACCRUAL_LN000053_16,LN000053,interest_accrual,2027-07-26,2027-07-26,1132,Interest Receivable,59.83,0.0,59.83
AE_ACCRUAL_LN000053_16_CR,ACCRUAL_LN000053_16,LN000053,interest_accrual,2027-07-26,2027-07-26,6011,Interest Income,0.0,59.83,-59.83
AE_ACCRUAL_LN000053_17_DR,ACCRUAL_LN000053_17,LN000053,interest_accrual,2027-08-26,2027-08-26,1132,Interest Receivable,59.83,0.0,59.83
AE_ACCRUAL_LN000053_17_CR,ACCRUAL_LN000053_17,LN000053,interest_accrual,2027-08-26,2027-08-26,6011,Interest Income,0.0,59.83,-59.83
AE_ACCRUAL_LN000053_18_DR,ACCRUAL_LN000053_18,LN000053,interest_accrual,2027-09-26,2027-09-26,1132,Interest Receivable,59.83,0.0,59.83
AE_ACCRUAL_LN000053_18_CR,ACCRUAL_LN000053_18,LN000053,interest_accrual,2027-09-26,2027-09-26,6011,Interest Income,0.0,59.83,-59.83
AE_ACCRUAL_LN000053_19_DR,ACCRUAL_LN000053_19,LN000053,interest_accrual,2027-10-26,2027-10-26,1132,Interest Receivable,59.83,0.0,59.83
AE_ACCRUAL_LN000053_19_CR,ACCRUAL_LN000053_19,LN000053,interest_accrual,2027-10-26,2027-10-26,6011,Interest Income,0.0,59.83,-59.83
AE_ACCRUAL_LN000053_20_DR,ACCRUAL_LN000053_20,LN000053,interest_accrual,2027-11-26,2027-11-26,1132,Interest Receivable,59.83,0.0,59.83
AE_ACCRUAL_LN000053_20_CR,ACCRUAL_LN000053_20,LN000053,interest_accrual,2027-11-26,2027-11-26,6011,Interest Income,0.0,59.83,-59.83
AE_ACCRUAL_LN000053_21_DR,ACCRUAL_LN000053_21,LN000053,interest_accrual,2027-12-26,2027-12-26,1132,Interest Receivable,59.83,0.0,59.83
AE_ACCRUAL_LN000053_21_CR,ACCRUAL_LN000053_21,LN000053,interest_accrual,2027-12-26,2027-12-26,6011,Interest Income,0.0,59.83,-59.83
AE_ACCRUAL_LN000053_22_DR,ACCRUAL_LN000053_22,LN000053,interest_accrual,2028-01-26,2028-01-26,1132,Interest Receivable,59.83,0.0,59.83
AE_ACCRUAL_LN000053_22_CR,ACCRUAL_LN000053_22,LN000053,interest_accrual,2028-01-26,2028-01-26,6011,Interest Income,0.0,59.83,-59.83
AE_ACCRUAL_LN000053_23_DR,ACCRUAL_LN000053_23,LN000053,interest_accrual,2028-02-26,2028-02-26,1132,Interest Receivable,59.83,0.0,59.83
AE_ACCRUAL_LN000053_23_CR,ACCRUAL_LN000053_23,LN000053,interest_accrual,2028-02-26,2028-02-26,6011,Interest Income,0.0,59.83,-59.83
AE_ACCRUAL_LN000053_24_DR,ACCRUAL_LN000053_24,LN000053,interest_accrual,2028-03-26,2028-03-26,1132,Interest Receivable,59.83,0.0,59.83
AE_ACCRUAL_LN000053_24_CR,ACCRUAL_LN000053_24,LN000053,interest_accrual,2028-03-26,2028-03-26,6011,Interest Income,0.0,59.83,-59.83
AE_ACCRUAL_LN000053_25_DR,ACCRUAL_LN000053_25,LN000053,interest_accrual,2028-04-26,2028-04-26,1132,Interest Receivable,59.83,0.0,59.83
AE_ACCRUAL_LN000053_25_CR,ACCRUAL_LN000053_25,LN000053,interest_accrual,2028-04-26,2028-04-26,6011,Interest Income,0.0,59.83,-59.83
AE_ACCRUAL_LN000053_26_DR,ACCRUAL_LN000053_26,LN000053,interest_accrual,2028-05-26,2028-05-26,1132,Interest Receivable,59.83,0.0,59.83
AE_ACCRUAL_LN000053_26_CR,ACCRUAL_LN000053_26,LN000053,interest_accrual,2028-05-26,2028-05-26,6011,Interest Income,0.0,59.83,-59.83
AE_ACCRUAL_LN000053_27_DR,ACCRUAL_LN000053_27,LN000053,interest_accrual,2028-06-26,2028-06-26,1132,Interest Receivable,59.83,0.0,59.83
AE_ACCRUAL_LN000053_27_CR,ACCRUAL_LN000053_27,LN000053,interest_accrual,2028-06-26,2028-06-26,6011,Interest Income,0.0,59.83,-59.83
AE_ACCRUAL_LN000053_28_DR,ACCRUAL_LN000053_28,LN000053,interest_accrual,2028-07-26,2028-07-26,1132,Interest Receivable,59.83,0.0,59.83
AE_ACCRUAL_LN000053_28_CR,ACCRUAL_LN000053_28,LN000053,interest_accrual,2028-07-26,2028-07-26,6011,Interest Income,0.0,59.83,-59.83
AE_ACCRUAL_LN000053_29_DR,ACCRUAL_LN000053_29,LN000053,interest_accrual,2028-08-26,2028-08-26,1132,Interest Receivable,59.83,0.0,59.83
AE_ACCRUAL_LN000053_29_CR,ACCRUAL_LN000053_29,LN000053,interest_accrual,2028-08-26,2028-08-26,6011,Interest Income,0.0,59.83,-59.83
AE_ACCRUAL_LN000053_30_DR,ACCRUAL_LN000053_30,LN000053,interest_accrual,2028-09-26,2028-09-26,1132,Interest Receivable,59.83,0.0,59.83
AE_ACCRUAL_LN000053_30_CR,ACCRUAL_LN000053_30,LN000053,interest_accrual,2028-09-26,2028-09-26,6011,Interest Income,0.0,59.83,-59.83
AE_ACCRUAL_LN000053_31_DR,ACCRUAL_LN000053_31,LN000053,interest_accrual,2028-10-26,2028-10-26,1132,Interest Receivable,59.83,0.0,59.83
AE_ACCRUAL_LN000053_31_CR,ACCRUAL_LN000053_31,LN000053,interest_accrual,2028-10-26,2028-10-26,6011,Interest Income,0.0,59.83,-59.83
AE_ACCRUAL_LN000053_32_DR,ACCRUAL_LN000053_32,LN000053,interest_accrual,2028-11-26,2028-11-26,1132,Interest Receivable,59.83,0.0,59.83
AE_ACCRUAL_LN000053_32_CR,ACCRUAL_LN000053_32,LN000053,interest_accrual,2028-11-26,2028-11-26,6011,Interest Income,0.0,59.83,-59.83
AE_ACCRUAL_LN000053_33_DR,ACCRUAL_LN000053_33,LN000053,interest_accrual,2028-12-26,2028-12-26,1132,Interest Receivable,59.83,0.0,59.83
AE_ACCRUAL_LN000053_33_CR,ACCRUAL_LN000053_33,LN000053,interest_accrual,2028-12-26,2028-12-26,6011,Interest Income,0.0,59.83,-59.83
AE_ACCRUAL_LN000053_34_DR,ACCRUAL_LN000053_34,LN000053,interest_accrual,2029-01-26,2029-01-26,1132,Interest Receivable,59.83,0.0,59.83
AE_ACCRUAL_LN000053_34_CR,ACCRUAL_LN000053_34,LN000053,interest_accrual,2029-01-26,2029-01-26,6011,Interest Income,0.0,59.83,-59.83
AE_ACCRUAL_LN000053_35_DR,ACCRUAL_LN000053_35,LN000053,interest_accrual,2029-02-26,2029-02-26,1132,Interest Receivable,59.83,0.0,59.83
AE_ACCRUAL_LN000053_35_CR,ACCRUAL_LN000053_35,LN000053,interest_accrual,2029-02-26,2029-02-26,6011,Interest Income,0.0,59.83,-59.83
AE_ACCRUAL_LN000053_36_DR,ACCRUAL_LN000053_36,LN000053,interest_accrual,2029-03-26,2029-03-26,1132,Interest Receivable,59.83,0.0,59.83
AE_ACCRUAL_LN000053_36_CR,ACCRUAL_LN000053_36,LN000053,interest_accrual,2029-03-26,2029-03-26,6011,Interest Income,0.0,59.83,-59.83
AE_ACCRUAL_LN000054_01_DR,ACCRUAL_LN000054_01,LN000054,interest_accrual,2026-04-10,2026-04-10,1132,Interest Receivable,159.25,0.0,159.25
AE_ACCRUAL_LN000054_01_CR,ACCRUAL_LN000054_01,LN000054,interest_accrual,2026-04-10,2026-04-10,6011,Interest Income,0.0,159.25,-159.25
AE_ACCRUAL_LN000054_02_DR,ACCRUAL_LN000054_02,LN000054,interest_accrual,2026-05-10,2026-05-10,1132,Interest Receivable,159.25,0.0,159.25
AE_ACCRUAL_LN000054_02_CR,ACCRUAL_LN000054_02,LN000054,interest_accrual,2026-05-10,2026-05-10,6011,Interest Income,0.0,159.25,-159.25
AE_ACCRUAL_LN000054_03_DR,ACCRUAL_LN000054_03,LN000054,interest_accrual,2026-06-10,2026-06-10,1132,Interest Receivable,159.25,0.0,159.25
AE_ACCRUAL_LN000054_03_CR,ACCRUAL_LN000054_03,LN000054,interest_accrual,2026-06-10,2026-06-10,6011,Interest Income,0.0,159.25,-159.25
AE_ACCRUAL_LN000054_04_DR,ACCRUAL_LN000054_04,LN000054,interest_accrual,2026-07-10,2026-07-10,1132,Interest Receivable,159.25,0.0,159.25
AE_ACCRUAL_LN000054_04_CR,ACCRUAL_LN000054_04,LN000054,interest_accrual,2026-07-10,2026-07-10,6011,Interest Income,0.0,159.25,-159.25
AE_ACCRUAL_LN000054_05_DR,ACCRUAL_LN000054_05,LN000054,interest_accrual,2026-08-10,2026-08-10,1132,Interest Receivable,159.25,0.0,159.25
AE_ACCRUAL_LN000054_05_CR,ACCRUAL_LN000054_05,LN000054,interest_accrual,2026-08-10,2026-08-10,6011,Interest Income,0.0,159.25,-159.25
AE_ACCRUAL_LN000054_06_DR,ACCRUAL_LN000054_06,LN000054,interest_accrual,2026-09-10,2026-09-10,1132,Interest Receivable,159.25,0.0,159.25
AE_ACCRUAL_LN000054_06_CR,ACCRUAL_LN000054_06,LN000054,interest_accrual,2026-09-10,2026-09-10,6011,Interest Income,0.0,159.25,-159.25
AE_ACCRUAL_LN000054_07_DR,ACCRUAL_LN000054_07,LN000054,interest_accrual,2026-10-10,2026-10-10,1132,Interest Receivable,159.25,0.0,159.25
AE_ACCRUAL_LN000054_07_CR,ACCRUAL_LN000054_07,LN000054,interest_accrual,2026-10-10,2026-10-10,6011,Interest Income,0.0,159.25,-159.25
AE_ACCRUAL_LN000054_08_DR,ACCRUAL_LN000054_08,LN000054,interest_accrual,2026-11-10,2026-11-10,1132,Interest Receivable,159.25,0.0,159.25
AE_ACCRUAL_LN000054_08_CR,ACCRUAL_LN000054_08,LN000054,interest_accrual,2026-11-10,2026-11-10,6011,Interest Income,0.0,159.25,-159.25
AE_ACCRUAL_LN000054_09_DR,ACCRUAL_LN000054_09,LN000054,interest_accrual,2026-12-10,2026-12-10,1132,Interest Receivable,159.25,0.0,159.25
AE_ACCRUAL_LN000054_09_CR,ACCRUAL_LN000054_09,LN000054,interest_accrual,2026-12-10,2026-12-10,6011,Interest Income,0.0,159.25,-159.25
AE_ACCRUAL_LN000054_10_DR,ACCRUAL_LN000054_10,LN000054,interest_accrual,2027-01-10,2027-01-10,1132,Interest Receivable,159.25,0.0,159.25
AE_ACCRUAL_LN000054_10_CR,ACCRUAL_LN000054_10,LN000054,interest_accrual,2027-01-10,2027-01-10,6011,Interest Income,0.0,159.25,-159.25
AE_ACCRUAL_LN000054_11_DR,ACCRUAL_LN000054_11,LN000054,interest_accrual,2027-02-10,2027-02-10,1132,Interest Receivable,159.25,0.0,159.25
AE_ACCRUAL_LN000054_11_CR,ACCRUAL_LN000054_11,LN000054,interest_accrual,2027-02-10,2027-02-10,6011,Interest Income,0.0,159.25,-159.25
AE_ACCRUAL_LN000054_12_DR,ACCRUAL_LN000054_12,LN000054,interest_accrual,2027-03-10,2027-03-10,1132,Interest Receivable,159.25,0.0,159.25
AE_ACCRUAL_LN000054_12_CR,ACCRUAL_LN000054_12,LN000054,interest_accrual,2027-03-10,2027-03-10,6011,Interest Income,0.0,159.25,-159.25
AE_ACCRUAL_LN000055_01_DR,ACCRUAL_LN000055_01,LN000055,interest_accrual,2026-04-10,2026-04-10,1132,Interest Receivable,43.2,0.0,43.2
AE_ACCRUAL_LN000055_01_CR,ACCRUAL_LN000055_01,LN000055,interest_accrual,2026-04-10,2026-04-10,6011,Interest Income,0.0,43.2,-43.2
AE_ACCRUAL_LN000055_02_DR,ACCRUAL_LN000055_02,LN000055,interest_accrual,2026-05-10,2026-05-10,1132,Interest Receivable,43.2,0.0,43.2
AE_ACCRUAL_LN000055_02_CR,ACCRUAL_LN000055_02,LN000055,interest_accrual,2026-05-10,2026-05-10,6011,Interest Income,0.0,43.2,-43.2
AE_ACCRUAL_LN000055_03_DR,ACCRUAL_LN000055_03,LN000055,interest_accrual,2026-06-10,2026-06-10,1132,Interest Receivable,43.2,0.0,43.2
AE_ACCRUAL_LN000055_03_CR,ACCRUAL_LN000055_03,LN000055,interest_accrual,2026-06-10,2026-06-10,6011,Interest Income,0.0,43.2,-43.2
AE_ACCRUAL_LN000055_04_DR,ACCRUAL_LN000055_04,LN000055,interest_accrual,2026-07-10,2026-07-10,1132,Interest Receivable,43.2,0.0,43.2
AE_ACCRUAL_LN000055_04_CR,ACCRUAL_LN000055_04,LN000055,interest_accrual,2026-07-10,2026-07-10,6011,Interest Income,0.0,43.2,-43.2
AE_ACCRUAL_LN000055_05_DR,ACCRUAL_LN000055_05,LN000055,interest_accrual,2026-08-10,2026-08-10,1132,Interest Receivable,43.2,0.0,43.2
AE_ACCRUAL_LN000055_05_CR,ACCRUAL_LN000055_05,LN000055,interest_accrual,2026-08-10,2026-08-10,6011,Interest Income,0.0,43.2,-43.2
AE_ACCRUAL_LN000055_06_DR,ACCRUAL_LN000055_06,LN000055,interest_accrual,2026-09-10,2026-09-10,1132,Interest Receivable,43.2,0.0,43.2
AE_ACCRUAL_LN000055_06_CR,ACCRUAL_LN000055_06,LN000055,interest_accrual,2026-09-10,2026-09-10,6011,Interest Income,0.0,43.2,-43.2
AE_ACCRUAL_LN000055_07_DR,ACCRUAL_LN000055_07,LN000055,interest_accrual,2026-10-10,2026-10-10,1132,Interest Receivable,43.2,0.0,43.2
AE_ACCRUAL_LN000055_07_CR,ACCRUAL_LN000055_07,LN000055,interest_accrual,2026-10-10,2026-10-10,6011,Interest Income,0.0,43.2,-43.2
AE_ACCRUAL_LN000055_08_DR,ACCRUAL_LN000055_08,LN000055,interest_accrual,2026-11-10,2026-11-10,1132,Interest Receivable,43.2,0.0,43.2
AE_ACCRUAL_LN000055_08_CR,ACCRUAL_LN000055_08,LN000055,interest_accrual,2026-11-10,2026-11-10,6011,Interest Income,0.0,43.2,-43.2
AE_ACCRUAL_LN000055_09_DR,ACCRUAL_LN000055_09,LN000055,interest_accrual,2026-12-10,2026-12-10,1132,Interest Receivable,43.2,0.0,43.2
AE_ACCRUAL_LN000055_09_CR,ACCRUAL_LN000055_09,LN000055,interest_accrual,2026-12-10,2026-12-10,6011,Interest Income,0.0,43.2,-43.2
AE_ACCRUAL_LN000055_10_DR,ACCRUAL_LN000055_10,LN000055,interest_accrual,2027-01-10,2027-01-10,1132,Interest Receivable,43.2,0.0,43.2
AE_ACCRUAL_LN000055_10_CR,ACCRUAL_LN000055_10,LN000055,interest_accrual,2027-01-10,2027-01-10,6011,Interest Income,0.0,43.2,-43.2
AE_ACCRUAL_LN000055_11_DR,ACCRUAL_LN000055_11,LN000055,interest_accrual,2027-02-10,2027-02-10,1132,Interest Receivable,43.2,0.0,43.2
AE_ACCRUAL_LN000055_11_CR,ACCRUAL_LN000055_11,LN000055,interest_accrual,2027-02-10,2027-02-10,6011,Interest Income,0.0,43.2,-43.2
AE_ACCRUAL_LN000055_12_DR,ACCRUAL_LN000055_12,LN000055,interest_accrual,2027-03-10,2027-03-10,1132,Interest Receivable,43.2,0.0,43.2
AE_ACCRUAL_LN000055_12_CR,ACCRUAL_LN000055_12,LN000055,interest_accrual,2027-03-10,2027-03-10,6011,Interest Income,0.0,43.2,-43.2
AE_ACCRUAL_LN000055_13_DR,ACCRUAL_LN000055_13,LN000055,interest_accrual,2027-04-10,2027-04-10,1132,Interest Receivable,43.2,0.0,43.2
AE_ACCRUAL_LN000055_13_CR,ACCRUAL_LN000055_13,LN000055,interest_accrual,2027-04-10,2027-04-10,6011,Interest Income,0.0,43.2,-43.2
AE_ACCRUAL_LN000055_14_DR,ACCRUAL_LN000055_14,LN000055,interest_accrual,2027-05-10,2027-05-10,1132,Interest Receivable,43.2,0.0,43.2
AE_ACCRUAL_LN000055_14_CR,ACCRUAL_LN000055_14,LN000055,interest_accrual,2027-05-10,2027-05-10,6011,Interest Income,0.0,43.2,-43.2
AE_ACCRUAL_LN000055_15_DR,ACCRUAL_LN000055_15,LN000055,interest_accrual,2027-06-10,2027-06-10,1132,Interest Receivable,43.2,0.0,43.2
AE_ACCRUAL_LN000055_15_CR,ACCRUAL_LN000055_15,LN000055,interest_accrual,2027-06-10,2027-06-10,6011,Interest Income,0.0,43.2,-43.2
AE_ACCRUAL_LN000055_16_DR,ACCRUAL_LN000055_16,LN000055,interest_accrual,2027-07-10,2027-07-10,1132,Interest Receivable,43.2,0.0,43.2
AE_ACCRUAL_LN000055_16_CR,ACCRUAL_LN000055_16,LN000055,interest_accrual,2027-07-10,2027-07-10,6011,Interest Income,0.0,43.2,-43.2
AE_ACCRUAL_LN000055_17_DR,ACCRUAL_LN000055_17,LN000055,interest_accrual,2027-08-10,2027-08-10,1132,Interest Receivable,43.2,0.0,43.2
AE_ACCRUAL_LN000055_17_CR,ACCRUAL_LN000055_17,LN000055,interest_accrual,2027-08-10,2027-08-10,6011,Interest Income,0.0,43.2,-43.2
AE_ACCRUAL_LN000055_18_DR,ACCRUAL_LN000055_18,LN000055,interest_accrual,2027-09-10,2027-09-10,1132,Interest Receivable,43.2,0.0,43.2
AE_ACCRUAL_LN000055_18_CR,ACCRUAL_LN000055_18,LN000055,interest_accrual,2027-09-10,2027-09-10,6011,Interest Income,0.0,43.2,-43.2
AE_ACCRUAL_LN000056_01_DR,ACCRUAL_LN000056_01,LN000056,interest_accrual,2026-03-04,2026-03-04,1132,Interest Receivable,85.83,0.0,85.83
AE_ACCRUAL_LN000056_01_CR,ACCRUAL_LN000056_01,LN000056,interest_accrual,2026-03-04,2026-03-04,6011,Interest Income,0.0,85.83,-85.83
AE_ACCRUAL_LN000056_02_DR,ACCRUAL_LN000056_02,LN000056,interest_accrual,2026-04-04,2026-04-04,1132,Interest Receivable,85.83,0.0,85.83
AE_ACCRUAL_LN000056_02_CR,ACCRUAL_LN000056_02,LN000056,interest_accrual,2026-04-04,2026-04-04,6011,Interest Income,0.0,85.83,-85.83
AE_ACCRUAL_LN000056_03_DR,ACCRUAL_LN000056_03,LN000056,interest_accrual,2026-05-04,2026-05-04,1132,Interest Receivable,85.83,0.0,85.83
AE_ACCRUAL_LN000056_03_CR,ACCRUAL_LN000056_03,LN000056,interest_accrual,2026-05-04,2026-05-04,6011,Interest Income,0.0,85.83,-85.83
AE_ACCRUAL_LN000056_04_DR,ACCRUAL_LN000056_04,LN000056,interest_accrual,2026-06-04,2026-06-04,1132,Interest Receivable,85.83,0.0,85.83
AE_ACCRUAL_LN000056_04_CR,ACCRUAL_LN000056_04,LN000056,interest_accrual,2026-06-04,2026-06-04,6011,Interest Income,0.0,85.83,-85.83
AE_ACCRUAL_LN000056_05_DR,ACCRUAL_LN000056_05,LN000056,interest_accrual,2026-07-04,2026-07-04,1132,Interest Receivable,85.83,0.0,85.83
AE_ACCRUAL_LN000056_05_CR,ACCRUAL_LN000056_05,LN000056,interest_accrual,2026-07-04,2026-07-04,6011,Interest Income,0.0,85.83,-85.83
AE_ACCRUAL_LN000056_06_DR,ACCRUAL_LN000056_06,LN000056,interest_accrual,2026-08-04,2026-08-04,1132,Interest Receivable,85.83,0.0,85.83
AE_ACCRUAL_LN000056_06_CR,ACCRUAL_LN000056_06,LN000056,interest_accrual,2026-08-04,2026-08-04,6011,Interest Income,0.0,85.83,-85.83
AE_ACCRUAL_LN000056_07_DR,ACCRUAL_LN000056_07,LN000056,interest_accrual,2026-09-04,2026-09-04,1132,Interest Receivable,85.83,0.0,85.83
AE_ACCRUAL_LN000056_07_CR,ACCRUAL_LN000056_07,LN000056,interest_accrual,2026-09-04,2026-09-04,6011,Interest Income,0.0,85.83,-85.83
AE_ACCRUAL_LN000056_08_DR,ACCRUAL_LN000056_08,LN000056,interest_accrual,2026-10-04,2026-10-04,1132,Interest Receivable,85.83,0.0,85.83
AE_ACCRUAL_LN000056_08_CR,ACCRUAL_LN000056_08,LN000056,interest_accrual,2026-10-04,2026-10-04,6011,Interest Income,0.0,85.83,-85.83
AE_ACCRUAL_LN000056_09_DR,ACCRUAL_LN000056_09,LN000056,interest_accrual,2026-11-04,2026-11-04,1132,Interest Receivable,85.83,0.0,85.83
AE_ACCRUAL_LN000056_09_CR,ACCRUAL_LN000056_09,LN000056,interest_accrual,2026-11-04,2026-11-04,6011,Interest Income,0.0,85.83,-85.83
AE_ACCRUAL_LN000056_10_DR,ACCRUAL_LN000056_10,LN000056,interest_accrual,2026-12-04,2026-12-04,1132,Interest Receivable,85.83,0.0,85.83
AE_ACCRUAL_LN000056_10_CR,ACCRUAL_LN000056_10,LN000056,interest_accrual,2026-12-04,2026-12-04,6011,Interest Income,0.0,85.83,-85.83
AE_ACCRUAL_LN000056_11_DR,ACCRUAL_LN000056_11,LN000056,interest_accrual,2027-01-04,2027-01-04,1132,Interest Receivable,85.83,0.0,85.83
AE_ACCRUAL_LN000056_11_CR,ACCRUAL_LN000056_11,LN000056,interest_accrual,2027-01-04,2027-01-04,6011,Interest Income,0.0,85.83,-85.83
AE_ACCRUAL_LN000056_12_DR,ACCRUAL_LN000056_12,LN000056,interest_accrual,2027-02-04,2027-02-04,1132,Interest Receivable,85.83,0.0,85.83
AE_ACCRUAL_LN000056_12_CR,ACCRUAL_LN000056_12,LN000056,interest_accrual,2027-02-04,2027-02-04,6011,Interest Income,0.0,85.83,-85.83
AE_ACCRUAL_LN000056_13_DR,ACCRUAL_LN000056_13,LN000056,interest_accrual,2027-03-04,2027-03-04,1132,Interest Receivable,85.83,0.0,85.83
AE_ACCRUAL_LN000056_13_CR,ACCRUAL_LN000056_13,LN000056,interest_accrual,2027-03-04,2027-03-04,6011,Interest Income,0.0,85.83,-85.83
AE_ACCRUAL_LN000056_14_DR,ACCRUAL_LN000056_14,LN000056,interest_accrual,2027-04-04,2027-04-04,1132,Interest Receivable,85.83,0.0,85.83
AE_ACCRUAL_LN000056_14_CR,ACCRUAL_LN000056_14,LN000056,interest_accrual,2027-04-04,2027-04-04,6011,Interest Income,0.0,85.83,-85.83
AE_ACCRUAL_LN000056_15_DR,ACCRUAL_LN000056_15,LN000056,interest_accrual,2027-05-04,2027-05-04,1132,Interest Receivable,85.83,0.0,85.83
AE_ACCRUAL_LN000056_15_CR,ACCRUAL_LN000056_15,LN000056,interest_accrual,2027-05-04,2027-05-04,6011,Interest Income,0.0,85.83,-85.83
AE_ACCRUAL_LN000056_16_DR,ACCRUAL_LN000056_16,LN000056,interest_accrual,2027-06-04,2027-06-04,1132,Interest Receivable,85.83,0.0,85.83
AE_ACCRUAL_LN000056_16_CR,ACCRUAL_LN000056_16,LN000056,interest_accrual,2027-06-04,2027-06-04,6011,Interest Income,0.0,85.83,-85.83
AE_ACCRUAL_LN000056_17_DR,ACCRUAL_LN000056_17,LN000056,interest_accrual,2027-07-04,2027-07-04,1132,Interest Receivable,85.83,0.0,85.83
AE_ACCRUAL_LN000056_17_CR,ACCRUAL_LN000056_17,LN000056,interest_accrual,2027-07-04,2027-07-04,6011,Interest Income,0.0,85.83,-85.83
AE_ACCRUAL_LN000056_18_DR,ACCRUAL_LN000056_18,LN000056,interest_accrual,2027-08-04,2027-08-04,1132,Interest Receivable,85.83,0.0,85.83
AE_ACCRUAL_LN000056_18_CR,ACCRUAL_LN000056_18,LN000056,interest_accrual,2027-08-04,2027-08-04,6011,Interest Income,0.0,85.83,-85.83
AE_ACCRUAL_LN000057_01_DR,ACCRUAL_LN000057_01,LN000057,interest_accrual,2026-04-06,2026-04-06,1132,Interest Receivable,64.8,0.0,64.8
AE_ACCRUAL_LN000057_01_CR,ACCRUAL_LN000057_01,LN000057,interest_accrual,2026-04-06,2026-04-06,6011,Interest Income,0.0,64.8,-64.8
AE_ACCRUAL_LN000057_02_DR,ACCRUAL_LN000057_02,LN000057,interest_accrual,2026-05-06,2026-05-06,1132,Interest Receivable,64.8,0.0,64.8
AE_ACCRUAL_LN000057_02_CR,ACCRUAL_LN000057_02,LN000057,interest_accrual,2026-05-06,2026-05-06,6011,Interest Income,0.0,64.8,-64.8
AE_ACCRUAL_LN000057_03_DR,ACCRUAL_LN000057_03,LN000057,interest_accrual,2026-06-06,2026-06-06,1132,Interest Receivable,64.8,0.0,64.8
AE_ACCRUAL_LN000057_03_CR,ACCRUAL_LN000057_03,LN000057,interest_accrual,2026-06-06,2026-06-06,6011,Interest Income,0.0,64.8,-64.8
AE_ACCRUAL_LN000057_04_DR,ACCRUAL_LN000057_04,LN000057,interest_accrual,2026-07-06,2026-07-06,1132,Interest Receivable,64.8,0.0,64.8
AE_ACCRUAL_LN000057_04_CR,ACCRUAL_LN000057_04,LN000057,interest_accrual,2026-07-06,2026-07-06,6011,Interest Income,0.0,64.8,-64.8
AE_ACCRUAL_LN000057_05_DR,ACCRUAL_LN000057_05,LN000057,interest_accrual,2026-08-06,2026-08-06,1132,Interest Receivable,64.8,0.0,64.8
AE_ACCRUAL_LN000057_05_CR,ACCRUAL_LN000057_05,LN000057,interest_accrual,2026-08-06,2026-08-06,6011,Interest Income,0.0,64.8,-64.8
AE_ACCRUAL_LN000057_06_DR,ACCRUAL_LN000057_06,LN000057,interest_accrual,2026-09-06,2026-09-06,1132,Interest Receivable,64.8,0.0,64.8
AE_ACCRUAL_LN000057_06_CR,ACCRUAL_LN000057_06,LN000057,interest_accrual,2026-09-06,2026-09-06,6011,Interest Income,0.0,64.8,-64.8
AE_ACCRUAL_LN000057_07_DR,ACCRUAL_LN000057_07,LN000057,interest_accrual,2026-10-06,2026-10-06,1132,Interest Receivable,64.8,0.0,64.8
AE_ACCRUAL_LN000057_07_CR,ACCRUAL_LN000057_07,LN000057,interest_accrual,2026-10-06,2026-10-06,6011,Interest Income,0.0,64.8,-64.8
AE_ACCRUAL_LN000057_08_DR,ACCRUAL_LN000057_08,LN000057,interest_accrual,2026-11-06,2026-11-06,1132,Interest Receivable,64.8,0.0,64.8
AE_ACCRUAL_LN000057_08_CR,ACCRUAL_LN000057_08,LN000057,interest_accrual,2026-11-06,2026-11-06,6011,Interest Income,0.0,64.8,-64.8
AE_ACCRUAL_LN000057_09_DR,ACCRUAL_LN000057_09,LN000057,interest_accrual,2026-12-06,2026-12-06,1132,Interest Receivable,64.8,0.0,64.8
AE_ACCRUAL_LN000057_09_CR,ACCRUAL_LN000057_09,LN000057,interest_accrual,2026-12-06,2026-12-06,6011,Interest Income,0.0,64.8,-64.8
AE_ACCRUAL_LN000057_10_DR,ACCRUAL_LN000057_10,LN000057,interest_accrual,2027-01-06,2027-01-06,1132,Interest Receivable,64.8,0.0,64.8
AE_ACCRUAL_LN000057_10_CR,ACCRUAL_LN000057_10,LN000057,interest_accrual,2027-01-06,2027-01-06,6011,Interest Income,0.0,64.8,-64.8
AE_ACCRUAL_LN000057_11_DR,ACCRUAL_LN000057_11,LN000057,interest_accrual,2027-02-06,2027-02-06,1132,Interest Receivable,64.8,0.0,64.8
AE_ACCRUAL_LN000057_11_CR,ACCRUAL_LN000057_11,LN000057,interest_accrual,2027-02-06,2027-02-06,6011,Interest Income,0.0,64.8,-64.8
AE_ACCRUAL_LN000057_12_DR,ACCRUAL_LN000057_12,LN000057,interest_accrual,2027-03-06,2027-03-06,1132,Interest Receivable,64.8,0.0,64.8
AE_ACCRUAL_LN000057_12_CR,ACCRUAL_LN000057_12,LN000057,interest_accrual,2027-03-06,2027-03-06,6011,Interest Income,0.0,64.8,-64.8
AE_ACCRUAL_LN000057_13_DR,ACCRUAL_LN000057_13,LN000057,interest_accrual,2027-04-06,2027-04-06,1132,Interest Receivable,64.8,0.0,64.8
AE_ACCRUAL_LN000057_13_CR,ACCRUAL_LN000057_13,LN000057,interest_accrual,2027-04-06,2027-04-06,6011,Interest Income,0.0,64.8,-64.8
AE_ACCRUAL_LN000057_14_DR,ACCRUAL_LN000057_14,LN000057,interest_accrual,2027-05-06,2027-05-06,1132,Interest Receivable,64.8,0.0,64.8
AE_ACCRUAL_LN000057_14_CR,ACCRUAL_LN000057_14,LN000057,interest_accrual,2027-05-06,2027-05-06,6011,Interest Income,0.0,64.8,-64.8
AE_ACCRUAL_LN000057_15_DR,ACCRUAL_LN000057_15,LN000057,interest_accrual,2027-06-06,2027-06-06,1132,Interest Receivable,64.8,0.0,64.8
AE_ACCRUAL_LN000057_15_CR,ACCRUAL_LN000057_15,LN000057,interest_accrual,2027-06-06,2027-06-06,6011,Interest Income,0.0,64.8,-64.8
AE_ACCRUAL_LN000057_16_DR,ACCRUAL_LN000057_16,LN000057,interest_accrual,2027-07-06,2027-07-06,1132,Interest Receivable,64.8,0.0,64.8
AE_ACCRUAL_LN000057_16_CR,ACCRUAL_LN000057_16,LN000057,interest_accrual,2027-07-06,2027-07-06,6011,Interest Income,0.0,64.8,-64.8
AE_ACCRUAL_LN000057_17_DR,ACCRUAL_LN000057_17,LN000057,interest_accrual,2027-08-06,2027-08-06,1132,Interest Receivable,64.8,0.0,64.8
AE_ACCRUAL_LN000057_17_CR,ACCRUAL_LN000057_17,LN000057,interest_accrual,2027-08-06,2027-08-06,6011,Interest Income,0.0,64.8,-64.8
AE_ACCRUAL_LN000057_18_DR,ACCRUAL_LN000057_18,LN000057,interest_accrual,2027-09-06,2027-09-06,1132,Interest Receivable,64.8,0.0,64.8
AE_ACCRUAL_LN000057_18_CR,ACCRUAL_LN000057_18,LN000057,interest_accrual,2027-09-06,2027-09-06,6011,Interest Income,0.0,64.8,-64.8
AE_ACCRUAL_LN000057_19_DR,ACCRUAL_LN000057_19,LN000057,interest_accrual,2027-10-06,2027-10-06,1132,Interest Receivable,64.8,0.0,64.8
AE_ACCRUAL_LN000057_19_CR,ACCRUAL_LN000057_19,LN000057,interest_accrual,2027-10-06,2027-10-06,6011,Interest Income,0.0,64.8,-64.8
AE_ACCRUAL_LN000057_20_DR,ACCRUAL_LN000057_20,LN000057,interest_accrual,2027-11-06,2027-11-06,1132,Interest Receivable,64.8,0.0,64.8
AE_ACCRUAL_LN000057_20_CR,ACCRUAL_LN000057_20,LN000057,interest_accrual,2027-11-06,2027-11-06,6011,Interest Income,0.0,64.8,-64.8
AE_ACCRUAL_LN000057_21_DR,ACCRUAL_LN000057_21,LN000057,interest_accrual,2027-12-06,2027-12-06,1132,Interest Receivable,64.8,0.0,64.8
AE_ACCRUAL_LN000057_21_CR,ACCRUAL_LN000057_21,LN000057,interest_accrual,2027-12-06,2027-12-06,6011,Interest Income,0.0,64.8,-64.8
AE_ACCRUAL_LN000057_22_DR,ACCRUAL_LN000057_22,LN000057,interest_accrual,2028-01-06,2028-01-06,1132,Interest Receivable,64.8,0.0,64.8
AE_ACCRUAL_LN000057_22_CR,ACCRUAL_LN000057_22,LN000057,interest_accrual,2028-01-06,2028-01-06,6011,Interest Income,0.0,64.8,-64.8
AE_ACCRUAL_LN000057_23_DR,ACCRUAL_LN000057_23,LN000057,interest_accrual,2028-02-06,2028-02-06,1132,Interest Receivable,64.8,0.0,64.8
AE_ACCRUAL_LN000057_23_CR,ACCRUAL_LN000057_23,LN000057,interest_accrual,2028-02-06,2028-02-06,6011,Interest Income,0.0,64.8,-64.8
AE_ACCRUAL_LN000057_24_DR,ACCRUAL_LN000057_24,LN000057,interest_accrual,2028-03-06,2028-03-06,1132,Interest Receivable,64.8,0.0,64.8
AE_ACCRUAL_LN000057_24_CR,ACCRUAL_LN000057_24,LN000057,interest_accrual,2028-03-06,2028-03-06,6011,Interest Income,0.0,64.8,-64.8
AE_ACCRUAL_LN000057_25_DR,ACCRUAL_LN000057_25,LN000057,interest_accrual,2028-04-06,2028-04-06,1132,Interest Receivable,64.8,0.0,64.8
AE_ACCRUAL_LN000057_25_CR,ACCRUAL_LN000057_25,LN000057,interest_accrual,2028-04-06,2028-04-06,6011,Interest Income,0.0,64.8,-64.8
AE_ACCRUAL_LN000057_26_DR,ACCRUAL_LN000057_26,LN000057,interest_accrual,2028-05-06,2028-05-06,1132,Interest Receivable,64.8,0.0,64.8
AE_ACCRUAL_LN000057_26_CR,ACCRUAL_LN000057_26,LN000057,interest_accrual,2028-05-06,2028-05-06,6011,Interest Income,0.0,64.8,-64.8
AE_ACCRUAL_LN000057_27_DR,ACCRUAL_LN000057_27,LN000057,interest_accrual,2028-06-06,2028-06-06,1132,Interest Receivable,64.8,0.0,64.8
AE_ACCRUAL_LN000057_27_CR,ACCRUAL_LN000057_27,LN000057,interest_accrual,2028-06-06,2028-06-06,6011,Interest Income,0.0,64.8,-64.8
AE_ACCRUAL_LN000057_28_DR,ACCRUAL_LN000057_28,LN000057,interest_accrual,2028-07-06,2028-07-06,1132,Interest Receivable,64.8,0.0,64.8
AE_ACCRUAL_LN000057_28_CR,ACCRUAL_LN000057_28,LN000057,interest_accrual,2028-07-06,2028-07-06,6011,Interest Income,0.0,64.8,-64.8
AE_ACCRUAL_LN000057_29_DR,ACCRUAL_LN000057_29,LN000057,interest_accrual,2028-08-06,2028-08-06,1132,Interest Receivable,64.8,0.0,64.8
AE_ACCRUAL_LN000057_29_CR,ACCRUAL_LN000057_29,LN000057,interest_accrual,2028-08-06,2028-08-06,6011,Interest Income,0.0,64.8,-64.8
AE_ACCRUAL_LN000057_30_DR,ACCRUAL_LN000057_30,LN000057,interest_accrual,2028-09-06,2028-09-06,1132,Interest Receivable,64.8,0.0,64.8
AE_ACCRUAL_LN000057_30_CR,ACCRUAL_LN000057_30,LN000057,interest_accrual,2028-09-06,2028-09-06,6011,Interest Income,0.0,64.8,-64.8
AE_ACCRUAL_LN000057_31_DR,ACCRUAL_LN000057_31,LN000057,interest_accrual,2028-10-06,2028-10-06,1132,Interest Receivable,64.8,0.0,64.8
AE_ACCRUAL_LN000057_31_CR,ACCRUAL_LN000057_31,LN000057,interest_accrual,2028-10-06,2028-10-06,6011,Interest Income,0.0,64.8,-64.8
AE_ACCRUAL_LN000057_32_DR,ACCRUAL_LN000057_32,LN000057,interest_accrual,2028-11-06,2028-11-06,1132,Interest Receivable,64.8,0.0,64.8
AE_ACCRUAL_LN000057_32_CR,ACCRUAL_LN000057_32,LN000057,interest_accrual,2028-11-06,2028-11-06,6011,Interest Income,0.0,64.8,-64.8
AE_ACCRUAL_LN000057_33_DR,ACCRUAL_LN000057_33,LN000057,interest_accrual,2028-12-06,2028-12-06,1132,Interest Receivable,64.8,0.0,64.8
AE_ACCRUAL_LN000057_33_CR,ACCRUAL_LN000057_33,LN000057,interest_accrual,2028-12-06,2028-12-06,6011,Interest Income,0.0,64.8,-64.8
AE_ACCRUAL_LN000057_34_DR,ACCRUAL_LN000057_34,LN000057,interest_accrual,2029-01-06,2029-01-06,1132,Interest Receivable,64.8,0.0,64.8
AE_ACCRUAL_LN000057_34_CR,ACCRUAL_LN000057_34,LN000057,interest_accrual,2029-01-06,2029-01-06,6011,Interest Income,0.0,64.8,-64.8
AE_ACCRUAL_LN000057_35_DR,ACCRUAL_LN000057_35,LN000057,interest_accrual,2029-02-06,2029-02-06,1132,Interest Receivable,64.8,0.0,64.8
AE_ACCRUAL_LN000057_35_CR,ACCRUAL_LN000057_35,LN000057,interest_accrual,2029-02-06,2029-02-06,6011,Interest Income,0.0,64.8,-64.8
AE_ACCRUAL_LN000057_36_DR,ACCRUAL_LN000057_36,LN000057,interest_accrual,2029-03-06,2029-03-06,1132,Interest Receivable,64.8,0.0,64.8
AE_ACCRUAL_LN000057_36_CR,ACCRUAL_LN000057_36,LN000057,interest_accrual,2029-03-06,2029-03-06,6011,Interest Income,0.0,64.8,-64.8
AE_ACCRUAL_LN000058_01_DR,ACCRUAL_LN000058_01,LN000058,interest_accrual,2026-02-01,2026-02-01,1132,Interest Receivable,121.93,0.0,121.93
AE_ACCRUAL_LN000058_01_CR,ACCRUAL_LN000058_01,LN000058,interest_accrual,2026-02-01,2026-02-01,6011,Interest Income,0.0,121.93,-121.93
AE_ACCRUAL_LN000058_02_DR,ACCRUAL_LN000058_02,LN000058,interest_accrual,2026-03-01,2026-03-01,1132,Interest Receivable,121.93,0.0,121.93
AE_ACCRUAL_LN000058_02_CR,ACCRUAL_LN000058_02,LN000058,interest_accrual,2026-03-01,2026-03-01,6011,Interest Income,0.0,121.93,-121.93
AE_ACCRUAL_LN000058_03_DR,ACCRUAL_LN000058_03,LN000058,interest_accrual,2026-04-01,2026-04-01,1132,Interest Receivable,121.93,0.0,121.93
AE_ACCRUAL_LN000058_03_CR,ACCRUAL_LN000058_03,LN000058,interest_accrual,2026-04-01,2026-04-01,6011,Interest Income,0.0,121.93,-121.93
AE_ACCRUAL_LN000058_04_DR,ACCRUAL_LN000058_04,LN000058,interest_accrual,2026-05-01,2026-05-01,1132,Interest Receivable,121.93,0.0,121.93
AE_ACCRUAL_LN000058_04_CR,ACCRUAL_LN000058_04,LN000058,interest_accrual,2026-05-01,2026-05-01,6011,Interest Income,0.0,121.93,-121.93
AE_ACCRUAL_LN000058_05_DR,ACCRUAL_LN000058_05,LN000058,interest_accrual,2026-06-01,2026-06-01,1132,Interest Receivable,121.93,0.0,121.93
AE_ACCRUAL_LN000058_05_CR,ACCRUAL_LN000058_05,LN000058,interest_accrual,2026-06-01,2026-06-01,6011,Interest Income,0.0,121.93,-121.93
AE_ACCRUAL_LN000058_06_DR,ACCRUAL_LN000058_06,LN000058,interest_accrual,2026-07-01,2026-07-01,1132,Interest Receivable,121.93,0.0,121.93
AE_ACCRUAL_LN000058_06_CR,ACCRUAL_LN000058_06,LN000058,interest_accrual,2026-07-01,2026-07-01,6011,Interest Income,0.0,121.93,-121.93
AE_ACCRUAL_LN000059_01_DR,ACCRUAL_LN000059_01,LN000059,interest_accrual,2026-04-14,2026-04-14,1132,Interest Receivable,71.27,0.0,71.27
AE_ACCRUAL_LN000059_01_CR,ACCRUAL_LN000059_01,LN000059,interest_accrual,2026-04-14,2026-04-14,6011,Interest Income,0.0,71.27,-71.27
AE_ACCRUAL_LN000059_02_DR,ACCRUAL_LN000059_02,LN000059,interest_accrual,2026-05-14,2026-05-14,1132,Interest Receivable,71.27,0.0,71.27
AE_ACCRUAL_LN000059_02_CR,ACCRUAL_LN000059_02,LN000059,interest_accrual,2026-05-14,2026-05-14,6011,Interest Income,0.0,71.27,-71.27
AE_ACCRUAL_LN000059_03_DR,ACCRUAL_LN000059_03,LN000059,interest_accrual,2026-06-14,2026-06-14,1132,Interest Receivable,71.27,0.0,71.27
AE_ACCRUAL_LN000059_03_CR,ACCRUAL_LN000059_03,LN000059,interest_accrual,2026-06-14,2026-06-14,6011,Interest Income,0.0,71.27,-71.27
AE_ACCRUAL_LN000059_04_DR,ACCRUAL_LN000059_04,LN000059,interest_accrual,2026-07-14,2026-07-14,1132,Interest Receivable,71.27,0.0,71.27
AE_ACCRUAL_LN000059_04_CR,ACCRUAL_LN000059_04,LN000059,interest_accrual,2026-07-14,2026-07-14,6011,Interest Income,0.0,71.27,-71.27
AE_ACCRUAL_LN000059_05_DR,ACCRUAL_LN000059_05,LN000059,interest_accrual,2026-08-14,2026-08-14,1132,Interest Receivable,71.27,0.0,71.27
AE_ACCRUAL_LN000059_05_CR,ACCRUAL_LN000059_05,LN000059,interest_accrual,2026-08-14,2026-08-14,6011,Interest Income,0.0,71.27,-71.27
AE_ACCRUAL_LN000059_06_DR,ACCRUAL_LN000059_06,LN000059,interest_accrual,2026-09-14,2026-09-14,1132,Interest Receivable,71.27,0.0,71.27
AE_ACCRUAL_LN000059_06_CR,ACCRUAL_LN000059_06,LN000059,interest_accrual,2026-09-14,2026-09-14,6011,Interest Income,0.0,71.27,-71.27
AE_ACCRUAL_LN000059_07_DR,ACCRUAL_LN000059_07,LN000059,interest_accrual,2026-10-14,2026-10-14,1132,Interest Receivable,71.27,0.0,71.27
AE_ACCRUAL_LN000059_07_CR,ACCRUAL_LN000059_07,LN000059,interest_accrual,2026-10-14,2026-10-14,6011,Interest Income,0.0,71.27,-71.27
AE_ACCRUAL_LN000059_08_DR,ACCRUAL_LN000059_08,LN000059,interest_accrual,2026-11-14,2026-11-14,1132,Interest Receivable,71.27,0.0,71.27
AE_ACCRUAL_LN000059_08_CR,ACCRUAL_LN000059_08,LN000059,interest_accrual,2026-11-14,2026-11-14,6011,Interest Income,0.0,71.27,-71.27
AE_ACCRUAL_LN000059_09_DR,ACCRUAL_LN000059_09,LN000059,interest_accrual,2026-12-14,2026-12-14,1132,Interest Receivable,71.27,0.0,71.27
AE_ACCRUAL_LN000059_09_CR,ACCRUAL_LN000059_09,LN000059,interest_accrual,2026-12-14,2026-12-14,6011,Interest Income,0.0,71.27,-71.27
AE_ACCRUAL_LN000059_10_DR,ACCRUAL_LN000059_10,LN000059,interest_accrual,2027-01-14,2027-01-14,1132,Interest Receivable,71.27,0.0,71.27
AE_ACCRUAL_LN000059_10_CR,ACCRUAL_LN000059_10,LN000059,interest_accrual,2027-01-14,2027-01-14,6011,Interest Income,0.0,71.27,-71.27
AE_ACCRUAL_LN000059_11_DR,ACCRUAL_LN000059_11,LN000059,interest_accrual,2027-02-14,2027-02-14,1132,Interest Receivable,71.27,0.0,71.27
AE_ACCRUAL_LN000059_11_CR,ACCRUAL_LN000059_11,LN000059,interest_accrual,2027-02-14,2027-02-14,6011,Interest Income,0.0,71.27,-71.27
AE_ACCRUAL_LN000059_12_DR,ACCRUAL_LN000059_12,LN000059,interest_accrual,2027-03-14,2027-03-14,1132,Interest Receivable,71.27,0.0,71.27
AE_ACCRUAL_LN000059_12_CR,ACCRUAL_LN000059_12,LN000059,interest_accrual,2027-03-14,2027-03-14,6011,Interest Income,0.0,71.27,-71.27
AE_ACCRUAL_LN000059_13_DR,ACCRUAL_LN000059_13,LN000059,interest_accrual,2027-04-14,2027-04-14,1132,Interest Receivable,71.27,0.0,71.27
AE_ACCRUAL_LN000059_13_CR,ACCRUAL_LN000059_13,LN000059,interest_accrual,2027-04-14,2027-04-14,6011,Interest Income,0.0,71.27,-71.27
AE_ACCRUAL_LN000059_14_DR,ACCRUAL_LN000059_14,LN000059,interest_accrual,2027-05-14,2027-05-14,1132,Interest Receivable,71.27,0.0,71.27
AE_ACCRUAL_LN000059_14_CR,ACCRUAL_LN000059_14,LN000059,interest_accrual,2027-05-14,2027-05-14,6011,Interest Income,0.0,71.27,-71.27
AE_ACCRUAL_LN000059_15_DR,ACCRUAL_LN000059_15,LN000059,interest_accrual,2027-06-14,2027-06-14,1132,Interest Receivable,71.27,0.0,71.27
AE_ACCRUAL_LN000059_15_CR,ACCRUAL_LN000059_15,LN000059,interest_accrual,2027-06-14,2027-06-14,6011,Interest Income,0.0,71.27,-71.27
AE_ACCRUAL_LN000059_16_DR,ACCRUAL_LN000059_16,LN000059,interest_accrual,2027-07-14,2027-07-14,1132,Interest Receivable,71.27,0.0,71.27
AE_ACCRUAL_LN000059_16_CR,ACCRUAL_LN000059_16,LN000059,interest_accrual,2027-07-14,2027-07-14,6011,Interest Income,0.0,71.27,-71.27
AE_ACCRUAL_LN000059_17_DR,ACCRUAL_LN000059_17,LN000059,interest_accrual,2027-08-14,2027-08-14,1132,Interest Receivable,71.27,0.0,71.27
AE_ACCRUAL_LN000059_17_CR,ACCRUAL_LN000059_17,LN000059,interest_accrual,2027-08-14,2027-08-14,6011,Interest Income,0.0,71.27,-71.27
AE_ACCRUAL_LN000059_18_DR,ACCRUAL_LN000059_18,LN000059,interest_accrual,2027-09-14,2027-09-14,1132,Interest Receivable,71.27,0.0,71.27
AE_ACCRUAL_LN000059_18_CR,ACCRUAL_LN000059_18,LN000059,interest_accrual,2027-09-14,2027-09-14,6011,Interest Income,0.0,71.27,-71.27
AE_ACCRUAL_LN000059_19_DR,ACCRUAL_LN000059_19,LN000059,interest_accrual,2027-10-14,2027-10-14,1132,Interest Receivable,71.27,0.0,71.27
AE_ACCRUAL_LN000059_19_CR,ACCRUAL_LN000059_19,LN000059,interest_accrual,2027-10-14,2027-10-14,6011,Interest Income,0.0,71.27,-71.27
AE_ACCRUAL_LN000059_20_DR,ACCRUAL_LN000059_20,LN000059,interest_accrual,2027-11-14,2027-11-14,1132,Interest Receivable,71.27,0.0,71.27
AE_ACCRUAL_LN000059_20_CR,ACCRUAL_LN000059_20,LN000059,interest_accrual,2027-11-14,2027-11-14,6011,Interest Income,0.0,71.27,-71.27
AE_ACCRUAL_LN000059_21_DR,ACCRUAL_LN000059_21,LN000059,interest_accrual,2027-12-14,2027-12-14,1132,Interest Receivable,71.27,0.0,71.27
AE_ACCRUAL_LN000059_21_CR,ACCRUAL_LN000059_21,LN000059,interest_accrual,2027-12-14,2027-12-14,6011,Interest Income,0.0,71.27,-71.27
AE_ACCRUAL_LN000059_22_DR,ACCRUAL_LN000059_22,LN000059,interest_accrual,2028-01-14,2028-01-14,1132,Interest Receivable,71.27,0.0,71.27
AE_ACCRUAL_LN000059_22_CR,ACCRUAL_LN000059_22,LN000059,interest_accrual,2028-01-14,2028-01-14,6011,Interest Income,0.0,71.27,-71.27
AE_ACCRUAL_LN000059_23_DR,ACCRUAL_LN000059_23,LN000059,interest_accrual,2028-02-14,2028-02-14,1132,Interest Receivable,71.27,0.0,71.27
AE_ACCRUAL_LN000059_23_CR,ACCRUAL_LN000059_23,LN000059,interest_accrual,2028-02-14,2028-02-14,6011,Interest Income,0.0,71.27,-71.27
AE_ACCRUAL_LN000059_24_DR,ACCRUAL_LN000059_24,LN000059,interest_accrual,2028-03-14,2028-03-14,1132,Interest Receivable,71.27,0.0,71.27
AE_ACCRUAL_LN000059_24_CR,ACCRUAL_LN000059_24,LN000059,interest_accrual,2028-03-14,2028-03-14,6011,Interest Income,0.0,71.27,-71.27
AE_ACCRUAL_LN000060_01_DR,ACCRUAL_LN000060_01,LN000060,interest_accrual,2026-02-28,2026-02-28,1132,Interest Receivable,85.25,0.0,85.25
AE_ACCRUAL_LN000060_01_CR,ACCRUAL_LN000060_01,LN000060,interest_accrual,2026-02-28,2026-02-28,6011,Interest Income,0.0,85.25,-85.25
AE_ACCRUAL_LN000060_02_DR,ACCRUAL_LN000060_02,LN000060,interest_accrual,2026-03-28,2026-03-28,1132,Interest Receivable,85.25,0.0,85.25
AE_ACCRUAL_LN000060_02_CR,ACCRUAL_LN000060_02,LN000060,interest_accrual,2026-03-28,2026-03-28,6011,Interest Income,0.0,85.25,-85.25
AE_ACCRUAL_LN000060_03_DR,ACCRUAL_LN000060_03,LN000060,interest_accrual,2026-04-28,2026-04-28,1132,Interest Receivable,85.25,0.0,85.25
AE_ACCRUAL_LN000060_03_CR,ACCRUAL_LN000060_03,LN000060,interest_accrual,2026-04-28,2026-04-28,6011,Interest Income,0.0,85.25,-85.25
AE_ACCRUAL_LN000060_04_DR,ACCRUAL_LN000060_04,LN000060,interest_accrual,2026-05-28,2026-05-28,1132,Interest Receivable,85.25,0.0,85.25
AE_ACCRUAL_LN000060_04_CR,ACCRUAL_LN000060_04,LN000060,interest_accrual,2026-05-28,2026-05-28,6011,Interest Income,0.0,85.25,-85.25
AE_ACCRUAL_LN000060_05_DR,ACCRUAL_LN000060_05,LN000060,interest_accrual,2026-06-28,2026-06-28,1132,Interest Receivable,85.25,0.0,85.25
AE_ACCRUAL_LN000060_05_CR,ACCRUAL_LN000060_05,LN000060,interest_accrual,2026-06-28,2026-06-28,6011,Interest Income,0.0,85.25,-85.25
AE_ACCRUAL_LN000060_06_DR,ACCRUAL_LN000060_06,LN000060,interest_accrual,2026-07-28,2026-07-28,1132,Interest Receivable,85.25,0.0,85.25
AE_ACCRUAL_LN000060_06_CR,ACCRUAL_LN000060_06,LN000060,interest_accrual,2026-07-28,2026-07-28,6011,Interest Income,0.0,85.25,-85.25
AE_ACCRUAL_LN000061_01_DR,ACCRUAL_LN000061_01,LN000061,interest_accrual,2026-02-24,2026-02-24,1132,Interest Receivable,79.88,0.0,79.88
AE_ACCRUAL_LN000061_01_CR,ACCRUAL_LN000061_01,LN000061,interest_accrual,2026-02-24,2026-02-24,6011,Interest Income,0.0,79.88,-79.88
AE_ACCRUAL_LN000061_02_DR,ACCRUAL_LN000061_02,LN000061,interest_accrual,2026-03-24,2026-03-24,1132,Interest Receivable,79.88,0.0,79.88
AE_ACCRUAL_LN000061_02_CR,ACCRUAL_LN000061_02,LN000061,interest_accrual,2026-03-24,2026-03-24,6011,Interest Income,0.0,79.88,-79.88
AE_ACCRUAL_LN000061_03_DR,ACCRUAL_LN000061_03,LN000061,interest_accrual,2026-04-24,2026-04-24,1132,Interest Receivable,79.88,0.0,79.88
AE_ACCRUAL_LN000061_03_CR,ACCRUAL_LN000061_03,LN000061,interest_accrual,2026-04-24,2026-04-24,6011,Interest Income,0.0,79.88,-79.88
AE_ACCRUAL_LN000061_04_DR,ACCRUAL_LN000061_04,LN000061,interest_accrual,2026-05-24,2026-05-24,1132,Interest Receivable,79.88,0.0,79.88
AE_ACCRUAL_LN000061_04_CR,ACCRUAL_LN000061_04,LN000061,interest_accrual,2026-05-24,2026-05-24,6011,Interest Income,0.0,79.88,-79.88
AE_ACCRUAL_LN000061_05_DR,ACCRUAL_LN000061_05,LN000061,interest_accrual,2026-06-24,2026-06-24,1132,Interest Receivable,79.88,0.0,79.88
AE_ACCRUAL_LN000061_05_CR,ACCRUAL_LN000061_05,LN000061,interest_accrual,2026-06-24,2026-06-24,6011,Interest Income,0.0,79.88,-79.88
AE_ACCRUAL_LN000061_06_DR,ACCRUAL_LN000061_06,LN000061,interest_accrual,2026-07-24,2026-07-24,1132,Interest Receivable,79.88,0.0,79.88
AE_ACCRUAL_LN000061_06_CR,ACCRUAL_LN000061_06,LN000061,interest_accrual,2026-07-24,2026-07-24,6011,Interest Income,0.0,79.88,-79.88
AE_ACCRUAL_LN000061_07_DR,ACCRUAL_LN000061_07,LN000061,interest_accrual,2026-08-24,2026-08-24,1132,Interest Receivable,79.88,0.0,79.88
AE_ACCRUAL_LN000061_07_CR,ACCRUAL_LN000061_07,LN000061,interest_accrual,2026-08-24,2026-08-24,6011,Interest Income,0.0,79.88,-79.88
AE_ACCRUAL_LN000061_08_DR,ACCRUAL_LN000061_08,LN000061,interest_accrual,2026-09-24,2026-09-24,1132,Interest Receivable,79.88,0.0,79.88
AE_ACCRUAL_LN000061_08_CR,ACCRUAL_LN000061_08,LN000061,interest_accrual,2026-09-24,2026-09-24,6011,Interest Income,0.0,79.88,-79.88
AE_ACCRUAL_LN000061_09_DR,ACCRUAL_LN000061_09,LN000061,interest_accrual,2026-10-24,2026-10-24,1132,Interest Receivable,79.88,0.0,79.88
AE_ACCRUAL_LN000061_09_CR,ACCRUAL_LN000061_09,LN000061,interest_accrual,2026-10-24,2026-10-24,6011,Interest Income,0.0,79.88,-79.88
AE_ACCRUAL_LN000061_10_DR,ACCRUAL_LN000061_10,LN000061,interest_accrual,2026-11-24,2026-11-24,1132,Interest Receivable,79.88,0.0,79.88
AE_ACCRUAL_LN000061_10_CR,ACCRUAL_LN000061_10,LN000061,interest_accrual,2026-11-24,2026-11-24,6011,Interest Income,0.0,79.88,-79.88
AE_ACCRUAL_LN000061_11_DR,ACCRUAL_LN000061_11,LN000061,interest_accrual,2026-12-24,2026-12-24,1132,Interest Receivable,79.88,0.0,79.88
AE_ACCRUAL_LN000061_11_CR,ACCRUAL_LN000061_11,LN000061,interest_accrual,2026-12-24,2026-12-24,6011,Interest Income,0.0,79.88,-79.88
AE_ACCRUAL_LN000061_12_DR,ACCRUAL_LN000061_12,LN000061,interest_accrual,2027-01-24,2027-01-24,1132,Interest Receivable,79.88,0.0,79.88
AE_ACCRUAL_LN000061_12_CR,ACCRUAL_LN000061_12,LN000061,interest_accrual,2027-01-24,2027-01-24,6011,Interest Income,0.0,79.88,-79.88
AE_ACCRUAL_LN000061_13_DR,ACCRUAL_LN000061_13,LN000061,interest_accrual,2027-02-24,2027-02-24,1132,Interest Receivable,79.88,0.0,79.88
AE_ACCRUAL_LN000061_13_CR,ACCRUAL_LN000061_13,LN000061,interest_accrual,2027-02-24,2027-02-24,6011,Interest Income,0.0,79.88,-79.88
AE_ACCRUAL_LN000061_14_DR,ACCRUAL_LN000061_14,LN000061,interest_accrual,2027-03-24,2027-03-24,1132,Interest Receivable,79.88,0.0,79.88
AE_ACCRUAL_LN000061_14_CR,ACCRUAL_LN000061_14,LN000061,interest_accrual,2027-03-24,2027-03-24,6011,Interest Income,0.0,79.88,-79.88
AE_ACCRUAL_LN000061_15_DR,ACCRUAL_LN000061_15,LN000061,interest_accrual,2027-04-24,2027-04-24,1132,Interest Receivable,79.88,0.0,79.88
AE_ACCRUAL_LN000061_15_CR,ACCRUAL_LN000061_15,LN000061,interest_accrual,2027-04-24,2027-04-24,6011,Interest Income,0.0,79.88,-79.88
AE_ACCRUAL_LN000061_16_DR,ACCRUAL_LN000061_16,LN000061,interest_accrual,2027-05-24,2027-05-24,1132,Interest Receivable,79.88,0.0,79.88
AE_ACCRUAL_LN000061_16_CR,ACCRUAL_LN000061_16,LN000061,interest_accrual,2027-05-24,2027-05-24,6011,Interest Income,0.0,79.88,-79.88
AE_ACCRUAL_LN000061_17_DR,ACCRUAL_LN000061_17,LN000061,interest_accrual,2027-06-24,2027-06-24,1132,Interest Receivable,79.88,0.0,79.88
AE_ACCRUAL_LN000061_17_CR,ACCRUAL_LN000061_17,LN000061,interest_accrual,2027-06-24,2027-06-24,6011,Interest Income,0.0,79.88,-79.88
AE_ACCRUAL_LN000061_18_DR,ACCRUAL_LN000061_18,LN000061,interest_accrual,2027-07-24,2027-07-24,1132,Interest Receivable,79.88,0.0,79.88
AE_ACCRUAL_LN000061_18_CR,ACCRUAL_LN000061_18,LN000061,interest_accrual,2027-07-24,2027-07-24,6011,Interest Income,0.0,79.88,-79.88
AE_ACCRUAL_LN000061_19_DR,ACCRUAL_LN000061_19,LN000061,interest_accrual,2027-08-24,2027-08-24,1132,Interest Receivable,79.88,0.0,79.88
AE_ACCRUAL_LN000061_19_CR,ACCRUAL_LN000061_19,LN000061,interest_accrual,2027-08-24,2027-08-24,6011,Interest Income,0.0,79.88,-79.88
AE_ACCRUAL_LN000061_20_DR,ACCRUAL_LN000061_20,LN000061,interest_accrual,2027-09-24,2027-09-24,1132,Interest Receivable,79.88,0.0,79.88
AE_ACCRUAL_LN000061_20_CR,ACCRUAL_LN000061_20,LN000061,interest_accrual,2027-09-24,2027-09-24,6011,Interest Income,0.0,79.88,-79.88
AE_ACCRUAL_LN000061_21_DR,ACCRUAL_LN000061_21,LN000061,interest_accrual,2027-10-24,2027-10-24,1132,Interest Receivable,79.88,0.0,79.88
AE_ACCRUAL_LN000061_21_CR,ACCRUAL_LN000061_21,LN000061,interest_accrual,2027-10-24,2027-10-24,6011,Interest Income,0.0,79.88,-79.88
AE_ACCRUAL_LN000061_22_DR,ACCRUAL_LN000061_22,LN000061,interest_accrual,2027-11-24,2027-11-24,1132,Interest Receivable,79.88,0.0,79.88
AE_ACCRUAL_LN000061_22_CR,ACCRUAL_LN000061_22,LN000061,interest_accrual,2027-11-24,2027-11-24,6011,Interest Income,0.0,79.88,-79.88
AE_ACCRUAL_LN000061_23_DR,ACCRUAL_LN000061_23,LN000061,interest_accrual,2027-12-24,2027-12-24,1132,Interest Receivable,79.88,0.0,79.88
AE_ACCRUAL_LN000061_23_CR,ACCRUAL_LN000061_23,LN000061,interest_accrual,2027-12-24,2027-12-24,6011,Interest Income,0.0,79.88,-79.88
AE_ACCRUAL_LN000061_24_DR,ACCRUAL_LN000061_24,LN000061,interest_accrual,2028-01-24,2028-01-24,1132,Interest Receivable,79.88,0.0,79.88
AE_ACCRUAL_LN000061_24_CR,ACCRUAL_LN000061_24,LN000061,interest_accrual,2028-01-24,2028-01-24,6011,Interest Income,0.0,79.88,-79.88
AE_ACCRUAL_LN000062_01_DR,ACCRUAL_LN000062_01,LN000062,interest_accrual,2026-02-23,2026-02-23,1132,Interest Receivable,171.5,0.0,171.5
AE_ACCRUAL_LN000062_01_CR,ACCRUAL_LN000062_01,LN000062,interest_accrual,2026-02-23,2026-02-23,6011,Interest Income,0.0,171.5,-171.5
AE_ACCRUAL_LN000062_02_DR,ACCRUAL_LN000062_02,LN000062,interest_accrual,2026-03-23,2026-03-23,1132,Interest Receivable,171.5,0.0,171.5
AE_ACCRUAL_LN000062_02_CR,ACCRUAL_LN000062_02,LN000062,interest_accrual,2026-03-23,2026-03-23,6011,Interest Income,0.0,171.5,-171.5
AE_ACCRUAL_LN000062_03_DR,ACCRUAL_LN000062_03,LN000062,interest_accrual,2026-04-23,2026-04-23,1132,Interest Receivable,171.5,0.0,171.5
AE_ACCRUAL_LN000062_03_CR,ACCRUAL_LN000062_03,LN000062,interest_accrual,2026-04-23,2026-04-23,6011,Interest Income,0.0,171.5,-171.5
AE_ACCRUAL_LN000062_04_DR,ACCRUAL_LN000062_04,LN000062,interest_accrual,2026-05-23,2026-05-23,1132,Interest Receivable,171.5,0.0,171.5
AE_ACCRUAL_LN000062_04_CR,ACCRUAL_LN000062_04,LN000062,interest_accrual,2026-05-23,2026-05-23,6011,Interest Income,0.0,171.5,-171.5
AE_ACCRUAL_LN000062_05_DR,ACCRUAL_LN000062_05,LN000062,interest_accrual,2026-06-23,2026-06-23,1132,Interest Receivable,171.5,0.0,171.5
AE_ACCRUAL_LN000062_05_CR,ACCRUAL_LN000062_05,LN000062,interest_accrual,2026-06-23,2026-06-23,6011,Interest Income,0.0,171.5,-171.5
AE_ACCRUAL_LN000062_06_DR,ACCRUAL_LN000062_06,LN000062,interest_accrual,2026-07-23,2026-07-23,1132,Interest Receivable,171.5,0.0,171.5
AE_ACCRUAL_LN000062_06_CR,ACCRUAL_LN000062_06,LN000062,interest_accrual,2026-07-23,2026-07-23,6011,Interest Income,0.0,171.5,-171.5
AE_ACCRUAL_LN000062_07_DR,ACCRUAL_LN000062_07,LN000062,interest_accrual,2026-08-23,2026-08-23,1132,Interest Receivable,171.5,0.0,171.5
AE_ACCRUAL_LN000062_07_CR,ACCRUAL_LN000062_07,LN000062,interest_accrual,2026-08-23,2026-08-23,6011,Interest Income,0.0,171.5,-171.5
AE_ACCRUAL_LN000062_08_DR,ACCRUAL_LN000062_08,LN000062,interest_accrual,2026-09-23,2026-09-23,1132,Interest Receivable,171.5,0.0,171.5
AE_ACCRUAL_LN000062_08_CR,ACCRUAL_LN000062_08,LN000062,interest_accrual,2026-09-23,2026-09-23,6011,Interest Income,0.0,171.5,-171.5
AE_ACCRUAL_LN000062_09_DR,ACCRUAL_LN000062_09,LN000062,interest_accrual,2026-10-23,2026-10-23,1132,Interest Receivable,171.5,0.0,171.5
AE_ACCRUAL_LN000062_09_CR,ACCRUAL_LN000062_09,LN000062,interest_accrual,2026-10-23,2026-10-23,6011,Interest Income,0.0,171.5,-171.5
AE_ACCRUAL_LN000062_10_DR,ACCRUAL_LN000062_10,LN000062,interest_accrual,2026-11-23,2026-11-23,1132,Interest Receivable,171.5,0.0,171.5
AE_ACCRUAL_LN000062_10_CR,ACCRUAL_LN000062_10,LN000062,interest_accrual,2026-11-23,2026-11-23,6011,Interest Income,0.0,171.5,-171.5
AE_ACCRUAL_LN000062_11_DR,ACCRUAL_LN000062_11,LN000062,interest_accrual,2026-12-23,2026-12-23,1132,Interest Receivable,171.5,0.0,171.5
AE_ACCRUAL_LN000062_11_CR,ACCRUAL_LN000062_11,LN000062,interest_accrual,2026-12-23,2026-12-23,6011,Interest Income,0.0,171.5,-171.5
AE_ACCRUAL_LN000062_12_DR,ACCRUAL_LN000062_12,LN000062,interest_accrual,2027-01-23,2027-01-23,1132,Interest Receivable,171.5,0.0,171.5
AE_ACCRUAL_LN000062_12_CR,ACCRUAL_LN000062_12,LN000062,interest_accrual,2027-01-23,2027-01-23,6011,Interest Income,0.0,171.5,-171.5
AE_ACCRUAL_LN000062_13_DR,ACCRUAL_LN000062_13,LN000062,interest_accrual,2027-02-23,2027-02-23,1132,Interest Receivable,171.5,0.0,171.5
AE_ACCRUAL_LN000062_13_CR,ACCRUAL_LN000062_13,LN000062,interest_accrual,2027-02-23,2027-02-23,6011,Interest Income,0.0,171.5,-171.5
AE_ACCRUAL_LN000062_14_DR,ACCRUAL_LN000062_14,LN000062,interest_accrual,2027-03-23,2027-03-23,1132,Interest Receivable,171.5,0.0,171.5
AE_ACCRUAL_LN000062_14_CR,ACCRUAL_LN000062_14,LN000062,interest_accrual,2027-03-23,2027-03-23,6011,Interest Income,0.0,171.5,-171.5
AE_ACCRUAL_LN000062_15_DR,ACCRUAL_LN000062_15,LN000062,interest_accrual,2027-04-23,2027-04-23,1132,Interest Receivable,171.5,0.0,171.5
AE_ACCRUAL_LN000062_15_CR,ACCRUAL_LN000062_15,LN000062,interest_accrual,2027-04-23,2027-04-23,6011,Interest Income,0.0,171.5,-171.5
AE_ACCRUAL_LN000062_16_DR,ACCRUAL_LN000062_16,LN000062,interest_accrual,2027-05-23,2027-05-23,1132,Interest Receivable,171.5,0.0,171.5
AE_ACCRUAL_LN000062_16_CR,ACCRUAL_LN000062_16,LN000062,interest_accrual,2027-05-23,2027-05-23,6011,Interest Income,0.0,171.5,-171.5
AE_ACCRUAL_LN000062_17_DR,ACCRUAL_LN000062_17,LN000062,interest_accrual,2027-06-23,2027-06-23,1132,Interest Receivable,171.5,0.0,171.5
AE_ACCRUAL_LN000062_17_CR,ACCRUAL_LN000062_17,LN000062,interest_accrual,2027-06-23,2027-06-23,6011,Interest Income,0.0,171.5,-171.5
AE_ACCRUAL_LN000062_18_DR,ACCRUAL_LN000062_18,LN000062,interest_accrual,2027-07-23,2027-07-23,1132,Interest Receivable,171.5,0.0,171.5
AE_ACCRUAL_LN000062_18_CR,ACCRUAL_LN000062_18,LN000062,interest_accrual,2027-07-23,2027-07-23,6011,Interest Income,0.0,171.5,-171.5
AE_ACCRUAL_LN000062_19_DR,ACCRUAL_LN000062_19,LN000062,interest_accrual,2027-08-23,2027-08-23,1132,Interest Receivable,171.5,0.0,171.5
AE_ACCRUAL_LN000062_19_CR,ACCRUAL_LN000062_19,LN000062,interest_accrual,2027-08-23,2027-08-23,6011,Interest Income,0.0,171.5,-171.5
AE_ACCRUAL_LN000062_20_DR,ACCRUAL_LN000062_20,LN000062,interest_accrual,2027-09-23,2027-09-23,1132,Interest Receivable,171.5,0.0,171.5
AE_ACCRUAL_LN000062_20_CR,ACCRUAL_LN000062_20,LN000062,interest_accrual,2027-09-23,2027-09-23,6011,Interest Income,0.0,171.5,-171.5
AE_ACCRUAL_LN000062_21_DR,ACCRUAL_LN000062_21,LN000062,interest_accrual,2027-10-23,2027-10-23,1132,Interest Receivable,171.5,0.0,171.5
AE_ACCRUAL_LN000062_21_CR,ACCRUAL_LN000062_21,LN000062,interest_accrual,2027-10-23,2027-10-23,6011,Interest Income,0.0,171.5,-171.5
AE_ACCRUAL_LN000062_22_DR,ACCRUAL_LN000062_22,LN000062,interest_accrual,2027-11-23,2027-11-23,1132,Interest Receivable,171.5,0.0,171.5
AE_ACCRUAL_LN000062_22_CR,ACCRUAL_LN000062_22,LN000062,interest_accrual,2027-11-23,2027-11-23,6011,Interest Income,0.0,171.5,-171.5
AE_ACCRUAL_LN000062_23_DR,ACCRUAL_LN000062_23,LN000062,interest_accrual,2027-12-23,2027-12-23,1132,Interest Receivable,171.5,0.0,171.5
AE_ACCRUAL_LN000062_23_CR,ACCRUAL_LN000062_23,LN000062,interest_accrual,2027-12-23,2027-12-23,6011,Interest Income,0.0,171.5,-171.5
AE_ACCRUAL_LN000062_24_DR,ACCRUAL_LN000062_24,LN000062,interest_accrual,2028-01-23,2028-01-23,1132,Interest Receivable,171.5,0.0,171.5
AE_ACCRUAL_LN000062_24_CR,ACCRUAL_LN000062_24,LN000062,interest_accrual,2028-01-23,2028-01-23,6011,Interest Income,0.0,171.5,-171.5
AE_ACCRUAL_LN000062_25_DR,ACCRUAL_LN000062_25,LN000062,interest_accrual,2028-02-23,2028-02-23,1132,Interest Receivable,171.5,0.0,171.5
AE_ACCRUAL_LN000062_25_CR,ACCRUAL_LN000062_25,LN000062,interest_accrual,2028-02-23,2028-02-23,6011,Interest Income,0.0,171.5,-171.5
AE_ACCRUAL_LN000062_26_DR,ACCRUAL_LN000062_26,LN000062,interest_accrual,2028-03-23,2028-03-23,1132,Interest Receivable,171.5,0.0,171.5
AE_ACCRUAL_LN000062_26_CR,ACCRUAL_LN000062_26,LN000062,interest_accrual,2028-03-23,2028-03-23,6011,Interest Income,0.0,171.5,-171.5
AE_ACCRUAL_LN000062_27_DR,ACCRUAL_LN000062_27,LN000062,interest_accrual,2028-04-23,2028-04-23,1132,Interest Receivable,171.5,0.0,171.5
AE_ACCRUAL_LN000062_27_CR,ACCRUAL_LN000062_27,LN000062,interest_accrual,2028-04-23,2028-04-23,6011,Interest Income,0.0,171.5,-171.5
AE_ACCRUAL_LN000062_28_DR,ACCRUAL_LN000062_28,LN000062,interest_accrual,2028-05-23,2028-05-23,1132,Interest Receivable,171.5,0.0,171.5
AE_ACCRUAL_LN000062_28_CR,ACCRUAL_LN000062_28,LN000062,interest_accrual,2028-05-23,2028-05-23,6011,Interest Income,0.0,171.5,-171.5
AE_ACCRUAL_LN000062_29_DR,ACCRUAL_LN000062_29,LN000062,interest_accrual,2028-06-23,2028-06-23,1132,Interest Receivable,171.5,0.0,171.5
AE_ACCRUAL_LN000062_29_CR,ACCRUAL_LN000062_29,LN000062,interest_accrual,2028-06-23,2028-06-23,6011,Interest Income,0.0,171.5,-171.5
AE_ACCRUAL_LN000062_30_DR,ACCRUAL_LN000062_30,LN000062,interest_accrual,2028-07-23,2028-07-23,1132,Interest Receivable,171.5,0.0,171.5
AE_ACCRUAL_LN000062_30_CR,ACCRUAL_LN000062_30,LN000062,interest_accrual,2028-07-23,2028-07-23,6011,Interest Income,0.0,171.5,-171.5
AE_ACCRUAL_LN000062_31_DR,ACCRUAL_LN000062_31,LN000062,interest_accrual,2028-08-23,2028-08-23,1132,Interest Receivable,171.5,0.0,171.5
AE_ACCRUAL_LN000062_31_CR,ACCRUAL_LN000062_31,LN000062,interest_accrual,2028-08-23,2028-08-23,6011,Interest Income,0.0,171.5,-171.5
AE_ACCRUAL_LN000062_32_DR,ACCRUAL_LN000062_32,LN000062,interest_accrual,2028-09-23,2028-09-23,1132,Interest Receivable,171.5,0.0,171.5
AE_ACCRUAL_LN000062_32_CR,ACCRUAL_LN000062_32,LN000062,interest_accrual,2028-09-23,2028-09-23,6011,Interest Income,0.0,171.5,-171.5
AE_ACCRUAL_LN000062_33_DR,ACCRUAL_LN000062_33,LN000062,interest_accrual,2028-10-23,2028-10-23,1132,Interest Receivable,171.5,0.0,171.5
AE_ACCRUAL_LN000062_33_CR,ACCRUAL_LN000062_33,LN000062,interest_accrual,2028-10-23,2028-10-23,6011,Interest Income,0.0,171.5,-171.5
AE_ACCRUAL_LN000062_34_DR,ACCRUAL_LN000062_34,LN000062,interest_accrual,2028-11-23,2028-11-23,1132,Interest Receivable,171.5,0.0,171.5
AE_ACCRUAL_LN000062_34_CR,ACCRUAL_LN000062_34,LN000062,interest_accrual,2028-11-23,2028-11-23,6011,Interest Income,0.0,171.5,-171.5
AE_ACCRUAL_LN000062_35_DR,ACCRUAL_LN000062_35,LN000062,interest_accrual,2028-12-23,2028-12-23,1132,Interest Receivable,171.5,0.0,171.5
AE_ACCRUAL_LN000062_35_CR,ACCRUAL_LN000062_35,LN000062,interest_accrual,2028-12-23,2028-12-23,6011,Interest Income,0.0,171.5,-171.5
AE_ACCRUAL_LN000062_36_DR,ACCRUAL_LN000062_36,LN000062,interest_accrual,2029-01-23,2029-01-23,1132,Interest Receivable,171.5,0.0,171.5
AE_ACCRUAL_LN000062_36_CR,ACCRUAL_LN000062_36,LN000062,interest_accrual,2029-01-23,2029-01-23,6011,Interest Income,0.0,171.5,-171.5
AE_ACCRUAL_LN000063_01_DR,ACCRUAL_LN000063_01,LN000063,interest_accrual,2026-02-17,2026-02-17,1132,Interest Receivable,261.0,0.0,261.0
AE_ACCRUAL_LN000063_01_CR,ACCRUAL_LN000063_01,LN000063,interest_accrual,2026-02-17,2026-02-17,6011,Interest Income,0.0,261.0,-261.0
AE_ACCRUAL_LN000063_02_DR,ACCRUAL_LN000063_02,LN000063,interest_accrual,2026-03-17,2026-03-17,1132,Interest Receivable,261.0,0.0,261.0
AE_ACCRUAL_LN000063_02_CR,ACCRUAL_LN000063_02,LN000063,interest_accrual,2026-03-17,2026-03-17,6011,Interest Income,0.0,261.0,-261.0
AE_ACCRUAL_LN000063_03_DR,ACCRUAL_LN000063_03,LN000063,interest_accrual,2026-04-17,2026-04-17,1132,Interest Receivable,261.0,0.0,261.0
AE_ACCRUAL_LN000063_03_CR,ACCRUAL_LN000063_03,LN000063,interest_accrual,2026-04-17,2026-04-17,6011,Interest Income,0.0,261.0,-261.0
AE_ACCRUAL_LN000063_04_DR,ACCRUAL_LN000063_04,LN000063,interest_accrual,2026-05-17,2026-05-17,1132,Interest Receivable,261.0,0.0,261.0
AE_ACCRUAL_LN000063_04_CR,ACCRUAL_LN000063_04,LN000063,interest_accrual,2026-05-17,2026-05-17,6011,Interest Income,0.0,261.0,-261.0
AE_ACCRUAL_LN000063_05_DR,ACCRUAL_LN000063_05,LN000063,interest_accrual,2026-06-17,2026-06-17,1132,Interest Receivable,261.0,0.0,261.0
AE_ACCRUAL_LN000063_05_CR,ACCRUAL_LN000063_05,LN000063,interest_accrual,2026-06-17,2026-06-17,6011,Interest Income,0.0,261.0,-261.0
AE_ACCRUAL_LN000063_06_DR,ACCRUAL_LN000063_06,LN000063,interest_accrual,2026-07-17,2026-07-17,1132,Interest Receivable,261.0,0.0,261.0
AE_ACCRUAL_LN000063_06_CR,ACCRUAL_LN000063_06,LN000063,interest_accrual,2026-07-17,2026-07-17,6011,Interest Income,0.0,261.0,-261.0
AE_ACCRUAL_LN000063_07_DR,ACCRUAL_LN000063_07,LN000063,interest_accrual,2026-08-17,2026-08-17,1132,Interest Receivable,261.0,0.0,261.0
AE_ACCRUAL_LN000063_07_CR,ACCRUAL_LN000063_07,LN000063,interest_accrual,2026-08-17,2026-08-17,6011,Interest Income,0.0,261.0,-261.0
AE_ACCRUAL_LN000063_08_DR,ACCRUAL_LN000063_08,LN000063,interest_accrual,2026-09-17,2026-09-17,1132,Interest Receivable,261.0,0.0,261.0
AE_ACCRUAL_LN000063_08_CR,ACCRUAL_LN000063_08,LN000063,interest_accrual,2026-09-17,2026-09-17,6011,Interest Income,0.0,261.0,-261.0
AE_ACCRUAL_LN000063_09_DR,ACCRUAL_LN000063_09,LN000063,interest_accrual,2026-10-17,2026-10-17,1132,Interest Receivable,261.0,0.0,261.0
AE_ACCRUAL_LN000063_09_CR,ACCRUAL_LN000063_09,LN000063,interest_accrual,2026-10-17,2026-10-17,6011,Interest Income,0.0,261.0,-261.0
AE_ACCRUAL_LN000063_10_DR,ACCRUAL_LN000063_10,LN000063,interest_accrual,2026-11-17,2026-11-17,1132,Interest Receivable,261.0,0.0,261.0
AE_ACCRUAL_LN000063_10_CR,ACCRUAL_LN000063_10,LN000063,interest_accrual,2026-11-17,2026-11-17,6011,Interest Income,0.0,261.0,-261.0
AE_ACCRUAL_LN000063_11_DR,ACCRUAL_LN000063_11,LN000063,interest_accrual,2026-12-17,2026-12-17,1132,Interest Receivable,261.0,0.0,261.0
AE_ACCRUAL_LN000063_11_CR,ACCRUAL_LN000063_11,LN000063,interest_accrual,2026-12-17,2026-12-17,6011,Interest Income,0.0,261.0,-261.0
AE_ACCRUAL_LN000063_12_DR,ACCRUAL_LN000063_12,LN000063,interest_accrual,2027-01-17,2027-01-17,1132,Interest Receivable,261.0,0.0,261.0
AE_ACCRUAL_LN000063_12_CR,ACCRUAL_LN000063_12,LN000063,interest_accrual,2027-01-17,2027-01-17,6011,Interest Income,0.0,261.0,-261.0
AE_ACCRUAL_LN000063_13_DR,ACCRUAL_LN000063_13,LN000063,interest_accrual,2027-02-17,2027-02-17,1132,Interest Receivable,261.0,0.0,261.0
AE_ACCRUAL_LN000063_13_CR,ACCRUAL_LN000063_13,LN000063,interest_accrual,2027-02-17,2027-02-17,6011,Interest Income,0.0,261.0,-261.0
AE_ACCRUAL_LN000063_14_DR,ACCRUAL_LN000063_14,LN000063,interest_accrual,2027-03-17,2027-03-17,1132,Interest Receivable,261.0,0.0,261.0
AE_ACCRUAL_LN000063_14_CR,ACCRUAL_LN000063_14,LN000063,interest_accrual,2027-03-17,2027-03-17,6011,Interest Income,0.0,261.0,-261.0
AE_ACCRUAL_LN000063_15_DR,ACCRUAL_LN000063_15,LN000063,interest_accrual,2027-04-17,2027-04-17,1132,Interest Receivable,261.0,0.0,261.0
AE_ACCRUAL_LN000063_15_CR,ACCRUAL_LN000063_15,LN000063,interest_accrual,2027-04-17,2027-04-17,6011,Interest Income,0.0,261.0,-261.0
AE_ACCRUAL_LN000063_16_DR,ACCRUAL_LN000063_16,LN000063,interest_accrual,2027-05-17,2027-05-17,1132,Interest Receivable,261.0,0.0,261.0
AE_ACCRUAL_LN000063_16_CR,ACCRUAL_LN000063_16,LN000063,interest_accrual,2027-05-17,2027-05-17,6011,Interest Income,0.0,261.0,-261.0
AE_ACCRUAL_LN000063_17_DR,ACCRUAL_LN000063_17,LN000063,interest_accrual,2027-06-17,2027-06-17,1132,Interest Receivable,261.0,0.0,261.0
AE_ACCRUAL_LN000063_17_CR,ACCRUAL_LN000063_17,LN000063,interest_accrual,2027-06-17,2027-06-17,6011,Interest Income,0.0,261.0,-261.0
AE_ACCRUAL_LN000063_18_DR,ACCRUAL_LN000063_18,LN000063,interest_accrual,2027-07-17,2027-07-17,1132,Interest Receivable,261.0,0.0,261.0
AE_ACCRUAL_LN000063_18_CR,ACCRUAL_LN000063_18,LN000063,interest_accrual,2027-07-17,2027-07-17,6011,Interest Income,0.0,261.0,-261.0
AE_ACCRUAL_LN000063_19_DR,ACCRUAL_LN000063_19,LN000063,interest_accrual,2027-08-17,2027-08-17,1132,Interest Receivable,261.0,0.0,261.0
AE_ACCRUAL_LN000063_19_CR,ACCRUAL_LN000063_19,LN000063,interest_accrual,2027-08-17,2027-08-17,6011,Interest Income,0.0,261.0,-261.0
AE_ACCRUAL_LN000063_20_DR,ACCRUAL_LN000063_20,LN000063,interest_accrual,2027-09-17,2027-09-17,1132,Interest Receivable,261.0,0.0,261.0
AE_ACCRUAL_LN000063_20_CR,ACCRUAL_LN000063_20,LN000063,interest_accrual,2027-09-17,2027-09-17,6011,Interest Income,0.0,261.0,-261.0
AE_ACCRUAL_LN000063_21_DR,ACCRUAL_LN000063_21,LN000063,interest_accrual,2027-10-17,2027-10-17,1132,Interest Receivable,261.0,0.0,261.0
AE_ACCRUAL_LN000063_21_CR,ACCRUAL_LN000063_21,LN000063,interest_accrual,2027-10-17,2027-10-17,6011,Interest Income,0.0,261.0,-261.0
AE_ACCRUAL_LN000063_22_DR,ACCRUAL_LN000063_22,LN000063,interest_accrual,2027-11-17,2027-11-17,1132,Interest Receivable,261.0,0.0,261.0
AE_ACCRUAL_LN000063_22_CR,ACCRUAL_LN000063_22,LN000063,interest_accrual,2027-11-17,2027-11-17,6011,Interest Income,0.0,261.0,-261.0
AE_ACCRUAL_LN000063_23_DR,ACCRUAL_LN000063_23,LN000063,interest_accrual,2027-12-17,2027-12-17,1132,Interest Receivable,261.0,0.0,261.0
AE_ACCRUAL_LN000063_23_CR,ACCRUAL_LN000063_23,LN000063,interest_accrual,2027-12-17,2027-12-17,6011,Interest Income,0.0,261.0,-261.0
AE_ACCRUAL_LN000063_24_DR,ACCRUAL_LN000063_24,LN000063,interest_accrual,2028-01-17,2028-01-17,1132,Interest Receivable,261.0,0.0,261.0
AE_ACCRUAL_LN000063_24_CR,ACCRUAL_LN000063_24,LN000063,interest_accrual,2028-01-17,2028-01-17,6011,Interest Income,0.0,261.0,-261.0
AE_ACCRUAL_LN000063_25_DR,ACCRUAL_LN000063_25,LN000063,interest_accrual,2028-02-17,2028-02-17,1132,Interest Receivable,261.0,0.0,261.0
AE_ACCRUAL_LN000063_25_CR,ACCRUAL_LN000063_25,LN000063,interest_accrual,2028-02-17,2028-02-17,6011,Interest Income,0.0,261.0,-261.0
AE_ACCRUAL_LN000063_26_DR,ACCRUAL_LN000063_26,LN000063,interest_accrual,2028-03-17,2028-03-17,1132,Interest Receivable,261.0,0.0,261.0
AE_ACCRUAL_LN000063_26_CR,ACCRUAL_LN000063_26,LN000063,interest_accrual,2028-03-17,2028-03-17,6011,Interest Income,0.0,261.0,-261.0
AE_ACCRUAL_LN000063_27_DR,ACCRUAL_LN000063_27,LN000063,interest_accrual,2028-04-17,2028-04-17,1132,Interest Receivable,261.0,0.0,261.0
AE_ACCRUAL_LN000063_27_CR,ACCRUAL_LN000063_27,LN000063,interest_accrual,2028-04-17,2028-04-17,6011,Interest Income,0.0,261.0,-261.0
AE_ACCRUAL_LN000063_28_DR,ACCRUAL_LN000063_28,LN000063,interest_accrual,2028-05-17,2028-05-17,1132,Interest Receivable,261.0,0.0,261.0
AE_ACCRUAL_LN000063_28_CR,ACCRUAL_LN000063_28,LN000063,interest_accrual,2028-05-17,2028-05-17,6011,Interest Income,0.0,261.0,-261.0
AE_ACCRUAL_LN000063_29_DR,ACCRUAL_LN000063_29,LN000063,interest_accrual,2028-06-17,2028-06-17,1132,Interest Receivable,261.0,0.0,261.0
AE_ACCRUAL_LN000063_29_CR,ACCRUAL_LN000063_29,LN000063,interest_accrual,2028-06-17,2028-06-17,6011,Interest Income,0.0,261.0,-261.0
AE_ACCRUAL_LN000063_30_DR,ACCRUAL_LN000063_30,LN000063,interest_accrual,2028-07-17,2028-07-17,1132,Interest Receivable,261.0,0.0,261.0
AE_ACCRUAL_LN000063_30_CR,ACCRUAL_LN000063_30,LN000063,interest_accrual,2028-07-17,2028-07-17,6011,Interest Income,0.0,261.0,-261.0
AE_ACCRUAL_LN000063_31_DR,ACCRUAL_LN000063_31,LN000063,interest_accrual,2028-08-17,2028-08-17,1132,Interest Receivable,261.0,0.0,261.0
AE_ACCRUAL_LN000063_31_CR,ACCRUAL_LN000063_31,LN000063,interest_accrual,2028-08-17,2028-08-17,6011,Interest Income,0.0,261.0,-261.0
AE_ACCRUAL_LN000063_32_DR,ACCRUAL_LN000063_32,LN000063,interest_accrual,2028-09-17,2028-09-17,1132,Interest Receivable,261.0,0.0,261.0
AE_ACCRUAL_LN000063_32_CR,ACCRUAL_LN000063_32,LN000063,interest_accrual,2028-09-17,2028-09-17,6011,Interest Income,0.0,261.0,-261.0
AE_ACCRUAL_LN000063_33_DR,ACCRUAL_LN000063_33,LN000063,interest_accrual,2028-10-17,2028-10-17,1132,Interest Receivable,261.0,0.0,261.0
AE_ACCRUAL_LN000063_33_CR,ACCRUAL_LN000063_33,LN000063,interest_accrual,2028-10-17,2028-10-17,6011,Interest Income,0.0,261.0,-261.0
AE_ACCRUAL_LN000063_34_DR,ACCRUAL_LN000063_34,LN000063,interest_accrual,2028-11-17,2028-11-17,1132,Interest Receivable,261.0,0.0,261.0
AE_ACCRUAL_LN000063_34_CR,ACCRUAL_LN000063_34,LN000063,interest_accrual,2028-11-17,2028-11-17,6011,Interest Income,0.0,261.0,-261.0
AE_ACCRUAL_LN000063_35_DR,ACCRUAL_LN000063_35,LN000063,interest_accrual,2028-12-17,2028-12-17,1132,Interest Receivable,261.0,0.0,261.0
AE_ACCRUAL_LN000063_35_CR,ACCRUAL_LN000063_35,LN000063,interest_accrual,2028-12-17,2028-12-17,6011,Interest Income,0.0,261.0,-261.0
AE_ACCRUAL_LN000063_36_DR,ACCRUAL_LN000063_36,LN000063,interest_accrual,2029-01-17,2029-01-17,1132,Interest Receivable,261.0,0.0,261.0
AE_ACCRUAL_LN000063_36_CR,ACCRUAL_LN000063_36,LN000063,interest_accrual,2029-01-17,2029-01-17,6011,Interest Income,0.0,261.0,-261.0
AE_ACCRUAL_LN000064_01_DR,ACCRUAL_LN000064_01,LN000064,interest_accrual,2026-02-12,2026-02-12,1132,Interest Receivable,63.67,0.0,63.67
AE_ACCRUAL_LN000064_01_CR,ACCRUAL_LN000064_01,LN000064,interest_accrual,2026-02-12,2026-02-12,6011,Interest Income,0.0,63.67,-63.67
AE_ACCRUAL_LN000064_02_DR,ACCRUAL_LN000064_02,LN000064,interest_accrual,2026-03-12,2026-03-12,1132,Interest Receivable,63.67,0.0,63.67
AE_ACCRUAL_LN000064_02_CR,ACCRUAL_LN000064_02,LN000064,interest_accrual,2026-03-12,2026-03-12,6011,Interest Income,0.0,63.67,-63.67
AE_ACCRUAL_LN000064_03_DR,ACCRUAL_LN000064_03,LN000064,interest_accrual,2026-04-12,2026-04-12,1132,Interest Receivable,63.67,0.0,63.67
AE_ACCRUAL_LN000064_03_CR,ACCRUAL_LN000064_03,LN000064,interest_accrual,2026-04-12,2026-04-12,6011,Interest Income,0.0,63.67,-63.67
AE_ACCRUAL_LN000064_04_DR,ACCRUAL_LN000064_04,LN000064,interest_accrual,2026-05-12,2026-05-12,1132,Interest Receivable,63.67,0.0,63.67
AE_ACCRUAL_LN000064_04_CR,ACCRUAL_LN000064_04,LN000064,interest_accrual,2026-05-12,2026-05-12,6011,Interest Income,0.0,63.67,-63.67
AE_ACCRUAL_LN000064_05_DR,ACCRUAL_LN000064_05,LN000064,interest_accrual,2026-06-12,2026-06-12,1132,Interest Receivable,63.67,0.0,63.67
AE_ACCRUAL_LN000064_05_CR,ACCRUAL_LN000064_05,LN000064,interest_accrual,2026-06-12,2026-06-12,6011,Interest Income,0.0,63.67,-63.67
AE_ACCRUAL_LN000064_06_DR,ACCRUAL_LN000064_06,LN000064,interest_accrual,2026-07-12,2026-07-12,1132,Interest Receivable,63.67,0.0,63.67
AE_ACCRUAL_LN000064_06_CR,ACCRUAL_LN000064_06,LN000064,interest_accrual,2026-07-12,2026-07-12,6011,Interest Income,0.0,63.67,-63.67
AE_ACCRUAL_LN000064_07_DR,ACCRUAL_LN000064_07,LN000064,interest_accrual,2026-08-12,2026-08-12,1132,Interest Receivable,63.67,0.0,63.67
AE_ACCRUAL_LN000064_07_CR,ACCRUAL_LN000064_07,LN000064,interest_accrual,2026-08-12,2026-08-12,6011,Interest Income,0.0,63.67,-63.67
AE_ACCRUAL_LN000064_08_DR,ACCRUAL_LN000064_08,LN000064,interest_accrual,2026-09-12,2026-09-12,1132,Interest Receivable,63.67,0.0,63.67
AE_ACCRUAL_LN000064_08_CR,ACCRUAL_LN000064_08,LN000064,interest_accrual,2026-09-12,2026-09-12,6011,Interest Income,0.0,63.67,-63.67
AE_ACCRUAL_LN000064_09_DR,ACCRUAL_LN000064_09,LN000064,interest_accrual,2026-10-12,2026-10-12,1132,Interest Receivable,63.67,0.0,63.67
AE_ACCRUAL_LN000064_09_CR,ACCRUAL_LN000064_09,LN000064,interest_accrual,2026-10-12,2026-10-12,6011,Interest Income,0.0,63.67,-63.67
AE_ACCRUAL_LN000064_10_DR,ACCRUAL_LN000064_10,LN000064,interest_accrual,2026-11-12,2026-11-12,1132,Interest Receivable,63.67,0.0,63.67
AE_ACCRUAL_LN000064_10_CR,ACCRUAL_LN000064_10,LN000064,interest_accrual,2026-11-12,2026-11-12,6011,Interest Income,0.0,63.67,-63.67
AE_ACCRUAL_LN000064_11_DR,ACCRUAL_LN000064_11,LN000064,interest_accrual,2026-12-12,2026-12-12,1132,Interest Receivable,63.67,0.0,63.67
AE_ACCRUAL_LN000064_11_CR,ACCRUAL_LN000064_11,LN000064,interest_accrual,2026-12-12,2026-12-12,6011,Interest Income,0.0,63.67,-63.67
AE_ACCRUAL_LN000064_12_DR,ACCRUAL_LN000064_12,LN000064,interest_accrual,2027-01-12,2027-01-12,1132,Interest Receivable,63.67,0.0,63.67
AE_ACCRUAL_LN000064_12_CR,ACCRUAL_LN000064_12,LN000064,interest_accrual,2027-01-12,2027-01-12,6011,Interest Income,0.0,63.67,-63.67
AE_ACCRUAL_LN000064_13_DR,ACCRUAL_LN000064_13,LN000064,interest_accrual,2027-02-12,2027-02-12,1132,Interest Receivable,63.67,0.0,63.67
AE_ACCRUAL_LN000064_13_CR,ACCRUAL_LN000064_13,LN000064,interest_accrual,2027-02-12,2027-02-12,6011,Interest Income,0.0,63.67,-63.67
AE_ACCRUAL_LN000064_14_DR,ACCRUAL_LN000064_14,LN000064,interest_accrual,2027-03-12,2027-03-12,1132,Interest Receivable,63.67,0.0,63.67
AE_ACCRUAL_LN000064_14_CR,ACCRUAL_LN000064_14,LN000064,interest_accrual,2027-03-12,2027-03-12,6011,Interest Income,0.0,63.67,-63.67
AE_ACCRUAL_LN000064_15_DR,ACCRUAL_LN000064_15,LN000064,interest_accrual,2027-04-12,2027-04-12,1132,Interest Receivable,63.67,0.0,63.67
AE_ACCRUAL_LN000064_15_CR,ACCRUAL_LN000064_15,LN000064,interest_accrual,2027-04-12,2027-04-12,6011,Interest Income,0.0,63.67,-63.67
AE_ACCRUAL_LN000064_16_DR,ACCRUAL_LN000064_16,LN000064,interest_accrual,2027-05-12,2027-05-12,1132,Interest Receivable,63.67,0.0,63.67
AE_ACCRUAL_LN000064_16_CR,ACCRUAL_LN000064_16,LN000064,interest_accrual,2027-05-12,2027-05-12,6011,Interest Income,0.0,63.67,-63.67
AE_ACCRUAL_LN000064_17_DR,ACCRUAL_LN000064_17,LN000064,interest_accrual,2027-06-12,2027-06-12,1132,Interest Receivable,63.67,0.0,63.67
AE_ACCRUAL_LN000064_17_CR,ACCRUAL_LN000064_17,LN000064,interest_accrual,2027-06-12,2027-06-12,6011,Interest Income,0.0,63.67,-63.67
AE_ACCRUAL_LN000064_18_DR,ACCRUAL_LN000064_18,LN000064,interest_accrual,2027-07-12,2027-07-12,1132,Interest Receivable,63.67,0.0,63.67
AE_ACCRUAL_LN000064_18_CR,ACCRUAL_LN000064_18,LN000064,interest_accrual,2027-07-12,2027-07-12,6011,Interest Income,0.0,63.67,-63.67
AE_ACCRUAL_LN000064_19_DR,ACCRUAL_LN000064_19,LN000064,interest_accrual,2027-08-12,2027-08-12,1132,Interest Receivable,63.67,0.0,63.67
AE_ACCRUAL_LN000064_19_CR,ACCRUAL_LN000064_19,LN000064,interest_accrual,2027-08-12,2027-08-12,6011,Interest Income,0.0,63.67,-63.67
AE_ACCRUAL_LN000064_20_DR,ACCRUAL_LN000064_20,LN000064,interest_accrual,2027-09-12,2027-09-12,1132,Interest Receivable,63.67,0.0,63.67
AE_ACCRUAL_LN000064_20_CR,ACCRUAL_LN000064_20,LN000064,interest_accrual,2027-09-12,2027-09-12,6011,Interest Income,0.0,63.67,-63.67
AE_ACCRUAL_LN000064_21_DR,ACCRUAL_LN000064_21,LN000064,interest_accrual,2027-10-12,2027-10-12,1132,Interest Receivable,63.67,0.0,63.67
AE_ACCRUAL_LN000064_21_CR,ACCRUAL_LN000064_21,LN000064,interest_accrual,2027-10-12,2027-10-12,6011,Interest Income,0.0,63.67,-63.67
AE_ACCRUAL_LN000064_22_DR,ACCRUAL_LN000064_22,LN000064,interest_accrual,2027-11-12,2027-11-12,1132,Interest Receivable,63.67,0.0,63.67
AE_ACCRUAL_LN000064_22_CR,ACCRUAL_LN000064_22,LN000064,interest_accrual,2027-11-12,2027-11-12,6011,Interest Income,0.0,63.67,-63.67
AE_ACCRUAL_LN000064_23_DR,ACCRUAL_LN000064_23,LN000064,interest_accrual,2027-12-12,2027-12-12,1132,Interest Receivable,63.67,0.0,63.67
AE_ACCRUAL_LN000064_23_CR,ACCRUAL_LN000064_23,LN000064,interest_accrual,2027-12-12,2027-12-12,6011,Interest Income,0.0,63.67,-63.67
AE_ACCRUAL_LN000064_24_DR,ACCRUAL_LN000064_24,LN000064,interest_accrual,2028-01-12,2028-01-12,1132,Interest Receivable,63.67,0.0,63.67
AE_ACCRUAL_LN000064_24_CR,ACCRUAL_LN000064_24,LN000064,interest_accrual,2028-01-12,2028-01-12,6011,Interest Income,0.0,63.67,-63.67
AE_ACCRUAL_LN000065_01_DR,ACCRUAL_LN000065_01,LN000065,interest_accrual,2026-04-10,2026-04-10,1132,Interest Receivable,66.54,0.0,66.54
AE_ACCRUAL_LN000065_01_CR,ACCRUAL_LN000065_01,LN000065,interest_accrual,2026-04-10,2026-04-10,6011,Interest Income,0.0,66.54,-66.54
AE_ACCRUAL_LN000065_02_DR,ACCRUAL_LN000065_02,LN000065,interest_accrual,2026-05-10,2026-05-10,1132,Interest Receivable,66.54,0.0,66.54
AE_ACCRUAL_LN000065_02_CR,ACCRUAL_LN000065_02,LN000065,interest_accrual,2026-05-10,2026-05-10,6011,Interest Income,0.0,66.54,-66.54
AE_ACCRUAL_LN000065_03_DR,ACCRUAL_LN000065_03,LN000065,interest_accrual,2026-06-10,2026-06-10,1132,Interest Receivable,66.54,0.0,66.54
AE_ACCRUAL_LN000065_03_CR,ACCRUAL_LN000065_03,LN000065,interest_accrual,2026-06-10,2026-06-10,6011,Interest Income,0.0,66.54,-66.54
AE_ACCRUAL_LN000065_04_DR,ACCRUAL_LN000065_04,LN000065,interest_accrual,2026-07-10,2026-07-10,1132,Interest Receivable,66.54,0.0,66.54
AE_ACCRUAL_LN000065_04_CR,ACCRUAL_LN000065_04,LN000065,interest_accrual,2026-07-10,2026-07-10,6011,Interest Income,0.0,66.54,-66.54
AE_ACCRUAL_LN000065_05_DR,ACCRUAL_LN000065_05,LN000065,interest_accrual,2026-08-10,2026-08-10,1132,Interest Receivable,66.54,0.0,66.54
AE_ACCRUAL_LN000065_05_CR,ACCRUAL_LN000065_05,LN000065,interest_accrual,2026-08-10,2026-08-10,6011,Interest Income,0.0,66.54,-66.54
AE_ACCRUAL_LN000065_06_DR,ACCRUAL_LN000065_06,LN000065,interest_accrual,2026-09-10,2026-09-10,1132,Interest Receivable,66.54,0.0,66.54
AE_ACCRUAL_LN000065_06_CR,ACCRUAL_LN000065_06,LN000065,interest_accrual,2026-09-10,2026-09-10,6011,Interest Income,0.0,66.54,-66.54
AE_ACCRUAL_LN000065_07_DR,ACCRUAL_LN000065_07,LN000065,interest_accrual,2026-10-10,2026-10-10,1132,Interest Receivable,66.54,0.0,66.54
AE_ACCRUAL_LN000065_07_CR,ACCRUAL_LN000065_07,LN000065,interest_accrual,2026-10-10,2026-10-10,6011,Interest Income,0.0,66.54,-66.54
AE_ACCRUAL_LN000065_08_DR,ACCRUAL_LN000065_08,LN000065,interest_accrual,2026-11-10,2026-11-10,1132,Interest Receivable,66.54,0.0,66.54
AE_ACCRUAL_LN000065_08_CR,ACCRUAL_LN000065_08,LN000065,interest_accrual,2026-11-10,2026-11-10,6011,Interest Income,0.0,66.54,-66.54
AE_ACCRUAL_LN000065_09_DR,ACCRUAL_LN000065_09,LN000065,interest_accrual,2026-12-10,2026-12-10,1132,Interest Receivable,66.54,0.0,66.54
AE_ACCRUAL_LN000065_09_CR,ACCRUAL_LN000065_09,LN000065,interest_accrual,2026-12-10,2026-12-10,6011,Interest Income,0.0,66.54,-66.54
AE_ACCRUAL_LN000065_10_DR,ACCRUAL_LN000065_10,LN000065,interest_accrual,2027-01-10,2027-01-10,1132,Interest Receivable,66.54,0.0,66.54
AE_ACCRUAL_LN000065_10_CR,ACCRUAL_LN000065_10,LN000065,interest_accrual,2027-01-10,2027-01-10,6011,Interest Income,0.0,66.54,-66.54
AE_ACCRUAL_LN000065_11_DR,ACCRUAL_LN000065_11,LN000065,interest_accrual,2027-02-10,2027-02-10,1132,Interest Receivable,66.54,0.0,66.54
AE_ACCRUAL_LN000065_11_CR,ACCRUAL_LN000065_11,LN000065,interest_accrual,2027-02-10,2027-02-10,6011,Interest Income,0.0,66.54,-66.54
AE_ACCRUAL_LN000065_12_DR,ACCRUAL_LN000065_12,LN000065,interest_accrual,2027-03-10,2027-03-10,1132,Interest Receivable,66.54,0.0,66.54
AE_ACCRUAL_LN000065_12_CR,ACCRUAL_LN000065_12,LN000065,interest_accrual,2027-03-10,2027-03-10,6011,Interest Income,0.0,66.54,-66.54
AE_ACCRUAL_LN000065_13_DR,ACCRUAL_LN000065_13,LN000065,interest_accrual,2027-04-10,2027-04-10,1132,Interest Receivable,66.54,0.0,66.54
AE_ACCRUAL_LN000065_13_CR,ACCRUAL_LN000065_13,LN000065,interest_accrual,2027-04-10,2027-04-10,6011,Interest Income,0.0,66.54,-66.54
AE_ACCRUAL_LN000065_14_DR,ACCRUAL_LN000065_14,LN000065,interest_accrual,2027-05-10,2027-05-10,1132,Interest Receivable,66.54,0.0,66.54
AE_ACCRUAL_LN000065_14_CR,ACCRUAL_LN000065_14,LN000065,interest_accrual,2027-05-10,2027-05-10,6011,Interest Income,0.0,66.54,-66.54
AE_ACCRUAL_LN000065_15_DR,ACCRUAL_LN000065_15,LN000065,interest_accrual,2027-06-10,2027-06-10,1132,Interest Receivable,66.54,0.0,66.54
AE_ACCRUAL_LN000065_15_CR,ACCRUAL_LN000065_15,LN000065,interest_accrual,2027-06-10,2027-06-10,6011,Interest Income,0.0,66.54,-66.54
AE_ACCRUAL_LN000065_16_DR,ACCRUAL_LN000065_16,LN000065,interest_accrual,2027-07-10,2027-07-10,1132,Interest Receivable,66.54,0.0,66.54
AE_ACCRUAL_LN000065_16_CR,ACCRUAL_LN000065_16,LN000065,interest_accrual,2027-07-10,2027-07-10,6011,Interest Income,0.0,66.54,-66.54
AE_ACCRUAL_LN000065_17_DR,ACCRUAL_LN000065_17,LN000065,interest_accrual,2027-08-10,2027-08-10,1132,Interest Receivable,66.54,0.0,66.54
AE_ACCRUAL_LN000065_17_CR,ACCRUAL_LN000065_17,LN000065,interest_accrual,2027-08-10,2027-08-10,6011,Interest Income,0.0,66.54,-66.54
AE_ACCRUAL_LN000065_18_DR,ACCRUAL_LN000065_18,LN000065,interest_accrual,2027-09-10,2027-09-10,1132,Interest Receivable,66.54,0.0,66.54
AE_ACCRUAL_LN000065_18_CR,ACCRUAL_LN000065_18,LN000065,interest_accrual,2027-09-10,2027-09-10,6011,Interest Income,0.0,66.54,-66.54
AE_ACCRUAL_LN000065_19_DR,ACCRUAL_LN000065_19,LN000065,interest_accrual,2027-10-10,2027-10-10,1132,Interest Receivable,66.54,0.0,66.54
AE_ACCRUAL_LN000065_19_CR,ACCRUAL_LN000065_19,LN000065,interest_accrual,2027-10-10,2027-10-10,6011,Interest Income,0.0,66.54,-66.54
AE_ACCRUAL_LN000065_20_DR,ACCRUAL_LN000065_20,LN000065,interest_accrual,2027-11-10,2027-11-10,1132,Interest Receivable,66.54,0.0,66.54
AE_ACCRUAL_LN000065_20_CR,ACCRUAL_LN000065_20,LN000065,interest_accrual,2027-11-10,2027-11-10,6011,Interest Income,0.0,66.54,-66.54
AE_ACCRUAL_LN000065_21_DR,ACCRUAL_LN000065_21,LN000065,interest_accrual,2027-12-10,2027-12-10,1132,Interest Receivable,66.54,0.0,66.54
AE_ACCRUAL_LN000065_21_CR,ACCRUAL_LN000065_21,LN000065,interest_accrual,2027-12-10,2027-12-10,6011,Interest Income,0.0,66.54,-66.54
AE_ACCRUAL_LN000065_22_DR,ACCRUAL_LN000065_22,LN000065,interest_accrual,2028-01-10,2028-01-10,1132,Interest Receivable,66.54,0.0,66.54
AE_ACCRUAL_LN000065_22_CR,ACCRUAL_LN000065_22,LN000065,interest_accrual,2028-01-10,2028-01-10,6011,Interest Income,0.0,66.54,-66.54
AE_ACCRUAL_LN000065_23_DR,ACCRUAL_LN000065_23,LN000065,interest_accrual,2028-02-10,2028-02-10,1132,Interest Receivable,66.54,0.0,66.54
AE_ACCRUAL_LN000065_23_CR,ACCRUAL_LN000065_23,LN000065,interest_accrual,2028-02-10,2028-02-10,6011,Interest Income,0.0,66.54,-66.54
AE_ACCRUAL_LN000065_24_DR,ACCRUAL_LN000065_24,LN000065,interest_accrual,2028-03-10,2028-03-10,1132,Interest Receivable,66.54,0.0,66.54
AE_ACCRUAL_LN000065_24_CR,ACCRUAL_LN000065_24,LN000065,interest_accrual,2028-03-10,2028-03-10,6011,Interest Income,0.0,66.54,-66.54
AE_ACCRUAL_LN000065_25_DR,ACCRUAL_LN000065_25,LN000065,interest_accrual,2028-04-10,2028-04-10,1132,Interest Receivable,66.54,0.0,66.54
AE_ACCRUAL_LN000065_25_CR,ACCRUAL_LN000065_25,LN000065,interest_accrual,2028-04-10,2028-04-10,6011,Interest Income,0.0,66.54,-66.54
AE_ACCRUAL_LN000065_26_DR,ACCRUAL_LN000065_26,LN000065,interest_accrual,2028-05-10,2028-05-10,1132,Interest Receivable,66.54,0.0,66.54
AE_ACCRUAL_LN000065_26_CR,ACCRUAL_LN000065_26,LN000065,interest_accrual,2028-05-10,2028-05-10,6011,Interest Income,0.0,66.54,-66.54
AE_ACCRUAL_LN000065_27_DR,ACCRUAL_LN000065_27,LN000065,interest_accrual,2028-06-10,2028-06-10,1132,Interest Receivable,66.54,0.0,66.54
AE_ACCRUAL_LN000065_27_CR,ACCRUAL_LN000065_27,LN000065,interest_accrual,2028-06-10,2028-06-10,6011,Interest Income,0.0,66.54,-66.54
AE_ACCRUAL_LN000065_28_DR,ACCRUAL_LN000065_28,LN000065,interest_accrual,2028-07-10,2028-07-10,1132,Interest Receivable,66.54,0.0,66.54
AE_ACCRUAL_LN000065_28_CR,ACCRUAL_LN000065_28,LN000065,interest_accrual,2028-07-10,2028-07-10,6011,Interest Income,0.0,66.54,-66.54
AE_ACCRUAL_LN000065_29_DR,ACCRUAL_LN000065_29,LN000065,interest_accrual,2028-08-10,2028-08-10,1132,Interest Receivable,66.54,0.0,66.54
AE_ACCRUAL_LN000065_29_CR,ACCRUAL_LN000065_29,LN000065,interest_accrual,2028-08-10,2028-08-10,6011,Interest Income,0.0,66.54,-66.54
AE_ACCRUAL_LN000065_30_DR,ACCRUAL_LN000065_30,LN000065,interest_accrual,2028-09-10,2028-09-10,1132,Interest Receivable,66.54,0.0,66.54
AE_ACCRUAL_LN000065_30_CR,ACCRUAL_LN000065_30,LN000065,interest_accrual,2028-09-10,2028-09-10,6011,Interest Income,0.0,66.54,-66.54
AE_ACCRUAL_LN000065_31_DR,ACCRUAL_LN000065_31,LN000065,interest_accrual,2028-10-10,2028-10-10,1132,Interest Receivable,66.54,0.0,66.54
AE_ACCRUAL_LN000065_31_CR,ACCRUAL_LN000065_31,LN000065,interest_accrual,2028-10-10,2028-10-10,6011,Interest Income,0.0,66.54,-66.54
AE_ACCRUAL_LN000065_32_DR,ACCRUAL_LN000065_32,LN000065,interest_accrual,2028-11-10,2028-11-10,1132,Interest Receivable,66.54,0.0,66.54
AE_ACCRUAL_LN000065_32_CR,ACCRUAL_LN000065_32,LN000065,interest_accrual,2028-11-10,2028-11-10,6011,Interest Income,0.0,66.54,-66.54
AE_ACCRUAL_LN000065_33_DR,ACCRUAL_LN000065_33,LN000065,interest_accrual,2028-12-10,2028-12-10,1132,Interest Receivable,66.54,0.0,66.54
AE_ACCRUAL_LN000065_33_CR,ACCRUAL_LN000065_33,LN000065,interest_accrual,2028-12-10,2028-12-10,6011,Interest Income,0.0,66.54,-66.54
AE_ACCRUAL_LN000065_34_DR,ACCRUAL_LN000065_34,LN000065,interest_accrual,2029-01-10,2029-01-10,1132,Interest Receivable,66.54,0.0,66.54
AE_ACCRUAL_LN000065_34_CR,ACCRUAL_LN000065_34,LN000065,interest_accrual,2029-01-10,2029-01-10,6011,Interest Income,0.0,66.54,-66.54
AE_ACCRUAL_LN000065_35_DR,ACCRUAL_LN000065_35,LN000065,interest_accrual,2029-02-10,2029-02-10,1132,Interest Receivable,66.54,0.0,66.54
AE_ACCRUAL_LN000065_35_CR,ACCRUAL_LN000065_35,LN000065,interest_accrual,2029-02-10,2029-02-10,6011,Interest Income,0.0,66.54,-66.54
AE_ACCRUAL_LN000065_36_DR,ACCRUAL_LN000065_36,LN000065,interest_accrual,2029-03-10,2029-03-10,1132,Interest Receivable,66.54,0.0,66.54
AE_ACCRUAL_LN000065_36_CR,ACCRUAL_LN000065_36,LN000065,interest_accrual,2029-03-10,2029-03-10,6011,Interest Income,0.0,66.54,-66.54
AE_ACCRUAL_LN000066_01_DR,ACCRUAL_LN000066_01,LN000066,interest_accrual,2026-02-16,2026-02-16,1132,Interest Receivable,379.33,0.0,379.33
AE_ACCRUAL_LN000066_01_CR,ACCRUAL_LN000066_01,LN000066,interest_accrual,2026-02-16,2026-02-16,6011,Interest Income,0.0,379.33,-379.33
AE_ACCRUAL_LN000066_02_DR,ACCRUAL_LN000066_02,LN000066,interest_accrual,2026-03-16,2026-03-16,1132,Interest Receivable,379.33,0.0,379.33
AE_ACCRUAL_LN000066_02_CR,ACCRUAL_LN000066_02,LN000066,interest_accrual,2026-03-16,2026-03-16,6011,Interest Income,0.0,379.33,-379.33
AE_ACCRUAL_LN000066_03_DR,ACCRUAL_LN000066_03,LN000066,interest_accrual,2026-04-16,2026-04-16,1132,Interest Receivable,379.33,0.0,379.33
AE_ACCRUAL_LN000066_03_CR,ACCRUAL_LN000066_03,LN000066,interest_accrual,2026-04-16,2026-04-16,6011,Interest Income,0.0,379.33,-379.33
AE_ACCRUAL_LN000066_04_DR,ACCRUAL_LN000066_04,LN000066,interest_accrual,2026-05-16,2026-05-16,1132,Interest Receivable,379.33,0.0,379.33
AE_ACCRUAL_LN000066_04_CR,ACCRUAL_LN000066_04,LN000066,interest_accrual,2026-05-16,2026-05-16,6011,Interest Income,0.0,379.33,-379.33
AE_ACCRUAL_LN000066_05_DR,ACCRUAL_LN000066_05,LN000066,interest_accrual,2026-06-16,2026-06-16,1132,Interest Receivable,379.33,0.0,379.33
AE_ACCRUAL_LN000066_05_CR,ACCRUAL_LN000066_05,LN000066,interest_accrual,2026-06-16,2026-06-16,6011,Interest Income,0.0,379.33,-379.33
AE_ACCRUAL_LN000066_06_DR,ACCRUAL_LN000066_06,LN000066,interest_accrual,2026-07-16,2026-07-16,1132,Interest Receivable,379.33,0.0,379.33
AE_ACCRUAL_LN000066_06_CR,ACCRUAL_LN000066_06,LN000066,interest_accrual,2026-07-16,2026-07-16,6011,Interest Income,0.0,379.33,-379.33
AE_ACCRUAL_LN000066_07_DR,ACCRUAL_LN000066_07,LN000066,interest_accrual,2026-08-16,2026-08-16,1132,Interest Receivable,379.33,0.0,379.33
AE_ACCRUAL_LN000066_07_CR,ACCRUAL_LN000066_07,LN000066,interest_accrual,2026-08-16,2026-08-16,6011,Interest Income,0.0,379.33,-379.33
AE_ACCRUAL_LN000066_08_DR,ACCRUAL_LN000066_08,LN000066,interest_accrual,2026-09-16,2026-09-16,1132,Interest Receivable,379.33,0.0,379.33
AE_ACCRUAL_LN000066_08_CR,ACCRUAL_LN000066_08,LN000066,interest_accrual,2026-09-16,2026-09-16,6011,Interest Income,0.0,379.33,-379.33
AE_ACCRUAL_LN000066_09_DR,ACCRUAL_LN000066_09,LN000066,interest_accrual,2026-10-16,2026-10-16,1132,Interest Receivable,379.33,0.0,379.33
AE_ACCRUAL_LN000066_09_CR,ACCRUAL_LN000066_09,LN000066,interest_accrual,2026-10-16,2026-10-16,6011,Interest Income,0.0,379.33,-379.33
AE_ACCRUAL_LN000066_10_DR,ACCRUAL_LN000066_10,LN000066,interest_accrual,2026-11-16,2026-11-16,1132,Interest Receivable,379.33,0.0,379.33
AE_ACCRUAL_LN000066_10_CR,ACCRUAL_LN000066_10,LN000066,interest_accrual,2026-11-16,2026-11-16,6011,Interest Income,0.0,379.33,-379.33
AE_ACCRUAL_LN000066_11_DR,ACCRUAL_LN000066_11,LN000066,interest_accrual,2026-12-16,2026-12-16,1132,Interest Receivable,379.33,0.0,379.33
AE_ACCRUAL_LN000066_11_CR,ACCRUAL_LN000066_11,LN000066,interest_accrual,2026-12-16,2026-12-16,6011,Interest Income,0.0,379.33,-379.33
AE_ACCRUAL_LN000066_12_DR,ACCRUAL_LN000066_12,LN000066,interest_accrual,2027-01-16,2027-01-16,1132,Interest Receivable,379.33,0.0,379.33
AE_ACCRUAL_LN000066_12_CR,ACCRUAL_LN000066_12,LN000066,interest_accrual,2027-01-16,2027-01-16,6011,Interest Income,0.0,379.33,-379.33
AE_ACCRUAL_LN000067_01_DR,ACCRUAL_LN000067_01,LN000067,interest_accrual,2026-03-04,2026-03-04,1132,Interest Receivable,155.83,0.0,155.83
AE_ACCRUAL_LN000067_01_CR,ACCRUAL_LN000067_01,LN000067,interest_accrual,2026-03-04,2026-03-04,6011,Interest Income,0.0,155.83,-155.83
AE_ACCRUAL_LN000067_02_DR,ACCRUAL_LN000067_02,LN000067,interest_accrual,2026-04-04,2026-04-04,1132,Interest Receivable,155.83,0.0,155.83
AE_ACCRUAL_LN000067_02_CR,ACCRUAL_LN000067_02,LN000067,interest_accrual,2026-04-04,2026-04-04,6011,Interest Income,0.0,155.83,-155.83
AE_ACCRUAL_LN000067_03_DR,ACCRUAL_LN000067_03,LN000067,interest_accrual,2026-05-04,2026-05-04,1132,Interest Receivable,155.83,0.0,155.83
AE_ACCRUAL_LN000067_03_CR,ACCRUAL_LN000067_03,LN000067,interest_accrual,2026-05-04,2026-05-04,6011,Interest Income,0.0,155.83,-155.83
AE_ACCRUAL_LN000067_04_DR,ACCRUAL_LN000067_04,LN000067,interest_accrual,2026-06-04,2026-06-04,1132,Interest Receivable,155.83,0.0,155.83
AE_ACCRUAL_LN000067_04_CR,ACCRUAL_LN000067_04,LN000067,interest_accrual,2026-06-04,2026-06-04,6011,Interest Income,0.0,155.83,-155.83
AE_ACCRUAL_LN000067_05_DR,ACCRUAL_LN000067_05,LN000067,interest_accrual,2026-07-04,2026-07-04,1132,Interest Receivable,155.83,0.0,155.83
AE_ACCRUAL_LN000067_05_CR,ACCRUAL_LN000067_05,LN000067,interest_accrual,2026-07-04,2026-07-04,6011,Interest Income,0.0,155.83,-155.83
AE_ACCRUAL_LN000067_06_DR,ACCRUAL_LN000067_06,LN000067,interest_accrual,2026-08-04,2026-08-04,1132,Interest Receivable,155.83,0.0,155.83
AE_ACCRUAL_LN000067_06_CR,ACCRUAL_LN000067_06,LN000067,interest_accrual,2026-08-04,2026-08-04,6011,Interest Income,0.0,155.83,-155.83
AE_ACCRUAL_LN000067_07_DR,ACCRUAL_LN000067_07,LN000067,interest_accrual,2026-09-04,2026-09-04,1132,Interest Receivable,155.83,0.0,155.83
AE_ACCRUAL_LN000067_07_CR,ACCRUAL_LN000067_07,LN000067,interest_accrual,2026-09-04,2026-09-04,6011,Interest Income,0.0,155.83,-155.83
AE_ACCRUAL_LN000067_08_DR,ACCRUAL_LN000067_08,LN000067,interest_accrual,2026-10-04,2026-10-04,1132,Interest Receivable,155.83,0.0,155.83
AE_ACCRUAL_LN000067_08_CR,ACCRUAL_LN000067_08,LN000067,interest_accrual,2026-10-04,2026-10-04,6011,Interest Income,0.0,155.83,-155.83
AE_ACCRUAL_LN000067_09_DR,ACCRUAL_LN000067_09,LN000067,interest_accrual,2026-11-04,2026-11-04,1132,Interest Receivable,155.83,0.0,155.83
AE_ACCRUAL_LN000067_09_CR,ACCRUAL_LN000067_09,LN000067,interest_accrual,2026-11-04,2026-11-04,6011,Interest Income,0.0,155.83,-155.83
AE_ACCRUAL_LN000067_10_DR,ACCRUAL_LN000067_10,LN000067,interest_accrual,2026-12-04,2026-12-04,1132,Interest Receivable,155.83,0.0,155.83
AE_ACCRUAL_LN000067_10_CR,ACCRUAL_LN000067_10,LN000067,interest_accrual,2026-12-04,2026-12-04,6011,Interest Income,0.0,155.83,-155.83
AE_ACCRUAL_LN000067_11_DR,ACCRUAL_LN000067_11,LN000067,interest_accrual,2027-01-04,2027-01-04,1132,Interest Receivable,155.83,0.0,155.83
AE_ACCRUAL_LN000067_11_CR,ACCRUAL_LN000067_11,LN000067,interest_accrual,2027-01-04,2027-01-04,6011,Interest Income,0.0,155.83,-155.83
AE_ACCRUAL_LN000067_12_DR,ACCRUAL_LN000067_12,LN000067,interest_accrual,2027-02-04,2027-02-04,1132,Interest Receivable,155.83,0.0,155.83
AE_ACCRUAL_LN000067_12_CR,ACCRUAL_LN000067_12,LN000067,interest_accrual,2027-02-04,2027-02-04,6011,Interest Income,0.0,155.83,-155.83
AE_ACCRUAL_LN000067_13_DR,ACCRUAL_LN000067_13,LN000067,interest_accrual,2027-03-04,2027-03-04,1132,Interest Receivable,155.83,0.0,155.83
AE_ACCRUAL_LN000067_13_CR,ACCRUAL_LN000067_13,LN000067,interest_accrual,2027-03-04,2027-03-04,6011,Interest Income,0.0,155.83,-155.83
AE_ACCRUAL_LN000067_14_DR,ACCRUAL_LN000067_14,LN000067,interest_accrual,2027-04-04,2027-04-04,1132,Interest Receivable,155.83,0.0,155.83
AE_ACCRUAL_LN000067_14_CR,ACCRUAL_LN000067_14,LN000067,interest_accrual,2027-04-04,2027-04-04,6011,Interest Income,0.0,155.83,-155.83
AE_ACCRUAL_LN000067_15_DR,ACCRUAL_LN000067_15,LN000067,interest_accrual,2027-05-04,2027-05-04,1132,Interest Receivable,155.83,0.0,155.83
AE_ACCRUAL_LN000067_15_CR,ACCRUAL_LN000067_15,LN000067,interest_accrual,2027-05-04,2027-05-04,6011,Interest Income,0.0,155.83,-155.83
AE_ACCRUAL_LN000067_16_DR,ACCRUAL_LN000067_16,LN000067,interest_accrual,2027-06-04,2027-06-04,1132,Interest Receivable,155.83,0.0,155.83
AE_ACCRUAL_LN000067_16_CR,ACCRUAL_LN000067_16,LN000067,interest_accrual,2027-06-04,2027-06-04,6011,Interest Income,0.0,155.83,-155.83
AE_ACCRUAL_LN000067_17_DR,ACCRUAL_LN000067_17,LN000067,interest_accrual,2027-07-04,2027-07-04,1132,Interest Receivable,155.83,0.0,155.83
AE_ACCRUAL_LN000067_17_CR,ACCRUAL_LN000067_17,LN000067,interest_accrual,2027-07-04,2027-07-04,6011,Interest Income,0.0,155.83,-155.83
AE_ACCRUAL_LN000067_18_DR,ACCRUAL_LN000067_18,LN000067,interest_accrual,2027-08-04,2027-08-04,1132,Interest Receivable,155.83,0.0,155.83
AE_ACCRUAL_LN000067_18_CR,ACCRUAL_LN000067_18,LN000067,interest_accrual,2027-08-04,2027-08-04,6011,Interest Income,0.0,155.83,-155.83
AE_ACCRUAL_LN000067_19_DR,ACCRUAL_LN000067_19,LN000067,interest_accrual,2027-09-04,2027-09-04,1132,Interest Receivable,155.83,0.0,155.83
AE_ACCRUAL_LN000067_19_CR,ACCRUAL_LN000067_19,LN000067,interest_accrual,2027-09-04,2027-09-04,6011,Interest Income,0.0,155.83,-155.83
AE_ACCRUAL_LN000067_20_DR,ACCRUAL_LN000067_20,LN000067,interest_accrual,2027-10-04,2027-10-04,1132,Interest Receivable,155.83,0.0,155.83
AE_ACCRUAL_LN000067_20_CR,ACCRUAL_LN000067_20,LN000067,interest_accrual,2027-10-04,2027-10-04,6011,Interest Income,0.0,155.83,-155.83
AE_ACCRUAL_LN000067_21_DR,ACCRUAL_LN000067_21,LN000067,interest_accrual,2027-11-04,2027-11-04,1132,Interest Receivable,155.83,0.0,155.83
AE_ACCRUAL_LN000067_21_CR,ACCRUAL_LN000067_21,LN000067,interest_accrual,2027-11-04,2027-11-04,6011,Interest Income,0.0,155.83,-155.83
AE_ACCRUAL_LN000067_22_DR,ACCRUAL_LN000067_22,LN000067,interest_accrual,2027-12-04,2027-12-04,1132,Interest Receivable,155.83,0.0,155.83
AE_ACCRUAL_LN000067_22_CR,ACCRUAL_LN000067_22,LN000067,interest_accrual,2027-12-04,2027-12-04,6011,Interest Income,0.0,155.83,-155.83
AE_ACCRUAL_LN000067_23_DR,ACCRUAL_LN000067_23,LN000067,interest_accrual,2028-01-04,2028-01-04,1132,Interest Receivable,155.83,0.0,155.83
AE_ACCRUAL_LN000067_23_CR,ACCRUAL_LN000067_23,LN000067,interest_accrual,2028-01-04,2028-01-04,6011,Interest Income,0.0,155.83,-155.83
AE_ACCRUAL_LN000067_24_DR,ACCRUAL_LN000067_24,LN000067,interest_accrual,2028-02-04,2028-02-04,1132,Interest Receivable,155.83,0.0,155.83
AE_ACCRUAL_LN000067_24_CR,ACCRUAL_LN000067_24,LN000067,interest_accrual,2028-02-04,2028-02-04,6011,Interest Income,0.0,155.83,-155.83
AE_ACCRUAL_LN000068_01_DR,ACCRUAL_LN000068_01,LN000068,interest_accrual,2026-02-16,2026-02-16,1132,Interest Receivable,465.5,0.0,465.5
AE_ACCRUAL_LN000068_01_CR,ACCRUAL_LN000068_01,LN000068,interest_accrual,2026-02-16,2026-02-16,6011,Interest Income,0.0,465.5,-465.5
AE_ACCRUAL_LN000068_02_DR,ACCRUAL_LN000068_02,LN000068,interest_accrual,2026-03-16,2026-03-16,1132,Interest Receivable,465.5,0.0,465.5
AE_ACCRUAL_LN000068_02_CR,ACCRUAL_LN000068_02,LN000068,interest_accrual,2026-03-16,2026-03-16,6011,Interest Income,0.0,465.5,-465.5
AE_ACCRUAL_LN000068_03_DR,ACCRUAL_LN000068_03,LN000068,interest_accrual,2026-04-16,2026-04-16,1132,Interest Receivable,465.5,0.0,465.5
AE_ACCRUAL_LN000068_03_CR,ACCRUAL_LN000068_03,LN000068,interest_accrual,2026-04-16,2026-04-16,6011,Interest Income,0.0,465.5,-465.5
AE_ACCRUAL_LN000068_04_DR,ACCRUAL_LN000068_04,LN000068,interest_accrual,2026-05-16,2026-05-16,1132,Interest Receivable,465.5,0.0,465.5
AE_ACCRUAL_LN000068_04_CR,ACCRUAL_LN000068_04,LN000068,interest_accrual,2026-05-16,2026-05-16,6011,Interest Income,0.0,465.5,-465.5
AE_ACCRUAL_LN000068_05_DR,ACCRUAL_LN000068_05,LN000068,interest_accrual,2026-06-16,2026-06-16,1132,Interest Receivable,465.5,0.0,465.5
AE_ACCRUAL_LN000068_05_CR,ACCRUAL_LN000068_05,LN000068,interest_accrual,2026-06-16,2026-06-16,6011,Interest Income,0.0,465.5,-465.5
AE_ACCRUAL_LN000068_06_DR,ACCRUAL_LN000068_06,LN000068,interest_accrual,2026-07-16,2026-07-16,1132,Interest Receivable,465.5,0.0,465.5
AE_ACCRUAL_LN000068_06_CR,ACCRUAL_LN000068_06,LN000068,interest_accrual,2026-07-16,2026-07-16,6011,Interest Income,0.0,465.5,-465.5
AE_ACCRUAL_LN000068_07_DR,ACCRUAL_LN000068_07,LN000068,interest_accrual,2026-08-16,2026-08-16,1132,Interest Receivable,465.5,0.0,465.5
AE_ACCRUAL_LN000068_07_CR,ACCRUAL_LN000068_07,LN000068,interest_accrual,2026-08-16,2026-08-16,6011,Interest Income,0.0,465.5,-465.5
AE_ACCRUAL_LN000068_08_DR,ACCRUAL_LN000068_08,LN000068,interest_accrual,2026-09-16,2026-09-16,1132,Interest Receivable,465.5,0.0,465.5
AE_ACCRUAL_LN000068_08_CR,ACCRUAL_LN000068_08,LN000068,interest_accrual,2026-09-16,2026-09-16,6011,Interest Income,0.0,465.5,-465.5
AE_ACCRUAL_LN000068_09_DR,ACCRUAL_LN000068_09,LN000068,interest_accrual,2026-10-16,2026-10-16,1132,Interest Receivable,465.5,0.0,465.5
AE_ACCRUAL_LN000068_09_CR,ACCRUAL_LN000068_09,LN000068,interest_accrual,2026-10-16,2026-10-16,6011,Interest Income,0.0,465.5,-465.5
AE_ACCRUAL_LN000068_10_DR,ACCRUAL_LN000068_10,LN000068,interest_accrual,2026-11-16,2026-11-16,1132,Interest Receivable,465.5,0.0,465.5
AE_ACCRUAL_LN000068_10_CR,ACCRUAL_LN000068_10,LN000068,interest_accrual,2026-11-16,2026-11-16,6011,Interest Income,0.0,465.5,-465.5
AE_ACCRUAL_LN000068_11_DR,ACCRUAL_LN000068_11,LN000068,interest_accrual,2026-12-16,2026-12-16,1132,Interest Receivable,465.5,0.0,465.5
AE_ACCRUAL_LN000068_11_CR,ACCRUAL_LN000068_11,LN000068,interest_accrual,2026-12-16,2026-12-16,6011,Interest Income,0.0,465.5,-465.5
AE_ACCRUAL_LN000068_12_DR,ACCRUAL_LN000068_12,LN000068,interest_accrual,2027-01-16,2027-01-16,1132,Interest Receivable,465.5,0.0,465.5
AE_ACCRUAL_LN000068_12_CR,ACCRUAL_LN000068_12,LN000068,interest_accrual,2027-01-16,2027-01-16,6011,Interest Income,0.0,465.5,-465.5
AE_ACCRUAL_LN000069_01_DR,ACCRUAL_LN000069_01,LN000069,interest_accrual,2026-04-06,2026-04-06,1132,Interest Receivable,170.0,0.0,170.0
AE_ACCRUAL_LN000069_01_CR,ACCRUAL_LN000069_01,LN000069,interest_accrual,2026-04-06,2026-04-06,6011,Interest Income,0.0,170.0,-170.0
AE_ACCRUAL_LN000069_02_DR,ACCRUAL_LN000069_02,LN000069,interest_accrual,2026-05-06,2026-05-06,1132,Interest Receivable,170.0,0.0,170.0
AE_ACCRUAL_LN000069_02_CR,ACCRUAL_LN000069_02,LN000069,interest_accrual,2026-05-06,2026-05-06,6011,Interest Income,0.0,170.0,-170.0
AE_ACCRUAL_LN000069_03_DR,ACCRUAL_LN000069_03,LN000069,interest_accrual,2026-06-06,2026-06-06,1132,Interest Receivable,170.0,0.0,170.0
AE_ACCRUAL_LN000069_03_CR,ACCRUAL_LN000069_03,LN000069,interest_accrual,2026-06-06,2026-06-06,6011,Interest Income,0.0,170.0,-170.0
AE_ACCRUAL_LN000069_04_DR,ACCRUAL_LN000069_04,LN000069,interest_accrual,2026-07-06,2026-07-06,1132,Interest Receivable,170.0,0.0,170.0
AE_ACCRUAL_LN000069_04_CR,ACCRUAL_LN000069_04,LN000069,interest_accrual,2026-07-06,2026-07-06,6011,Interest Income,0.0,170.0,-170.0
AE_ACCRUAL_LN000069_05_DR,ACCRUAL_LN000069_05,LN000069,interest_accrual,2026-08-06,2026-08-06,1132,Interest Receivable,170.0,0.0,170.0
AE_ACCRUAL_LN000069_05_CR,ACCRUAL_LN000069_05,LN000069,interest_accrual,2026-08-06,2026-08-06,6011,Interest Income,0.0,170.0,-170.0
AE_ACCRUAL_LN000069_06_DR,ACCRUAL_LN000069_06,LN000069,interest_accrual,2026-09-06,2026-09-06,1132,Interest Receivable,170.0,0.0,170.0
AE_ACCRUAL_LN000069_06_CR,ACCRUAL_LN000069_06,LN000069,interest_accrual,2026-09-06,2026-09-06,6011,Interest Income,0.0,170.0,-170.0
AE_ACCRUAL_LN000069_07_DR,ACCRUAL_LN000069_07,LN000069,interest_accrual,2026-10-06,2026-10-06,1132,Interest Receivable,170.0,0.0,170.0
AE_ACCRUAL_LN000069_07_CR,ACCRUAL_LN000069_07,LN000069,interest_accrual,2026-10-06,2026-10-06,6011,Interest Income,0.0,170.0,-170.0
AE_ACCRUAL_LN000069_08_DR,ACCRUAL_LN000069_08,LN000069,interest_accrual,2026-11-06,2026-11-06,1132,Interest Receivable,170.0,0.0,170.0
AE_ACCRUAL_LN000069_08_CR,ACCRUAL_LN000069_08,LN000069,interest_accrual,2026-11-06,2026-11-06,6011,Interest Income,0.0,170.0,-170.0
AE_ACCRUAL_LN000069_09_DR,ACCRUAL_LN000069_09,LN000069,interest_accrual,2026-12-06,2026-12-06,1132,Interest Receivable,170.0,0.0,170.0
AE_ACCRUAL_LN000069_09_CR,ACCRUAL_LN000069_09,LN000069,interest_accrual,2026-12-06,2026-12-06,6011,Interest Income,0.0,170.0,-170.0
AE_ACCRUAL_LN000069_10_DR,ACCRUAL_LN000069_10,LN000069,interest_accrual,2027-01-06,2027-01-06,1132,Interest Receivable,170.0,0.0,170.0
AE_ACCRUAL_LN000069_10_CR,ACCRUAL_LN000069_10,LN000069,interest_accrual,2027-01-06,2027-01-06,6011,Interest Income,0.0,170.0,-170.0
AE_ACCRUAL_LN000069_11_DR,ACCRUAL_LN000069_11,LN000069,interest_accrual,2027-02-06,2027-02-06,1132,Interest Receivable,170.0,0.0,170.0
AE_ACCRUAL_LN000069_11_CR,ACCRUAL_LN000069_11,LN000069,interest_accrual,2027-02-06,2027-02-06,6011,Interest Income,0.0,170.0,-170.0
AE_ACCRUAL_LN000069_12_DR,ACCRUAL_LN000069_12,LN000069,interest_accrual,2027-03-06,2027-03-06,1132,Interest Receivable,170.0,0.0,170.0
AE_ACCRUAL_LN000069_12_CR,ACCRUAL_LN000069_12,LN000069,interest_accrual,2027-03-06,2027-03-06,6011,Interest Income,0.0,170.0,-170.0
AE_ACCRUAL_LN000069_13_DR,ACCRUAL_LN000069_13,LN000069,interest_accrual,2027-04-06,2027-04-06,1132,Interest Receivable,170.0,0.0,170.0
AE_ACCRUAL_LN000069_13_CR,ACCRUAL_LN000069_13,LN000069,interest_accrual,2027-04-06,2027-04-06,6011,Interest Income,0.0,170.0,-170.0
AE_ACCRUAL_LN000069_14_DR,ACCRUAL_LN000069_14,LN000069,interest_accrual,2027-05-06,2027-05-06,1132,Interest Receivable,170.0,0.0,170.0
AE_ACCRUAL_LN000069_14_CR,ACCRUAL_LN000069_14,LN000069,interest_accrual,2027-05-06,2027-05-06,6011,Interest Income,0.0,170.0,-170.0
AE_ACCRUAL_LN000069_15_DR,ACCRUAL_LN000069_15,LN000069,interest_accrual,2027-06-06,2027-06-06,1132,Interest Receivable,170.0,0.0,170.0
AE_ACCRUAL_LN000069_15_CR,ACCRUAL_LN000069_15,LN000069,interest_accrual,2027-06-06,2027-06-06,6011,Interest Income,0.0,170.0,-170.0
AE_ACCRUAL_LN000069_16_DR,ACCRUAL_LN000069_16,LN000069,interest_accrual,2027-07-06,2027-07-06,1132,Interest Receivable,170.0,0.0,170.0
AE_ACCRUAL_LN000069_16_CR,ACCRUAL_LN000069_16,LN000069,interest_accrual,2027-07-06,2027-07-06,6011,Interest Income,0.0,170.0,-170.0
AE_ACCRUAL_LN000069_17_DR,ACCRUAL_LN000069_17,LN000069,interest_accrual,2027-08-06,2027-08-06,1132,Interest Receivable,170.0,0.0,170.0
AE_ACCRUAL_LN000069_17_CR,ACCRUAL_LN000069_17,LN000069,interest_accrual,2027-08-06,2027-08-06,6011,Interest Income,0.0,170.0,-170.0
AE_ACCRUAL_LN000069_18_DR,ACCRUAL_LN000069_18,LN000069,interest_accrual,2027-09-06,2027-09-06,1132,Interest Receivable,170.0,0.0,170.0
AE_ACCRUAL_LN000069_18_CR,ACCRUAL_LN000069_18,LN000069,interest_accrual,2027-09-06,2027-09-06,6011,Interest Income,0.0,170.0,-170.0
AE_ACCRUAL_LN000069_19_DR,ACCRUAL_LN000069_19,LN000069,interest_accrual,2027-10-06,2027-10-06,1132,Interest Receivable,170.0,0.0,170.0
AE_ACCRUAL_LN000069_19_CR,ACCRUAL_LN000069_19,LN000069,interest_accrual,2027-10-06,2027-10-06,6011,Interest Income,0.0,170.0,-170.0
AE_ACCRUAL_LN000069_20_DR,ACCRUAL_LN000069_20,LN000069,interest_accrual,2027-11-06,2027-11-06,1132,Interest Receivable,170.0,0.0,170.0
AE_ACCRUAL_LN000069_20_CR,ACCRUAL_LN000069_20,LN000069,interest_accrual,2027-11-06,2027-11-06,6011,Interest Income,0.0,170.0,-170.0
AE_ACCRUAL_LN000069_21_DR,ACCRUAL_LN000069_21,LN000069,interest_accrual,2027-12-06,2027-12-06,1132,Interest Receivable,170.0,0.0,170.0
AE_ACCRUAL_LN000069_21_CR,ACCRUAL_LN000069_21,LN000069,interest_accrual,2027-12-06,2027-12-06,6011,Interest Income,0.0,170.0,-170.0
AE_ACCRUAL_LN000069_22_DR,ACCRUAL_LN000069_22,LN000069,interest_accrual,2028-01-06,2028-01-06,1132,Interest Receivable,170.0,0.0,170.0
AE_ACCRUAL_LN000069_22_CR,ACCRUAL_LN000069_22,LN000069,interest_accrual,2028-01-06,2028-01-06,6011,Interest Income,0.0,170.0,-170.0
AE_ACCRUAL_LN000069_23_DR,ACCRUAL_LN000069_23,LN000069,interest_accrual,2028-02-06,2028-02-06,1132,Interest Receivable,170.0,0.0,170.0
AE_ACCRUAL_LN000069_23_CR,ACCRUAL_LN000069_23,LN000069,interest_accrual,2028-02-06,2028-02-06,6011,Interest Income,0.0,170.0,-170.0
AE_ACCRUAL_LN000069_24_DR,ACCRUAL_LN000069_24,LN000069,interest_accrual,2028-03-06,2028-03-06,1132,Interest Receivable,170.0,0.0,170.0
AE_ACCRUAL_LN000069_24_CR,ACCRUAL_LN000069_24,LN000069,interest_accrual,2028-03-06,2028-03-06,6011,Interest Income,0.0,170.0,-170.0
AE_ACCRUAL_LN000069_25_DR,ACCRUAL_LN000069_25,LN000069,interest_accrual,2028-04-06,2028-04-06,1132,Interest Receivable,170.0,0.0,170.0
AE_ACCRUAL_LN000069_25_CR,ACCRUAL_LN000069_25,LN000069,interest_accrual,2028-04-06,2028-04-06,6011,Interest Income,0.0,170.0,-170.0
AE_ACCRUAL_LN000069_26_DR,ACCRUAL_LN000069_26,LN000069,interest_accrual,2028-05-06,2028-05-06,1132,Interest Receivable,170.0,0.0,170.0
AE_ACCRUAL_LN000069_26_CR,ACCRUAL_LN000069_26,LN000069,interest_accrual,2028-05-06,2028-05-06,6011,Interest Income,0.0,170.0,-170.0
AE_ACCRUAL_LN000069_27_DR,ACCRUAL_LN000069_27,LN000069,interest_accrual,2028-06-06,2028-06-06,1132,Interest Receivable,170.0,0.0,170.0
AE_ACCRUAL_LN000069_27_CR,ACCRUAL_LN000069_27,LN000069,interest_accrual,2028-06-06,2028-06-06,6011,Interest Income,0.0,170.0,-170.0
AE_ACCRUAL_LN000069_28_DR,ACCRUAL_LN000069_28,LN000069,interest_accrual,2028-07-06,2028-07-06,1132,Interest Receivable,170.0,0.0,170.0
AE_ACCRUAL_LN000069_28_CR,ACCRUAL_LN000069_28,LN000069,interest_accrual,2028-07-06,2028-07-06,6011,Interest Income,0.0,170.0,-170.0
AE_ACCRUAL_LN000069_29_DR,ACCRUAL_LN000069_29,LN000069,interest_accrual,2028-08-06,2028-08-06,1132,Interest Receivable,170.0,0.0,170.0
AE_ACCRUAL_LN000069_29_CR,ACCRUAL_LN000069_29,LN000069,interest_accrual,2028-08-06,2028-08-06,6011,Interest Income,0.0,170.0,-170.0
AE_ACCRUAL_LN000069_30_DR,ACCRUAL_LN000069_30,LN000069,interest_accrual,2028-09-06,2028-09-06,1132,Interest Receivable,170.0,0.0,170.0
AE_ACCRUAL_LN000069_30_CR,ACCRUAL_LN000069_30,LN000069,interest_accrual,2028-09-06,2028-09-06,6011,Interest Income,0.0,170.0,-170.0
AE_ACCRUAL_LN000069_31_DR,ACCRUAL_LN000069_31,LN000069,interest_accrual,2028-10-06,2028-10-06,1132,Interest Receivable,170.0,0.0,170.0
AE_ACCRUAL_LN000069_31_CR,ACCRUAL_LN000069_31,LN000069,interest_accrual,2028-10-06,2028-10-06,6011,Interest Income,0.0,170.0,-170.0
AE_ACCRUAL_LN000069_32_DR,ACCRUAL_LN000069_32,LN000069,interest_accrual,2028-11-06,2028-11-06,1132,Interest Receivable,170.0,0.0,170.0
AE_ACCRUAL_LN000069_32_CR,ACCRUAL_LN000069_32,LN000069,interest_accrual,2028-11-06,2028-11-06,6011,Interest Income,0.0,170.0,-170.0
AE_ACCRUAL_LN000069_33_DR,ACCRUAL_LN000069_33,LN000069,interest_accrual,2028-12-06,2028-12-06,1132,Interest Receivable,170.0,0.0,170.0
AE_ACCRUAL_LN000069_33_CR,ACCRUAL_LN000069_33,LN000069,interest_accrual,2028-12-06,2028-12-06,6011,Interest Income,0.0,170.0,-170.0
AE_ACCRUAL_LN000069_34_DR,ACCRUAL_LN000069_34,LN000069,interest_accrual,2029-01-06,2029-01-06,1132,Interest Receivable,170.0,0.0,170.0
AE_ACCRUAL_LN000069_34_CR,ACCRUAL_LN000069_34,LN000069,interest_accrual,2029-01-06,2029-01-06,6011,Interest Income,0.0,170.0,-170.0
AE_ACCRUAL_LN000069_35_DR,ACCRUAL_LN000069_35,LN000069,interest_accrual,2029-02-06,2029-02-06,1132,Interest Receivable,170.0,0.0,170.0
AE_ACCRUAL_LN000069_35_CR,ACCRUAL_LN000069_35,LN000069,interest_accrual,2029-02-06,2029-02-06,6011,Interest Income,0.0,170.0,-170.0
AE_ACCRUAL_LN000069_36_DR,ACCRUAL_LN000069_36,LN000069,interest_accrual,2029-03-06,2029-03-06,1132,Interest Receivable,170.0,0.0,170.0
AE_ACCRUAL_LN000069_36_CR,ACCRUAL_LN000069_36,LN000069,interest_accrual,2029-03-06,2029-03-06,6011,Interest Income,0.0,170.0,-170.0
AE_ACCRUAL_LN000070_01_DR,ACCRUAL_LN000070_01,LN000070,interest_accrual,2026-04-12,2026-04-12,1132,Interest Receivable,153.75,0.0,153.75
AE_ACCRUAL_LN000070_01_CR,ACCRUAL_LN000070_01,LN000070,interest_accrual,2026-04-12,2026-04-12,6011,Interest Income,0.0,153.75,-153.75
AE_ACCRUAL_LN000070_02_DR,ACCRUAL_LN000070_02,LN000070,interest_accrual,2026-05-12,2026-05-12,1132,Interest Receivable,153.75,0.0,153.75
AE_ACCRUAL_LN000070_02_CR,ACCRUAL_LN000070_02,LN000070,interest_accrual,2026-05-12,2026-05-12,6011,Interest Income,0.0,153.75,-153.75
AE_ACCRUAL_LN000070_03_DR,ACCRUAL_LN000070_03,LN000070,interest_accrual,2026-06-12,2026-06-12,1132,Interest Receivable,153.75,0.0,153.75
AE_ACCRUAL_LN000070_03_CR,ACCRUAL_LN000070_03,LN000070,interest_accrual,2026-06-12,2026-06-12,6011,Interest Income,0.0,153.75,-153.75
AE_ACCRUAL_LN000070_04_DR,ACCRUAL_LN000070_04,LN000070,interest_accrual,2026-07-12,2026-07-12,1132,Interest Receivable,153.75,0.0,153.75
AE_ACCRUAL_LN000070_04_CR,ACCRUAL_LN000070_04,LN000070,interest_accrual,2026-07-12,2026-07-12,6011,Interest Income,0.0,153.75,-153.75
AE_ACCRUAL_LN000070_05_DR,ACCRUAL_LN000070_05,LN000070,interest_accrual,2026-08-12,2026-08-12,1132,Interest Receivable,153.75,0.0,153.75
AE_ACCRUAL_LN000070_05_CR,ACCRUAL_LN000070_05,LN000070,interest_accrual,2026-08-12,2026-08-12,6011,Interest Income,0.0,153.75,-153.75
AE_ACCRUAL_LN000070_06_DR,ACCRUAL_LN000070_06,LN000070,interest_accrual,2026-09-12,2026-09-12,1132,Interest Receivable,153.75,0.0,153.75
AE_ACCRUAL_LN000070_06_CR,ACCRUAL_LN000070_06,LN000070,interest_accrual,2026-09-12,2026-09-12,6011,Interest Income,0.0,153.75,-153.75
AE_ACCRUAL_LN000070_07_DR,ACCRUAL_LN000070_07,LN000070,interest_accrual,2026-10-12,2026-10-12,1132,Interest Receivable,153.75,0.0,153.75
AE_ACCRUAL_LN000070_07_CR,ACCRUAL_LN000070_07,LN000070,interest_accrual,2026-10-12,2026-10-12,6011,Interest Income,0.0,153.75,-153.75
AE_ACCRUAL_LN000070_08_DR,ACCRUAL_LN000070_08,LN000070,interest_accrual,2026-11-12,2026-11-12,1132,Interest Receivable,153.75,0.0,153.75
AE_ACCRUAL_LN000070_08_CR,ACCRUAL_LN000070_08,LN000070,interest_accrual,2026-11-12,2026-11-12,6011,Interest Income,0.0,153.75,-153.75
AE_ACCRUAL_LN000070_09_DR,ACCRUAL_LN000070_09,LN000070,interest_accrual,2026-12-12,2026-12-12,1132,Interest Receivable,153.75,0.0,153.75
AE_ACCRUAL_LN000070_09_CR,ACCRUAL_LN000070_09,LN000070,interest_accrual,2026-12-12,2026-12-12,6011,Interest Income,0.0,153.75,-153.75
AE_ACCRUAL_LN000070_10_DR,ACCRUAL_LN000070_10,LN000070,interest_accrual,2027-01-12,2027-01-12,1132,Interest Receivable,153.75,0.0,153.75
AE_ACCRUAL_LN000070_10_CR,ACCRUAL_LN000070_10,LN000070,interest_accrual,2027-01-12,2027-01-12,6011,Interest Income,0.0,153.75,-153.75
AE_ACCRUAL_LN000070_11_DR,ACCRUAL_LN000070_11,LN000070,interest_accrual,2027-02-12,2027-02-12,1132,Interest Receivable,153.75,0.0,153.75
AE_ACCRUAL_LN000070_11_CR,ACCRUAL_LN000070_11,LN000070,interest_accrual,2027-02-12,2027-02-12,6011,Interest Income,0.0,153.75,-153.75
AE_ACCRUAL_LN000070_12_DR,ACCRUAL_LN000070_12,LN000070,interest_accrual,2027-03-12,2027-03-12,1132,Interest Receivable,153.75,0.0,153.75
AE_ACCRUAL_LN000070_12_CR,ACCRUAL_LN000070_12,LN000070,interest_accrual,2027-03-12,2027-03-12,6011,Interest Income,0.0,153.75,-153.75
AE_ACCRUAL_LN000070_13_DR,ACCRUAL_LN000070_13,LN000070,interest_accrual,2027-04-12,2027-04-12,1132,Interest Receivable,153.75,0.0,153.75
AE_ACCRUAL_LN000070_13_CR,ACCRUAL_LN000070_13,LN000070,interest_accrual,2027-04-12,2027-04-12,6011,Interest Income,0.0,153.75,-153.75
AE_ACCRUAL_LN000070_14_DR,ACCRUAL_LN000070_14,LN000070,interest_accrual,2027-05-12,2027-05-12,1132,Interest Receivable,153.75,0.0,153.75
AE_ACCRUAL_LN000070_14_CR,ACCRUAL_LN000070_14,LN000070,interest_accrual,2027-05-12,2027-05-12,6011,Interest Income,0.0,153.75,-153.75
AE_ACCRUAL_LN000070_15_DR,ACCRUAL_LN000070_15,LN000070,interest_accrual,2027-06-12,2027-06-12,1132,Interest Receivable,153.75,0.0,153.75
AE_ACCRUAL_LN000070_15_CR,ACCRUAL_LN000070_15,LN000070,interest_accrual,2027-06-12,2027-06-12,6011,Interest Income,0.0,153.75,-153.75
AE_ACCRUAL_LN000070_16_DR,ACCRUAL_LN000070_16,LN000070,interest_accrual,2027-07-12,2027-07-12,1132,Interest Receivable,153.75,0.0,153.75
AE_ACCRUAL_LN000070_16_CR,ACCRUAL_LN000070_16,LN000070,interest_accrual,2027-07-12,2027-07-12,6011,Interest Income,0.0,153.75,-153.75
AE_ACCRUAL_LN000070_17_DR,ACCRUAL_LN000070_17,LN000070,interest_accrual,2027-08-12,2027-08-12,1132,Interest Receivable,153.75,0.0,153.75
AE_ACCRUAL_LN000070_17_CR,ACCRUAL_LN000070_17,LN000070,interest_accrual,2027-08-12,2027-08-12,6011,Interest Income,0.0,153.75,-153.75
AE_ACCRUAL_LN000070_18_DR,ACCRUAL_LN000070_18,LN000070,interest_accrual,2027-09-12,2027-09-12,1132,Interest Receivable,153.75,0.0,153.75
AE_ACCRUAL_LN000070_18_CR,ACCRUAL_LN000070_18,LN000070,interest_accrual,2027-09-12,2027-09-12,6011,Interest Income,0.0,153.75,-153.75
AE_ACCRUAL_LN000070_19_DR,ACCRUAL_LN000070_19,LN000070,interest_accrual,2027-10-12,2027-10-12,1132,Interest Receivable,153.75,0.0,153.75
AE_ACCRUAL_LN000070_19_CR,ACCRUAL_LN000070_19,LN000070,interest_accrual,2027-10-12,2027-10-12,6011,Interest Income,0.0,153.75,-153.75
AE_ACCRUAL_LN000070_20_DR,ACCRUAL_LN000070_20,LN000070,interest_accrual,2027-11-12,2027-11-12,1132,Interest Receivable,153.75,0.0,153.75
AE_ACCRUAL_LN000070_20_CR,ACCRUAL_LN000070_20,LN000070,interest_accrual,2027-11-12,2027-11-12,6011,Interest Income,0.0,153.75,-153.75
AE_ACCRUAL_LN000070_21_DR,ACCRUAL_LN000070_21,LN000070,interest_accrual,2027-12-12,2027-12-12,1132,Interest Receivable,153.75,0.0,153.75
AE_ACCRUAL_LN000070_21_CR,ACCRUAL_LN000070_21,LN000070,interest_accrual,2027-12-12,2027-12-12,6011,Interest Income,0.0,153.75,-153.75
AE_ACCRUAL_LN000070_22_DR,ACCRUAL_LN000070_22,LN000070,interest_accrual,2028-01-12,2028-01-12,1132,Interest Receivable,153.75,0.0,153.75
AE_ACCRUAL_LN000070_22_CR,ACCRUAL_LN000070_22,LN000070,interest_accrual,2028-01-12,2028-01-12,6011,Interest Income,0.0,153.75,-153.75
AE_ACCRUAL_LN000070_23_DR,ACCRUAL_LN000070_23,LN000070,interest_accrual,2028-02-12,2028-02-12,1132,Interest Receivable,153.75,0.0,153.75
AE_ACCRUAL_LN000070_23_CR,ACCRUAL_LN000070_23,LN000070,interest_accrual,2028-02-12,2028-02-12,6011,Interest Income,0.0,153.75,-153.75
AE_ACCRUAL_LN000070_24_DR,ACCRUAL_LN000070_24,LN000070,interest_accrual,2028-03-12,2028-03-12,1132,Interest Receivable,153.75,0.0,153.75
AE_ACCRUAL_LN000070_24_CR,ACCRUAL_LN000070_24,LN000070,interest_accrual,2028-03-12,2028-03-12,6011,Interest Income,0.0,153.75,-153.75
AE_ACCRUAL_LN000071_01_DR,ACCRUAL_LN000071_01,LN000071,interest_accrual,2026-03-23,2026-03-23,1132,Interest Receivable,148.73,0.0,148.73
AE_ACCRUAL_LN000071_01_CR,ACCRUAL_LN000071_01,LN000071,interest_accrual,2026-03-23,2026-03-23,6011,Interest Income,0.0,148.73,-148.73
AE_ACCRUAL_LN000071_02_DR,ACCRUAL_LN000071_02,LN000071,interest_accrual,2026-04-23,2026-04-23,1132,Interest Receivable,148.73,0.0,148.73
AE_ACCRUAL_LN000071_02_CR,ACCRUAL_LN000071_02,LN000071,interest_accrual,2026-04-23,2026-04-23,6011,Interest Income,0.0,148.73,-148.73
AE_ACCRUAL_LN000071_03_DR,ACCRUAL_LN000071_03,LN000071,interest_accrual,2026-05-23,2026-05-23,1132,Interest Receivable,148.73,0.0,148.73
AE_ACCRUAL_LN000071_03_CR,ACCRUAL_LN000071_03,LN000071,interest_accrual,2026-05-23,2026-05-23,6011,Interest Income,0.0,148.73,-148.73
AE_ACCRUAL_LN000071_04_DR,ACCRUAL_LN000071_04,LN000071,interest_accrual,2026-06-23,2026-06-23,1132,Interest Receivable,148.73,0.0,148.73
AE_ACCRUAL_LN000071_04_CR,ACCRUAL_LN000071_04,LN000071,interest_accrual,2026-06-23,2026-06-23,6011,Interest Income,0.0,148.73,-148.73
AE_ACCRUAL_LN000071_05_DR,ACCRUAL_LN000071_05,LN000071,interest_accrual,2026-07-23,2026-07-23,1132,Interest Receivable,148.73,0.0,148.73
AE_ACCRUAL_LN000071_05_CR,ACCRUAL_LN000071_05,LN000071,interest_accrual,2026-07-23,2026-07-23,6011,Interest Income,0.0,148.73,-148.73
AE_ACCRUAL_LN000071_06_DR,ACCRUAL_LN000071_06,LN000071,interest_accrual,2026-08-23,2026-08-23,1132,Interest Receivable,148.73,0.0,148.73
AE_ACCRUAL_LN000071_06_CR,ACCRUAL_LN000071_06,LN000071,interest_accrual,2026-08-23,2026-08-23,6011,Interest Income,0.0,148.73,-148.73
AE_ACCRUAL_LN000071_07_DR,ACCRUAL_LN000071_07,LN000071,interest_accrual,2026-09-23,2026-09-23,1132,Interest Receivable,148.73,0.0,148.73
AE_ACCRUAL_LN000071_07_CR,ACCRUAL_LN000071_07,LN000071,interest_accrual,2026-09-23,2026-09-23,6011,Interest Income,0.0,148.73,-148.73
AE_ACCRUAL_LN000071_08_DR,ACCRUAL_LN000071_08,LN000071,interest_accrual,2026-10-23,2026-10-23,1132,Interest Receivable,148.73,0.0,148.73
AE_ACCRUAL_LN000071_08_CR,ACCRUAL_LN000071_08,LN000071,interest_accrual,2026-10-23,2026-10-23,6011,Interest Income,0.0,148.73,-148.73
AE_ACCRUAL_LN000071_09_DR,ACCRUAL_LN000071_09,LN000071,interest_accrual,2026-11-23,2026-11-23,1132,Interest Receivable,148.73,0.0,148.73
AE_ACCRUAL_LN000071_09_CR,ACCRUAL_LN000071_09,LN000071,interest_accrual,2026-11-23,2026-11-23,6011,Interest Income,0.0,148.73,-148.73
AE_ACCRUAL_LN000071_10_DR,ACCRUAL_LN000071_10,LN000071,interest_accrual,2026-12-23,2026-12-23,1132,Interest Receivable,148.73,0.0,148.73
AE_ACCRUAL_LN000071_10_CR,ACCRUAL_LN000071_10,LN000071,interest_accrual,2026-12-23,2026-12-23,6011,Interest Income,0.0,148.73,-148.73
AE_ACCRUAL_LN000071_11_DR,ACCRUAL_LN000071_11,LN000071,interest_accrual,2027-01-23,2027-01-23,1132,Interest Receivable,148.73,0.0,148.73
AE_ACCRUAL_LN000071_11_CR,ACCRUAL_LN000071_11,LN000071,interest_accrual,2027-01-23,2027-01-23,6011,Interest Income,0.0,148.73,-148.73
AE_ACCRUAL_LN000071_12_DR,ACCRUAL_LN000071_12,LN000071,interest_accrual,2027-02-23,2027-02-23,1132,Interest Receivable,148.73,0.0,148.73
AE_ACCRUAL_LN000071_12_CR,ACCRUAL_LN000071_12,LN000071,interest_accrual,2027-02-23,2027-02-23,6011,Interest Income,0.0,148.73,-148.73
AE_ACCRUAL_LN000071_13_DR,ACCRUAL_LN000071_13,LN000071,interest_accrual,2027-03-23,2027-03-23,1132,Interest Receivable,148.73,0.0,148.73
AE_ACCRUAL_LN000071_13_CR,ACCRUAL_LN000071_13,LN000071,interest_accrual,2027-03-23,2027-03-23,6011,Interest Income,0.0,148.73,-148.73
AE_ACCRUAL_LN000071_14_DR,ACCRUAL_LN000071_14,LN000071,interest_accrual,2027-04-23,2027-04-23,1132,Interest Receivable,148.73,0.0,148.73
AE_ACCRUAL_LN000071_14_CR,ACCRUAL_LN000071_14,LN000071,interest_accrual,2027-04-23,2027-04-23,6011,Interest Income,0.0,148.73,-148.73
AE_ACCRUAL_LN000071_15_DR,ACCRUAL_LN000071_15,LN000071,interest_accrual,2027-05-23,2027-05-23,1132,Interest Receivable,148.73,0.0,148.73
AE_ACCRUAL_LN000071_15_CR,ACCRUAL_LN000071_15,LN000071,interest_accrual,2027-05-23,2027-05-23,6011,Interest Income,0.0,148.73,-148.73
AE_ACCRUAL_LN000071_16_DR,ACCRUAL_LN000071_16,LN000071,interest_accrual,2027-06-23,2027-06-23,1132,Interest Receivable,148.73,0.0,148.73
AE_ACCRUAL_LN000071_16_CR,ACCRUAL_LN000071_16,LN000071,interest_accrual,2027-06-23,2027-06-23,6011,Interest Income,0.0,148.73,-148.73
AE_ACCRUAL_LN000071_17_DR,ACCRUAL_LN000071_17,LN000071,interest_accrual,2027-07-23,2027-07-23,1132,Interest Receivable,148.73,0.0,148.73
AE_ACCRUAL_LN000071_17_CR,ACCRUAL_LN000071_17,LN000071,interest_accrual,2027-07-23,2027-07-23,6011,Interest Income,0.0,148.73,-148.73
AE_ACCRUAL_LN000071_18_DR,ACCRUAL_LN000071_18,LN000071,interest_accrual,2027-08-23,2027-08-23,1132,Interest Receivable,148.73,0.0,148.73
AE_ACCRUAL_LN000071_18_CR,ACCRUAL_LN000071_18,LN000071,interest_accrual,2027-08-23,2027-08-23,6011,Interest Income,0.0,148.73,-148.73
AE_ACCRUAL_LN000072_01_DR,ACCRUAL_LN000072_01,LN000072,interest_accrual,2026-02-19,2026-02-19,1132,Interest Receivable,346.83,0.0,346.83
AE_ACCRUAL_LN000072_01_CR,ACCRUAL_LN000072_01,LN000072,interest_accrual,2026-02-19,2026-02-19,6011,Interest Income,0.0,346.83,-346.83
AE_ACCRUAL_LN000072_02_DR,ACCRUAL_LN000072_02,LN000072,interest_accrual,2026-03-19,2026-03-19,1132,Interest Receivable,346.83,0.0,346.83
AE_ACCRUAL_LN000072_02_CR,ACCRUAL_LN000072_02,LN000072,interest_accrual,2026-03-19,2026-03-19,6011,Interest Income,0.0,346.83,-346.83
AE_ACCRUAL_LN000072_03_DR,ACCRUAL_LN000072_03,LN000072,interest_accrual,2026-04-19,2026-04-19,1132,Interest Receivable,346.83,0.0,346.83
AE_ACCRUAL_LN000072_03_CR,ACCRUAL_LN000072_03,LN000072,interest_accrual,2026-04-19,2026-04-19,6011,Interest Income,0.0,346.83,-346.83
AE_ACCRUAL_LN000072_04_DR,ACCRUAL_LN000072_04,LN000072,interest_accrual,2026-05-19,2026-05-19,1132,Interest Receivable,346.83,0.0,346.83
AE_ACCRUAL_LN000072_04_CR,ACCRUAL_LN000072_04,LN000072,interest_accrual,2026-05-19,2026-05-19,6011,Interest Income,0.0,346.83,-346.83
AE_ACCRUAL_LN000072_05_DR,ACCRUAL_LN000072_05,LN000072,interest_accrual,2026-06-19,2026-06-19,1132,Interest Receivable,346.83,0.0,346.83
AE_ACCRUAL_LN000072_05_CR,ACCRUAL_LN000072_05,LN000072,interest_accrual,2026-06-19,2026-06-19,6011,Interest Income,0.0,346.83,-346.83
AE_ACCRUAL_LN000072_06_DR,ACCRUAL_LN000072_06,LN000072,interest_accrual,2026-07-19,2026-07-19,1132,Interest Receivable,346.83,0.0,346.83
AE_ACCRUAL_LN000072_06_CR,ACCRUAL_LN000072_06,LN000072,interest_accrual,2026-07-19,2026-07-19,6011,Interest Income,0.0,346.83,-346.83
AE_ACCRUAL_LN000073_01_DR,ACCRUAL_LN000073_01,LN000073,interest_accrual,2026-04-04,2026-04-04,1132,Interest Receivable,90.12,0.0,90.12
AE_ACCRUAL_LN000073_01_CR,ACCRUAL_LN000073_01,LN000073,interest_accrual,2026-04-04,2026-04-04,6011,Interest Income,0.0,90.12,-90.12
AE_ACCRUAL_LN000073_02_DR,ACCRUAL_LN000073_02,LN000073,interest_accrual,2026-05-04,2026-05-04,1132,Interest Receivable,90.12,0.0,90.12
AE_ACCRUAL_LN000073_02_CR,ACCRUAL_LN000073_02,LN000073,interest_accrual,2026-05-04,2026-05-04,6011,Interest Income,0.0,90.12,-90.12
AE_ACCRUAL_LN000073_03_DR,ACCRUAL_LN000073_03,LN000073,interest_accrual,2026-06-04,2026-06-04,1132,Interest Receivable,90.12,0.0,90.12
AE_ACCRUAL_LN000073_03_CR,ACCRUAL_LN000073_03,LN000073,interest_accrual,2026-06-04,2026-06-04,6011,Interest Income,0.0,90.12,-90.12
AE_ACCRUAL_LN000073_04_DR,ACCRUAL_LN000073_04,LN000073,interest_accrual,2026-07-04,2026-07-04,1132,Interest Receivable,90.12,0.0,90.12
AE_ACCRUAL_LN000073_04_CR,ACCRUAL_LN000073_04,LN000073,interest_accrual,2026-07-04,2026-07-04,6011,Interest Income,0.0,90.12,-90.12
AE_ACCRUAL_LN000073_05_DR,ACCRUAL_LN000073_05,LN000073,interest_accrual,2026-08-04,2026-08-04,1132,Interest Receivable,90.12,0.0,90.12
AE_ACCRUAL_LN000073_05_CR,ACCRUAL_LN000073_05,LN000073,interest_accrual,2026-08-04,2026-08-04,6011,Interest Income,0.0,90.12,-90.12
AE_ACCRUAL_LN000073_06_DR,ACCRUAL_LN000073_06,LN000073,interest_accrual,2026-09-04,2026-09-04,1132,Interest Receivable,90.12,0.0,90.12
AE_ACCRUAL_LN000073_06_CR,ACCRUAL_LN000073_06,LN000073,interest_accrual,2026-09-04,2026-09-04,6011,Interest Income,0.0,90.12,-90.12
AE_ACCRUAL_LN000073_07_DR,ACCRUAL_LN000073_07,LN000073,interest_accrual,2026-10-04,2026-10-04,1132,Interest Receivable,90.12,0.0,90.12
AE_ACCRUAL_LN000073_07_CR,ACCRUAL_LN000073_07,LN000073,interest_accrual,2026-10-04,2026-10-04,6011,Interest Income,0.0,90.12,-90.12
AE_ACCRUAL_LN000073_08_DR,ACCRUAL_LN000073_08,LN000073,interest_accrual,2026-11-04,2026-11-04,1132,Interest Receivable,90.12,0.0,90.12
AE_ACCRUAL_LN000073_08_CR,ACCRUAL_LN000073_08,LN000073,interest_accrual,2026-11-04,2026-11-04,6011,Interest Income,0.0,90.12,-90.12
AE_ACCRUAL_LN000073_09_DR,ACCRUAL_LN000073_09,LN000073,interest_accrual,2026-12-04,2026-12-04,1132,Interest Receivable,90.12,0.0,90.12
AE_ACCRUAL_LN000073_09_CR,ACCRUAL_LN000073_09,LN000073,interest_accrual,2026-12-04,2026-12-04,6011,Interest Income,0.0,90.12,-90.12
AE_ACCRUAL_LN000073_10_DR,ACCRUAL_LN000073_10,LN000073,interest_accrual,2027-01-04,2027-01-04,1132,Interest Receivable,90.12,0.0,90.12
AE_ACCRUAL_LN000073_10_CR,ACCRUAL_LN000073_10,LN000073,interest_accrual,2027-01-04,2027-01-04,6011,Interest Income,0.0,90.12,-90.12
AE_ACCRUAL_LN000073_11_DR,ACCRUAL_LN000073_11,LN000073,interest_accrual,2027-02-04,2027-02-04,1132,Interest Receivable,90.12,0.0,90.12
AE_ACCRUAL_LN000073_11_CR,ACCRUAL_LN000073_11,LN000073,interest_accrual,2027-02-04,2027-02-04,6011,Interest Income,0.0,90.12,-90.12
AE_ACCRUAL_LN000073_12_DR,ACCRUAL_LN000073_12,LN000073,interest_accrual,2027-03-04,2027-03-04,1132,Interest Receivable,90.12,0.0,90.12
AE_ACCRUAL_LN000073_12_CR,ACCRUAL_LN000073_12,LN000073,interest_accrual,2027-03-04,2027-03-04,6011,Interest Income,0.0,90.12,-90.12
AE_ACCRUAL_LN000073_13_DR,ACCRUAL_LN000073_13,LN000073,interest_accrual,2027-04-04,2027-04-04,1132,Interest Receivable,90.12,0.0,90.12
AE_ACCRUAL_LN000073_13_CR,ACCRUAL_LN000073_13,LN000073,interest_accrual,2027-04-04,2027-04-04,6011,Interest Income,0.0,90.12,-90.12
AE_ACCRUAL_LN000073_14_DR,ACCRUAL_LN000073_14,LN000073,interest_accrual,2027-05-04,2027-05-04,1132,Interest Receivable,90.12,0.0,90.12
AE_ACCRUAL_LN000073_14_CR,ACCRUAL_LN000073_14,LN000073,interest_accrual,2027-05-04,2027-05-04,6011,Interest Income,0.0,90.12,-90.12
AE_ACCRUAL_LN000073_15_DR,ACCRUAL_LN000073_15,LN000073,interest_accrual,2027-06-04,2027-06-04,1132,Interest Receivable,90.12,0.0,90.12
AE_ACCRUAL_LN000073_15_CR,ACCRUAL_LN000073_15,LN000073,interest_accrual,2027-06-04,2027-06-04,6011,Interest Income,0.0,90.12,-90.12
AE_ACCRUAL_LN000073_16_DR,ACCRUAL_LN000073_16,LN000073,interest_accrual,2027-07-04,2027-07-04,1132,Interest Receivable,90.12,0.0,90.12
AE_ACCRUAL_LN000073_16_CR,ACCRUAL_LN000073_16,LN000073,interest_accrual,2027-07-04,2027-07-04,6011,Interest Income,0.0,90.12,-90.12
AE_ACCRUAL_LN000073_17_DR,ACCRUAL_LN000073_17,LN000073,interest_accrual,2027-08-04,2027-08-04,1132,Interest Receivable,90.12,0.0,90.12
AE_ACCRUAL_LN000073_17_CR,ACCRUAL_LN000073_17,LN000073,interest_accrual,2027-08-04,2027-08-04,6011,Interest Income,0.0,90.12,-90.12
AE_ACCRUAL_LN000073_18_DR,ACCRUAL_LN000073_18,LN000073,interest_accrual,2027-09-04,2027-09-04,1132,Interest Receivable,90.12,0.0,90.12
AE_ACCRUAL_LN000073_18_CR,ACCRUAL_LN000073_18,LN000073,interest_accrual,2027-09-04,2027-09-04,6011,Interest Income,0.0,90.12,-90.12
AE_ACCRUAL_LN000073_19_DR,ACCRUAL_LN000073_19,LN000073,interest_accrual,2027-10-04,2027-10-04,1132,Interest Receivable,90.12,0.0,90.12
AE_ACCRUAL_LN000073_19_CR,ACCRUAL_LN000073_19,LN000073,interest_accrual,2027-10-04,2027-10-04,6011,Interest Income,0.0,90.12,-90.12
AE_ACCRUAL_LN000073_20_DR,ACCRUAL_LN000073_20,LN000073,interest_accrual,2027-11-04,2027-11-04,1132,Interest Receivable,90.12,0.0,90.12
AE_ACCRUAL_LN000073_20_CR,ACCRUAL_LN000073_20,LN000073,interest_accrual,2027-11-04,2027-11-04,6011,Interest Income,0.0,90.12,-90.12
AE_ACCRUAL_LN000073_21_DR,ACCRUAL_LN000073_21,LN000073,interest_accrual,2027-12-04,2027-12-04,1132,Interest Receivable,90.12,0.0,90.12
AE_ACCRUAL_LN000073_21_CR,ACCRUAL_LN000073_21,LN000073,interest_accrual,2027-12-04,2027-12-04,6011,Interest Income,0.0,90.12,-90.12
AE_ACCRUAL_LN000073_22_DR,ACCRUAL_LN000073_22,LN000073,interest_accrual,2028-01-04,2028-01-04,1132,Interest Receivable,90.12,0.0,90.12
AE_ACCRUAL_LN000073_22_CR,ACCRUAL_LN000073_22,LN000073,interest_accrual,2028-01-04,2028-01-04,6011,Interest Income,0.0,90.12,-90.12
AE_ACCRUAL_LN000073_23_DR,ACCRUAL_LN000073_23,LN000073,interest_accrual,2028-02-04,2028-02-04,1132,Interest Receivable,90.12,0.0,90.12
AE_ACCRUAL_LN000073_23_CR,ACCRUAL_LN000073_23,LN000073,interest_accrual,2028-02-04,2028-02-04,6011,Interest Income,0.0,90.12,-90.12
AE_ACCRUAL_LN000073_24_DR,ACCRUAL_LN000073_24,LN000073,interest_accrual,2028-03-04,2028-03-04,1132,Interest Receivable,90.12,0.0,90.12
AE_ACCRUAL_LN000073_24_CR,ACCRUAL_LN000073_24,LN000073,interest_accrual,2028-03-04,2028-03-04,6011,Interest Income,0.0,90.12,-90.12
AE_ACCRUAL_LN000073_25_DR,ACCRUAL_LN000073_25,LN000073,interest_accrual,2028-04-04,2028-04-04,1132,Interest Receivable,90.12,0.0,90.12
AE_ACCRUAL_LN000073_25_CR,ACCRUAL_LN000073_25,LN000073,interest_accrual,2028-04-04,2028-04-04,6011,Interest Income,0.0,90.12,-90.12
AE_ACCRUAL_LN000073_26_DR,ACCRUAL_LN000073_26,LN000073,interest_accrual,2028-05-04,2028-05-04,1132,Interest Receivable,90.12,0.0,90.12
AE_ACCRUAL_LN000073_26_CR,ACCRUAL_LN000073_26,LN000073,interest_accrual,2028-05-04,2028-05-04,6011,Interest Income,0.0,90.12,-90.12
AE_ACCRUAL_LN000073_27_DR,ACCRUAL_LN000073_27,LN000073,interest_accrual,2028-06-04,2028-06-04,1132,Interest Receivable,90.12,0.0,90.12
AE_ACCRUAL_LN000073_27_CR,ACCRUAL_LN000073_27,LN000073,interest_accrual,2028-06-04,2028-06-04,6011,Interest Income,0.0,90.12,-90.12
AE_ACCRUAL_LN000073_28_DR,ACCRUAL_LN000073_28,LN000073,interest_accrual,2028-07-04,2028-07-04,1132,Interest Receivable,90.12,0.0,90.12
AE_ACCRUAL_LN000073_28_CR,ACCRUAL_LN000073_28,LN000073,interest_accrual,2028-07-04,2028-07-04,6011,Interest Income,0.0,90.12,-90.12
AE_ACCRUAL_LN000073_29_DR,ACCRUAL_LN000073_29,LN000073,interest_accrual,2028-08-04,2028-08-04,1132,Interest Receivable,90.12,0.0,90.12
AE_ACCRUAL_LN000073_29_CR,ACCRUAL_LN000073_29,LN000073,interest_accrual,2028-08-04,2028-08-04,6011,Interest Income,0.0,90.12,-90.12
AE_ACCRUAL_LN000073_30_DR,ACCRUAL_LN000073_30,LN000073,interest_accrual,2028-09-04,2028-09-04,1132,Interest Receivable,90.12,0.0,90.12
AE_ACCRUAL_LN000073_30_CR,ACCRUAL_LN000073_30,LN000073,interest_accrual,2028-09-04,2028-09-04,6011,Interest Income,0.0,90.12,-90.12
AE_ACCRUAL_LN000073_31_DR,ACCRUAL_LN000073_31,LN000073,interest_accrual,2028-10-04,2028-10-04,1132,Interest Receivable,90.12,0.0,90.12
AE_ACCRUAL_LN000073_31_CR,ACCRUAL_LN000073_31,LN000073,interest_accrual,2028-10-04,2028-10-04,6011,Interest Income,0.0,90.12,-90.12
AE_ACCRUAL_LN000073_32_DR,ACCRUAL_LN000073_32,LN000073,interest_accrual,2028-11-04,2028-11-04,1132,Interest Receivable,90.12,0.0,90.12
AE_ACCRUAL_LN000073_32_CR,ACCRUAL_LN000073_32,LN000073,interest_accrual,2028-11-04,2028-11-04,6011,Interest Income,0.0,90.12,-90.12
AE_ACCRUAL_LN000073_33_DR,ACCRUAL_LN000073_33,LN000073,interest_accrual,2028-12-04,2028-12-04,1132,Interest Receivable,90.12,0.0,90.12
AE_ACCRUAL_LN000073_33_CR,ACCRUAL_LN000073_33,LN000073,interest_accrual,2028-12-04,2028-12-04,6011,Interest Income,0.0,90.12,-90.12
AE_ACCRUAL_LN000073_34_DR,ACCRUAL_LN000073_34,LN000073,interest_accrual,2029-01-04,2029-01-04,1132,Interest Receivable,90.12,0.0,90.12
AE_ACCRUAL_LN000073_34_CR,ACCRUAL_LN000073_34,LN000073,interest_accrual,2029-01-04,2029-01-04,6011,Interest Income,0.0,90.12,-90.12
AE_ACCRUAL_LN000073_35_DR,ACCRUAL_LN000073_35,LN000073,interest_accrual,2029-02-04,2029-02-04,1132,Interest Receivable,90.12,0.0,90.12
AE_ACCRUAL_LN000073_35_CR,ACCRUAL_LN000073_35,LN000073,interest_accrual,2029-02-04,2029-02-04,6011,Interest Income,0.0,90.12,-90.12
AE_ACCRUAL_LN000073_36_DR,ACCRUAL_LN000073_36,LN000073,interest_accrual,2029-03-04,2029-03-04,1132,Interest Receivable,90.12,0.0,90.12
AE_ACCRUAL_LN000073_36_CR,ACCRUAL_LN000073_36,LN000073,interest_accrual,2029-03-04,2029-03-04,6011,Interest Income,0.0,90.12,-90.12
AE_ACCRUAL_LN000074_01_DR,ACCRUAL_LN000074_01,LN000074,interest_accrual,2026-03-14,2026-03-14,1132,Interest Receivable,196.83,0.0,196.83
AE_ACCRUAL_LN000074_01_CR,ACCRUAL_LN000074_01,LN000074,interest_accrual,2026-03-14,2026-03-14,6011,Interest Income,0.0,196.83,-196.83
AE_ACCRUAL_LN000074_02_DR,ACCRUAL_LN000074_02,LN000074,interest_accrual,2026-04-14,2026-04-14,1132,Interest Receivable,196.83,0.0,196.83
AE_ACCRUAL_LN000074_02_CR,ACCRUAL_LN000074_02,LN000074,interest_accrual,2026-04-14,2026-04-14,6011,Interest Income,0.0,196.83,-196.83
AE_ACCRUAL_LN000074_03_DR,ACCRUAL_LN000074_03,LN000074,interest_accrual,2026-05-14,2026-05-14,1132,Interest Receivable,196.83,0.0,196.83
AE_ACCRUAL_LN000074_03_CR,ACCRUAL_LN000074_03,LN000074,interest_accrual,2026-05-14,2026-05-14,6011,Interest Income,0.0,196.83,-196.83
AE_ACCRUAL_LN000074_04_DR,ACCRUAL_LN000074_04,LN000074,interest_accrual,2026-06-14,2026-06-14,1132,Interest Receivable,196.83,0.0,196.83
AE_ACCRUAL_LN000074_04_CR,ACCRUAL_LN000074_04,LN000074,interest_accrual,2026-06-14,2026-06-14,6011,Interest Income,0.0,196.83,-196.83
AE_ACCRUAL_LN000074_05_DR,ACCRUAL_LN000074_05,LN000074,interest_accrual,2026-07-14,2026-07-14,1132,Interest Receivable,196.83,0.0,196.83
AE_ACCRUAL_LN000074_05_CR,ACCRUAL_LN000074_05,LN000074,interest_accrual,2026-07-14,2026-07-14,6011,Interest Income,0.0,196.83,-196.83
AE_ACCRUAL_LN000074_06_DR,ACCRUAL_LN000074_06,LN000074,interest_accrual,2026-08-14,2026-08-14,1132,Interest Receivable,196.83,0.0,196.83
AE_ACCRUAL_LN000074_06_CR,ACCRUAL_LN000074_06,LN000074,interest_accrual,2026-08-14,2026-08-14,6011,Interest Income,0.0,196.83,-196.83
AE_ACCRUAL_LN000074_07_DR,ACCRUAL_LN000074_07,LN000074,interest_accrual,2026-09-14,2026-09-14,1132,Interest Receivable,196.83,0.0,196.83
AE_ACCRUAL_LN000074_07_CR,ACCRUAL_LN000074_07,LN000074,interest_accrual,2026-09-14,2026-09-14,6011,Interest Income,0.0,196.83,-196.83
AE_ACCRUAL_LN000074_08_DR,ACCRUAL_LN000074_08,LN000074,interest_accrual,2026-10-14,2026-10-14,1132,Interest Receivable,196.83,0.0,196.83
AE_ACCRUAL_LN000074_08_CR,ACCRUAL_LN000074_08,LN000074,interest_accrual,2026-10-14,2026-10-14,6011,Interest Income,0.0,196.83,-196.83
AE_ACCRUAL_LN000074_09_DR,ACCRUAL_LN000074_09,LN000074,interest_accrual,2026-11-14,2026-11-14,1132,Interest Receivable,196.83,0.0,196.83
AE_ACCRUAL_LN000074_09_CR,ACCRUAL_LN000074_09,LN000074,interest_accrual,2026-11-14,2026-11-14,6011,Interest Income,0.0,196.83,-196.83
AE_ACCRUAL_LN000074_10_DR,ACCRUAL_LN000074_10,LN000074,interest_accrual,2026-12-14,2026-12-14,1132,Interest Receivable,196.83,0.0,196.83
AE_ACCRUAL_LN000074_10_CR,ACCRUAL_LN000074_10,LN000074,interest_accrual,2026-12-14,2026-12-14,6011,Interest Income,0.0,196.83,-196.83
AE_ACCRUAL_LN000074_11_DR,ACCRUAL_LN000074_11,LN000074,interest_accrual,2027-01-14,2027-01-14,1132,Interest Receivable,196.83,0.0,196.83
AE_ACCRUAL_LN000074_11_CR,ACCRUAL_LN000074_11,LN000074,interest_accrual,2027-01-14,2027-01-14,6011,Interest Income,0.0,196.83,-196.83
AE_ACCRUAL_LN000074_12_DR,ACCRUAL_LN000074_12,LN000074,interest_accrual,2027-02-14,2027-02-14,1132,Interest Receivable,196.83,0.0,196.83
AE_ACCRUAL_LN000074_12_CR,ACCRUAL_LN000074_12,LN000074,interest_accrual,2027-02-14,2027-02-14,6011,Interest Income,0.0,196.83,-196.83
AE_ACCRUAL_LN000074_13_DR,ACCRUAL_LN000074_13,LN000074,interest_accrual,2027-03-14,2027-03-14,1132,Interest Receivable,196.83,0.0,196.83
AE_ACCRUAL_LN000074_13_CR,ACCRUAL_LN000074_13,LN000074,interest_accrual,2027-03-14,2027-03-14,6011,Interest Income,0.0,196.83,-196.83
AE_ACCRUAL_LN000074_14_DR,ACCRUAL_LN000074_14,LN000074,interest_accrual,2027-04-14,2027-04-14,1132,Interest Receivable,196.83,0.0,196.83
AE_ACCRUAL_LN000074_14_CR,ACCRUAL_LN000074_14,LN000074,interest_accrual,2027-04-14,2027-04-14,6011,Interest Income,0.0,196.83,-196.83
AE_ACCRUAL_LN000074_15_DR,ACCRUAL_LN000074_15,LN000074,interest_accrual,2027-05-14,2027-05-14,1132,Interest Receivable,196.83,0.0,196.83
AE_ACCRUAL_LN000074_15_CR,ACCRUAL_LN000074_15,LN000074,interest_accrual,2027-05-14,2027-05-14,6011,Interest Income,0.0,196.83,-196.83
AE_ACCRUAL_LN000074_16_DR,ACCRUAL_LN000074_16,LN000074,interest_accrual,2027-06-14,2027-06-14,1132,Interest Receivable,196.83,0.0,196.83
AE_ACCRUAL_LN000074_16_CR,ACCRUAL_LN000074_16,LN000074,interest_accrual,2027-06-14,2027-06-14,6011,Interest Income,0.0,196.83,-196.83
AE_ACCRUAL_LN000074_17_DR,ACCRUAL_LN000074_17,LN000074,interest_accrual,2027-07-14,2027-07-14,1132,Interest Receivable,196.83,0.0,196.83
AE_ACCRUAL_LN000074_17_CR,ACCRUAL_LN000074_17,LN000074,interest_accrual,2027-07-14,2027-07-14,6011,Interest Income,0.0,196.83,-196.83
AE_ACCRUAL_LN000074_18_DR,ACCRUAL_LN000074_18,LN000074,interest_accrual,2027-08-14,2027-08-14,1132,Interest Receivable,196.83,0.0,196.83
AE_ACCRUAL_LN000074_18_CR,ACCRUAL_LN000074_18,LN000074,interest_accrual,2027-08-14,2027-08-14,6011,Interest Income,0.0,196.83,-196.83
AE_ACCRUAL_LN000074_19_DR,ACCRUAL_LN000074_19,LN000074,interest_accrual,2027-09-14,2027-09-14,1132,Interest Receivable,196.83,0.0,196.83
AE_ACCRUAL_LN000074_19_CR,ACCRUAL_LN000074_19,LN000074,interest_accrual,2027-09-14,2027-09-14,6011,Interest Income,0.0,196.83,-196.83
AE_ACCRUAL_LN000074_20_DR,ACCRUAL_LN000074_20,LN000074,interest_accrual,2027-10-14,2027-10-14,1132,Interest Receivable,196.83,0.0,196.83
AE_ACCRUAL_LN000074_20_CR,ACCRUAL_LN000074_20,LN000074,interest_accrual,2027-10-14,2027-10-14,6011,Interest Income,0.0,196.83,-196.83
AE_ACCRUAL_LN000074_21_DR,ACCRUAL_LN000074_21,LN000074,interest_accrual,2027-11-14,2027-11-14,1132,Interest Receivable,196.83,0.0,196.83
AE_ACCRUAL_LN000074_21_CR,ACCRUAL_LN000074_21,LN000074,interest_accrual,2027-11-14,2027-11-14,6011,Interest Income,0.0,196.83,-196.83
AE_ACCRUAL_LN000074_22_DR,ACCRUAL_LN000074_22,LN000074,interest_accrual,2027-12-14,2027-12-14,1132,Interest Receivable,196.83,0.0,196.83
AE_ACCRUAL_LN000074_22_CR,ACCRUAL_LN000074_22,LN000074,interest_accrual,2027-12-14,2027-12-14,6011,Interest Income,0.0,196.83,-196.83
AE_ACCRUAL_LN000074_23_DR,ACCRUAL_LN000074_23,LN000074,interest_accrual,2028-01-14,2028-01-14,1132,Interest Receivable,196.83,0.0,196.83
AE_ACCRUAL_LN000074_23_CR,ACCRUAL_LN000074_23,LN000074,interest_accrual,2028-01-14,2028-01-14,6011,Interest Income,0.0,196.83,-196.83
AE_ACCRUAL_LN000074_24_DR,ACCRUAL_LN000074_24,LN000074,interest_accrual,2028-02-14,2028-02-14,1132,Interest Receivable,196.83,0.0,196.83
AE_ACCRUAL_LN000074_24_CR,ACCRUAL_LN000074_24,LN000074,interest_accrual,2028-02-14,2028-02-14,6011,Interest Income,0.0,196.83,-196.83
AE_ACCRUAL_LN000074_25_DR,ACCRUAL_LN000074_25,LN000074,interest_accrual,2028-03-14,2028-03-14,1132,Interest Receivable,196.83,0.0,196.83
AE_ACCRUAL_LN000074_25_CR,ACCRUAL_LN000074_25,LN000074,interest_accrual,2028-03-14,2028-03-14,6011,Interest Income,0.0,196.83,-196.83
AE_ACCRUAL_LN000074_26_DR,ACCRUAL_LN000074_26,LN000074,interest_accrual,2028-04-14,2028-04-14,1132,Interest Receivable,196.83,0.0,196.83
AE_ACCRUAL_LN000074_26_CR,ACCRUAL_LN000074_26,LN000074,interest_accrual,2028-04-14,2028-04-14,6011,Interest Income,0.0,196.83,-196.83
AE_ACCRUAL_LN000074_27_DR,ACCRUAL_LN000074_27,LN000074,interest_accrual,2028-05-14,2028-05-14,1132,Interest Receivable,196.83,0.0,196.83
AE_ACCRUAL_LN000074_27_CR,ACCRUAL_LN000074_27,LN000074,interest_accrual,2028-05-14,2028-05-14,6011,Interest Income,0.0,196.83,-196.83
AE_ACCRUAL_LN000074_28_DR,ACCRUAL_LN000074_28,LN000074,interest_accrual,2028-06-14,2028-06-14,1132,Interest Receivable,196.83,0.0,196.83
AE_ACCRUAL_LN000074_28_CR,ACCRUAL_LN000074_28,LN000074,interest_accrual,2028-06-14,2028-06-14,6011,Interest Income,0.0,196.83,-196.83
AE_ACCRUAL_LN000074_29_DR,ACCRUAL_LN000074_29,LN000074,interest_accrual,2028-07-14,2028-07-14,1132,Interest Receivable,196.83,0.0,196.83
AE_ACCRUAL_LN000074_29_CR,ACCRUAL_LN000074_29,LN000074,interest_accrual,2028-07-14,2028-07-14,6011,Interest Income,0.0,196.83,-196.83
AE_ACCRUAL_LN000074_30_DR,ACCRUAL_LN000074_30,LN000074,interest_accrual,2028-08-14,2028-08-14,1132,Interest Receivable,196.83,0.0,196.83
AE_ACCRUAL_LN000074_30_CR,ACCRUAL_LN000074_30,LN000074,interest_accrual,2028-08-14,2028-08-14,6011,Interest Income,0.0,196.83,-196.83
AE_ACCRUAL_LN000074_31_DR,ACCRUAL_LN000074_31,LN000074,interest_accrual,2028-09-14,2028-09-14,1132,Interest Receivable,196.83,0.0,196.83
AE_ACCRUAL_LN000074_31_CR,ACCRUAL_LN000074_31,LN000074,interest_accrual,2028-09-14,2028-09-14,6011,Interest Income,0.0,196.83,-196.83
AE_ACCRUAL_LN000074_32_DR,ACCRUAL_LN000074_32,LN000074,interest_accrual,2028-10-14,2028-10-14,1132,Interest Receivable,196.83,0.0,196.83
AE_ACCRUAL_LN000074_32_CR,ACCRUAL_LN000074_32,LN000074,interest_accrual,2028-10-14,2028-10-14,6011,Interest Income,0.0,196.83,-196.83
AE_ACCRUAL_LN000074_33_DR,ACCRUAL_LN000074_33,LN000074,interest_accrual,2028-11-14,2028-11-14,1132,Interest Receivable,196.83,0.0,196.83
AE_ACCRUAL_LN000074_33_CR,ACCRUAL_LN000074_33,LN000074,interest_accrual,2028-11-14,2028-11-14,6011,Interest Income,0.0,196.83,-196.83
AE_ACCRUAL_LN000074_34_DR,ACCRUAL_LN000074_34,LN000074,interest_accrual,2028-12-14,2028-12-14,1132,Interest Receivable,196.83,0.0,196.83
AE_ACCRUAL_LN000074_34_CR,ACCRUAL_LN000074_34,LN000074,interest_accrual,2028-12-14,2028-12-14,6011,Interest Income,0.0,196.83,-196.83
AE_ACCRUAL_LN000074_35_DR,ACCRUAL_LN000074_35,LN000074,interest_accrual,2029-01-14,2029-01-14,1132,Interest Receivable,196.83,0.0,196.83
AE_ACCRUAL_LN000074_35_CR,ACCRUAL_LN000074_35,LN000074,interest_accrual,2029-01-14,2029-01-14,6011,Interest Income,0.0,196.83,-196.83
AE_ACCRUAL_LN000074_36_DR,ACCRUAL_LN000074_36,LN000074,interest_accrual,2029-02-14,2029-02-14,1132,Interest Receivable,196.83,0.0,196.83
AE_ACCRUAL_LN000074_36_CR,ACCRUAL_LN000074_36,LN000074,interest_accrual,2029-02-14,2029-02-14,6011,Interest Income,0.0,196.83,-196.83
AE_ACCRUAL_LN000075_01_DR,ACCRUAL_LN000075_01,LN000075,interest_accrual,2026-02-19,2026-02-19,1132,Interest Receivable,59.93,0.0,59.93
AE_ACCRUAL_LN000075_01_CR,ACCRUAL_LN000075_01,LN000075,interest_accrual,2026-02-19,2026-02-19,6011,Interest Income,0.0,59.93,-59.93
AE_ACCRUAL_LN000075_02_DR,ACCRUAL_LN000075_02,LN000075,interest_accrual,2026-03-19,2026-03-19,1132,Interest Receivable,59.93,0.0,59.93
AE_ACCRUAL_LN000075_02_CR,ACCRUAL_LN000075_02,LN000075,interest_accrual,2026-03-19,2026-03-19,6011,Interest Income,0.0,59.93,-59.93
AE_ACCRUAL_LN000075_03_DR,ACCRUAL_LN000075_03,LN000075,interest_accrual,2026-04-19,2026-04-19,1132,Interest Receivable,59.93,0.0,59.93
AE_ACCRUAL_LN000075_03_CR,ACCRUAL_LN000075_03,LN000075,interest_accrual,2026-04-19,2026-04-19,6011,Interest Income,0.0,59.93,-59.93
AE_ACCRUAL_LN000075_04_DR,ACCRUAL_LN000075_04,LN000075,interest_accrual,2026-05-19,2026-05-19,1132,Interest Receivable,59.93,0.0,59.93
AE_ACCRUAL_LN000075_04_CR,ACCRUAL_LN000075_04,LN000075,interest_accrual,2026-05-19,2026-05-19,6011,Interest Income,0.0,59.93,-59.93
AE_ACCRUAL_LN000075_05_DR,ACCRUAL_LN000075_05,LN000075,interest_accrual,2026-06-19,2026-06-19,1132,Interest Receivable,59.93,0.0,59.93
AE_ACCRUAL_LN000075_05_CR,ACCRUAL_LN000075_05,LN000075,interest_accrual,2026-06-19,2026-06-19,6011,Interest Income,0.0,59.93,-59.93
AE_ACCRUAL_LN000075_06_DR,ACCRUAL_LN000075_06,LN000075,interest_accrual,2026-07-19,2026-07-19,1132,Interest Receivable,59.93,0.0,59.93
AE_ACCRUAL_LN000075_06_CR,ACCRUAL_LN000075_06,LN000075,interest_accrual,2026-07-19,2026-07-19,6011,Interest Income,0.0,59.93,-59.93
AE_ACCRUAL_LN000076_01_DR,ACCRUAL_LN000076_01,LN000076,interest_accrual,2026-02-03,2026-02-03,1132,Interest Receivable,93.62,0.0,93.62
AE_ACCRUAL_LN000076_01_CR,ACCRUAL_LN000076_01,LN000076,interest_accrual,2026-02-03,2026-02-03,6011,Interest Income,0.0,93.62,-93.62
AE_ACCRUAL_LN000076_02_DR,ACCRUAL_LN000076_02,LN000076,interest_accrual,2026-03-03,2026-03-03,1132,Interest Receivable,93.62,0.0,93.62
AE_ACCRUAL_LN000076_02_CR,ACCRUAL_LN000076_02,LN000076,interest_accrual,2026-03-03,2026-03-03,6011,Interest Income,0.0,93.62,-93.62
AE_ACCRUAL_LN000076_03_DR,ACCRUAL_LN000076_03,LN000076,interest_accrual,2026-04-03,2026-04-03,1132,Interest Receivable,93.62,0.0,93.62
AE_ACCRUAL_LN000076_03_CR,ACCRUAL_LN000076_03,LN000076,interest_accrual,2026-04-03,2026-04-03,6011,Interest Income,0.0,93.62,-93.62
AE_ACCRUAL_LN000076_04_DR,ACCRUAL_LN000076_04,LN000076,interest_accrual,2026-05-03,2026-05-03,1132,Interest Receivable,93.62,0.0,93.62
AE_ACCRUAL_LN000076_04_CR,ACCRUAL_LN000076_04,LN000076,interest_accrual,2026-05-03,2026-05-03,6011,Interest Income,0.0,93.62,-93.62
AE_ACCRUAL_LN000076_05_DR,ACCRUAL_LN000076_05,LN000076,interest_accrual,2026-06-03,2026-06-03,1132,Interest Receivable,93.62,0.0,93.62
AE_ACCRUAL_LN000076_05_CR,ACCRUAL_LN000076_05,LN000076,interest_accrual,2026-06-03,2026-06-03,6011,Interest Income,0.0,93.62,-93.62
AE_ACCRUAL_LN000076_06_DR,ACCRUAL_LN000076_06,LN000076,interest_accrual,2026-07-03,2026-07-03,1132,Interest Receivable,93.62,0.0,93.62
AE_ACCRUAL_LN000076_06_CR,ACCRUAL_LN000076_06,LN000076,interest_accrual,2026-07-03,2026-07-03,6011,Interest Income,0.0,93.62,-93.62
AE_ACCRUAL_LN000076_07_DR,ACCRUAL_LN000076_07,LN000076,interest_accrual,2026-08-03,2026-08-03,1132,Interest Receivable,93.62,0.0,93.62
AE_ACCRUAL_LN000076_07_CR,ACCRUAL_LN000076_07,LN000076,interest_accrual,2026-08-03,2026-08-03,6011,Interest Income,0.0,93.62,-93.62
AE_ACCRUAL_LN000076_08_DR,ACCRUAL_LN000076_08,LN000076,interest_accrual,2026-09-03,2026-09-03,1132,Interest Receivable,93.62,0.0,93.62
AE_ACCRUAL_LN000076_08_CR,ACCRUAL_LN000076_08,LN000076,interest_accrual,2026-09-03,2026-09-03,6011,Interest Income,0.0,93.62,-93.62
AE_ACCRUAL_LN000076_09_DR,ACCRUAL_LN000076_09,LN000076,interest_accrual,2026-10-03,2026-10-03,1132,Interest Receivable,93.62,0.0,93.62
AE_ACCRUAL_LN000076_09_CR,ACCRUAL_LN000076_09,LN000076,interest_accrual,2026-10-03,2026-10-03,6011,Interest Income,0.0,93.62,-93.62
AE_ACCRUAL_LN000076_10_DR,ACCRUAL_LN000076_10,LN000076,interest_accrual,2026-11-03,2026-11-03,1132,Interest Receivable,93.62,0.0,93.62
AE_ACCRUAL_LN000076_10_CR,ACCRUAL_LN000076_10,LN000076,interest_accrual,2026-11-03,2026-11-03,6011,Interest Income,0.0,93.62,-93.62
AE_ACCRUAL_LN000076_11_DR,ACCRUAL_LN000076_11,LN000076,interest_accrual,2026-12-03,2026-12-03,1132,Interest Receivable,93.62,0.0,93.62
AE_ACCRUAL_LN000076_11_CR,ACCRUAL_LN000076_11,LN000076,interest_accrual,2026-12-03,2026-12-03,6011,Interest Income,0.0,93.62,-93.62
AE_ACCRUAL_LN000076_12_DR,ACCRUAL_LN000076_12,LN000076,interest_accrual,2027-01-03,2027-01-03,1132,Interest Receivable,93.62,0.0,93.62
AE_ACCRUAL_LN000076_12_CR,ACCRUAL_LN000076_12,LN000076,interest_accrual,2027-01-03,2027-01-03,6011,Interest Income,0.0,93.62,-93.62
AE_ACCRUAL_LN000077_01_DR,ACCRUAL_LN000077_01,LN000077,interest_accrual,2026-02-28,2026-02-28,1132,Interest Receivable,62.6,0.0,62.6
AE_ACCRUAL_LN000077_01_CR,ACCRUAL_LN000077_01,LN000077,interest_accrual,2026-02-28,2026-02-28,6011,Interest Income,0.0,62.6,-62.6
AE_ACCRUAL_LN000077_02_DR,ACCRUAL_LN000077_02,LN000077,interest_accrual,2026-03-28,2026-03-28,1132,Interest Receivable,62.6,0.0,62.6
AE_ACCRUAL_LN000077_02_CR,ACCRUAL_LN000077_02,LN000077,interest_accrual,2026-03-28,2026-03-28,6011,Interest Income,0.0,62.6,-62.6
AE_ACCRUAL_LN000077_03_DR,ACCRUAL_LN000077_03,LN000077,interest_accrual,2026-04-28,2026-04-28,1132,Interest Receivable,62.6,0.0,62.6
AE_ACCRUAL_LN000077_03_CR,ACCRUAL_LN000077_03,LN000077,interest_accrual,2026-04-28,2026-04-28,6011,Interest Income,0.0,62.6,-62.6
AE_ACCRUAL_LN000077_04_DR,ACCRUAL_LN000077_04,LN000077,interest_accrual,2026-05-28,2026-05-28,1132,Interest Receivable,62.6,0.0,62.6
AE_ACCRUAL_LN000077_04_CR,ACCRUAL_LN000077_04,LN000077,interest_accrual,2026-05-28,2026-05-28,6011,Interest Income,0.0,62.6,-62.6
AE_ACCRUAL_LN000077_05_DR,ACCRUAL_LN000077_05,LN000077,interest_accrual,2026-06-28,2026-06-28,1132,Interest Receivable,62.6,0.0,62.6
AE_ACCRUAL_LN000077_05_CR,ACCRUAL_LN000077_05,LN000077,interest_accrual,2026-06-28,2026-06-28,6011,Interest Income,0.0,62.6,-62.6
AE_ACCRUAL_LN000077_06_DR,ACCRUAL_LN000077_06,LN000077,interest_accrual,2026-07-28,2026-07-28,1132,Interest Receivable,62.6,0.0,62.6
AE_ACCRUAL_LN000077_06_CR,ACCRUAL_LN000077_06,LN000077,interest_accrual,2026-07-28,2026-07-28,6011,Interest Income,0.0,62.6,-62.6
AE_ACCRUAL_LN000077_07_DR,ACCRUAL_LN000077_07,LN000077,interest_accrual,2026-08-28,2026-08-28,1132,Interest Receivable,62.6,0.0,62.6
AE_ACCRUAL_LN000077_07_CR,ACCRUAL_LN000077_07,LN000077,interest_accrual,2026-08-28,2026-08-28,6011,Interest Income,0.0,62.6,-62.6
AE_ACCRUAL_LN000077_08_DR,ACCRUAL_LN000077_08,LN000077,interest_accrual,2026-09-28,2026-09-28,1132,Interest Receivable,62.6,0.0,62.6
AE_ACCRUAL_LN000077_08_CR,ACCRUAL_LN000077_08,LN000077,interest_accrual,2026-09-28,2026-09-28,6011,Interest Income,0.0,62.6,-62.6
AE_ACCRUAL_LN000077_09_DR,ACCRUAL_LN000077_09,LN000077,interest_accrual,2026-10-28,2026-10-28,1132,Interest Receivable,62.6,0.0,62.6
AE_ACCRUAL_LN000077_09_CR,ACCRUAL_LN000077_09,LN000077,interest_accrual,2026-10-28,2026-10-28,6011,Interest Income,0.0,62.6,-62.6
AE_ACCRUAL_LN000077_10_DR,ACCRUAL_LN000077_10,LN000077,interest_accrual,2026-11-28,2026-11-28,1132,Interest Receivable,62.6,0.0,62.6
AE_ACCRUAL_LN000077_10_CR,ACCRUAL_LN000077_10,LN000077,interest_accrual,2026-11-28,2026-11-28,6011,Interest Income,0.0,62.6,-62.6
AE_ACCRUAL_LN000077_11_DR,ACCRUAL_LN000077_11,LN000077,interest_accrual,2026-12-28,2026-12-28,1132,Interest Receivable,62.6,0.0,62.6
AE_ACCRUAL_LN000077_11_CR,ACCRUAL_LN000077_11,LN000077,interest_accrual,2026-12-28,2026-12-28,6011,Interest Income,0.0,62.6,-62.6
AE_ACCRUAL_LN000077_12_DR,ACCRUAL_LN000077_12,LN000077,interest_accrual,2027-01-28,2027-01-28,1132,Interest Receivable,62.6,0.0,62.6
AE_ACCRUAL_LN000077_12_CR,ACCRUAL_LN000077_12,LN000077,interest_accrual,2027-01-28,2027-01-28,6011,Interest Income,0.0,62.6,-62.6
AE_ACCRUAL_LN000078_01_DR,ACCRUAL_LN000078_01,LN000078,interest_accrual,2026-03-19,2026-03-19,1132,Interest Receivable,392.33,0.0,392.33
AE_ACCRUAL_LN000078_01_CR,ACCRUAL_LN000078_01,LN000078,interest_accrual,2026-03-19,2026-03-19,6011,Interest Income,0.0,392.33,-392.33
AE_ACCRUAL_LN000078_02_DR,ACCRUAL_LN000078_02,LN000078,interest_accrual,2026-04-19,2026-04-19,1132,Interest Receivable,392.33,0.0,392.33
AE_ACCRUAL_LN000078_02_CR,ACCRUAL_LN000078_02,LN000078,interest_accrual,2026-04-19,2026-04-19,6011,Interest Income,0.0,392.33,-392.33
AE_ACCRUAL_LN000078_03_DR,ACCRUAL_LN000078_03,LN000078,interest_accrual,2026-05-19,2026-05-19,1132,Interest Receivable,392.33,0.0,392.33
AE_ACCRUAL_LN000078_03_CR,ACCRUAL_LN000078_03,LN000078,interest_accrual,2026-05-19,2026-05-19,6011,Interest Income,0.0,392.33,-392.33
AE_ACCRUAL_LN000078_04_DR,ACCRUAL_LN000078_04,LN000078,interest_accrual,2026-06-19,2026-06-19,1132,Interest Receivable,392.33,0.0,392.33
AE_ACCRUAL_LN000078_04_CR,ACCRUAL_LN000078_04,LN000078,interest_accrual,2026-06-19,2026-06-19,6011,Interest Income,0.0,392.33,-392.33
AE_ACCRUAL_LN000078_05_DR,ACCRUAL_LN000078_05,LN000078,interest_accrual,2026-07-19,2026-07-19,1132,Interest Receivable,392.33,0.0,392.33
AE_ACCRUAL_LN000078_05_CR,ACCRUAL_LN000078_05,LN000078,interest_accrual,2026-07-19,2026-07-19,6011,Interest Income,0.0,392.33,-392.33
AE_ACCRUAL_LN000078_06_DR,ACCRUAL_LN000078_06,LN000078,interest_accrual,2026-08-19,2026-08-19,1132,Interest Receivable,392.33,0.0,392.33
AE_ACCRUAL_LN000078_06_CR,ACCRUAL_LN000078_06,LN000078,interest_accrual,2026-08-19,2026-08-19,6011,Interest Income,0.0,392.33,-392.33
AE_ACCRUAL_LN000078_07_DR,ACCRUAL_LN000078_07,LN000078,interest_accrual,2026-09-19,2026-09-19,1132,Interest Receivable,392.33,0.0,392.33
AE_ACCRUAL_LN000078_07_CR,ACCRUAL_LN000078_07,LN000078,interest_accrual,2026-09-19,2026-09-19,6011,Interest Income,0.0,392.33,-392.33
AE_ACCRUAL_LN000078_08_DR,ACCRUAL_LN000078_08,LN000078,interest_accrual,2026-10-19,2026-10-19,1132,Interest Receivable,392.33,0.0,392.33
AE_ACCRUAL_LN000078_08_CR,ACCRUAL_LN000078_08,LN000078,interest_accrual,2026-10-19,2026-10-19,6011,Interest Income,0.0,392.33,-392.33
AE_ACCRUAL_LN000078_09_DR,ACCRUAL_LN000078_09,LN000078,interest_accrual,2026-11-19,2026-11-19,1132,Interest Receivable,392.33,0.0,392.33
AE_ACCRUAL_LN000078_09_CR,ACCRUAL_LN000078_09,LN000078,interest_accrual,2026-11-19,2026-11-19,6011,Interest Income,0.0,392.33,-392.33
AE_ACCRUAL_LN000078_10_DR,ACCRUAL_LN000078_10,LN000078,interest_accrual,2026-12-19,2026-12-19,1132,Interest Receivable,392.33,0.0,392.33
AE_ACCRUAL_LN000078_10_CR,ACCRUAL_LN000078_10,LN000078,interest_accrual,2026-12-19,2026-12-19,6011,Interest Income,0.0,392.33,-392.33
AE_ACCRUAL_LN000078_11_DR,ACCRUAL_LN000078_11,LN000078,interest_accrual,2027-01-19,2027-01-19,1132,Interest Receivable,392.33,0.0,392.33
AE_ACCRUAL_LN000078_11_CR,ACCRUAL_LN000078_11,LN000078,interest_accrual,2027-01-19,2027-01-19,6011,Interest Income,0.0,392.33,-392.33
AE_ACCRUAL_LN000078_12_DR,ACCRUAL_LN000078_12,LN000078,interest_accrual,2027-02-19,2027-02-19,1132,Interest Receivable,392.33,0.0,392.33
AE_ACCRUAL_LN000078_12_CR,ACCRUAL_LN000078_12,LN000078,interest_accrual,2027-02-19,2027-02-19,6011,Interest Income,0.0,392.33,-392.33
AE_ACCRUAL_LN000078_13_DR,ACCRUAL_LN000078_13,LN000078,interest_accrual,2027-03-19,2027-03-19,1132,Interest Receivable,392.33,0.0,392.33
AE_ACCRUAL_LN000078_13_CR,ACCRUAL_LN000078_13,LN000078,interest_accrual,2027-03-19,2027-03-19,6011,Interest Income,0.0,392.33,-392.33
AE_ACCRUAL_LN000078_14_DR,ACCRUAL_LN000078_14,LN000078,interest_accrual,2027-04-19,2027-04-19,1132,Interest Receivable,392.33,0.0,392.33
AE_ACCRUAL_LN000078_14_CR,ACCRUAL_LN000078_14,LN000078,interest_accrual,2027-04-19,2027-04-19,6011,Interest Income,0.0,392.33,-392.33
AE_ACCRUAL_LN000078_15_DR,ACCRUAL_LN000078_15,LN000078,interest_accrual,2027-05-19,2027-05-19,1132,Interest Receivable,392.33,0.0,392.33
AE_ACCRUAL_LN000078_15_CR,ACCRUAL_LN000078_15,LN000078,interest_accrual,2027-05-19,2027-05-19,6011,Interest Income,0.0,392.33,-392.33
AE_ACCRUAL_LN000078_16_DR,ACCRUAL_LN000078_16,LN000078,interest_accrual,2027-06-19,2027-06-19,1132,Interest Receivable,392.33,0.0,392.33
AE_ACCRUAL_LN000078_16_CR,ACCRUAL_LN000078_16,LN000078,interest_accrual,2027-06-19,2027-06-19,6011,Interest Income,0.0,392.33,-392.33
AE_ACCRUAL_LN000078_17_DR,ACCRUAL_LN000078_17,LN000078,interest_accrual,2027-07-19,2027-07-19,1132,Interest Receivable,392.33,0.0,392.33
AE_ACCRUAL_LN000078_17_CR,ACCRUAL_LN000078_17,LN000078,interest_accrual,2027-07-19,2027-07-19,6011,Interest Income,0.0,392.33,-392.33
AE_ACCRUAL_LN000078_18_DR,ACCRUAL_LN000078_18,LN000078,interest_accrual,2027-08-19,2027-08-19,1132,Interest Receivable,392.33,0.0,392.33
AE_ACCRUAL_LN000078_18_CR,ACCRUAL_LN000078_18,LN000078,interest_accrual,2027-08-19,2027-08-19,6011,Interest Income,0.0,392.33,-392.33
AE_ACCRUAL_LN000079_01_DR,ACCRUAL_LN000079_01,LN000079,interest_accrual,2026-03-02,2026-03-02,1132,Interest Receivable,305.5,0.0,305.5
AE_ACCRUAL_LN000079_01_CR,ACCRUAL_LN000079_01,LN000079,interest_accrual,2026-03-02,2026-03-02,6011,Interest Income,0.0,305.5,-305.5
AE_ACCRUAL_LN000079_02_DR,ACCRUAL_LN000079_02,LN000079,interest_accrual,2026-04-02,2026-04-02,1132,Interest Receivable,305.5,0.0,305.5
AE_ACCRUAL_LN000079_02_CR,ACCRUAL_LN000079_02,LN000079,interest_accrual,2026-04-02,2026-04-02,6011,Interest Income,0.0,305.5,-305.5
AE_ACCRUAL_LN000079_03_DR,ACCRUAL_LN000079_03,LN000079,interest_accrual,2026-05-02,2026-05-02,1132,Interest Receivable,305.5,0.0,305.5
AE_ACCRUAL_LN000079_03_CR,ACCRUAL_LN000079_03,LN000079,interest_accrual,2026-05-02,2026-05-02,6011,Interest Income,0.0,305.5,-305.5
AE_ACCRUAL_LN000079_04_DR,ACCRUAL_LN000079_04,LN000079,interest_accrual,2026-06-02,2026-06-02,1132,Interest Receivable,305.5,0.0,305.5
AE_ACCRUAL_LN000079_04_CR,ACCRUAL_LN000079_04,LN000079,interest_accrual,2026-06-02,2026-06-02,6011,Interest Income,0.0,305.5,-305.5
AE_ACCRUAL_LN000079_05_DR,ACCRUAL_LN000079_05,LN000079,interest_accrual,2026-07-02,2026-07-02,1132,Interest Receivable,305.5,0.0,305.5
AE_ACCRUAL_LN000079_05_CR,ACCRUAL_LN000079_05,LN000079,interest_accrual,2026-07-02,2026-07-02,6011,Interest Income,0.0,305.5,-305.5
AE_ACCRUAL_LN000079_06_DR,ACCRUAL_LN000079_06,LN000079,interest_accrual,2026-08-02,2026-08-02,1132,Interest Receivable,305.5,0.0,305.5
AE_ACCRUAL_LN000079_06_CR,ACCRUAL_LN000079_06,LN000079,interest_accrual,2026-08-02,2026-08-02,6011,Interest Income,0.0,305.5,-305.5
AE_ACCRUAL_LN000079_07_DR,ACCRUAL_LN000079_07,LN000079,interest_accrual,2026-09-02,2026-09-02,1132,Interest Receivable,305.5,0.0,305.5
AE_ACCRUAL_LN000079_07_CR,ACCRUAL_LN000079_07,LN000079,interest_accrual,2026-09-02,2026-09-02,6011,Interest Income,0.0,305.5,-305.5
AE_ACCRUAL_LN000079_08_DR,ACCRUAL_LN000079_08,LN000079,interest_accrual,2026-10-02,2026-10-02,1132,Interest Receivable,305.5,0.0,305.5
AE_ACCRUAL_LN000079_08_CR,ACCRUAL_LN000079_08,LN000079,interest_accrual,2026-10-02,2026-10-02,6011,Interest Income,0.0,305.5,-305.5
AE_ACCRUAL_LN000079_09_DR,ACCRUAL_LN000079_09,LN000079,interest_accrual,2026-11-02,2026-11-02,1132,Interest Receivable,305.5,0.0,305.5
AE_ACCRUAL_LN000079_09_CR,ACCRUAL_LN000079_09,LN000079,interest_accrual,2026-11-02,2026-11-02,6011,Interest Income,0.0,305.5,-305.5
AE_ACCRUAL_LN000079_10_DR,ACCRUAL_LN000079_10,LN000079,interest_accrual,2026-12-02,2026-12-02,1132,Interest Receivable,305.5,0.0,305.5
AE_ACCRUAL_LN000079_10_CR,ACCRUAL_LN000079_10,LN000079,interest_accrual,2026-12-02,2026-12-02,6011,Interest Income,0.0,305.5,-305.5
AE_ACCRUAL_LN000079_11_DR,ACCRUAL_LN000079_11,LN000079,interest_accrual,2027-01-02,2027-01-02,1132,Interest Receivable,305.5,0.0,305.5
AE_ACCRUAL_LN000079_11_CR,ACCRUAL_LN000079_11,LN000079,interest_accrual,2027-01-02,2027-01-02,6011,Interest Income,0.0,305.5,-305.5
AE_ACCRUAL_LN000079_12_DR,ACCRUAL_LN000079_12,LN000079,interest_accrual,2027-02-02,2027-02-02,1132,Interest Receivable,305.5,0.0,305.5
AE_ACCRUAL_LN000079_12_CR,ACCRUAL_LN000079_12,LN000079,interest_accrual,2027-02-02,2027-02-02,6011,Interest Income,0.0,305.5,-305.5
AE_ACCRUAL_LN000079_13_DR,ACCRUAL_LN000079_13,LN000079,interest_accrual,2027-03-02,2027-03-02,1132,Interest Receivable,305.5,0.0,305.5
AE_ACCRUAL_LN000079_13_CR,ACCRUAL_LN000079_13,LN000079,interest_accrual,2027-03-02,2027-03-02,6011,Interest Income,0.0,305.5,-305.5
AE_ACCRUAL_LN000079_14_DR,ACCRUAL_LN000079_14,LN000079,interest_accrual,2027-04-02,2027-04-02,1132,Interest Receivable,305.5,0.0,305.5
AE_ACCRUAL_LN000079_14_CR,ACCRUAL_LN000079_14,LN000079,interest_accrual,2027-04-02,2027-04-02,6011,Interest Income,0.0,305.5,-305.5
AE_ACCRUAL_LN000079_15_DR,ACCRUAL_LN000079_15,LN000079,interest_accrual,2027-05-02,2027-05-02,1132,Interest Receivable,305.5,0.0,305.5
AE_ACCRUAL_LN000079_15_CR,ACCRUAL_LN000079_15,LN000079,interest_accrual,2027-05-02,2027-05-02,6011,Interest Income,0.0,305.5,-305.5
AE_ACCRUAL_LN000079_16_DR,ACCRUAL_LN000079_16,LN000079,interest_accrual,2027-06-02,2027-06-02,1132,Interest Receivable,305.5,0.0,305.5
AE_ACCRUAL_LN000079_16_CR,ACCRUAL_LN000079_16,LN000079,interest_accrual,2027-06-02,2027-06-02,6011,Interest Income,0.0,305.5,-305.5
AE_ACCRUAL_LN000079_17_DR,ACCRUAL_LN000079_17,LN000079,interest_accrual,2027-07-02,2027-07-02,1132,Interest Receivable,305.5,0.0,305.5
AE_ACCRUAL_LN000079_17_CR,ACCRUAL_LN000079_17,LN000079,interest_accrual,2027-07-02,2027-07-02,6011,Interest Income,0.0,305.5,-305.5
AE_ACCRUAL_LN000079_18_DR,ACCRUAL_LN000079_18,LN000079,interest_accrual,2027-08-02,2027-08-02,1132,Interest Receivable,305.5,0.0,305.5
AE_ACCRUAL_LN000079_18_CR,ACCRUAL_LN000079_18,LN000079,interest_accrual,2027-08-02,2027-08-02,6011,Interest Income,0.0,305.5,-305.5
AE_ACCRUAL_LN000079_19_DR,ACCRUAL_LN000079_19,LN000079,interest_accrual,2027-09-02,2027-09-02,1132,Interest Receivable,305.5,0.0,305.5
AE_ACCRUAL_LN000079_19_CR,ACCRUAL_LN000079_19,LN000079,interest_accrual,2027-09-02,2027-09-02,6011,Interest Income,0.0,305.5,-305.5
AE_ACCRUAL_LN000079_20_DR,ACCRUAL_LN000079_20,LN000079,interest_accrual,2027-10-02,2027-10-02,1132,Interest Receivable,305.5,0.0,305.5
AE_ACCRUAL_LN000079_20_CR,ACCRUAL_LN000079_20,LN000079,interest_accrual,2027-10-02,2027-10-02,6011,Interest Income,0.0,305.5,-305.5
AE_ACCRUAL_LN000079_21_DR,ACCRUAL_LN000079_21,LN000079,interest_accrual,2027-11-02,2027-11-02,1132,Interest Receivable,305.5,0.0,305.5
AE_ACCRUAL_LN000079_21_CR,ACCRUAL_LN000079_21,LN000079,interest_accrual,2027-11-02,2027-11-02,6011,Interest Income,0.0,305.5,-305.5
AE_ACCRUAL_LN000079_22_DR,ACCRUAL_LN000079_22,LN000079,interest_accrual,2027-12-02,2027-12-02,1132,Interest Receivable,305.5,0.0,305.5
AE_ACCRUAL_LN000079_22_CR,ACCRUAL_LN000079_22,LN000079,interest_accrual,2027-12-02,2027-12-02,6011,Interest Income,0.0,305.5,-305.5
AE_ACCRUAL_LN000079_23_DR,ACCRUAL_LN000079_23,LN000079,interest_accrual,2028-01-02,2028-01-02,1132,Interest Receivable,305.5,0.0,305.5
AE_ACCRUAL_LN000079_23_CR,ACCRUAL_LN000079_23,LN000079,interest_accrual,2028-01-02,2028-01-02,6011,Interest Income,0.0,305.5,-305.5
AE_ACCRUAL_LN000079_24_DR,ACCRUAL_LN000079_24,LN000079,interest_accrual,2028-02-02,2028-02-02,1132,Interest Receivable,305.5,0.0,305.5
AE_ACCRUAL_LN000079_24_CR,ACCRUAL_LN000079_24,LN000079,interest_accrual,2028-02-02,2028-02-02,6011,Interest Income,0.0,305.5,-305.5
AE_ACCRUAL_LN000079_25_DR,ACCRUAL_LN000079_25,LN000079,interest_accrual,2028-03-02,2028-03-02,1132,Interest Receivable,305.5,0.0,305.5
AE_ACCRUAL_LN000079_25_CR,ACCRUAL_LN000079_25,LN000079,interest_accrual,2028-03-02,2028-03-02,6011,Interest Income,0.0,305.5,-305.5
AE_ACCRUAL_LN000079_26_DR,ACCRUAL_LN000079_26,LN000079,interest_accrual,2028-04-02,2028-04-02,1132,Interest Receivable,305.5,0.0,305.5
AE_ACCRUAL_LN000079_26_CR,ACCRUAL_LN000079_26,LN000079,interest_accrual,2028-04-02,2028-04-02,6011,Interest Income,0.0,305.5,-305.5
AE_ACCRUAL_LN000079_27_DR,ACCRUAL_LN000079_27,LN000079,interest_accrual,2028-05-02,2028-05-02,1132,Interest Receivable,305.5,0.0,305.5
AE_ACCRUAL_LN000079_27_CR,ACCRUAL_LN000079_27,LN000079,interest_accrual,2028-05-02,2028-05-02,6011,Interest Income,0.0,305.5,-305.5
AE_ACCRUAL_LN000079_28_DR,ACCRUAL_LN000079_28,LN000079,interest_accrual,2028-06-02,2028-06-02,1132,Interest Receivable,305.5,0.0,305.5
AE_ACCRUAL_LN000079_28_CR,ACCRUAL_LN000079_28,LN000079,interest_accrual,2028-06-02,2028-06-02,6011,Interest Income,0.0,305.5,-305.5
AE_ACCRUAL_LN000079_29_DR,ACCRUAL_LN000079_29,LN000079,interest_accrual,2028-07-02,2028-07-02,1132,Interest Receivable,305.5,0.0,305.5
AE_ACCRUAL_LN000079_29_CR,ACCRUAL_LN000079_29,LN000079,interest_accrual,2028-07-02,2028-07-02,6011,Interest Income,0.0,305.5,-305.5
AE_ACCRUAL_LN000079_30_DR,ACCRUAL_LN000079_30,LN000079,interest_accrual,2028-08-02,2028-08-02,1132,Interest Receivable,305.5,0.0,305.5
AE_ACCRUAL_LN000079_30_CR,ACCRUAL_LN000079_30,LN000079,interest_accrual,2028-08-02,2028-08-02,6011,Interest Income,0.0,305.5,-305.5
AE_ACCRUAL_LN000079_31_DR,ACCRUAL_LN000079_31,LN000079,interest_accrual,2028-09-02,2028-09-02,1132,Interest Receivable,305.5,0.0,305.5
AE_ACCRUAL_LN000079_31_CR,ACCRUAL_LN000079_31,LN000079,interest_accrual,2028-09-02,2028-09-02,6011,Interest Income,0.0,305.5,-305.5
AE_ACCRUAL_LN000079_32_DR,ACCRUAL_LN000079_32,LN000079,interest_accrual,2028-10-02,2028-10-02,1132,Interest Receivable,305.5,0.0,305.5
AE_ACCRUAL_LN000079_32_CR,ACCRUAL_LN000079_32,LN000079,interest_accrual,2028-10-02,2028-10-02,6011,Interest Income,0.0,305.5,-305.5
AE_ACCRUAL_LN000079_33_DR,ACCRUAL_LN000079_33,LN000079,interest_accrual,2028-11-02,2028-11-02,1132,Interest Receivable,305.5,0.0,305.5
AE_ACCRUAL_LN000079_33_CR,ACCRUAL_LN000079_33,LN000079,interest_accrual,2028-11-02,2028-11-02,6011,Interest Income,0.0,305.5,-305.5
AE_ACCRUAL_LN000079_34_DR,ACCRUAL_LN000079_34,LN000079,interest_accrual,2028-12-02,2028-12-02,1132,Interest Receivable,305.5,0.0,305.5
AE_ACCRUAL_LN000079_34_CR,ACCRUAL_LN000079_34,LN000079,interest_accrual,2028-12-02,2028-12-02,6011,Interest Income,0.0,305.5,-305.5
AE_ACCRUAL_LN000079_35_DR,ACCRUAL_LN000079_35,LN000079,interest_accrual,2029-01-02,2029-01-02,1132,Interest Receivable,305.5,0.0,305.5
AE_ACCRUAL_LN000079_35_CR,ACCRUAL_LN000079_35,LN000079,interest_accrual,2029-01-02,2029-01-02,6011,Interest Income,0.0,305.5,-305.5
AE_ACCRUAL_LN000079_36_DR,ACCRUAL_LN000079_36,LN000079,interest_accrual,2029-02-02,2029-02-02,1132,Interest Receivable,305.5,0.0,305.5
AE_ACCRUAL_LN000079_36_CR,ACCRUAL_LN000079_36,LN000079,interest_accrual,2029-02-02,2029-02-02,6011,Interest Income,0.0,305.5,-305.5
AE_ACCRUAL_LN000080_01_DR,ACCRUAL_LN000080_01,LN000080,interest_accrual,2026-04-23,2026-04-23,1132,Interest Receivable,284.0,0.0,284.0
AE_ACCRUAL_LN000080_01_CR,ACCRUAL_LN000080_01,LN000080,interest_accrual,2026-04-23,2026-04-23,6011,Interest Income,0.0,284.0,-284.0
AE_ACCRUAL_LN000080_02_DR,ACCRUAL_LN000080_02,LN000080,interest_accrual,2026-05-23,2026-05-23,1132,Interest Receivable,284.0,0.0,284.0
AE_ACCRUAL_LN000080_02_CR,ACCRUAL_LN000080_02,LN000080,interest_accrual,2026-05-23,2026-05-23,6011,Interest Income,0.0,284.0,-284.0
AE_ACCRUAL_LN000080_03_DR,ACCRUAL_LN000080_03,LN000080,interest_accrual,2026-06-23,2026-06-23,1132,Interest Receivable,284.0,0.0,284.0
AE_ACCRUAL_LN000080_03_CR,ACCRUAL_LN000080_03,LN000080,interest_accrual,2026-06-23,2026-06-23,6011,Interest Income,0.0,284.0,-284.0
AE_ACCRUAL_LN000080_04_DR,ACCRUAL_LN000080_04,LN000080,interest_accrual,2026-07-23,2026-07-23,1132,Interest Receivable,284.0,0.0,284.0
AE_ACCRUAL_LN000080_04_CR,ACCRUAL_LN000080_04,LN000080,interest_accrual,2026-07-23,2026-07-23,6011,Interest Income,0.0,284.0,-284.0
AE_ACCRUAL_LN000080_05_DR,ACCRUAL_LN000080_05,LN000080,interest_accrual,2026-08-23,2026-08-23,1132,Interest Receivable,284.0,0.0,284.0
AE_ACCRUAL_LN000080_05_CR,ACCRUAL_LN000080_05,LN000080,interest_accrual,2026-08-23,2026-08-23,6011,Interest Income,0.0,284.0,-284.0
AE_ACCRUAL_LN000080_06_DR,ACCRUAL_LN000080_06,LN000080,interest_accrual,2026-09-23,2026-09-23,1132,Interest Receivable,284.0,0.0,284.0
AE_ACCRUAL_LN000080_06_CR,ACCRUAL_LN000080_06,LN000080,interest_accrual,2026-09-23,2026-09-23,6011,Interest Income,0.0,284.0,-284.0
AE_ACCRUAL_LN000080_07_DR,ACCRUAL_LN000080_07,LN000080,interest_accrual,2026-10-23,2026-10-23,1132,Interest Receivable,284.0,0.0,284.0
AE_ACCRUAL_LN000080_07_CR,ACCRUAL_LN000080_07,LN000080,interest_accrual,2026-10-23,2026-10-23,6011,Interest Income,0.0,284.0,-284.0
AE_ACCRUAL_LN000080_08_DR,ACCRUAL_LN000080_08,LN000080,interest_accrual,2026-11-23,2026-11-23,1132,Interest Receivable,284.0,0.0,284.0
AE_ACCRUAL_LN000080_08_CR,ACCRUAL_LN000080_08,LN000080,interest_accrual,2026-11-23,2026-11-23,6011,Interest Income,0.0,284.0,-284.0
AE_ACCRUAL_LN000080_09_DR,ACCRUAL_LN000080_09,LN000080,interest_accrual,2026-12-23,2026-12-23,1132,Interest Receivable,284.0,0.0,284.0
AE_ACCRUAL_LN000080_09_CR,ACCRUAL_LN000080_09,LN000080,interest_accrual,2026-12-23,2026-12-23,6011,Interest Income,0.0,284.0,-284.0
AE_ACCRUAL_LN000080_10_DR,ACCRUAL_LN000080_10,LN000080,interest_accrual,2027-01-23,2027-01-23,1132,Interest Receivable,284.0,0.0,284.0
AE_ACCRUAL_LN000080_10_CR,ACCRUAL_LN000080_10,LN000080,interest_accrual,2027-01-23,2027-01-23,6011,Interest Income,0.0,284.0,-284.0
AE_ACCRUAL_LN000080_11_DR,ACCRUAL_LN000080_11,LN000080,interest_accrual,2027-02-23,2027-02-23,1132,Interest Receivable,284.0,0.0,284.0
AE_ACCRUAL_LN000080_11_CR,ACCRUAL_LN000080_11,LN000080,interest_accrual,2027-02-23,2027-02-23,6011,Interest Income,0.0,284.0,-284.0
AE_ACCRUAL_LN000080_12_DR,ACCRUAL_LN000080_12,LN000080,interest_accrual,2027-03-23,2027-03-23,1132,Interest Receivable,284.0,0.0,284.0
AE_ACCRUAL_LN000080_12_CR,ACCRUAL_LN000080_12,LN000080,interest_accrual,2027-03-23,2027-03-23,6011,Interest Income,0.0,284.0,-284.0
AE_ACCRUAL_LN000081_01_DR,ACCRUAL_LN000081_01,LN000081,interest_accrual,2026-03-02,2026-03-02,1132,Interest Receivable,158.47,0.0,158.47
AE_ACCRUAL_LN000081_01_CR,ACCRUAL_LN000081_01,LN000081,interest_accrual,2026-03-02,2026-03-02,6011,Interest Income,0.0,158.47,-158.47
AE_ACCRUAL_LN000081_02_DR,ACCRUAL_LN000081_02,LN000081,interest_accrual,2026-04-02,2026-04-02,1132,Interest Receivable,158.47,0.0,158.47
AE_ACCRUAL_LN000081_02_CR,ACCRUAL_LN000081_02,LN000081,interest_accrual,2026-04-02,2026-04-02,6011,Interest Income,0.0,158.47,-158.47
AE_ACCRUAL_LN000081_03_DR,ACCRUAL_LN000081_03,LN000081,interest_accrual,2026-05-02,2026-05-02,1132,Interest Receivable,158.47,0.0,158.47
AE_ACCRUAL_LN000081_03_CR,ACCRUAL_LN000081_03,LN000081,interest_accrual,2026-05-02,2026-05-02,6011,Interest Income,0.0,158.47,-158.47
AE_ACCRUAL_LN000081_04_DR,ACCRUAL_LN000081_04,LN000081,interest_accrual,2026-06-02,2026-06-02,1132,Interest Receivable,158.47,0.0,158.47
AE_ACCRUAL_LN000081_04_CR,ACCRUAL_LN000081_04,LN000081,interest_accrual,2026-06-02,2026-06-02,6011,Interest Income,0.0,158.47,-158.47
AE_ACCRUAL_LN000081_05_DR,ACCRUAL_LN000081_05,LN000081,interest_accrual,2026-07-02,2026-07-02,1132,Interest Receivable,158.47,0.0,158.47
AE_ACCRUAL_LN000081_05_CR,ACCRUAL_LN000081_05,LN000081,interest_accrual,2026-07-02,2026-07-02,6011,Interest Income,0.0,158.47,-158.47
AE_ACCRUAL_LN000081_06_DR,ACCRUAL_LN000081_06,LN000081,interest_accrual,2026-08-02,2026-08-02,1132,Interest Receivable,158.47,0.0,158.47
AE_ACCRUAL_LN000081_06_CR,ACCRUAL_LN000081_06,LN000081,interest_accrual,2026-08-02,2026-08-02,6011,Interest Income,0.0,158.47,-158.47
AE_ACCRUAL_LN000082_01_DR,ACCRUAL_LN000082_01,LN000082,interest_accrual,2026-04-04,2026-04-04,1132,Interest Receivable,176.33,0.0,176.33
AE_ACCRUAL_LN000082_01_CR,ACCRUAL_LN000082_01,LN000082,interest_accrual,2026-04-04,2026-04-04,6011,Interest Income,0.0,176.33,-176.33
AE_ACCRUAL_LN000082_02_DR,ACCRUAL_LN000082_02,LN000082,interest_accrual,2026-05-04,2026-05-04,1132,Interest Receivable,176.33,0.0,176.33
AE_ACCRUAL_LN000082_02_CR,ACCRUAL_LN000082_02,LN000082,interest_accrual,2026-05-04,2026-05-04,6011,Interest Income,0.0,176.33,-176.33
AE_ACCRUAL_LN000082_03_DR,ACCRUAL_LN000082_03,LN000082,interest_accrual,2026-06-04,2026-06-04,1132,Interest Receivable,176.33,0.0,176.33
AE_ACCRUAL_LN000082_03_CR,ACCRUAL_LN000082_03,LN000082,interest_accrual,2026-06-04,2026-06-04,6011,Interest Income,0.0,176.33,-176.33
AE_ACCRUAL_LN000082_04_DR,ACCRUAL_LN000082_04,LN000082,interest_accrual,2026-07-04,2026-07-04,1132,Interest Receivable,176.33,0.0,176.33
AE_ACCRUAL_LN000082_04_CR,ACCRUAL_LN000082_04,LN000082,interest_accrual,2026-07-04,2026-07-04,6011,Interest Income,0.0,176.33,-176.33
AE_ACCRUAL_LN000082_05_DR,ACCRUAL_LN000082_05,LN000082,interest_accrual,2026-08-04,2026-08-04,1132,Interest Receivable,176.33,0.0,176.33
AE_ACCRUAL_LN000082_05_CR,ACCRUAL_LN000082_05,LN000082,interest_accrual,2026-08-04,2026-08-04,6011,Interest Income,0.0,176.33,-176.33
AE_ACCRUAL_LN000082_06_DR,ACCRUAL_LN000082_06,LN000082,interest_accrual,2026-09-04,2026-09-04,1132,Interest Receivable,176.33,0.0,176.33
AE_ACCRUAL_LN000082_06_CR,ACCRUAL_LN000082_06,LN000082,interest_accrual,2026-09-04,2026-09-04,6011,Interest Income,0.0,176.33,-176.33
AE_ACCRUAL_LN000082_07_DR,ACCRUAL_LN000082_07,LN000082,interest_accrual,2026-10-04,2026-10-04,1132,Interest Receivable,176.33,0.0,176.33
AE_ACCRUAL_LN000082_07_CR,ACCRUAL_LN000082_07,LN000082,interest_accrual,2026-10-04,2026-10-04,6011,Interest Income,0.0,176.33,-176.33
AE_ACCRUAL_LN000082_08_DR,ACCRUAL_LN000082_08,LN000082,interest_accrual,2026-11-04,2026-11-04,1132,Interest Receivable,176.33,0.0,176.33
AE_ACCRUAL_LN000082_08_CR,ACCRUAL_LN000082_08,LN000082,interest_accrual,2026-11-04,2026-11-04,6011,Interest Income,0.0,176.33,-176.33
AE_ACCRUAL_LN000082_09_DR,ACCRUAL_LN000082_09,LN000082,interest_accrual,2026-12-04,2026-12-04,1132,Interest Receivable,176.33,0.0,176.33
AE_ACCRUAL_LN000082_09_CR,ACCRUAL_LN000082_09,LN000082,interest_accrual,2026-12-04,2026-12-04,6011,Interest Income,0.0,176.33,-176.33
AE_ACCRUAL_LN000082_10_DR,ACCRUAL_LN000082_10,LN000082,interest_accrual,2027-01-04,2027-01-04,1132,Interest Receivable,176.33,0.0,176.33
AE_ACCRUAL_LN000082_10_CR,ACCRUAL_LN000082_10,LN000082,interest_accrual,2027-01-04,2027-01-04,6011,Interest Income,0.0,176.33,-176.33
AE_ACCRUAL_LN000082_11_DR,ACCRUAL_LN000082_11,LN000082,interest_accrual,2027-02-04,2027-02-04,1132,Interest Receivable,176.33,0.0,176.33
AE_ACCRUAL_LN000082_11_CR,ACCRUAL_LN000082_11,LN000082,interest_accrual,2027-02-04,2027-02-04,6011,Interest Income,0.0,176.33,-176.33
AE_ACCRUAL_LN000082_12_DR,ACCRUAL_LN000082_12,LN000082,interest_accrual,2027-03-04,2027-03-04,1132,Interest Receivable,176.33,0.0,176.33
AE_ACCRUAL_LN000082_12_CR,ACCRUAL_LN000082_12,LN000082,interest_accrual,2027-03-04,2027-03-04,6011,Interest Income,0.0,176.33,-176.33
AE_ACCRUAL_LN000082_13_DR,ACCRUAL_LN000082_13,LN000082,interest_accrual,2027-04-04,2027-04-04,1132,Interest Receivable,176.33,0.0,176.33
AE_ACCRUAL_LN000082_13_CR,ACCRUAL_LN000082_13,LN000082,interest_accrual,2027-04-04,2027-04-04,6011,Interest Income,0.0,176.33,-176.33
AE_ACCRUAL_LN000082_14_DR,ACCRUAL_LN000082_14,LN000082,interest_accrual,2027-05-04,2027-05-04,1132,Interest Receivable,176.33,0.0,176.33
AE_ACCRUAL_LN000082_14_CR,ACCRUAL_LN000082_14,LN000082,interest_accrual,2027-05-04,2027-05-04,6011,Interest Income,0.0,176.33,-176.33
AE_ACCRUAL_LN000082_15_DR,ACCRUAL_LN000082_15,LN000082,interest_accrual,2027-06-04,2027-06-04,1132,Interest Receivable,176.33,0.0,176.33
AE_ACCRUAL_LN000082_15_CR,ACCRUAL_LN000082_15,LN000082,interest_accrual,2027-06-04,2027-06-04,6011,Interest Income,0.0,176.33,-176.33
AE_ACCRUAL_LN000082_16_DR,ACCRUAL_LN000082_16,LN000082,interest_accrual,2027-07-04,2027-07-04,1132,Interest Receivable,176.33,0.0,176.33
AE_ACCRUAL_LN000082_16_CR,ACCRUAL_LN000082_16,LN000082,interest_accrual,2027-07-04,2027-07-04,6011,Interest Income,0.0,176.33,-176.33
AE_ACCRUAL_LN000082_17_DR,ACCRUAL_LN000082_17,LN000082,interest_accrual,2027-08-04,2027-08-04,1132,Interest Receivable,176.33,0.0,176.33
AE_ACCRUAL_LN000082_17_CR,ACCRUAL_LN000082_17,LN000082,interest_accrual,2027-08-04,2027-08-04,6011,Interest Income,0.0,176.33,-176.33
AE_ACCRUAL_LN000082_18_DR,ACCRUAL_LN000082_18,LN000082,interest_accrual,2027-09-04,2027-09-04,1132,Interest Receivable,176.33,0.0,176.33
AE_ACCRUAL_LN000082_18_CR,ACCRUAL_LN000082_18,LN000082,interest_accrual,2027-09-04,2027-09-04,6011,Interest Income,0.0,176.33,-176.33
AE_ACCRUAL_LN000082_19_DR,ACCRUAL_LN000082_19,LN000082,interest_accrual,2027-10-04,2027-10-04,1132,Interest Receivable,176.33,0.0,176.33
AE_ACCRUAL_LN000082_19_CR,ACCRUAL_LN000082_19,LN000082,interest_accrual,2027-10-04,2027-10-04,6011,Interest Income,0.0,176.33,-176.33
AE_ACCRUAL_LN000082_20_DR,ACCRUAL_LN000082_20,LN000082,interest_accrual,2027-11-04,2027-11-04,1132,Interest Receivable,176.33,0.0,176.33
AE_ACCRUAL_LN000082_20_CR,ACCRUAL_LN000082_20,LN000082,interest_accrual,2027-11-04,2027-11-04,6011,Interest Income,0.0,176.33,-176.33
AE_ACCRUAL_LN000082_21_DR,ACCRUAL_LN000082_21,LN000082,interest_accrual,2027-12-04,2027-12-04,1132,Interest Receivable,176.33,0.0,176.33
AE_ACCRUAL_LN000082_21_CR,ACCRUAL_LN000082_21,LN000082,interest_accrual,2027-12-04,2027-12-04,6011,Interest Income,0.0,176.33,-176.33
AE_ACCRUAL_LN000082_22_DR,ACCRUAL_LN000082_22,LN000082,interest_accrual,2028-01-04,2028-01-04,1132,Interest Receivable,176.33,0.0,176.33
AE_ACCRUAL_LN000082_22_CR,ACCRUAL_LN000082_22,LN000082,interest_accrual,2028-01-04,2028-01-04,6011,Interest Income,0.0,176.33,-176.33
AE_ACCRUAL_LN000082_23_DR,ACCRUAL_LN000082_23,LN000082,interest_accrual,2028-02-04,2028-02-04,1132,Interest Receivable,176.33,0.0,176.33
AE_ACCRUAL_LN000082_23_CR,ACCRUAL_LN000082_23,LN000082,interest_accrual,2028-02-04,2028-02-04,6011,Interest Income,0.0,176.33,-176.33
AE_ACCRUAL_LN000082_24_DR,ACCRUAL_LN000082_24,LN000082,interest_accrual,2028-03-04,2028-03-04,1132,Interest Receivable,176.33,0.0,176.33
AE_ACCRUAL_LN000082_24_CR,ACCRUAL_LN000082_24,LN000082,interest_accrual,2028-03-04,2028-03-04,6011,Interest Income,0.0,176.33,-176.33
AE_ACCRUAL_LN000082_25_DR,ACCRUAL_LN000082_25,LN000082,interest_accrual,2028-04-04,2028-04-04,1132,Interest Receivable,176.33,0.0,176.33
AE_ACCRUAL_LN000082_25_CR,ACCRUAL_LN000082_25,LN000082,interest_accrual,2028-04-04,2028-04-04,6011,Interest Income,0.0,176.33,-176.33
AE_ACCRUAL_LN000082_26_DR,ACCRUAL_LN000082_26,LN000082,interest_accrual,2028-05-04,2028-05-04,1132,Interest Receivable,176.33,0.0,176.33
AE_ACCRUAL_LN000082_26_CR,ACCRUAL_LN000082_26,LN000082,interest_accrual,2028-05-04,2028-05-04,6011,Interest Income,0.0,176.33,-176.33
AE_ACCRUAL_LN000082_27_DR,ACCRUAL_LN000082_27,LN000082,interest_accrual,2028-06-04,2028-06-04,1132,Interest Receivable,176.33,0.0,176.33
AE_ACCRUAL_LN000082_27_CR,ACCRUAL_LN000082_27,LN000082,interest_accrual,2028-06-04,2028-06-04,6011,Interest Income,0.0,176.33,-176.33
AE_ACCRUAL_LN000082_28_DR,ACCRUAL_LN000082_28,LN000082,interest_accrual,2028-07-04,2028-07-04,1132,Interest Receivable,176.33,0.0,176.33
AE_ACCRUAL_LN000082_28_CR,ACCRUAL_LN000082_28,LN000082,interest_accrual,2028-07-04,2028-07-04,6011,Interest Income,0.0,176.33,-176.33
AE_ACCRUAL_LN000082_29_DR,ACCRUAL_LN000082_29,LN000082,interest_accrual,2028-08-04,2028-08-04,1132,Interest Receivable,176.33,0.0,176.33
AE_ACCRUAL_LN000082_29_CR,ACCRUAL_LN000082_29,LN000082,interest_accrual,2028-08-04,2028-08-04,6011,Interest Income,0.0,176.33,-176.33
AE_ACCRUAL_LN000082_30_DR,ACCRUAL_LN000082_30,LN000082,interest_accrual,2028-09-04,2028-09-04,1132,Interest Receivable,176.33,0.0,176.33
AE_ACCRUAL_LN000082_30_CR,ACCRUAL_LN000082_30,LN000082,interest_accrual,2028-09-04,2028-09-04,6011,Interest Income,0.0,176.33,-176.33
AE_ACCRUAL_LN000082_31_DR,ACCRUAL_LN000082_31,LN000082,interest_accrual,2028-10-04,2028-10-04,1132,Interest Receivable,176.33,0.0,176.33
AE_ACCRUAL_LN000082_31_CR,ACCRUAL_LN000082_31,LN000082,interest_accrual,2028-10-04,2028-10-04,6011,Interest Income,0.0,176.33,-176.33
AE_ACCRUAL_LN000082_32_DR,ACCRUAL_LN000082_32,LN000082,interest_accrual,2028-11-04,2028-11-04,1132,Interest Receivable,176.33,0.0,176.33
AE_ACCRUAL_LN000082_32_CR,ACCRUAL_LN000082_32,LN000082,interest_accrual,2028-11-04,2028-11-04,6011,Interest Income,0.0,176.33,-176.33
AE_ACCRUAL_LN000082_33_DR,ACCRUAL_LN000082_33,LN000082,interest_accrual,2028-12-04,2028-12-04,1132,Interest Receivable,176.33,0.0,176.33
AE_ACCRUAL_LN000082_33_CR,ACCRUAL_LN000082_33,LN000082,interest_accrual,2028-12-04,2028-12-04,6011,Interest Income,0.0,176.33,-176.33
AE_ACCRUAL_LN000082_34_DR,ACCRUAL_LN000082_34,LN000082,interest_accrual,2029-01-04,2029-01-04,1132,Interest Receivable,176.33,0.0,176.33
AE_ACCRUAL_LN000082_34_CR,ACCRUAL_LN000082_34,LN000082,interest_accrual,2029-01-04,2029-01-04,6011,Interest Income,0.0,176.33,-176.33
AE_ACCRUAL_LN000082_35_DR,ACCRUAL_LN000082_35,LN000082,interest_accrual,2029-02-04,2029-02-04,1132,Interest Receivable,176.33,0.0,176.33
AE_ACCRUAL_LN000082_35_CR,ACCRUAL_LN000082_35,LN000082,interest_accrual,2029-02-04,2029-02-04,6011,Interest Income,0.0,176.33,-176.33
AE_ACCRUAL_LN000082_36_DR,ACCRUAL_LN000082_36,LN000082,interest_accrual,2029-03-04,2029-03-04,1132,Interest Receivable,176.33,0.0,176.33
AE_ACCRUAL_LN000082_36_CR,ACCRUAL_LN000082_36,LN000082,interest_accrual,2029-03-04,2029-03-04,6011,Interest Income,0.0,176.33,-176.33
AE_ACCRUAL_LN000083_01_DR,ACCRUAL_LN000083_01,LN000083,interest_accrual,2026-02-20,2026-02-20,1132,Interest Receivable,461.25,0.0,461.25
AE_ACCRUAL_LN000083_01_CR,ACCRUAL_LN000083_01,LN000083,interest_accrual,2026-02-20,2026-02-20,6011,Interest Income,0.0,461.25,-461.25
AE_ACCRUAL_LN000083_02_DR,ACCRUAL_LN000083_02,LN000083,interest_accrual,2026-03-20,2026-03-20,1132,Interest Receivable,461.25,0.0,461.25
AE_ACCRUAL_LN000083_02_CR,ACCRUAL_LN000083_02,LN000083,interest_accrual,2026-03-20,2026-03-20,6011,Interest Income,0.0,461.25,-461.25
AE_ACCRUAL_LN000083_03_DR,ACCRUAL_LN000083_03,LN000083,interest_accrual,2026-04-20,2026-04-20,1132,Interest Receivable,461.25,0.0,461.25
AE_ACCRUAL_LN000083_03_CR,ACCRUAL_LN000083_03,LN000083,interest_accrual,2026-04-20,2026-04-20,6011,Interest Income,0.0,461.25,-461.25
AE_ACCRUAL_LN000083_04_DR,ACCRUAL_LN000083_04,LN000083,interest_accrual,2026-05-20,2026-05-20,1132,Interest Receivable,461.25,0.0,461.25
AE_ACCRUAL_LN000083_04_CR,ACCRUAL_LN000083_04,LN000083,interest_accrual,2026-05-20,2026-05-20,6011,Interest Income,0.0,461.25,-461.25
AE_ACCRUAL_LN000083_05_DR,ACCRUAL_LN000083_05,LN000083,interest_accrual,2026-06-20,2026-06-20,1132,Interest Receivable,461.25,0.0,461.25
AE_ACCRUAL_LN000083_05_CR,ACCRUAL_LN000083_05,LN000083,interest_accrual,2026-06-20,2026-06-20,6011,Interest Income,0.0,461.25,-461.25
AE_ACCRUAL_LN000083_06_DR,ACCRUAL_LN000083_06,LN000083,interest_accrual,2026-07-20,2026-07-20,1132,Interest Receivable,461.25,0.0,461.25
AE_ACCRUAL_LN000083_06_CR,ACCRUAL_LN000083_06,LN000083,interest_accrual,2026-07-20,2026-07-20,6011,Interest Income,0.0,461.25,-461.25
AE_ACCRUAL_LN000083_07_DR,ACCRUAL_LN000083_07,LN000083,interest_accrual,2026-08-20,2026-08-20,1132,Interest Receivable,461.25,0.0,461.25
AE_ACCRUAL_LN000083_07_CR,ACCRUAL_LN000083_07,LN000083,interest_accrual,2026-08-20,2026-08-20,6011,Interest Income,0.0,461.25,-461.25
AE_ACCRUAL_LN000083_08_DR,ACCRUAL_LN000083_08,LN000083,interest_accrual,2026-09-20,2026-09-20,1132,Interest Receivable,461.25,0.0,461.25
AE_ACCRUAL_LN000083_08_CR,ACCRUAL_LN000083_08,LN000083,interest_accrual,2026-09-20,2026-09-20,6011,Interest Income,0.0,461.25,-461.25
AE_ACCRUAL_LN000083_09_DR,ACCRUAL_LN000083_09,LN000083,interest_accrual,2026-10-20,2026-10-20,1132,Interest Receivable,461.25,0.0,461.25
AE_ACCRUAL_LN000083_09_CR,ACCRUAL_LN000083_09,LN000083,interest_accrual,2026-10-20,2026-10-20,6011,Interest Income,0.0,461.25,-461.25
AE_ACCRUAL_LN000083_10_DR,ACCRUAL_LN000083_10,LN000083,interest_accrual,2026-11-20,2026-11-20,1132,Interest Receivable,461.25,0.0,461.25
AE_ACCRUAL_LN000083_10_CR,ACCRUAL_LN000083_10,LN000083,interest_accrual,2026-11-20,2026-11-20,6011,Interest Income,0.0,461.25,-461.25
AE_ACCRUAL_LN000083_11_DR,ACCRUAL_LN000083_11,LN000083,interest_accrual,2026-12-20,2026-12-20,1132,Interest Receivable,461.25,0.0,461.25
AE_ACCRUAL_LN000083_11_CR,ACCRUAL_LN000083_11,LN000083,interest_accrual,2026-12-20,2026-12-20,6011,Interest Income,0.0,461.25,-461.25
AE_ACCRUAL_LN000083_12_DR,ACCRUAL_LN000083_12,LN000083,interest_accrual,2027-01-20,2027-01-20,1132,Interest Receivable,461.25,0.0,461.25
AE_ACCRUAL_LN000083_12_CR,ACCRUAL_LN000083_12,LN000083,interest_accrual,2027-01-20,2027-01-20,6011,Interest Income,0.0,461.25,-461.25
AE_ACCRUAL_LN000083_13_DR,ACCRUAL_LN000083_13,LN000083,interest_accrual,2027-02-20,2027-02-20,1132,Interest Receivable,461.25,0.0,461.25
AE_ACCRUAL_LN000083_13_CR,ACCRUAL_LN000083_13,LN000083,interest_accrual,2027-02-20,2027-02-20,6011,Interest Income,0.0,461.25,-461.25
AE_ACCRUAL_LN000083_14_DR,ACCRUAL_LN000083_14,LN000083,interest_accrual,2027-03-20,2027-03-20,1132,Interest Receivable,461.25,0.0,461.25
AE_ACCRUAL_LN000083_14_CR,ACCRUAL_LN000083_14,LN000083,interest_accrual,2027-03-20,2027-03-20,6011,Interest Income,0.0,461.25,-461.25
AE_ACCRUAL_LN000083_15_DR,ACCRUAL_LN000083_15,LN000083,interest_accrual,2027-04-20,2027-04-20,1132,Interest Receivable,461.25,0.0,461.25
AE_ACCRUAL_LN000083_15_CR,ACCRUAL_LN000083_15,LN000083,interest_accrual,2027-04-20,2027-04-20,6011,Interest Income,0.0,461.25,-461.25
AE_ACCRUAL_LN000083_16_DR,ACCRUAL_LN000083_16,LN000083,interest_accrual,2027-05-20,2027-05-20,1132,Interest Receivable,461.25,0.0,461.25
AE_ACCRUAL_LN000083_16_CR,ACCRUAL_LN000083_16,LN000083,interest_accrual,2027-05-20,2027-05-20,6011,Interest Income,0.0,461.25,-461.25
AE_ACCRUAL_LN000083_17_DR,ACCRUAL_LN000083_17,LN000083,interest_accrual,2027-06-20,2027-06-20,1132,Interest Receivable,461.25,0.0,461.25
AE_ACCRUAL_LN000083_17_CR,ACCRUAL_LN000083_17,LN000083,interest_accrual,2027-06-20,2027-06-20,6011,Interest Income,0.0,461.25,-461.25
AE_ACCRUAL_LN000083_18_DR,ACCRUAL_LN000083_18,LN000083,interest_accrual,2027-07-20,2027-07-20,1132,Interest Receivable,461.25,0.0,461.25
AE_ACCRUAL_LN000083_18_CR,ACCRUAL_LN000083_18,LN000083,interest_accrual,2027-07-20,2027-07-20,6011,Interest Income,0.0,461.25,-461.25
AE_ACCRUAL_LN000083_19_DR,ACCRUAL_LN000083_19,LN000083,interest_accrual,2027-08-20,2027-08-20,1132,Interest Receivable,461.25,0.0,461.25
AE_ACCRUAL_LN000083_19_CR,ACCRUAL_LN000083_19,LN000083,interest_accrual,2027-08-20,2027-08-20,6011,Interest Income,0.0,461.25,-461.25
AE_ACCRUAL_LN000083_20_DR,ACCRUAL_LN000083_20,LN000083,interest_accrual,2027-09-20,2027-09-20,1132,Interest Receivable,461.25,0.0,461.25
AE_ACCRUAL_LN000083_20_CR,ACCRUAL_LN000083_20,LN000083,interest_accrual,2027-09-20,2027-09-20,6011,Interest Income,0.0,461.25,-461.25
AE_ACCRUAL_LN000083_21_DR,ACCRUAL_LN000083_21,LN000083,interest_accrual,2027-10-20,2027-10-20,1132,Interest Receivable,461.25,0.0,461.25
AE_ACCRUAL_LN000083_21_CR,ACCRUAL_LN000083_21,LN000083,interest_accrual,2027-10-20,2027-10-20,6011,Interest Income,0.0,461.25,-461.25
AE_ACCRUAL_LN000083_22_DR,ACCRUAL_LN000083_22,LN000083,interest_accrual,2027-11-20,2027-11-20,1132,Interest Receivable,461.25,0.0,461.25
AE_ACCRUAL_LN000083_22_CR,ACCRUAL_LN000083_22,LN000083,interest_accrual,2027-11-20,2027-11-20,6011,Interest Income,0.0,461.25,-461.25
AE_ACCRUAL_LN000083_23_DR,ACCRUAL_LN000083_23,LN000083,interest_accrual,2027-12-20,2027-12-20,1132,Interest Receivable,461.25,0.0,461.25
AE_ACCRUAL_LN000083_23_CR,ACCRUAL_LN000083_23,LN000083,interest_accrual,2027-12-20,2027-12-20,6011,Interest Income,0.0,461.25,-461.25
AE_ACCRUAL_LN000083_24_DR,ACCRUAL_LN000083_24,LN000083,interest_accrual,2028-01-20,2028-01-20,1132,Interest Receivable,461.25,0.0,461.25
AE_ACCRUAL_LN000083_24_CR,ACCRUAL_LN000083_24,LN000083,interest_accrual,2028-01-20,2028-01-20,6011,Interest Income,0.0,461.25,-461.25
AE_ACCRUAL_LN000083_25_DR,ACCRUAL_LN000083_25,LN000083,interest_accrual,2028-02-20,2028-02-20,1132,Interest Receivable,461.25,0.0,461.25
AE_ACCRUAL_LN000083_25_CR,ACCRUAL_LN000083_25,LN000083,interest_accrual,2028-02-20,2028-02-20,6011,Interest Income,0.0,461.25,-461.25
AE_ACCRUAL_LN000083_26_DR,ACCRUAL_LN000083_26,LN000083,interest_accrual,2028-03-20,2028-03-20,1132,Interest Receivable,461.25,0.0,461.25
AE_ACCRUAL_LN000083_26_CR,ACCRUAL_LN000083_26,LN000083,interest_accrual,2028-03-20,2028-03-20,6011,Interest Income,0.0,461.25,-461.25
AE_ACCRUAL_LN000083_27_DR,ACCRUAL_LN000083_27,LN000083,interest_accrual,2028-04-20,2028-04-20,1132,Interest Receivable,461.25,0.0,461.25
AE_ACCRUAL_LN000083_27_CR,ACCRUAL_LN000083_27,LN000083,interest_accrual,2028-04-20,2028-04-20,6011,Interest Income,0.0,461.25,-461.25
AE_ACCRUAL_LN000083_28_DR,ACCRUAL_LN000083_28,LN000083,interest_accrual,2028-05-20,2028-05-20,1132,Interest Receivable,461.25,0.0,461.25
AE_ACCRUAL_LN000083_28_CR,ACCRUAL_LN000083_28,LN000083,interest_accrual,2028-05-20,2028-05-20,6011,Interest Income,0.0,461.25,-461.25
AE_ACCRUAL_LN000083_29_DR,ACCRUAL_LN000083_29,LN000083,interest_accrual,2028-06-20,2028-06-20,1132,Interest Receivable,461.25,0.0,461.25
AE_ACCRUAL_LN000083_29_CR,ACCRUAL_LN000083_29,LN000083,interest_accrual,2028-06-20,2028-06-20,6011,Interest Income,0.0,461.25,-461.25
AE_ACCRUAL_LN000083_30_DR,ACCRUAL_LN000083_30,LN000083,interest_accrual,2028-07-20,2028-07-20,1132,Interest Receivable,461.25,0.0,461.25
AE_ACCRUAL_LN000083_30_CR,ACCRUAL_LN000083_30,LN000083,interest_accrual,2028-07-20,2028-07-20,6011,Interest Income,0.0,461.25,-461.25
AE_ACCRUAL_LN000083_31_DR,ACCRUAL_LN000083_31,LN000083,interest_accrual,2028-08-20,2028-08-20,1132,Interest Receivable,461.25,0.0,461.25
AE_ACCRUAL_LN000083_31_CR,ACCRUAL_LN000083_31,LN000083,interest_accrual,2028-08-20,2028-08-20,6011,Interest Income,0.0,461.25,-461.25
AE_ACCRUAL_LN000083_32_DR,ACCRUAL_LN000083_32,LN000083,interest_accrual,2028-09-20,2028-09-20,1132,Interest Receivable,461.25,0.0,461.25
AE_ACCRUAL_LN000083_32_CR,ACCRUAL_LN000083_32,LN000083,interest_accrual,2028-09-20,2028-09-20,6011,Interest Income,0.0,461.25,-461.25
AE_ACCRUAL_LN000083_33_DR,ACCRUAL_LN000083_33,LN000083,interest_accrual,2028-10-20,2028-10-20,1132,Interest Receivable,461.25,0.0,461.25
AE_ACCRUAL_LN000083_33_CR,ACCRUAL_LN000083_33,LN000083,interest_accrual,2028-10-20,2028-10-20,6011,Interest Income,0.0,461.25,-461.25
AE_ACCRUAL_LN000083_34_DR,ACCRUAL_LN000083_34,LN000083,interest_accrual,2028-11-20,2028-11-20,1132,Interest Receivable,461.25,0.0,461.25
AE_ACCRUAL_LN000083_34_CR,ACCRUAL_LN000083_34,LN000083,interest_accrual,2028-11-20,2028-11-20,6011,Interest Income,0.0,461.25,-461.25
AE_ACCRUAL_LN000083_35_DR,ACCRUAL_LN000083_35,LN000083,interest_accrual,2028-12-20,2028-12-20,1132,Interest Receivable,461.25,0.0,461.25
AE_ACCRUAL_LN000083_35_CR,ACCRUAL_LN000083_35,LN000083,interest_accrual,2028-12-20,2028-12-20,6011,Interest Income,0.0,461.25,-461.25
AE_ACCRUAL_LN000083_36_DR,ACCRUAL_LN000083_36,LN000083,interest_accrual,2029-01-20,2029-01-20,1132,Interest Receivable,461.25,0.0,461.25
AE_ACCRUAL_LN000083_36_CR,ACCRUAL_LN000083_36,LN000083,interest_accrual,2029-01-20,2029-01-20,6011,Interest Income,0.0,461.25,-461.25
AE_ACCRUAL_LN000084_01_DR,ACCRUAL_LN000084_01,LN000084,interest_accrual,2026-03-22,2026-03-22,1132,Interest Receivable,383.5,0.0,383.5
AE_ACCRUAL_LN000084_01_CR,ACCRUAL_LN000084_01,LN000084,interest_accrual,2026-03-22,2026-03-22,6011,Interest Income,0.0,383.5,-383.5
AE_ACCRUAL_LN000084_02_DR,ACCRUAL_LN000084_02,LN000084,interest_accrual,2026-04-22,2026-04-22,1132,Interest Receivable,383.5,0.0,383.5
AE_ACCRUAL_LN000084_02_CR,ACCRUAL_LN000084_02,LN000084,interest_accrual,2026-04-22,2026-04-22,6011,Interest Income,0.0,383.5,-383.5
AE_ACCRUAL_LN000084_03_DR,ACCRUAL_LN000084_03,LN000084,interest_accrual,2026-05-22,2026-05-22,1132,Interest Receivable,383.5,0.0,383.5
AE_ACCRUAL_LN000084_03_CR,ACCRUAL_LN000084_03,LN000084,interest_accrual,2026-05-22,2026-05-22,6011,Interest Income,0.0,383.5,-383.5
AE_ACCRUAL_LN000084_04_DR,ACCRUAL_LN000084_04,LN000084,interest_accrual,2026-06-22,2026-06-22,1132,Interest Receivable,383.5,0.0,383.5
AE_ACCRUAL_LN000084_04_CR,ACCRUAL_LN000084_04,LN000084,interest_accrual,2026-06-22,2026-06-22,6011,Interest Income,0.0,383.5,-383.5
AE_ACCRUAL_LN000084_05_DR,ACCRUAL_LN000084_05,LN000084,interest_accrual,2026-07-22,2026-07-22,1132,Interest Receivable,383.5,0.0,383.5
AE_ACCRUAL_LN000084_05_CR,ACCRUAL_LN000084_05,LN000084,interest_accrual,2026-07-22,2026-07-22,6011,Interest Income,0.0,383.5,-383.5
AE_ACCRUAL_LN000084_06_DR,ACCRUAL_LN000084_06,LN000084,interest_accrual,2026-08-22,2026-08-22,1132,Interest Receivable,383.5,0.0,383.5
AE_ACCRUAL_LN000084_06_CR,ACCRUAL_LN000084_06,LN000084,interest_accrual,2026-08-22,2026-08-22,6011,Interest Income,0.0,383.5,-383.5
AE_ACCRUAL_LN000084_07_DR,ACCRUAL_LN000084_07,LN000084,interest_accrual,2026-09-22,2026-09-22,1132,Interest Receivable,383.5,0.0,383.5
AE_ACCRUAL_LN000084_07_CR,ACCRUAL_LN000084_07,LN000084,interest_accrual,2026-09-22,2026-09-22,6011,Interest Income,0.0,383.5,-383.5
AE_ACCRUAL_LN000084_08_DR,ACCRUAL_LN000084_08,LN000084,interest_accrual,2026-10-22,2026-10-22,1132,Interest Receivable,383.5,0.0,383.5
AE_ACCRUAL_LN000084_08_CR,ACCRUAL_LN000084_08,LN000084,interest_accrual,2026-10-22,2026-10-22,6011,Interest Income,0.0,383.5,-383.5
AE_ACCRUAL_LN000084_09_DR,ACCRUAL_LN000084_09,LN000084,interest_accrual,2026-11-22,2026-11-22,1132,Interest Receivable,383.5,0.0,383.5
AE_ACCRUAL_LN000084_09_CR,ACCRUAL_LN000084_09,LN000084,interest_accrual,2026-11-22,2026-11-22,6011,Interest Income,0.0,383.5,-383.5
AE_ACCRUAL_LN000084_10_DR,ACCRUAL_LN000084_10,LN000084,interest_accrual,2026-12-22,2026-12-22,1132,Interest Receivable,383.5,0.0,383.5
AE_ACCRUAL_LN000084_10_CR,ACCRUAL_LN000084_10,LN000084,interest_accrual,2026-12-22,2026-12-22,6011,Interest Income,0.0,383.5,-383.5
AE_ACCRUAL_LN000084_11_DR,ACCRUAL_LN000084_11,LN000084,interest_accrual,2027-01-22,2027-01-22,1132,Interest Receivable,383.5,0.0,383.5
AE_ACCRUAL_LN000084_11_CR,ACCRUAL_LN000084_11,LN000084,interest_accrual,2027-01-22,2027-01-22,6011,Interest Income,0.0,383.5,-383.5
AE_ACCRUAL_LN000084_12_DR,ACCRUAL_LN000084_12,LN000084,interest_accrual,2027-02-22,2027-02-22,1132,Interest Receivable,383.5,0.0,383.5
AE_ACCRUAL_LN000084_12_CR,ACCRUAL_LN000084_12,LN000084,interest_accrual,2027-02-22,2027-02-22,6011,Interest Income,0.0,383.5,-383.5
AE_ACCRUAL_LN000085_01_DR,ACCRUAL_LN000085_01,LN000085,interest_accrual,2026-04-13,2026-04-13,1132,Interest Receivable,91.25,0.0,91.25
AE_ACCRUAL_LN000085_01_CR,ACCRUAL_LN000085_01,LN000085,interest_accrual,2026-04-13,2026-04-13,6011,Interest Income,0.0,91.25,-91.25
AE_ACCRUAL_LN000085_02_DR,ACCRUAL_LN000085_02,LN000085,interest_accrual,2026-05-13,2026-05-13,1132,Interest Receivable,91.25,0.0,91.25
AE_ACCRUAL_LN000085_02_CR,ACCRUAL_LN000085_02,LN000085,interest_accrual,2026-05-13,2026-05-13,6011,Interest Income,0.0,91.25,-91.25
AE_ACCRUAL_LN000085_03_DR,ACCRUAL_LN000085_03,LN000085,interest_accrual,2026-06-13,2026-06-13,1132,Interest Receivable,91.25,0.0,91.25
AE_ACCRUAL_LN000085_03_CR,ACCRUAL_LN000085_03,LN000085,interest_accrual,2026-06-13,2026-06-13,6011,Interest Income,0.0,91.25,-91.25
AE_ACCRUAL_LN000085_04_DR,ACCRUAL_LN000085_04,LN000085,interest_accrual,2026-07-13,2026-07-13,1132,Interest Receivable,91.25,0.0,91.25
AE_ACCRUAL_LN000085_04_CR,ACCRUAL_LN000085_04,LN000085,interest_accrual,2026-07-13,2026-07-13,6011,Interest Income,0.0,91.25,-91.25
AE_ACCRUAL_LN000085_05_DR,ACCRUAL_LN000085_05,LN000085,interest_accrual,2026-08-13,2026-08-13,1132,Interest Receivable,91.25,0.0,91.25
AE_ACCRUAL_LN000085_05_CR,ACCRUAL_LN000085_05,LN000085,interest_accrual,2026-08-13,2026-08-13,6011,Interest Income,0.0,91.25,-91.25
AE_ACCRUAL_LN000085_06_DR,ACCRUAL_LN000085_06,LN000085,interest_accrual,2026-09-13,2026-09-13,1132,Interest Receivable,91.25,0.0,91.25
AE_ACCRUAL_LN000085_06_CR,ACCRUAL_LN000085_06,LN000085,interest_accrual,2026-09-13,2026-09-13,6011,Interest Income,0.0,91.25,-91.25
AE_ACCRUAL_LN000085_07_DR,ACCRUAL_LN000085_07,LN000085,interest_accrual,2026-10-13,2026-10-13,1132,Interest Receivable,91.25,0.0,91.25
AE_ACCRUAL_LN000085_07_CR,ACCRUAL_LN000085_07,LN000085,interest_accrual,2026-10-13,2026-10-13,6011,Interest Income,0.0,91.25,-91.25
AE_ACCRUAL_LN000085_08_DR,ACCRUAL_LN000085_08,LN000085,interest_accrual,2026-11-13,2026-11-13,1132,Interest Receivable,91.25,0.0,91.25
AE_ACCRUAL_LN000085_08_CR,ACCRUAL_LN000085_08,LN000085,interest_accrual,2026-11-13,2026-11-13,6011,Interest Income,0.0,91.25,-91.25
AE_ACCRUAL_LN000085_09_DR,ACCRUAL_LN000085_09,LN000085,interest_accrual,2026-12-13,2026-12-13,1132,Interest Receivable,91.25,0.0,91.25
AE_ACCRUAL_LN000085_09_CR,ACCRUAL_LN000085_09,LN000085,interest_accrual,2026-12-13,2026-12-13,6011,Interest Income,0.0,91.25,-91.25
AE_ACCRUAL_LN000085_10_DR,ACCRUAL_LN000085_10,LN000085,interest_accrual,2027-01-13,2027-01-13,1132,Interest Receivable,91.25,0.0,91.25
AE_ACCRUAL_LN000085_10_CR,ACCRUAL_LN000085_10,LN000085,interest_accrual,2027-01-13,2027-01-13,6011,Interest Income,0.0,91.25,-91.25
AE_ACCRUAL_LN000085_11_DR,ACCRUAL_LN000085_11,LN000085,interest_accrual,2027-02-13,2027-02-13,1132,Interest Receivable,91.25,0.0,91.25
AE_ACCRUAL_LN000085_11_CR,ACCRUAL_LN000085_11,LN000085,interest_accrual,2027-02-13,2027-02-13,6011,Interest Income,0.0,91.25,-91.25
AE_ACCRUAL_LN000085_12_DR,ACCRUAL_LN000085_12,LN000085,interest_accrual,2027-03-13,2027-03-13,1132,Interest Receivable,91.25,0.0,91.25
AE_ACCRUAL_LN000085_12_CR,ACCRUAL_LN000085_12,LN000085,interest_accrual,2027-03-13,2027-03-13,6011,Interest Income,0.0,91.25,-91.25
AE_ACCRUAL_LN000085_13_DR,ACCRUAL_LN000085_13,LN000085,interest_accrual,2027-04-13,2027-04-13,1132,Interest Receivable,91.25,0.0,91.25
AE_ACCRUAL_LN000085_13_CR,ACCRUAL_LN000085_13,LN000085,interest_accrual,2027-04-13,2027-04-13,6011,Interest Income,0.0,91.25,-91.25
AE_ACCRUAL_LN000085_14_DR,ACCRUAL_LN000085_14,LN000085,interest_accrual,2027-05-13,2027-05-13,1132,Interest Receivable,91.25,0.0,91.25
AE_ACCRUAL_LN000085_14_CR,ACCRUAL_LN000085_14,LN000085,interest_accrual,2027-05-13,2027-05-13,6011,Interest Income,0.0,91.25,-91.25
AE_ACCRUAL_LN000085_15_DR,ACCRUAL_LN000085_15,LN000085,interest_accrual,2027-06-13,2027-06-13,1132,Interest Receivable,91.25,0.0,91.25
AE_ACCRUAL_LN000085_15_CR,ACCRUAL_LN000085_15,LN000085,interest_accrual,2027-06-13,2027-06-13,6011,Interest Income,0.0,91.25,-91.25
AE_ACCRUAL_LN000085_16_DR,ACCRUAL_LN000085_16,LN000085,interest_accrual,2027-07-13,2027-07-13,1132,Interest Receivable,91.25,0.0,91.25
AE_ACCRUAL_LN000085_16_CR,ACCRUAL_LN000085_16,LN000085,interest_accrual,2027-07-13,2027-07-13,6011,Interest Income,0.0,91.25,-91.25
AE_ACCRUAL_LN000085_17_DR,ACCRUAL_LN000085_17,LN000085,interest_accrual,2027-08-13,2027-08-13,1132,Interest Receivable,91.25,0.0,91.25
AE_ACCRUAL_LN000085_17_CR,ACCRUAL_LN000085_17,LN000085,interest_accrual,2027-08-13,2027-08-13,6011,Interest Income,0.0,91.25,-91.25
AE_ACCRUAL_LN000085_18_DR,ACCRUAL_LN000085_18,LN000085,interest_accrual,2027-09-13,2027-09-13,1132,Interest Receivable,91.25,0.0,91.25
AE_ACCRUAL_LN000085_18_CR,ACCRUAL_LN000085_18,LN000085,interest_accrual,2027-09-13,2027-09-13,6011,Interest Income,0.0,91.25,-91.25
AE_ACCRUAL_LN000085_19_DR,ACCRUAL_LN000085_19,LN000085,interest_accrual,2027-10-13,2027-10-13,1132,Interest Receivable,91.25,0.0,91.25
AE_ACCRUAL_LN000085_19_CR,ACCRUAL_LN000085_19,LN000085,interest_accrual,2027-10-13,2027-10-13,6011,Interest Income,0.0,91.25,-91.25
AE_ACCRUAL_LN000085_20_DR,ACCRUAL_LN000085_20,LN000085,interest_accrual,2027-11-13,2027-11-13,1132,Interest Receivable,91.25,0.0,91.25
AE_ACCRUAL_LN000085_20_CR,ACCRUAL_LN000085_20,LN000085,interest_accrual,2027-11-13,2027-11-13,6011,Interest Income,0.0,91.25,-91.25
AE_ACCRUAL_LN000085_21_DR,ACCRUAL_LN000085_21,LN000085,interest_accrual,2027-12-13,2027-12-13,1132,Interest Receivable,91.25,0.0,91.25
AE_ACCRUAL_LN000085_21_CR,ACCRUAL_LN000085_21,LN000085,interest_accrual,2027-12-13,2027-12-13,6011,Interest Income,0.0,91.25,-91.25
AE_ACCRUAL_LN000085_22_DR,ACCRUAL_LN000085_22,LN000085,interest_accrual,2028-01-13,2028-01-13,1132,Interest Receivable,91.25,0.0,91.25
AE_ACCRUAL_LN000085_22_CR,ACCRUAL_LN000085_22,LN000085,interest_accrual,2028-01-13,2028-01-13,6011,Interest Income,0.0,91.25,-91.25
AE_ACCRUAL_LN000085_23_DR,ACCRUAL_LN000085_23,LN000085,interest_accrual,2028-02-13,2028-02-13,1132,Interest Receivable,91.25,0.0,91.25
AE_ACCRUAL_LN000085_23_CR,ACCRUAL_LN000085_23,LN000085,interest_accrual,2028-02-13,2028-02-13,6011,Interest Income,0.0,91.25,-91.25
AE_ACCRUAL_LN000085_24_DR,ACCRUAL_LN000085_24,LN000085,interest_accrual,2028-03-13,2028-03-13,1132,Interest Receivable,91.25,0.0,91.25
AE_ACCRUAL_LN000085_24_CR,ACCRUAL_LN000085_24,LN000085,interest_accrual,2028-03-13,2028-03-13,6011,Interest Income,0.0,91.25,-91.25
AE_ACCRUAL_LN000086_01_DR,ACCRUAL_LN000086_01,LN000086,interest_accrual,2026-03-03,2026-03-03,1132,Interest Receivable,99.8,0.0,99.8
AE_ACCRUAL_LN000086_01_CR,ACCRUAL_LN000086_01,LN000086,interest_accrual,2026-03-03,2026-03-03,6011,Interest Income,0.0,99.8,-99.8
AE_ACCRUAL_LN000086_02_DR,ACCRUAL_LN000086_02,LN000086,interest_accrual,2026-04-03,2026-04-03,1132,Interest Receivable,99.8,0.0,99.8
AE_ACCRUAL_LN000086_02_CR,ACCRUAL_LN000086_02,LN000086,interest_accrual,2026-04-03,2026-04-03,6011,Interest Income,0.0,99.8,-99.8
AE_ACCRUAL_LN000086_03_DR,ACCRUAL_LN000086_03,LN000086,interest_accrual,2026-05-03,2026-05-03,1132,Interest Receivable,99.8,0.0,99.8
AE_ACCRUAL_LN000086_03_CR,ACCRUAL_LN000086_03,LN000086,interest_accrual,2026-05-03,2026-05-03,6011,Interest Income,0.0,99.8,-99.8
AE_ACCRUAL_LN000086_04_DR,ACCRUAL_LN000086_04,LN000086,interest_accrual,2026-06-03,2026-06-03,1132,Interest Receivable,99.8,0.0,99.8
AE_ACCRUAL_LN000086_04_CR,ACCRUAL_LN000086_04,LN000086,interest_accrual,2026-06-03,2026-06-03,6011,Interest Income,0.0,99.8,-99.8
AE_ACCRUAL_LN000086_05_DR,ACCRUAL_LN000086_05,LN000086,interest_accrual,2026-07-03,2026-07-03,1132,Interest Receivable,99.8,0.0,99.8
AE_ACCRUAL_LN000086_05_CR,ACCRUAL_LN000086_05,LN000086,interest_accrual,2026-07-03,2026-07-03,6011,Interest Income,0.0,99.8,-99.8
AE_ACCRUAL_LN000086_06_DR,ACCRUAL_LN000086_06,LN000086,interest_accrual,2026-08-03,2026-08-03,1132,Interest Receivable,99.8,0.0,99.8
AE_ACCRUAL_LN000086_06_CR,ACCRUAL_LN000086_06,LN000086,interest_accrual,2026-08-03,2026-08-03,6011,Interest Income,0.0,99.8,-99.8
AE_ACCRUAL_LN000086_07_DR,ACCRUAL_LN000086_07,LN000086,interest_accrual,2026-09-03,2026-09-03,1132,Interest Receivable,99.8,0.0,99.8
AE_ACCRUAL_LN000086_07_CR,ACCRUAL_LN000086_07,LN000086,interest_accrual,2026-09-03,2026-09-03,6011,Interest Income,0.0,99.8,-99.8
AE_ACCRUAL_LN000086_08_DR,ACCRUAL_LN000086_08,LN000086,interest_accrual,2026-10-03,2026-10-03,1132,Interest Receivable,99.8,0.0,99.8
AE_ACCRUAL_LN000086_08_CR,ACCRUAL_LN000086_08,LN000086,interest_accrual,2026-10-03,2026-10-03,6011,Interest Income,0.0,99.8,-99.8
AE_ACCRUAL_LN000086_09_DR,ACCRUAL_LN000086_09,LN000086,interest_accrual,2026-11-03,2026-11-03,1132,Interest Receivable,99.8,0.0,99.8
AE_ACCRUAL_LN000086_09_CR,ACCRUAL_LN000086_09,LN000086,interest_accrual,2026-11-03,2026-11-03,6011,Interest Income,0.0,99.8,-99.8
AE_ACCRUAL_LN000086_10_DR,ACCRUAL_LN000086_10,LN000086,interest_accrual,2026-12-03,2026-12-03,1132,Interest Receivable,99.8,0.0,99.8
AE_ACCRUAL_LN000086_10_CR,ACCRUAL_LN000086_10,LN000086,interest_accrual,2026-12-03,2026-12-03,6011,Interest Income,0.0,99.8,-99.8
AE_ACCRUAL_LN000086_11_DR,ACCRUAL_LN000086_11,LN000086,interest_accrual,2027-01-03,2027-01-03,1132,Interest Receivable,99.8,0.0,99.8
AE_ACCRUAL_LN000086_11_CR,ACCRUAL_LN000086_11,LN000086,interest_accrual,2027-01-03,2027-01-03,6011,Interest Income,0.0,99.8,-99.8
AE_ACCRUAL_LN000086_12_DR,ACCRUAL_LN000086_12,LN000086,interest_accrual,2027-02-03,2027-02-03,1132,Interest Receivable,99.8,0.0,99.8
AE_ACCRUAL_LN000086_12_CR,ACCRUAL_LN000086_12,LN000086,interest_accrual,2027-02-03,2027-02-03,6011,Interest Income,0.0,99.8,-99.8
AE_ACCRUAL_LN000086_13_DR,ACCRUAL_LN000086_13,LN000086,interest_accrual,2027-03-03,2027-03-03,1132,Interest Receivable,99.8,0.0,99.8
AE_ACCRUAL_LN000086_13_CR,ACCRUAL_LN000086_13,LN000086,interest_accrual,2027-03-03,2027-03-03,6011,Interest Income,0.0,99.8,-99.8
AE_ACCRUAL_LN000086_14_DR,ACCRUAL_LN000086_14,LN000086,interest_accrual,2027-04-03,2027-04-03,1132,Interest Receivable,99.8,0.0,99.8
AE_ACCRUAL_LN000086_14_CR,ACCRUAL_LN000086_14,LN000086,interest_accrual,2027-04-03,2027-04-03,6011,Interest Income,0.0,99.8,-99.8
AE_ACCRUAL_LN000086_15_DR,ACCRUAL_LN000086_15,LN000086,interest_accrual,2027-05-03,2027-05-03,1132,Interest Receivable,99.8,0.0,99.8
AE_ACCRUAL_LN000086_15_CR,ACCRUAL_LN000086_15,LN000086,interest_accrual,2027-05-03,2027-05-03,6011,Interest Income,0.0,99.8,-99.8
AE_ACCRUAL_LN000086_16_DR,ACCRUAL_LN000086_16,LN000086,interest_accrual,2027-06-03,2027-06-03,1132,Interest Receivable,99.8,0.0,99.8
AE_ACCRUAL_LN000086_16_CR,ACCRUAL_LN000086_16,LN000086,interest_accrual,2027-06-03,2027-06-03,6011,Interest Income,0.0,99.8,-99.8
AE_ACCRUAL_LN000086_17_DR,ACCRUAL_LN000086_17,LN000086,interest_accrual,2027-07-03,2027-07-03,1132,Interest Receivable,99.8,0.0,99.8
AE_ACCRUAL_LN000086_17_CR,ACCRUAL_LN000086_17,LN000086,interest_accrual,2027-07-03,2027-07-03,6011,Interest Income,0.0,99.8,-99.8
AE_ACCRUAL_LN000086_18_DR,ACCRUAL_LN000086_18,LN000086,interest_accrual,2027-08-03,2027-08-03,1132,Interest Receivable,99.8,0.0,99.8
AE_ACCRUAL_LN000086_18_CR,ACCRUAL_LN000086_18,LN000086,interest_accrual,2027-08-03,2027-08-03,6011,Interest Income,0.0,99.8,-99.8
AE_ACCRUAL_LN000087_01_DR,ACCRUAL_LN000087_01,LN000087,interest_accrual,2026-04-06,2026-04-06,1132,Interest Receivable,126.5,0.0,126.5
AE_ACCRUAL_LN000087_01_CR,ACCRUAL_LN000087_01,LN000087,interest_accrual,2026-04-06,2026-04-06,6011,Interest Income,0.0,126.5,-126.5
AE_ACCRUAL_LN000087_02_DR,ACCRUAL_LN000087_02,LN000087,interest_accrual,2026-05-06,2026-05-06,1132,Interest Receivable,126.5,0.0,126.5
AE_ACCRUAL_LN000087_02_CR,ACCRUAL_LN000087_02,LN000087,interest_accrual,2026-05-06,2026-05-06,6011,Interest Income,0.0,126.5,-126.5
AE_ACCRUAL_LN000087_03_DR,ACCRUAL_LN000087_03,LN000087,interest_accrual,2026-06-06,2026-06-06,1132,Interest Receivable,126.5,0.0,126.5
AE_ACCRUAL_LN000087_03_CR,ACCRUAL_LN000087_03,LN000087,interest_accrual,2026-06-06,2026-06-06,6011,Interest Income,0.0,126.5,-126.5
AE_ACCRUAL_LN000087_04_DR,ACCRUAL_LN000087_04,LN000087,interest_accrual,2026-07-06,2026-07-06,1132,Interest Receivable,126.5,0.0,126.5
AE_ACCRUAL_LN000087_04_CR,ACCRUAL_LN000087_04,LN000087,interest_accrual,2026-07-06,2026-07-06,6011,Interest Income,0.0,126.5,-126.5
AE_ACCRUAL_LN000087_05_DR,ACCRUAL_LN000087_05,LN000087,interest_accrual,2026-08-06,2026-08-06,1132,Interest Receivable,126.5,0.0,126.5
AE_ACCRUAL_LN000087_05_CR,ACCRUAL_LN000087_05,LN000087,interest_accrual,2026-08-06,2026-08-06,6011,Interest Income,0.0,126.5,-126.5
AE_ACCRUAL_LN000087_06_DR,ACCRUAL_LN000087_06,LN000087,interest_accrual,2026-09-06,2026-09-06,1132,Interest Receivable,126.5,0.0,126.5
AE_ACCRUAL_LN000087_06_CR,ACCRUAL_LN000087_06,LN000087,interest_accrual,2026-09-06,2026-09-06,6011,Interest Income,0.0,126.5,-126.5
AE_ACCRUAL_LN000087_07_DR,ACCRUAL_LN000087_07,LN000087,interest_accrual,2026-10-06,2026-10-06,1132,Interest Receivable,126.5,0.0,126.5
AE_ACCRUAL_LN000087_07_CR,ACCRUAL_LN000087_07,LN000087,interest_accrual,2026-10-06,2026-10-06,6011,Interest Income,0.0,126.5,-126.5
AE_ACCRUAL_LN000087_08_DR,ACCRUAL_LN000087_08,LN000087,interest_accrual,2026-11-06,2026-11-06,1132,Interest Receivable,126.5,0.0,126.5
AE_ACCRUAL_LN000087_08_CR,ACCRUAL_LN000087_08,LN000087,interest_accrual,2026-11-06,2026-11-06,6011,Interest Income,0.0,126.5,-126.5
AE_ACCRUAL_LN000087_09_DR,ACCRUAL_LN000087_09,LN000087,interest_accrual,2026-12-06,2026-12-06,1132,Interest Receivable,126.5,0.0,126.5
AE_ACCRUAL_LN000087_09_CR,ACCRUAL_LN000087_09,LN000087,interest_accrual,2026-12-06,2026-12-06,6011,Interest Income,0.0,126.5,-126.5
AE_ACCRUAL_LN000087_10_DR,ACCRUAL_LN000087_10,LN000087,interest_accrual,2027-01-06,2027-01-06,1132,Interest Receivable,126.5,0.0,126.5
AE_ACCRUAL_LN000087_10_CR,ACCRUAL_LN000087_10,LN000087,interest_accrual,2027-01-06,2027-01-06,6011,Interest Income,0.0,126.5,-126.5
AE_ACCRUAL_LN000087_11_DR,ACCRUAL_LN000087_11,LN000087,interest_accrual,2027-02-06,2027-02-06,1132,Interest Receivable,126.5,0.0,126.5
AE_ACCRUAL_LN000087_11_CR,ACCRUAL_LN000087_11,LN000087,interest_accrual,2027-02-06,2027-02-06,6011,Interest Income,0.0,126.5,-126.5
AE_ACCRUAL_LN000087_12_DR,ACCRUAL_LN000087_12,LN000087,interest_accrual,2027-03-06,2027-03-06,1132,Interest Receivable,126.5,0.0,126.5
AE_ACCRUAL_LN000087_12_CR,ACCRUAL_LN000087_12,LN000087,interest_accrual,2027-03-06,2027-03-06,6011,Interest Income,0.0,126.5,-126.5
AE_ACCRUAL_LN000087_13_DR,ACCRUAL_LN000087_13,LN000087,interest_accrual,2027-04-06,2027-04-06,1132,Interest Receivable,126.5,0.0,126.5
AE_ACCRUAL_LN000087_13_CR,ACCRUAL_LN000087_13,LN000087,interest_accrual,2027-04-06,2027-04-06,6011,Interest Income,0.0,126.5,-126.5
AE_ACCRUAL_LN000087_14_DR,ACCRUAL_LN000087_14,LN000087,interest_accrual,2027-05-06,2027-05-06,1132,Interest Receivable,126.5,0.0,126.5
AE_ACCRUAL_LN000087_14_CR,ACCRUAL_LN000087_14,LN000087,interest_accrual,2027-05-06,2027-05-06,6011,Interest Income,0.0,126.5,-126.5
AE_ACCRUAL_LN000087_15_DR,ACCRUAL_LN000087_15,LN000087,interest_accrual,2027-06-06,2027-06-06,1132,Interest Receivable,126.5,0.0,126.5
AE_ACCRUAL_LN000087_15_CR,ACCRUAL_LN000087_15,LN000087,interest_accrual,2027-06-06,2027-06-06,6011,Interest Income,0.0,126.5,-126.5
AE_ACCRUAL_LN000087_16_DR,ACCRUAL_LN000087_16,LN000087,interest_accrual,2027-07-06,2027-07-06,1132,Interest Receivable,126.5,0.0,126.5
AE_ACCRUAL_LN000087_16_CR,ACCRUAL_LN000087_16,LN000087,interest_accrual,2027-07-06,2027-07-06,6011,Interest Income,0.0,126.5,-126.5
AE_ACCRUAL_LN000087_17_DR,ACCRUAL_LN000087_17,LN000087,interest_accrual,2027-08-06,2027-08-06,1132,Interest Receivable,126.5,0.0,126.5
AE_ACCRUAL_LN000087_17_CR,ACCRUAL_LN000087_17,LN000087,interest_accrual,2027-08-06,2027-08-06,6011,Interest Income,0.0,126.5,-126.5
AE_ACCRUAL_LN000087_18_DR,ACCRUAL_LN000087_18,LN000087,interest_accrual,2027-09-06,2027-09-06,1132,Interest Receivable,126.5,0.0,126.5
AE_ACCRUAL_LN000087_18_CR,ACCRUAL_LN000087_18,LN000087,interest_accrual,2027-09-06,2027-09-06,6011,Interest Income,0.0,126.5,-126.5
AE_ACCRUAL_LN000088_01_DR,ACCRUAL_LN000088_01,LN000088,interest_accrual,2026-02-23,2026-02-23,1132,Interest Receivable,291.83,0.0,291.83
AE_ACCRUAL_LN000088_01_CR,ACCRUAL_LN000088_01,LN000088,interest_accrual,2026-02-23,2026-02-23,6011,Interest Income,0.0,291.83,-291.83
AE_ACCRUAL_LN000088_02_DR,ACCRUAL_LN000088_02,LN000088,interest_accrual,2026-03-23,2026-03-23,1132,Interest Receivable,291.83,0.0,291.83
AE_ACCRUAL_LN000088_02_CR,ACCRUAL_LN000088_02,LN000088,interest_accrual,2026-03-23,2026-03-23,6011,Interest Income,0.0,291.83,-291.83
AE_ACCRUAL_LN000088_03_DR,ACCRUAL_LN000088_03,LN000088,interest_accrual,2026-04-23,2026-04-23,1132,Interest Receivable,291.83,0.0,291.83
AE_ACCRUAL_LN000088_03_CR,ACCRUAL_LN000088_03,LN000088,interest_accrual,2026-04-23,2026-04-23,6011,Interest Income,0.0,291.83,-291.83
AE_ACCRUAL_LN000088_04_DR,ACCRUAL_LN000088_04,LN000088,interest_accrual,2026-05-23,2026-05-23,1132,Interest Receivable,291.83,0.0,291.83
AE_ACCRUAL_LN000088_04_CR,ACCRUAL_LN000088_04,LN000088,interest_accrual,2026-05-23,2026-05-23,6011,Interest Income,0.0,291.83,-291.83
AE_ACCRUAL_LN000088_05_DR,ACCRUAL_LN000088_05,LN000088,interest_accrual,2026-06-23,2026-06-23,1132,Interest Receivable,291.83,0.0,291.83
AE_ACCRUAL_LN000088_05_CR,ACCRUAL_LN000088_05,LN000088,interest_accrual,2026-06-23,2026-06-23,6011,Interest Income,0.0,291.83,-291.83
AE_ACCRUAL_LN000088_06_DR,ACCRUAL_LN000088_06,LN000088,interest_accrual,2026-07-23,2026-07-23,1132,Interest Receivable,291.83,0.0,291.83
AE_ACCRUAL_LN000088_06_CR,ACCRUAL_LN000088_06,LN000088,interest_accrual,2026-07-23,2026-07-23,6011,Interest Income,0.0,291.83,-291.83
AE_ACCRUAL_LN000088_07_DR,ACCRUAL_LN000088_07,LN000088,interest_accrual,2026-08-23,2026-08-23,1132,Interest Receivable,291.83,0.0,291.83
AE_ACCRUAL_LN000088_07_CR,ACCRUAL_LN000088_07,LN000088,interest_accrual,2026-08-23,2026-08-23,6011,Interest Income,0.0,291.83,-291.83
AE_ACCRUAL_LN000088_08_DR,ACCRUAL_LN000088_08,LN000088,interest_accrual,2026-09-23,2026-09-23,1132,Interest Receivable,291.83,0.0,291.83
AE_ACCRUAL_LN000088_08_CR,ACCRUAL_LN000088_08,LN000088,interest_accrual,2026-09-23,2026-09-23,6011,Interest Income,0.0,291.83,-291.83
AE_ACCRUAL_LN000088_09_DR,ACCRUAL_LN000088_09,LN000088,interest_accrual,2026-10-23,2026-10-23,1132,Interest Receivable,291.83,0.0,291.83
AE_ACCRUAL_LN000088_09_CR,ACCRUAL_LN000088_09,LN000088,interest_accrual,2026-10-23,2026-10-23,6011,Interest Income,0.0,291.83,-291.83
AE_ACCRUAL_LN000088_10_DR,ACCRUAL_LN000088_10,LN000088,interest_accrual,2026-11-23,2026-11-23,1132,Interest Receivable,291.83,0.0,291.83
AE_ACCRUAL_LN000088_10_CR,ACCRUAL_LN000088_10,LN000088,interest_accrual,2026-11-23,2026-11-23,6011,Interest Income,0.0,291.83,-291.83
AE_ACCRUAL_LN000088_11_DR,ACCRUAL_LN000088_11,LN000088,interest_accrual,2026-12-23,2026-12-23,1132,Interest Receivable,291.83,0.0,291.83
AE_ACCRUAL_LN000088_11_CR,ACCRUAL_LN000088_11,LN000088,interest_accrual,2026-12-23,2026-12-23,6011,Interest Income,0.0,291.83,-291.83
AE_ACCRUAL_LN000088_12_DR,ACCRUAL_LN000088_12,LN000088,interest_accrual,2027-01-23,2027-01-23,1132,Interest Receivable,291.83,0.0,291.83
AE_ACCRUAL_LN000088_12_CR,ACCRUAL_LN000088_12,LN000088,interest_accrual,2027-01-23,2027-01-23,6011,Interest Income,0.0,291.83,-291.83
AE_ACCRUAL_LN000088_13_DR,ACCRUAL_LN000088_13,LN000088,interest_accrual,2027-02-23,2027-02-23,1132,Interest Receivable,291.83,0.0,291.83
AE_ACCRUAL_LN000088_13_CR,ACCRUAL_LN000088_13,LN000088,interest_accrual,2027-02-23,2027-02-23,6011,Interest Income,0.0,291.83,-291.83
AE_ACCRUAL_LN000088_14_DR,ACCRUAL_LN000088_14,LN000088,interest_accrual,2027-03-23,2027-03-23,1132,Interest Receivable,291.83,0.0,291.83
AE_ACCRUAL_LN000088_14_CR,ACCRUAL_LN000088_14,LN000088,interest_accrual,2027-03-23,2027-03-23,6011,Interest Income,0.0,291.83,-291.83
AE_ACCRUAL_LN000088_15_DR,ACCRUAL_LN000088_15,LN000088,interest_accrual,2027-04-23,2027-04-23,1132,Interest Receivable,291.83,0.0,291.83
AE_ACCRUAL_LN000088_15_CR,ACCRUAL_LN000088_15,LN000088,interest_accrual,2027-04-23,2027-04-23,6011,Interest Income,0.0,291.83,-291.83
AE_ACCRUAL_LN000088_16_DR,ACCRUAL_LN000088_16,LN000088,interest_accrual,2027-05-23,2027-05-23,1132,Interest Receivable,291.83,0.0,291.83
AE_ACCRUAL_LN000088_16_CR,ACCRUAL_LN000088_16,LN000088,interest_accrual,2027-05-23,2027-05-23,6011,Interest Income,0.0,291.83,-291.83
AE_ACCRUAL_LN000088_17_DR,ACCRUAL_LN000088_17,LN000088,interest_accrual,2027-06-23,2027-06-23,1132,Interest Receivable,291.83,0.0,291.83
AE_ACCRUAL_LN000088_17_CR,ACCRUAL_LN000088_17,LN000088,interest_accrual,2027-06-23,2027-06-23,6011,Interest Income,0.0,291.83,-291.83
AE_ACCRUAL_LN000088_18_DR,ACCRUAL_LN000088_18,LN000088,interest_accrual,2027-07-23,2027-07-23,1132,Interest Receivable,291.83,0.0,291.83
AE_ACCRUAL_LN000088_18_CR,ACCRUAL_LN000088_18,LN000088,interest_accrual,2027-07-23,2027-07-23,6011,Interest Income,0.0,291.83,-291.83
AE_ACCRUAL_LN000089_01_DR,ACCRUAL_LN000089_01,LN000089,interest_accrual,2026-03-19,2026-03-19,1132,Interest Receivable,399.75,0.0,399.75
AE_ACCRUAL_LN000089_01_CR,ACCRUAL_LN000089_01,LN000089,interest_accrual,2026-03-19,2026-03-19,6011,Interest Income,0.0,399.75,-399.75
AE_ACCRUAL_LN000089_02_DR,ACCRUAL_LN000089_02,LN000089,interest_accrual,2026-04-19,2026-04-19,1132,Interest Receivable,399.75,0.0,399.75
AE_ACCRUAL_LN000089_02_CR,ACCRUAL_LN000089_02,LN000089,interest_accrual,2026-04-19,2026-04-19,6011,Interest Income,0.0,399.75,-399.75
AE_ACCRUAL_LN000089_03_DR,ACCRUAL_LN000089_03,LN000089,interest_accrual,2026-05-19,2026-05-19,1132,Interest Receivable,399.75,0.0,399.75
AE_ACCRUAL_LN000089_03_CR,ACCRUAL_LN000089_03,LN000089,interest_accrual,2026-05-19,2026-05-19,6011,Interest Income,0.0,399.75,-399.75
AE_ACCRUAL_LN000089_04_DR,ACCRUAL_LN000089_04,LN000089,interest_accrual,2026-06-19,2026-06-19,1132,Interest Receivable,399.75,0.0,399.75
AE_ACCRUAL_LN000089_04_CR,ACCRUAL_LN000089_04,LN000089,interest_accrual,2026-06-19,2026-06-19,6011,Interest Income,0.0,399.75,-399.75
AE_ACCRUAL_LN000089_05_DR,ACCRUAL_LN000089_05,LN000089,interest_accrual,2026-07-19,2026-07-19,1132,Interest Receivable,399.75,0.0,399.75
AE_ACCRUAL_LN000089_05_CR,ACCRUAL_LN000089_05,LN000089,interest_accrual,2026-07-19,2026-07-19,6011,Interest Income,0.0,399.75,-399.75
AE_ACCRUAL_LN000089_06_DR,ACCRUAL_LN000089_06,LN000089,interest_accrual,2026-08-19,2026-08-19,1132,Interest Receivable,399.75,0.0,399.75
AE_ACCRUAL_LN000089_06_CR,ACCRUAL_LN000089_06,LN000089,interest_accrual,2026-08-19,2026-08-19,6011,Interest Income,0.0,399.75,-399.75
AE_ACCRUAL_LN000089_07_DR,ACCRUAL_LN000089_07,LN000089,interest_accrual,2026-09-19,2026-09-19,1132,Interest Receivable,399.75,0.0,399.75
AE_ACCRUAL_LN000089_07_CR,ACCRUAL_LN000089_07,LN000089,interest_accrual,2026-09-19,2026-09-19,6011,Interest Income,0.0,399.75,-399.75
AE_ACCRUAL_LN000089_08_DR,ACCRUAL_LN000089_08,LN000089,interest_accrual,2026-10-19,2026-10-19,1132,Interest Receivable,399.75,0.0,399.75
AE_ACCRUAL_LN000089_08_CR,ACCRUAL_LN000089_08,LN000089,interest_accrual,2026-10-19,2026-10-19,6011,Interest Income,0.0,399.75,-399.75
AE_ACCRUAL_LN000089_09_DR,ACCRUAL_LN000089_09,LN000089,interest_accrual,2026-11-19,2026-11-19,1132,Interest Receivable,399.75,0.0,399.75
AE_ACCRUAL_LN000089_09_CR,ACCRUAL_LN000089_09,LN000089,interest_accrual,2026-11-19,2026-11-19,6011,Interest Income,0.0,399.75,-399.75
AE_ACCRUAL_LN000089_10_DR,ACCRUAL_LN000089_10,LN000089,interest_accrual,2026-12-19,2026-12-19,1132,Interest Receivable,399.75,0.0,399.75
AE_ACCRUAL_LN000089_10_CR,ACCRUAL_LN000089_10,LN000089,interest_accrual,2026-12-19,2026-12-19,6011,Interest Income,0.0,399.75,-399.75
AE_ACCRUAL_LN000089_11_DR,ACCRUAL_LN000089_11,LN000089,interest_accrual,2027-01-19,2027-01-19,1132,Interest Receivable,399.75,0.0,399.75
AE_ACCRUAL_LN000089_11_CR,ACCRUAL_LN000089_11,LN000089,interest_accrual,2027-01-19,2027-01-19,6011,Interest Income,0.0,399.75,-399.75
AE_ACCRUAL_LN000089_12_DR,ACCRUAL_LN000089_12,LN000089,interest_accrual,2027-02-19,2027-02-19,1132,Interest Receivable,399.75,0.0,399.75
AE_ACCRUAL_LN000089_12_CR,ACCRUAL_LN000089_12,LN000089,interest_accrual,2027-02-19,2027-02-19,6011,Interest Income,0.0,399.75,-399.75
AE_ACCRUAL_LN000089_13_DR,ACCRUAL_LN000089_13,LN000089,interest_accrual,2027-03-19,2027-03-19,1132,Interest Receivable,399.75,0.0,399.75
AE_ACCRUAL_LN000089_13_CR,ACCRUAL_LN000089_13,LN000089,interest_accrual,2027-03-19,2027-03-19,6011,Interest Income,0.0,399.75,-399.75
AE_ACCRUAL_LN000089_14_DR,ACCRUAL_LN000089_14,LN000089,interest_accrual,2027-04-19,2027-04-19,1132,Interest Receivable,399.75,0.0,399.75
AE_ACCRUAL_LN000089_14_CR,ACCRUAL_LN000089_14,LN000089,interest_accrual,2027-04-19,2027-04-19,6011,Interest Income,0.0,399.75,-399.75
AE_ACCRUAL_LN000089_15_DR,ACCRUAL_LN000089_15,LN000089,interest_accrual,2027-05-19,2027-05-19,1132,Interest Receivable,399.75,0.0,399.75
AE_ACCRUAL_LN000089_15_CR,ACCRUAL_LN000089_15,LN000089,interest_accrual,2027-05-19,2027-05-19,6011,Interest Income,0.0,399.75,-399.75
AE_ACCRUAL_LN000089_16_DR,ACCRUAL_LN000089_16,LN000089,interest_accrual,2027-06-19,2027-06-19,1132,Interest Receivable,399.75,0.0,399.75
AE_ACCRUAL_LN000089_16_CR,ACCRUAL_LN000089_16,LN000089,interest_accrual,2027-06-19,2027-06-19,6011,Interest Income,0.0,399.75,-399.75
AE_ACCRUAL_LN000089_17_DR,ACCRUAL_LN000089_17,LN000089,interest_accrual,2027-07-19,2027-07-19,1132,Interest Receivable,399.75,0.0,399.75
AE_ACCRUAL_LN000089_17_CR,ACCRUAL_LN000089_17,LN000089,interest_accrual,2027-07-19,2027-07-19,6011,Interest Income,0.0,399.75,-399.75
AE_ACCRUAL_LN000089_18_DR,ACCRUAL_LN000089_18,LN000089,interest_accrual,2027-08-19,2027-08-19,1132,Interest Receivable,399.75,0.0,399.75
AE_ACCRUAL_LN000089_18_CR,ACCRUAL_LN000089_18,LN000089,interest_accrual,2027-08-19,2027-08-19,6011,Interest Income,0.0,399.75,-399.75
AE_ACCRUAL_LN000090_01_DR,ACCRUAL_LN000090_01,LN000090,interest_accrual,2026-03-07,2026-03-07,1132,Interest Receivable,142.0,0.0,142.0
AE_ACCRUAL_LN000090_01_CR,ACCRUAL_LN000090_01,LN000090,interest_accrual,2026-03-07,2026-03-07,6011,Interest Income,0.0,142.0,-142.0
AE_ACCRUAL_LN000090_02_DR,ACCRUAL_LN000090_02,LN000090,interest_accrual,2026-04-07,2026-04-07,1132,Interest Receivable,142.0,0.0,142.0
AE_ACCRUAL_LN000090_02_CR,ACCRUAL_LN000090_02,LN000090,interest_accrual,2026-04-07,2026-04-07,6011,Interest Income,0.0,142.0,-142.0
AE_ACCRUAL_LN000090_03_DR,ACCRUAL_LN000090_03,LN000090,interest_accrual,2026-05-07,2026-05-07,1132,Interest Receivable,142.0,0.0,142.0
AE_ACCRUAL_LN000090_03_CR,ACCRUAL_LN000090_03,LN000090,interest_accrual,2026-05-07,2026-05-07,6011,Interest Income,0.0,142.0,-142.0
AE_ACCRUAL_LN000090_04_DR,ACCRUAL_LN000090_04,LN000090,interest_accrual,2026-06-07,2026-06-07,1132,Interest Receivable,142.0,0.0,142.0
AE_ACCRUAL_LN000090_04_CR,ACCRUAL_LN000090_04,LN000090,interest_accrual,2026-06-07,2026-06-07,6011,Interest Income,0.0,142.0,-142.0
AE_ACCRUAL_LN000090_05_DR,ACCRUAL_LN000090_05,LN000090,interest_accrual,2026-07-07,2026-07-07,1132,Interest Receivable,142.0,0.0,142.0
AE_ACCRUAL_LN000090_05_CR,ACCRUAL_LN000090_05,LN000090,interest_accrual,2026-07-07,2026-07-07,6011,Interest Income,0.0,142.0,-142.0
AE_ACCRUAL_LN000090_06_DR,ACCRUAL_LN000090_06,LN000090,interest_accrual,2026-08-07,2026-08-07,1132,Interest Receivable,142.0,0.0,142.0
AE_ACCRUAL_LN000090_06_CR,ACCRUAL_LN000090_06,LN000090,interest_accrual,2026-08-07,2026-08-07,6011,Interest Income,0.0,142.0,-142.0
AE_ACCRUAL_LN000090_07_DR,ACCRUAL_LN000090_07,LN000090,interest_accrual,2026-09-07,2026-09-07,1132,Interest Receivable,142.0,0.0,142.0
AE_ACCRUAL_LN000090_07_CR,ACCRUAL_LN000090_07,LN000090,interest_accrual,2026-09-07,2026-09-07,6011,Interest Income,0.0,142.0,-142.0
AE_ACCRUAL_LN000090_08_DR,ACCRUAL_LN000090_08,LN000090,interest_accrual,2026-10-07,2026-10-07,1132,Interest Receivable,142.0,0.0,142.0
AE_ACCRUAL_LN000090_08_CR,ACCRUAL_LN000090_08,LN000090,interest_accrual,2026-10-07,2026-10-07,6011,Interest Income,0.0,142.0,-142.0
AE_ACCRUAL_LN000090_09_DR,ACCRUAL_LN000090_09,LN000090,interest_accrual,2026-11-07,2026-11-07,1132,Interest Receivable,142.0,0.0,142.0
AE_ACCRUAL_LN000090_09_CR,ACCRUAL_LN000090_09,LN000090,interest_accrual,2026-11-07,2026-11-07,6011,Interest Income,0.0,142.0,-142.0
AE_ACCRUAL_LN000090_10_DR,ACCRUAL_LN000090_10,LN000090,interest_accrual,2026-12-07,2026-12-07,1132,Interest Receivable,142.0,0.0,142.0
AE_ACCRUAL_LN000090_10_CR,ACCRUAL_LN000090_10,LN000090,interest_accrual,2026-12-07,2026-12-07,6011,Interest Income,0.0,142.0,-142.0
AE_ACCRUAL_LN000090_11_DR,ACCRUAL_LN000090_11,LN000090,interest_accrual,2027-01-07,2027-01-07,1132,Interest Receivable,142.0,0.0,142.0
AE_ACCRUAL_LN000090_11_CR,ACCRUAL_LN000090_11,LN000090,interest_accrual,2027-01-07,2027-01-07,6011,Interest Income,0.0,142.0,-142.0
AE_ACCRUAL_LN000090_12_DR,ACCRUAL_LN000090_12,LN000090,interest_accrual,2027-02-07,2027-02-07,1132,Interest Receivable,142.0,0.0,142.0
AE_ACCRUAL_LN000090_12_CR,ACCRUAL_LN000090_12,LN000090,interest_accrual,2027-02-07,2027-02-07,6011,Interest Income,0.0,142.0,-142.0
AE_ACCRUAL_LN000091_01_DR,ACCRUAL_LN000091_01,LN000091,interest_accrual,2026-02-28,2026-02-28,1132,Interest Receivable,61.92,0.0,61.92
AE_ACCRUAL_LN000091_01_CR,ACCRUAL_LN000091_01,LN000091,interest_accrual,2026-02-28,2026-02-28,6011,Interest Income,0.0,61.92,-61.92
AE_ACCRUAL_LN000091_02_DR,ACCRUAL_LN000091_02,LN000091,interest_accrual,2026-03-28,2026-03-28,1132,Interest Receivable,61.92,0.0,61.92
AE_ACCRUAL_LN000091_02_CR,ACCRUAL_LN000091_02,LN000091,interest_accrual,2026-03-28,2026-03-28,6011,Interest Income,0.0,61.92,-61.92
AE_ACCRUAL_LN000091_03_DR,ACCRUAL_LN000091_03,LN000091,interest_accrual,2026-04-28,2026-04-28,1132,Interest Receivable,61.92,0.0,61.92
AE_ACCRUAL_LN000091_03_CR,ACCRUAL_LN000091_03,LN000091,interest_accrual,2026-04-28,2026-04-28,6011,Interest Income,0.0,61.92,-61.92
AE_ACCRUAL_LN000091_04_DR,ACCRUAL_LN000091_04,LN000091,interest_accrual,2026-05-28,2026-05-28,1132,Interest Receivable,61.92,0.0,61.92
AE_ACCRUAL_LN000091_04_CR,ACCRUAL_LN000091_04,LN000091,interest_accrual,2026-05-28,2026-05-28,6011,Interest Income,0.0,61.92,-61.92
AE_ACCRUAL_LN000091_05_DR,ACCRUAL_LN000091_05,LN000091,interest_accrual,2026-06-28,2026-06-28,1132,Interest Receivable,61.92,0.0,61.92
AE_ACCRUAL_LN000091_05_CR,ACCRUAL_LN000091_05,LN000091,interest_accrual,2026-06-28,2026-06-28,6011,Interest Income,0.0,61.92,-61.92
AE_ACCRUAL_LN000091_06_DR,ACCRUAL_LN000091_06,LN000091,interest_accrual,2026-07-28,2026-07-28,1132,Interest Receivable,61.92,0.0,61.92
AE_ACCRUAL_LN000091_06_CR,ACCRUAL_LN000091_06,LN000091,interest_accrual,2026-07-28,2026-07-28,6011,Interest Income,0.0,61.92,-61.92
AE_ACCRUAL_LN000091_07_DR,ACCRUAL_LN000091_07,LN000091,interest_accrual,2026-08-28,2026-08-28,1132,Interest Receivable,61.92,0.0,61.92
AE_ACCRUAL_LN000091_07_CR,ACCRUAL_LN000091_07,LN000091,interest_accrual,2026-08-28,2026-08-28,6011,Interest Income,0.0,61.92,-61.92
AE_ACCRUAL_LN000091_08_DR,ACCRUAL_LN000091_08,LN000091,interest_accrual,2026-09-28,2026-09-28,1132,Interest Receivable,61.92,0.0,61.92
AE_ACCRUAL_LN000091_08_CR,ACCRUAL_LN000091_08,LN000091,interest_accrual,2026-09-28,2026-09-28,6011,Interest Income,0.0,61.92,-61.92
AE_ACCRUAL_LN000091_09_DR,ACCRUAL_LN000091_09,LN000091,interest_accrual,2026-10-28,2026-10-28,1132,Interest Receivable,61.92,0.0,61.92
AE_ACCRUAL_LN000091_09_CR,ACCRUAL_LN000091_09,LN000091,interest_accrual,2026-10-28,2026-10-28,6011,Interest Income,0.0,61.92,-61.92
AE_ACCRUAL_LN000091_10_DR,ACCRUAL_LN000091_10,LN000091,interest_accrual,2026-11-28,2026-11-28,1132,Interest Receivable,61.92,0.0,61.92
AE_ACCRUAL_LN000091_10_CR,ACCRUAL_LN000091_10,LN000091,interest_accrual,2026-11-28,2026-11-28,6011,Interest Income,0.0,61.92,-61.92
AE_ACCRUAL_LN000091_11_DR,ACCRUAL_LN000091_11,LN000091,interest_accrual,2026-12-28,2026-12-28,1132,Interest Receivable,61.92,0.0,61.92
AE_ACCRUAL_LN000091_11_CR,ACCRUAL_LN000091_11,LN000091,interest_accrual,2026-12-28,2026-12-28,6011,Interest Income,0.0,61.92,-61.92
AE_ACCRUAL_LN000091_12_DR,ACCRUAL_LN000091_12,LN000091,interest_accrual,2027-01-28,2027-01-28,1132,Interest Receivable,61.92,0.0,61.92
AE_ACCRUAL_LN000091_12_CR,ACCRUAL_LN000091_12,LN000091,interest_accrual,2027-01-28,2027-01-28,6011,Interest Income,0.0,61.92,-61.92
AE_ACCRUAL_LN000091_13_DR,ACCRUAL_LN000091_13,LN000091,interest_accrual,2027-02-28,2027-02-28,1132,Interest Receivable,61.92,0.0,61.92
AE_ACCRUAL_LN000091_13_CR,ACCRUAL_LN000091_13,LN000091,interest_accrual,2027-02-28,2027-02-28,6011,Interest Income,0.0,61.92,-61.92
AE_ACCRUAL_LN000091_14_DR,ACCRUAL_LN000091_14,LN000091,interest_accrual,2027-03-28,2027-03-28,1132,Interest Receivable,61.92,0.0,61.92
AE_ACCRUAL_LN000091_14_CR,ACCRUAL_LN000091_14,LN000091,interest_accrual,2027-03-28,2027-03-28,6011,Interest Income,0.0,61.92,-61.92
AE_ACCRUAL_LN000091_15_DR,ACCRUAL_LN000091_15,LN000091,interest_accrual,2027-04-28,2027-04-28,1132,Interest Receivable,61.92,0.0,61.92
AE_ACCRUAL_LN000091_15_CR,ACCRUAL_LN000091_15,LN000091,interest_accrual,2027-04-28,2027-04-28,6011,Interest Income,0.0,61.92,-61.92
AE_ACCRUAL_LN000091_16_DR,ACCRUAL_LN000091_16,LN000091,interest_accrual,2027-05-28,2027-05-28,1132,Interest Receivable,61.92,0.0,61.92
AE_ACCRUAL_LN000091_16_CR,ACCRUAL_LN000091_16,LN000091,interest_accrual,2027-05-28,2027-05-28,6011,Interest Income,0.0,61.92,-61.92
AE_ACCRUAL_LN000091_17_DR,ACCRUAL_LN000091_17,LN000091,interest_accrual,2027-06-28,2027-06-28,1132,Interest Receivable,61.92,0.0,61.92
AE_ACCRUAL_LN000091_17_CR,ACCRUAL_LN000091_17,LN000091,interest_accrual,2027-06-28,2027-06-28,6011,Interest Income,0.0,61.92,-61.92
AE_ACCRUAL_LN000091_18_DR,ACCRUAL_LN000091_18,LN000091,interest_accrual,2027-07-28,2027-07-28,1132,Interest Receivable,61.92,0.0,61.92
AE_ACCRUAL_LN000091_18_CR,ACCRUAL_LN000091_18,LN000091,interest_accrual,2027-07-28,2027-07-28,6011,Interest Income,0.0,61.92,-61.92
AE_ACCRUAL_LN000091_19_DR,ACCRUAL_LN000091_19,LN000091,interest_accrual,2027-08-28,2027-08-28,1132,Interest Receivable,61.92,0.0,61.92
AE_ACCRUAL_LN000091_19_CR,ACCRUAL_LN000091_19,LN000091,interest_accrual,2027-08-28,2027-08-28,6011,Interest Income,0.0,61.92,-61.92
AE_ACCRUAL_LN000091_20_DR,ACCRUAL_LN000091_20,LN000091,interest_accrual,2027-09-28,2027-09-28,1132,Interest Receivable,61.92,0.0,61.92
AE_ACCRUAL_LN000091_20_CR,ACCRUAL_LN000091_20,LN000091,interest_accrual,2027-09-28,2027-09-28,6011,Interest Income,0.0,61.92,-61.92
AE_ACCRUAL_LN000091_21_DR,ACCRUAL_LN000091_21,LN000091,interest_accrual,2027-10-28,2027-10-28,1132,Interest Receivable,61.92,0.0,61.92
AE_ACCRUAL_LN000091_21_CR,ACCRUAL_LN000091_21,LN000091,interest_accrual,2027-10-28,2027-10-28,6011,Interest Income,0.0,61.92,-61.92
AE_ACCRUAL_LN000091_22_DR,ACCRUAL_LN000091_22,LN000091,interest_accrual,2027-11-28,2027-11-28,1132,Interest Receivable,61.92,0.0,61.92
AE_ACCRUAL_LN000091_22_CR,ACCRUAL_LN000091_22,LN000091,interest_accrual,2027-11-28,2027-11-28,6011,Interest Income,0.0,61.92,-61.92
AE_ACCRUAL_LN000091_23_DR,ACCRUAL_LN000091_23,LN000091,interest_accrual,2027-12-28,2027-12-28,1132,Interest Receivable,61.92,0.0,61.92
AE_ACCRUAL_LN000091_23_CR,ACCRUAL_LN000091_23,LN000091,interest_accrual,2027-12-28,2027-12-28,6011,Interest Income,0.0,61.92,-61.92
AE_ACCRUAL_LN000091_24_DR,ACCRUAL_LN000091_24,LN000091,interest_accrual,2028-01-28,2028-01-28,1132,Interest Receivable,61.92,0.0,61.92
AE_ACCRUAL_LN000091_24_CR,ACCRUAL_LN000091_24,LN000091,interest_accrual,2028-01-28,2028-01-28,6011,Interest Income,0.0,61.92,-61.92
AE_ACCRUAL_LN000092_01_DR,ACCRUAL_LN000092_01,LN000092,interest_accrual,2026-02-06,2026-02-06,1132,Interest Receivable,162.67,0.0,162.67
AE_ACCRUAL_LN000092_01_CR,ACCRUAL_LN000092_01,LN000092,interest_accrual,2026-02-06,2026-02-06,6011,Interest Income,0.0,162.67,-162.67
AE_ACCRUAL_LN000092_02_DR,ACCRUAL_LN000092_02,LN000092,interest_accrual,2026-03-06,2026-03-06,1132,Interest Receivable,162.67,0.0,162.67
AE_ACCRUAL_LN000092_02_CR,ACCRUAL_LN000092_02,LN000092,interest_accrual,2026-03-06,2026-03-06,6011,Interest Income,0.0,162.67,-162.67
AE_ACCRUAL_LN000092_03_DR,ACCRUAL_LN000092_03,LN000092,interest_accrual,2026-04-06,2026-04-06,1132,Interest Receivable,162.67,0.0,162.67
AE_ACCRUAL_LN000092_03_CR,ACCRUAL_LN000092_03,LN000092,interest_accrual,2026-04-06,2026-04-06,6011,Interest Income,0.0,162.67,-162.67
AE_ACCRUAL_LN000092_04_DR,ACCRUAL_LN000092_04,LN000092,interest_accrual,2026-05-06,2026-05-06,1132,Interest Receivable,162.67,0.0,162.67
AE_ACCRUAL_LN000092_04_CR,ACCRUAL_LN000092_04,LN000092,interest_accrual,2026-05-06,2026-05-06,6011,Interest Income,0.0,162.67,-162.67
AE_ACCRUAL_LN000092_05_DR,ACCRUAL_LN000092_05,LN000092,interest_accrual,2026-06-06,2026-06-06,1132,Interest Receivable,162.67,0.0,162.67
AE_ACCRUAL_LN000092_05_CR,ACCRUAL_LN000092_05,LN000092,interest_accrual,2026-06-06,2026-06-06,6011,Interest Income,0.0,162.67,-162.67
AE_ACCRUAL_LN000092_06_DR,ACCRUAL_LN000092_06,LN000092,interest_accrual,2026-07-06,2026-07-06,1132,Interest Receivable,162.67,0.0,162.67
AE_ACCRUAL_LN000092_06_CR,ACCRUAL_LN000092_06,LN000092,interest_accrual,2026-07-06,2026-07-06,6011,Interest Income,0.0,162.67,-162.67
AE_ACCRUAL_LN000092_07_DR,ACCRUAL_LN000092_07,LN000092,interest_accrual,2026-08-06,2026-08-06,1132,Interest Receivable,162.67,0.0,162.67
AE_ACCRUAL_LN000092_07_CR,ACCRUAL_LN000092_07,LN000092,interest_accrual,2026-08-06,2026-08-06,6011,Interest Income,0.0,162.67,-162.67
AE_ACCRUAL_LN000092_08_DR,ACCRUAL_LN000092_08,LN000092,interest_accrual,2026-09-06,2026-09-06,1132,Interest Receivable,162.67,0.0,162.67
AE_ACCRUAL_LN000092_08_CR,ACCRUAL_LN000092_08,LN000092,interest_accrual,2026-09-06,2026-09-06,6011,Interest Income,0.0,162.67,-162.67
AE_ACCRUAL_LN000092_09_DR,ACCRUAL_LN000092_09,LN000092,interest_accrual,2026-10-06,2026-10-06,1132,Interest Receivable,162.67,0.0,162.67
AE_ACCRUAL_LN000092_09_CR,ACCRUAL_LN000092_09,LN000092,interest_accrual,2026-10-06,2026-10-06,6011,Interest Income,0.0,162.67,-162.67
AE_ACCRUAL_LN000092_10_DR,ACCRUAL_LN000092_10,LN000092,interest_accrual,2026-11-06,2026-11-06,1132,Interest Receivable,162.67,0.0,162.67
AE_ACCRUAL_LN000092_10_CR,ACCRUAL_LN000092_10,LN000092,interest_accrual,2026-11-06,2026-11-06,6011,Interest Income,0.0,162.67,-162.67
AE_ACCRUAL_LN000092_11_DR,ACCRUAL_LN000092_11,LN000092,interest_accrual,2026-12-06,2026-12-06,1132,Interest Receivable,162.67,0.0,162.67
AE_ACCRUAL_LN000092_11_CR,ACCRUAL_LN000092_11,LN000092,interest_accrual,2026-12-06,2026-12-06,6011,Interest Income,0.0,162.67,-162.67
AE_ACCRUAL_LN000092_12_DR,ACCRUAL_LN000092_12,LN000092,interest_accrual,2027-01-06,2027-01-06,1132,Interest Receivable,162.67,0.0,162.67
AE_ACCRUAL_LN000092_12_CR,ACCRUAL_LN000092_12,LN000092,interest_accrual,2027-01-06,2027-01-06,6011,Interest Income,0.0,162.67,-162.67
AE_ACCRUAL_LN000092_13_DR,ACCRUAL_LN000092_13,LN000092,interest_accrual,2027-02-06,2027-02-06,1132,Interest Receivable,162.67,0.0,162.67
AE_ACCRUAL_LN000092_13_CR,ACCRUAL_LN000092_13,LN000092,interest_accrual,2027-02-06,2027-02-06,6011,Interest Income,0.0,162.67,-162.67
AE_ACCRUAL_LN000092_14_DR,ACCRUAL_LN000092_14,LN000092,interest_accrual,2027-03-06,2027-03-06,1132,Interest Receivable,162.67,0.0,162.67
AE_ACCRUAL_LN000092_14_CR,ACCRUAL_LN000092_14,LN000092,interest_accrual,2027-03-06,2027-03-06,6011,Interest Income,0.0,162.67,-162.67
AE_ACCRUAL_LN000092_15_DR,ACCRUAL_LN000092_15,LN000092,interest_accrual,2027-04-06,2027-04-06,1132,Interest Receivable,162.67,0.0,162.67
AE_ACCRUAL_LN000092_15_CR,ACCRUAL_LN000092_15,LN000092,interest_accrual,2027-04-06,2027-04-06,6011,Interest Income,0.0,162.67,-162.67
AE_ACCRUAL_LN000092_16_DR,ACCRUAL_LN000092_16,LN000092,interest_accrual,2027-05-06,2027-05-06,1132,Interest Receivable,162.67,0.0,162.67
AE_ACCRUAL_LN000092_16_CR,ACCRUAL_LN000092_16,LN000092,interest_accrual,2027-05-06,2027-05-06,6011,Interest Income,0.0,162.67,-162.67
AE_ACCRUAL_LN000092_17_DR,ACCRUAL_LN000092_17,LN000092,interest_accrual,2027-06-06,2027-06-06,1132,Interest Receivable,162.67,0.0,162.67
AE_ACCRUAL_LN000092_17_CR,ACCRUAL_LN000092_17,LN000092,interest_accrual,2027-06-06,2027-06-06,6011,Interest Income,0.0,162.67,-162.67
AE_ACCRUAL_LN000092_18_DR,ACCRUAL_LN000092_18,LN000092,interest_accrual,2027-07-06,2027-07-06,1132,Interest Receivable,162.67,0.0,162.67
AE_ACCRUAL_LN000092_18_CR,ACCRUAL_LN000092_18,LN000092,interest_accrual,2027-07-06,2027-07-06,6011,Interest Income,0.0,162.67,-162.67
AE_ACCRUAL_LN000093_01_DR,ACCRUAL_LN000093_01,LN000093,interest_accrual,2026-03-24,2026-03-24,1132,Interest Receivable,70.83,0.0,70.83
AE_ACCRUAL_LN000093_01_CR,ACCRUAL_LN000093_01,LN000093,interest_accrual,2026-03-24,2026-03-24,6011,Interest Income,0.0,70.83,-70.83
AE_ACCRUAL_LN000093_02_DR,ACCRUAL_LN000093_02,LN000093,interest_accrual,2026-04-24,2026-04-24,1132,Interest Receivable,70.83,0.0,70.83
AE_ACCRUAL_LN000093_02_CR,ACCRUAL_LN000093_02,LN000093,interest_accrual,2026-04-24,2026-04-24,6011,Interest Income,0.0,70.83,-70.83
AE_ACCRUAL_LN000093_03_DR,ACCRUAL_LN000093_03,LN000093,interest_accrual,2026-05-24,2026-05-24,1132,Interest Receivable,70.83,0.0,70.83
AE_ACCRUAL_LN000093_03_CR,ACCRUAL_LN000093_03,LN000093,interest_accrual,2026-05-24,2026-05-24,6011,Interest Income,0.0,70.83,-70.83
AE_ACCRUAL_LN000093_04_DR,ACCRUAL_LN000093_04,LN000093,interest_accrual,2026-06-24,2026-06-24,1132,Interest Receivable,70.83,0.0,70.83
AE_ACCRUAL_LN000093_04_CR,ACCRUAL_LN000093_04,LN000093,interest_accrual,2026-06-24,2026-06-24,6011,Interest Income,0.0,70.83,-70.83
AE_ACCRUAL_LN000093_05_DR,ACCRUAL_LN000093_05,LN000093,interest_accrual,2026-07-24,2026-07-24,1132,Interest Receivable,70.83,0.0,70.83
AE_ACCRUAL_LN000093_05_CR,ACCRUAL_LN000093_05,LN000093,interest_accrual,2026-07-24,2026-07-24,6011,Interest Income,0.0,70.83,-70.83
AE_ACCRUAL_LN000093_06_DR,ACCRUAL_LN000093_06,LN000093,interest_accrual,2026-08-24,2026-08-24,1132,Interest Receivable,70.83,0.0,70.83
AE_ACCRUAL_LN000093_06_CR,ACCRUAL_LN000093_06,LN000093,interest_accrual,2026-08-24,2026-08-24,6011,Interest Income,0.0,70.83,-70.83
AE_ACCRUAL_LN000093_07_DR,ACCRUAL_LN000093_07,LN000093,interest_accrual,2026-09-24,2026-09-24,1132,Interest Receivable,70.83,0.0,70.83
AE_ACCRUAL_LN000093_07_CR,ACCRUAL_LN000093_07,LN000093,interest_accrual,2026-09-24,2026-09-24,6011,Interest Income,0.0,70.83,-70.83
AE_ACCRUAL_LN000093_08_DR,ACCRUAL_LN000093_08,LN000093,interest_accrual,2026-10-24,2026-10-24,1132,Interest Receivable,70.83,0.0,70.83
AE_ACCRUAL_LN000093_08_CR,ACCRUAL_LN000093_08,LN000093,interest_accrual,2026-10-24,2026-10-24,6011,Interest Income,0.0,70.83,-70.83
AE_ACCRUAL_LN000093_09_DR,ACCRUAL_LN000093_09,LN000093,interest_accrual,2026-11-24,2026-11-24,1132,Interest Receivable,70.83,0.0,70.83
AE_ACCRUAL_LN000093_09_CR,ACCRUAL_LN000093_09,LN000093,interest_accrual,2026-11-24,2026-11-24,6011,Interest Income,0.0,70.83,-70.83
AE_ACCRUAL_LN000093_10_DR,ACCRUAL_LN000093_10,LN000093,interest_accrual,2026-12-24,2026-12-24,1132,Interest Receivable,70.83,0.0,70.83
AE_ACCRUAL_LN000093_10_CR,ACCRUAL_LN000093_10,LN000093,interest_accrual,2026-12-24,2026-12-24,6011,Interest Income,0.0,70.83,-70.83
AE_ACCRUAL_LN000093_11_DR,ACCRUAL_LN000093_11,LN000093,interest_accrual,2027-01-24,2027-01-24,1132,Interest Receivable,70.83,0.0,70.83
AE_ACCRUAL_LN000093_11_CR,ACCRUAL_LN000093_11,LN000093,interest_accrual,2027-01-24,2027-01-24,6011,Interest Income,0.0,70.83,-70.83
AE_ACCRUAL_LN000093_12_DR,ACCRUAL_LN000093_12,LN000093,interest_accrual,2027-02-24,2027-02-24,1132,Interest Receivable,70.83,0.0,70.83
AE_ACCRUAL_LN000093_12_CR,ACCRUAL_LN000093_12,LN000093,interest_accrual,2027-02-24,2027-02-24,6011,Interest Income,0.0,70.83,-70.83
AE_ACCRUAL_LN000093_13_DR,ACCRUAL_LN000093_13,LN000093,interest_accrual,2027-03-24,2027-03-24,1132,Interest Receivable,70.83,0.0,70.83
AE_ACCRUAL_LN000093_13_CR,ACCRUAL_LN000093_13,LN000093,interest_accrual,2027-03-24,2027-03-24,6011,Interest Income,0.0,70.83,-70.83
AE_ACCRUAL_LN000093_14_DR,ACCRUAL_LN000093_14,LN000093,interest_accrual,2027-04-24,2027-04-24,1132,Interest Receivable,70.83,0.0,70.83
AE_ACCRUAL_LN000093_14_CR,ACCRUAL_LN000093_14,LN000093,interest_accrual,2027-04-24,2027-04-24,6011,Interest Income,0.0,70.83,-70.83
AE_ACCRUAL_LN000093_15_DR,ACCRUAL_LN000093_15,LN000093,interest_accrual,2027-05-24,2027-05-24,1132,Interest Receivable,70.83,0.0,70.83
AE_ACCRUAL_LN000093_15_CR,ACCRUAL_LN000093_15,LN000093,interest_accrual,2027-05-24,2027-05-24,6011,Interest Income,0.0,70.83,-70.83
AE_ACCRUAL_LN000093_16_DR,ACCRUAL_LN000093_16,LN000093,interest_accrual,2027-06-24,2027-06-24,1132,Interest Receivable,70.83,0.0,70.83
AE_ACCRUAL_LN000093_16_CR,ACCRUAL_LN000093_16,LN000093,interest_accrual,2027-06-24,2027-06-24,6011,Interest Income,0.0,70.83,-70.83
AE_ACCRUAL_LN000093_17_DR,ACCRUAL_LN000093_17,LN000093,interest_accrual,2027-07-24,2027-07-24,1132,Interest Receivable,70.83,0.0,70.83
AE_ACCRUAL_LN000093_17_CR,ACCRUAL_LN000093_17,LN000093,interest_accrual,2027-07-24,2027-07-24,6011,Interest Income,0.0,70.83,-70.83
AE_ACCRUAL_LN000093_18_DR,ACCRUAL_LN000093_18,LN000093,interest_accrual,2027-08-24,2027-08-24,1132,Interest Receivable,70.83,0.0,70.83
AE_ACCRUAL_LN000093_18_CR,ACCRUAL_LN000093_18,LN000093,interest_accrual,2027-08-24,2027-08-24,6011,Interest Income,0.0,70.83,-70.83
AE_ACCRUAL_LN000093_19_DR,ACCRUAL_LN000093_19,LN000093,interest_accrual,2027-09-24,2027-09-24,1132,Interest Receivable,70.83,0.0,70.83
AE_ACCRUAL_LN000093_19_CR,ACCRUAL_LN000093_19,LN000093,interest_accrual,2027-09-24,2027-09-24,6011,Interest Income,0.0,70.83,-70.83
AE_ACCRUAL_LN000093_20_DR,ACCRUAL_LN000093_20,LN000093,interest_accrual,2027-10-24,2027-10-24,1132,Interest Receivable,70.83,0.0,70.83
AE_ACCRUAL_LN000093_20_CR,ACCRUAL_LN000093_20,LN000093,interest_accrual,2027-10-24,2027-10-24,6011,Interest Income,0.0,70.83,-70.83
AE_ACCRUAL_LN000093_21_DR,ACCRUAL_LN000093_21,LN000093,interest_accrual,2027-11-24,2027-11-24,1132,Interest Receivable,70.83,0.0,70.83
AE_ACCRUAL_LN000093_21_CR,ACCRUAL_LN000093_21,LN000093,interest_accrual,2027-11-24,2027-11-24,6011,Interest Income,0.0,70.83,-70.83
AE_ACCRUAL_LN000093_22_DR,ACCRUAL_LN000093_22,LN000093,interest_accrual,2027-12-24,2027-12-24,1132,Interest Receivable,70.83,0.0,70.83
AE_ACCRUAL_LN000093_22_CR,ACCRUAL_LN000093_22,LN000093,interest_accrual,2027-12-24,2027-12-24,6011,Interest Income,0.0,70.83,-70.83
AE_ACCRUAL_LN000093_23_DR,ACCRUAL_LN000093_23,LN000093,interest_accrual,2028-01-24,2028-01-24,1132,Interest Receivable,70.83,0.0,70.83
AE_ACCRUAL_LN000093_23_CR,ACCRUAL_LN000093_23,LN000093,interest_accrual,2028-01-24,2028-01-24,6011,Interest Income,0.0,70.83,-70.83
AE_ACCRUAL_LN000093_24_DR,ACCRUAL_LN000093_24,LN000093,interest_accrual,2028-02-24,2028-02-24,1132,Interest Receivable,70.83,0.0,70.83
AE_ACCRUAL_LN000093_24_CR,ACCRUAL_LN000093_24,LN000093,interest_accrual,2028-02-24,2028-02-24,6011,Interest Income,0.0,70.83,-70.83
AE_ACCRUAL_LN000094_01_DR,ACCRUAL_LN000094_01,LN000094,interest_accrual,2026-02-25,2026-02-25,1132,Interest Receivable,127.25,0.0,127.25
AE_ACCRUAL_LN000094_01_CR,ACCRUAL_LN000094_01,LN000094,interest_accrual,2026-02-25,2026-02-25,6011,Interest Income,0.0,127.25,-127.25
AE_ACCRUAL_LN000094_02_DR,ACCRUAL_LN000094_02,LN000094,interest_accrual,2026-03-25,2026-03-25,1132,Interest Receivable,127.25,0.0,127.25
AE_ACCRUAL_LN000094_02_CR,ACCRUAL_LN000094_02,LN000094,interest_accrual,2026-03-25,2026-03-25,6011,Interest Income,0.0,127.25,-127.25
AE_ACCRUAL_LN000094_03_DR,ACCRUAL_LN000094_03,LN000094,interest_accrual,2026-04-25,2026-04-25,1132,Interest Receivable,127.25,0.0,127.25
AE_ACCRUAL_LN000094_03_CR,ACCRUAL_LN000094_03,LN000094,interest_accrual,2026-04-25,2026-04-25,6011,Interest Income,0.0,127.25,-127.25
AE_ACCRUAL_LN000094_04_DR,ACCRUAL_LN000094_04,LN000094,interest_accrual,2026-05-25,2026-05-25,1132,Interest Receivable,127.25,0.0,127.25
AE_ACCRUAL_LN000094_04_CR,ACCRUAL_LN000094_04,LN000094,interest_accrual,2026-05-25,2026-05-25,6011,Interest Income,0.0,127.25,-127.25
AE_ACCRUAL_LN000094_05_DR,ACCRUAL_LN000094_05,LN000094,interest_accrual,2026-06-25,2026-06-25,1132,Interest Receivable,127.25,0.0,127.25
AE_ACCRUAL_LN000094_05_CR,ACCRUAL_LN000094_05,LN000094,interest_accrual,2026-06-25,2026-06-25,6011,Interest Income,0.0,127.25,-127.25
AE_ACCRUAL_LN000094_06_DR,ACCRUAL_LN000094_06,LN000094,interest_accrual,2026-07-25,2026-07-25,1132,Interest Receivable,127.25,0.0,127.25
AE_ACCRUAL_LN000094_06_CR,ACCRUAL_LN000094_06,LN000094,interest_accrual,2026-07-25,2026-07-25,6011,Interest Income,0.0,127.25,-127.25
AE_ACCRUAL_LN000094_07_DR,ACCRUAL_LN000094_07,LN000094,interest_accrual,2026-08-25,2026-08-25,1132,Interest Receivable,127.25,0.0,127.25
AE_ACCRUAL_LN000094_07_CR,ACCRUAL_LN000094_07,LN000094,interest_accrual,2026-08-25,2026-08-25,6011,Interest Income,0.0,127.25,-127.25
AE_ACCRUAL_LN000094_08_DR,ACCRUAL_LN000094_08,LN000094,interest_accrual,2026-09-25,2026-09-25,1132,Interest Receivable,127.25,0.0,127.25
AE_ACCRUAL_LN000094_08_CR,ACCRUAL_LN000094_08,LN000094,interest_accrual,2026-09-25,2026-09-25,6011,Interest Income,0.0,127.25,-127.25
AE_ACCRUAL_LN000094_09_DR,ACCRUAL_LN000094_09,LN000094,interest_accrual,2026-10-25,2026-10-25,1132,Interest Receivable,127.25,0.0,127.25
AE_ACCRUAL_LN000094_09_CR,ACCRUAL_LN000094_09,LN000094,interest_accrual,2026-10-25,2026-10-25,6011,Interest Income,0.0,127.25,-127.25
AE_ACCRUAL_LN000094_10_DR,ACCRUAL_LN000094_10,LN000094,interest_accrual,2026-11-25,2026-11-25,1132,Interest Receivable,127.25,0.0,127.25
AE_ACCRUAL_LN000094_10_CR,ACCRUAL_LN000094_10,LN000094,interest_accrual,2026-11-25,2026-11-25,6011,Interest Income,0.0,127.25,-127.25
AE_ACCRUAL_LN000094_11_DR,ACCRUAL_LN000094_11,LN000094,interest_accrual,2026-12-25,2026-12-25,1132,Interest Receivable,127.25,0.0,127.25
AE_ACCRUAL_LN000094_11_CR,ACCRUAL_LN000094_11,LN000094,interest_accrual,2026-12-25,2026-12-25,6011,Interest Income,0.0,127.25,-127.25
AE_ACCRUAL_LN000094_12_DR,ACCRUAL_LN000094_12,LN000094,interest_accrual,2027-01-25,2027-01-25,1132,Interest Receivable,127.25,0.0,127.25
AE_ACCRUAL_LN000094_12_CR,ACCRUAL_LN000094_12,LN000094,interest_accrual,2027-01-25,2027-01-25,6011,Interest Income,0.0,127.25,-127.25
AE_ACCRUAL_LN000095_01_DR,ACCRUAL_LN000095_01,LN000095,interest_accrual,2026-02-19,2026-02-19,1132,Interest Receivable,73.4,0.0,73.4
AE_ACCRUAL_LN000095_01_CR,ACCRUAL_LN000095_01,LN000095,interest_accrual,2026-02-19,2026-02-19,6011,Interest Income,0.0,73.4,-73.4
AE_ACCRUAL_LN000095_02_DR,ACCRUAL_LN000095_02,LN000095,interest_accrual,2026-03-19,2026-03-19,1132,Interest Receivable,73.4,0.0,73.4
AE_ACCRUAL_LN000095_02_CR,ACCRUAL_LN000095_02,LN000095,interest_accrual,2026-03-19,2026-03-19,6011,Interest Income,0.0,73.4,-73.4
AE_ACCRUAL_LN000095_03_DR,ACCRUAL_LN000095_03,LN000095,interest_accrual,2026-04-19,2026-04-19,1132,Interest Receivable,73.4,0.0,73.4
AE_ACCRUAL_LN000095_03_CR,ACCRUAL_LN000095_03,LN000095,interest_accrual,2026-04-19,2026-04-19,6011,Interest Income,0.0,73.4,-73.4
AE_ACCRUAL_LN000095_04_DR,ACCRUAL_LN000095_04,LN000095,interest_accrual,2026-05-19,2026-05-19,1132,Interest Receivable,73.4,0.0,73.4
AE_ACCRUAL_LN000095_04_CR,ACCRUAL_LN000095_04,LN000095,interest_accrual,2026-05-19,2026-05-19,6011,Interest Income,0.0,73.4,-73.4
AE_ACCRUAL_LN000095_05_DR,ACCRUAL_LN000095_05,LN000095,interest_accrual,2026-06-19,2026-06-19,1132,Interest Receivable,73.4,0.0,73.4
AE_ACCRUAL_LN000095_05_CR,ACCRUAL_LN000095_05,LN000095,interest_accrual,2026-06-19,2026-06-19,6011,Interest Income,0.0,73.4,-73.4
AE_ACCRUAL_LN000095_06_DR,ACCRUAL_LN000095_06,LN000095,interest_accrual,2026-07-19,2026-07-19,1132,Interest Receivable,73.4,0.0,73.4
AE_ACCRUAL_LN000095_06_CR,ACCRUAL_LN000095_06,LN000095,interest_accrual,2026-07-19,2026-07-19,6011,Interest Income,0.0,73.4,-73.4
AE_ACCRUAL_LN000095_07_DR,ACCRUAL_LN000095_07,LN000095,interest_accrual,2026-08-19,2026-08-19,1132,Interest Receivable,73.4,0.0,73.4
AE_ACCRUAL_LN000095_07_CR,ACCRUAL_LN000095_07,LN000095,interest_accrual,2026-08-19,2026-08-19,6011,Interest Income,0.0,73.4,-73.4
AE_ACCRUAL_LN000095_08_DR,ACCRUAL_LN000095_08,LN000095,interest_accrual,2026-09-19,2026-09-19,1132,Interest Receivable,73.4,0.0,73.4
AE_ACCRUAL_LN000095_08_CR,ACCRUAL_LN000095_08,LN000095,interest_accrual,2026-09-19,2026-09-19,6011,Interest Income,0.0,73.4,-73.4
AE_ACCRUAL_LN000095_09_DR,ACCRUAL_LN000095_09,LN000095,interest_accrual,2026-10-19,2026-10-19,1132,Interest Receivable,73.4,0.0,73.4
AE_ACCRUAL_LN000095_09_CR,ACCRUAL_LN000095_09,LN000095,interest_accrual,2026-10-19,2026-10-19,6011,Interest Income,0.0,73.4,-73.4
AE_ACCRUAL_LN000095_10_DR,ACCRUAL_LN000095_10,LN000095,interest_accrual,2026-11-19,2026-11-19,1132,Interest Receivable,73.4,0.0,73.4
AE_ACCRUAL_LN000095_10_CR,ACCRUAL_LN000095_10,LN000095,interest_accrual,2026-11-19,2026-11-19,6011,Interest Income,0.0,73.4,-73.4
AE_ACCRUAL_LN000095_11_DR,ACCRUAL_LN000095_11,LN000095,interest_accrual,2026-12-19,2026-12-19,1132,Interest Receivable,73.4,0.0,73.4
AE_ACCRUAL_LN000095_11_CR,ACCRUAL_LN000095_11,LN000095,interest_accrual,2026-12-19,2026-12-19,6011,Interest Income,0.0,73.4,-73.4
AE_ACCRUAL_LN000095_12_DR,ACCRUAL_LN000095_12,LN000095,interest_accrual,2027-01-19,2027-01-19,1132,Interest Receivable,73.4,0.0,73.4
AE_ACCRUAL_LN000095_12_CR,ACCRUAL_LN000095_12,LN000095,interest_accrual,2027-01-19,2027-01-19,6011,Interest Income,0.0,73.4,-73.4
AE_ACCRUAL_LN000095_13_DR,ACCRUAL_LN000095_13,LN000095,interest_accrual,2027-02-19,2027-02-19,1132,Interest Receivable,73.4,0.0,73.4
AE_ACCRUAL_LN000095_13_CR,ACCRUAL_LN000095_13,LN000095,interest_accrual,2027-02-19,2027-02-19,6011,Interest Income,0.0,73.4,-73.4
AE_ACCRUAL_LN000095_14_DR,ACCRUAL_LN000095_14,LN000095,interest_accrual,2027-03-19,2027-03-19,1132,Interest Receivable,73.4,0.0,73.4
AE_ACCRUAL_LN000095_14_CR,ACCRUAL_LN000095_14,LN000095,interest_accrual,2027-03-19,2027-03-19,6011,Interest Income,0.0,73.4,-73.4
AE_ACCRUAL_LN000095_15_DR,ACCRUAL_LN000095_15,LN000095,interest_accrual,2027-04-19,2027-04-19,1132,Interest Receivable,73.4,0.0,73.4
AE_ACCRUAL_LN000095_15_CR,ACCRUAL_LN000095_15,LN000095,interest_accrual,2027-04-19,2027-04-19,6011,Interest Income,0.0,73.4,-73.4
AE_ACCRUAL_LN000095_16_DR,ACCRUAL_LN000095_16,LN000095,interest_accrual,2027-05-19,2027-05-19,1132,Interest Receivable,73.4,0.0,73.4
AE_ACCRUAL_LN000095_16_CR,ACCRUAL_LN000095_16,LN000095,interest_accrual,2027-05-19,2027-05-19,6011,Interest Income,0.0,73.4,-73.4
AE_ACCRUAL_LN000095_17_DR,ACCRUAL_LN000095_17,LN000095,interest_accrual,2027-06-19,2027-06-19,1132,Interest Receivable,73.4,0.0,73.4
AE_ACCRUAL_LN000095_17_CR,ACCRUAL_LN000095_17,LN000095,interest_accrual,2027-06-19,2027-06-19,6011,Interest Income,0.0,73.4,-73.4
AE_ACCRUAL_LN000095_18_DR,ACCRUAL_LN000095_18,LN000095,interest_accrual,2027-07-19,2027-07-19,1132,Interest Receivable,73.4,0.0,73.4
AE_ACCRUAL_LN000095_18_CR,ACCRUAL_LN000095_18,LN000095,interest_accrual,2027-07-19,2027-07-19,6011,Interest Income,0.0,73.4,-73.4
AE_ACCRUAL_LN000095_19_DR,ACCRUAL_LN000095_19,LN000095,interest_accrual,2027-08-19,2027-08-19,1132,Interest Receivable,73.4,0.0,73.4
AE_ACCRUAL_LN000095_19_CR,ACCRUAL_LN000095_19,LN000095,interest_accrual,2027-08-19,2027-08-19,6011,Interest Income,0.0,73.4,-73.4
AE_ACCRUAL_LN000095_20_DR,ACCRUAL_LN000095_20,LN000095,interest_accrual,2027-09-19,2027-09-19,1132,Interest Receivable,73.4,0.0,73.4
AE_ACCRUAL_LN000095_20_CR,ACCRUAL_LN000095_20,LN000095,interest_accrual,2027-09-19,2027-09-19,6011,Interest Income,0.0,73.4,-73.4
AE_ACCRUAL_LN000095_21_DR,ACCRUAL_LN000095_21,LN000095,interest_accrual,2027-10-19,2027-10-19,1132,Interest Receivable,73.4,0.0,73.4
AE_ACCRUAL_LN000095_21_CR,ACCRUAL_LN000095_21,LN000095,interest_accrual,2027-10-19,2027-10-19,6011,Interest Income,0.0,73.4,-73.4
AE_ACCRUAL_LN000095_22_DR,ACCRUAL_LN000095_22,LN000095,interest_accrual,2027-11-19,2027-11-19,1132,Interest Receivable,73.4,0.0,73.4
AE_ACCRUAL_LN000095_22_CR,ACCRUAL_LN000095_22,LN000095,interest_accrual,2027-11-19,2027-11-19,6011,Interest Income,0.0,73.4,-73.4
AE_ACCRUAL_LN000095_23_DR,ACCRUAL_LN000095_23,LN000095,interest_accrual,2027-12-19,2027-12-19,1132,Interest Receivable,73.4,0.0,73.4
AE_ACCRUAL_LN000095_23_CR,ACCRUAL_LN000095_23,LN000095,interest_accrual,2027-12-19,2027-12-19,6011,Interest Income,0.0,73.4,-73.4
AE_ACCRUAL_LN000095_24_DR,ACCRUAL_LN000095_24,LN000095,interest_accrual,2028-01-19,2028-01-19,1132,Interest Receivable,73.4,0.0,73.4
AE_ACCRUAL_LN000095_24_CR,ACCRUAL_LN000095_24,LN000095,interest_accrual,2028-01-19,2028-01-19,6011,Interest Income,0.0,73.4,-73.4
AE_ACCRUAL_LN000095_25_DR,ACCRUAL_LN000095_25,LN000095,interest_accrual,2028-02-19,2028-02-19,1132,Interest Receivable,73.4,0.0,73.4
AE_ACCRUAL_LN000095_25_CR,ACCRUAL_LN000095_25,LN000095,interest_accrual,2028-02-19,2028-02-19,6011,Interest Income,0.0,73.4,-73.4
AE_ACCRUAL_LN000095_26_DR,ACCRUAL_LN000095_26,LN000095,interest_accrual,2028-03-19,2028-03-19,1132,Interest Receivable,73.4,0.0,73.4
AE_ACCRUAL_LN000095_26_CR,ACCRUAL_LN000095_26,LN000095,interest_accrual,2028-03-19,2028-03-19,6011,Interest Income,0.0,73.4,-73.4
AE_ACCRUAL_LN000095_27_DR,ACCRUAL_LN000095_27,LN000095,interest_accrual,2028-04-19,2028-04-19,1132,Interest Receivable,73.4,0.0,73.4
AE_ACCRUAL_LN000095_27_CR,ACCRUAL_LN000095_27,LN000095,interest_accrual,2028-04-19,2028-04-19,6011,Interest Income,0.0,73.4,-73.4
AE_ACCRUAL_LN000095_28_DR,ACCRUAL_LN000095_28,LN000095,interest_accrual,2028-05-19,2028-05-19,1132,Interest Receivable,73.4,0.0,73.4
AE_ACCRUAL_LN000095_28_CR,ACCRUAL_LN000095_28,LN000095,interest_accrual,2028-05-19,2028-05-19,6011,Interest Income,0.0,73.4,-73.4
AE_ACCRUAL_LN000095_29_DR,ACCRUAL_LN000095_29,LN000095,interest_accrual,2028-06-19,2028-06-19,1132,Interest Receivable,73.4,0.0,73.4
AE_ACCRUAL_LN000095_29_CR,ACCRUAL_LN000095_29,LN000095,interest_accrual,2028-06-19,2028-06-19,6011,Interest Income,0.0,73.4,-73.4
AE_ACCRUAL_LN000095_30_DR,ACCRUAL_LN000095_30,LN000095,interest_accrual,2028-07-19,2028-07-19,1132,Interest Receivable,73.4,0.0,73.4
AE_ACCRUAL_LN000095_30_CR,ACCRUAL_LN000095_30,LN000095,interest_accrual,2028-07-19,2028-07-19,6011,Interest Income,0.0,73.4,-73.4
AE_ACCRUAL_LN000095_31_DR,ACCRUAL_LN000095_31,LN000095,interest_accrual,2028-08-19,2028-08-19,1132,Interest Receivable,73.4,0.0,73.4
AE_ACCRUAL_LN000095_31_CR,ACCRUAL_LN000095_31,LN000095,interest_accrual,2028-08-19,2028-08-19,6011,Interest Income,0.0,73.4,-73.4
AE_ACCRUAL_LN000095_32_DR,ACCRUAL_LN000095_32,LN000095,interest_accrual,2028-09-19,2028-09-19,1132,Interest Receivable,73.4,0.0,73.4
AE_ACCRUAL_LN000095_32_CR,ACCRUAL_LN000095_32,LN000095,interest_accrual,2028-09-19,2028-09-19,6011,Interest Income,0.0,73.4,-73.4
AE_ACCRUAL_LN000095_33_DR,ACCRUAL_LN000095_33,LN000095,interest_accrual,2028-10-19,2028-10-19,1132,Interest Receivable,73.4,0.0,73.4
AE_ACCRUAL_LN000095_33_CR,ACCRUAL_LN000095_33,LN000095,interest_accrual,2028-10-19,2028-10-19,6011,Interest Income,0.0,73.4,-73.4
AE_ACCRUAL_LN000095_34_DR,ACCRUAL_LN000095_34,LN000095,interest_accrual,2028-11-19,2028-11-19,1132,Interest Receivable,73.4,0.0,73.4
AE_ACCRUAL_LN000095_34_CR,ACCRUAL_LN000095_34,LN000095,interest_accrual,2028-11-19,2028-11-19,6011,Interest Income,0.0,73.4,-73.4
AE_ACCRUAL_LN000095_35_DR,ACCRUAL_LN000095_35,LN000095,interest_accrual,2028-12-19,2028-12-19,1132,Interest Receivable,73.4,0.0,73.4
AE_ACCRUAL_LN000095_35_CR,ACCRUAL_LN000095_35,LN000095,interest_accrual,2028-12-19,2028-12-19,6011,Interest Income,0.0,73.4,-73.4
AE_ACCRUAL_LN000095_36_DR,ACCRUAL_LN000095_36,LN000095,interest_accrual,2029-01-19,2029-01-19,1132,Interest Receivable,73.4,0.0,73.4
AE_ACCRUAL_LN000095_36_CR,ACCRUAL_LN000095_36,LN000095,interest_accrual,2029-01-19,2029-01-19,6011,Interest Income,0.0,73.4,-73.4
AE_ACCRUAL_LN000096_01_DR,ACCRUAL_LN000096_01,LN000096,interest_accrual,2026-02-01,2026-02-01,1132,Interest Receivable,121.38,0.0,121.38
AE_ACCRUAL_LN000096_01_CR,ACCRUAL_LN000096_01,LN000096,interest_accrual,2026-02-01,2026-02-01,6011,Interest Income,0.0,121.38,-121.38
AE_ACCRUAL_LN000096_02_DR,ACCRUAL_LN000096_02,LN000096,interest_accrual,2026-03-01,2026-03-01,1132,Interest Receivable,121.38,0.0,121.38
AE_ACCRUAL_LN000096_02_CR,ACCRUAL_LN000096_02,LN000096,interest_accrual,2026-03-01,2026-03-01,6011,Interest Income,0.0,121.38,-121.38
AE_ACCRUAL_LN000096_03_DR,ACCRUAL_LN000096_03,LN000096,interest_accrual,2026-04-01,2026-04-01,1132,Interest Receivable,121.38,0.0,121.38
AE_ACCRUAL_LN000096_03_CR,ACCRUAL_LN000096_03,LN000096,interest_accrual,2026-04-01,2026-04-01,6011,Interest Income,0.0,121.38,-121.38
AE_ACCRUAL_LN000096_04_DR,ACCRUAL_LN000096_04,LN000096,interest_accrual,2026-05-01,2026-05-01,1132,Interest Receivable,121.38,0.0,121.38
AE_ACCRUAL_LN000096_04_CR,ACCRUAL_LN000096_04,LN000096,interest_accrual,2026-05-01,2026-05-01,6011,Interest Income,0.0,121.38,-121.38
AE_ACCRUAL_LN000096_05_DR,ACCRUAL_LN000096_05,LN000096,interest_accrual,2026-06-01,2026-06-01,1132,Interest Receivable,121.38,0.0,121.38
AE_ACCRUAL_LN000096_05_CR,ACCRUAL_LN000096_05,LN000096,interest_accrual,2026-06-01,2026-06-01,6011,Interest Income,0.0,121.38,-121.38
AE_ACCRUAL_LN000096_06_DR,ACCRUAL_LN000096_06,LN000096,interest_accrual,2026-07-01,2026-07-01,1132,Interest Receivable,121.38,0.0,121.38
AE_ACCRUAL_LN000096_06_CR,ACCRUAL_LN000096_06,LN000096,interest_accrual,2026-07-01,2026-07-01,6011,Interest Income,0.0,121.38,-121.38
AE_ACCRUAL_LN000096_07_DR,ACCRUAL_LN000096_07,LN000096,interest_accrual,2026-08-01,2026-08-01,1132,Interest Receivable,121.38,0.0,121.38
AE_ACCRUAL_LN000096_07_CR,ACCRUAL_LN000096_07,LN000096,interest_accrual,2026-08-01,2026-08-01,6011,Interest Income,0.0,121.38,-121.38
AE_ACCRUAL_LN000096_08_DR,ACCRUAL_LN000096_08,LN000096,interest_accrual,2026-09-01,2026-09-01,1132,Interest Receivable,121.38,0.0,121.38
AE_ACCRUAL_LN000096_08_CR,ACCRUAL_LN000096_08,LN000096,interest_accrual,2026-09-01,2026-09-01,6011,Interest Income,0.0,121.38,-121.38
AE_ACCRUAL_LN000096_09_DR,ACCRUAL_LN000096_09,LN000096,interest_accrual,2026-10-01,2026-10-01,1132,Interest Receivable,121.38,0.0,121.38
AE_ACCRUAL_LN000096_09_CR,ACCRUAL_LN000096_09,LN000096,interest_accrual,2026-10-01,2026-10-01,6011,Interest Income,0.0,121.38,-121.38
AE_ACCRUAL_LN000096_10_DR,ACCRUAL_LN000096_10,LN000096,interest_accrual,2026-11-01,2026-11-01,1132,Interest Receivable,121.38,0.0,121.38
AE_ACCRUAL_LN000096_10_CR,ACCRUAL_LN000096_10,LN000096,interest_accrual,2026-11-01,2026-11-01,6011,Interest Income,0.0,121.38,-121.38
AE_ACCRUAL_LN000096_11_DR,ACCRUAL_LN000096_11,LN000096,interest_accrual,2026-12-01,2026-12-01,1132,Interest Receivable,121.38,0.0,121.38
AE_ACCRUAL_LN000096_11_CR,ACCRUAL_LN000096_11,LN000096,interest_accrual,2026-12-01,2026-12-01,6011,Interest Income,0.0,121.38,-121.38
AE_ACCRUAL_LN000096_12_DR,ACCRUAL_LN000096_12,LN000096,interest_accrual,2027-01-01,2027-01-01,1132,Interest Receivable,121.38,0.0,121.38
AE_ACCRUAL_LN000096_12_CR,ACCRUAL_LN000096_12,LN000096,interest_accrual,2027-01-01,2027-01-01,6011,Interest Income,0.0,121.38,-121.38
AE_ACCRUAL_LN000097_01_DR,ACCRUAL_LN000097_01,LN000097,interest_accrual,2026-02-26,2026-02-26,1132,Interest Receivable,61.08,0.0,61.08
AE_ACCRUAL_LN000097_01_CR,ACCRUAL_LN000097_01,LN000097,interest_accrual,2026-02-26,2026-02-26,6011,Interest Income,0.0,61.08,-61.08
AE_ACCRUAL_LN000097_02_DR,ACCRUAL_LN000097_02,LN000097,interest_accrual,2026-03-26,2026-03-26,1132,Interest Receivable,61.08,0.0,61.08
AE_ACCRUAL_LN000097_02_CR,ACCRUAL_LN000097_02,LN000097,interest_accrual,2026-03-26,2026-03-26,6011,Interest Income,0.0,61.08,-61.08
AE_ACCRUAL_LN000097_03_DR,ACCRUAL_LN000097_03,LN000097,interest_accrual,2026-04-26,2026-04-26,1132,Interest Receivable,61.08,0.0,61.08
AE_ACCRUAL_LN000097_03_CR,ACCRUAL_LN000097_03,LN000097,interest_accrual,2026-04-26,2026-04-26,6011,Interest Income,0.0,61.08,-61.08
AE_ACCRUAL_LN000097_04_DR,ACCRUAL_LN000097_04,LN000097,interest_accrual,2026-05-26,2026-05-26,1132,Interest Receivable,61.08,0.0,61.08
AE_ACCRUAL_LN000097_04_CR,ACCRUAL_LN000097_04,LN000097,interest_accrual,2026-05-26,2026-05-26,6011,Interest Income,0.0,61.08,-61.08
AE_ACCRUAL_LN000097_05_DR,ACCRUAL_LN000097_05,LN000097,interest_accrual,2026-06-26,2026-06-26,1132,Interest Receivable,61.08,0.0,61.08
AE_ACCRUAL_LN000097_05_CR,ACCRUAL_LN000097_05,LN000097,interest_accrual,2026-06-26,2026-06-26,6011,Interest Income,0.0,61.08,-61.08
AE_ACCRUAL_LN000097_06_DR,ACCRUAL_LN000097_06,LN000097,interest_accrual,2026-07-26,2026-07-26,1132,Interest Receivable,61.08,0.0,61.08
AE_ACCRUAL_LN000097_06_CR,ACCRUAL_LN000097_06,LN000097,interest_accrual,2026-07-26,2026-07-26,6011,Interest Income,0.0,61.08,-61.08
AE_ACCRUAL_LN000097_07_DR,ACCRUAL_LN000097_07,LN000097,interest_accrual,2026-08-26,2026-08-26,1132,Interest Receivable,61.08,0.0,61.08
AE_ACCRUAL_LN000097_07_CR,ACCRUAL_LN000097_07,LN000097,interest_accrual,2026-08-26,2026-08-26,6011,Interest Income,0.0,61.08,-61.08
AE_ACCRUAL_LN000097_08_DR,ACCRUAL_LN000097_08,LN000097,interest_accrual,2026-09-26,2026-09-26,1132,Interest Receivable,61.08,0.0,61.08
AE_ACCRUAL_LN000097_08_CR,ACCRUAL_LN000097_08,LN000097,interest_accrual,2026-09-26,2026-09-26,6011,Interest Income,0.0,61.08,-61.08
AE_ACCRUAL_LN000097_09_DR,ACCRUAL_LN000097_09,LN000097,interest_accrual,2026-10-26,2026-10-26,1132,Interest Receivable,61.08,0.0,61.08
AE_ACCRUAL_LN000097_09_CR,ACCRUAL_LN000097_09,LN000097,interest_accrual,2026-10-26,2026-10-26,6011,Interest Income,0.0,61.08,-61.08
AE_ACCRUAL_LN000097_10_DR,ACCRUAL_LN000097_10,LN000097,interest_accrual,2026-11-26,2026-11-26,1132,Interest Receivable,61.08,0.0,61.08
AE_ACCRUAL_LN000097_10_CR,ACCRUAL_LN000097_10,LN000097,interest_accrual,2026-11-26,2026-11-26,6011,Interest Income,0.0,61.08,-61.08
AE_ACCRUAL_LN000097_11_DR,ACCRUAL_LN000097_11,LN000097,interest_accrual,2026-12-26,2026-12-26,1132,Interest Receivable,61.08,0.0,61.08
AE_ACCRUAL_LN000097_11_CR,ACCRUAL_LN000097_11,LN000097,interest_accrual,2026-12-26,2026-12-26,6011,Interest Income,0.0,61.08,-61.08
AE_ACCRUAL_LN000097_12_DR,ACCRUAL_LN000097_12,LN000097,interest_accrual,2027-01-26,2027-01-26,1132,Interest Receivable,61.08,0.0,61.08
AE_ACCRUAL_LN000097_12_CR,ACCRUAL_LN000097_12,LN000097,interest_accrual,2027-01-26,2027-01-26,6011,Interest Income,0.0,61.08,-61.08
AE_ACCRUAL_LN000097_13_DR,ACCRUAL_LN000097_13,LN000097,interest_accrual,2027-02-26,2027-02-26,1132,Interest Receivable,61.08,0.0,61.08
AE_ACCRUAL_LN000097_13_CR,ACCRUAL_LN000097_13,LN000097,interest_accrual,2027-02-26,2027-02-26,6011,Interest Income,0.0,61.08,-61.08
AE_ACCRUAL_LN000097_14_DR,ACCRUAL_LN000097_14,LN000097,interest_accrual,2027-03-26,2027-03-26,1132,Interest Receivable,61.08,0.0,61.08
AE_ACCRUAL_LN000097_14_CR,ACCRUAL_LN000097_14,LN000097,interest_accrual,2027-03-26,2027-03-26,6011,Interest Income,0.0,61.08,-61.08
AE_ACCRUAL_LN000097_15_DR,ACCRUAL_LN000097_15,LN000097,interest_accrual,2027-04-26,2027-04-26,1132,Interest Receivable,61.08,0.0,61.08
AE_ACCRUAL_LN000097_15_CR,ACCRUAL_LN000097_15,LN000097,interest_accrual,2027-04-26,2027-04-26,6011,Interest Income,0.0,61.08,-61.08
AE_ACCRUAL_LN000097_16_DR,ACCRUAL_LN000097_16,LN000097,interest_accrual,2027-05-26,2027-05-26,1132,Interest Receivable,61.08,0.0,61.08
AE_ACCRUAL_LN000097_16_CR,ACCRUAL_LN000097_16,LN000097,interest_accrual,2027-05-26,2027-05-26,6011,Interest Income,0.0,61.08,-61.08
AE_ACCRUAL_LN000097_17_DR,ACCRUAL_LN000097_17,LN000097,interest_accrual,2027-06-26,2027-06-26,1132,Interest Receivable,61.08,0.0,61.08
AE_ACCRUAL_LN000097_17_CR,ACCRUAL_LN000097_17,LN000097,interest_accrual,2027-06-26,2027-06-26,6011,Interest Income,0.0,61.08,-61.08
AE_ACCRUAL_LN000097_18_DR,ACCRUAL_LN000097_18,LN000097,interest_accrual,2027-07-26,2027-07-26,1132,Interest Receivable,61.08,0.0,61.08
AE_ACCRUAL_LN000097_18_CR,ACCRUAL_LN000097_18,LN000097,interest_accrual,2027-07-26,2027-07-26,6011,Interest Income,0.0,61.08,-61.08
AE_ACCRUAL_LN000098_01_DR,ACCRUAL_LN000098_01,LN000098,interest_accrual,2026-03-05,2026-03-05,1132,Interest Receivable,69.79,0.0,69.79
AE_ACCRUAL_LN000098_01_CR,ACCRUAL_LN000098_01,LN000098,interest_accrual,2026-03-05,2026-03-05,6011,Interest Income,0.0,69.79,-69.79
AE_ACCRUAL_LN000098_02_DR,ACCRUAL_LN000098_02,LN000098,interest_accrual,2026-04-05,2026-04-05,1132,Interest Receivable,69.79,0.0,69.79
AE_ACCRUAL_LN000098_02_CR,ACCRUAL_LN000098_02,LN000098,interest_accrual,2026-04-05,2026-04-05,6011,Interest Income,0.0,69.79,-69.79
AE_ACCRUAL_LN000098_03_DR,ACCRUAL_LN000098_03,LN000098,interest_accrual,2026-05-05,2026-05-05,1132,Interest Receivable,69.79,0.0,69.79
AE_ACCRUAL_LN000098_03_CR,ACCRUAL_LN000098_03,LN000098,interest_accrual,2026-05-05,2026-05-05,6011,Interest Income,0.0,69.79,-69.79
AE_ACCRUAL_LN000098_04_DR,ACCRUAL_LN000098_04,LN000098,interest_accrual,2026-06-05,2026-06-05,1132,Interest Receivable,69.79,0.0,69.79
AE_ACCRUAL_LN000098_04_CR,ACCRUAL_LN000098_04,LN000098,interest_accrual,2026-06-05,2026-06-05,6011,Interest Income,0.0,69.79,-69.79
AE_ACCRUAL_LN000098_05_DR,ACCRUAL_LN000098_05,LN000098,interest_accrual,2026-07-05,2026-07-05,1132,Interest Receivable,69.79,0.0,69.79
AE_ACCRUAL_LN000098_05_CR,ACCRUAL_LN000098_05,LN000098,interest_accrual,2026-07-05,2026-07-05,6011,Interest Income,0.0,69.79,-69.79
AE_ACCRUAL_LN000098_06_DR,ACCRUAL_LN000098_06,LN000098,interest_accrual,2026-08-05,2026-08-05,1132,Interest Receivable,69.79,0.0,69.79
AE_ACCRUAL_LN000098_06_CR,ACCRUAL_LN000098_06,LN000098,interest_accrual,2026-08-05,2026-08-05,6011,Interest Income,0.0,69.79,-69.79
AE_ACCRUAL_LN000098_07_DR,ACCRUAL_LN000098_07,LN000098,interest_accrual,2026-09-05,2026-09-05,1132,Interest Receivable,69.79,0.0,69.79
AE_ACCRUAL_LN000098_07_CR,ACCRUAL_LN000098_07,LN000098,interest_accrual,2026-09-05,2026-09-05,6011,Interest Income,0.0,69.79,-69.79
AE_ACCRUAL_LN000098_08_DR,ACCRUAL_LN000098_08,LN000098,interest_accrual,2026-10-05,2026-10-05,1132,Interest Receivable,69.79,0.0,69.79
AE_ACCRUAL_LN000098_08_CR,ACCRUAL_LN000098_08,LN000098,interest_accrual,2026-10-05,2026-10-05,6011,Interest Income,0.0,69.79,-69.79
AE_ACCRUAL_LN000098_09_DR,ACCRUAL_LN000098_09,LN000098,interest_accrual,2026-11-05,2026-11-05,1132,Interest Receivable,69.79,0.0,69.79
AE_ACCRUAL_LN000098_09_CR,ACCRUAL_LN000098_09,LN000098,interest_accrual,2026-11-05,2026-11-05,6011,Interest Income,0.0,69.79,-69.79
AE_ACCRUAL_LN000098_10_DR,ACCRUAL_LN000098_10,LN000098,interest_accrual,2026-12-05,2026-12-05,1132,Interest Receivable,69.79,0.0,69.79
AE_ACCRUAL_LN000098_10_CR,ACCRUAL_LN000098_10,LN000098,interest_accrual,2026-12-05,2026-12-05,6011,Interest Income,0.0,69.79,-69.79
AE_ACCRUAL_LN000098_11_DR,ACCRUAL_LN000098_11,LN000098,interest_accrual,2027-01-05,2027-01-05,1132,Interest Receivable,69.79,0.0,69.79
AE_ACCRUAL_LN000098_11_CR,ACCRUAL_LN000098_11,LN000098,interest_accrual,2027-01-05,2027-01-05,6011,Interest Income,0.0,69.79,-69.79
AE_ACCRUAL_LN000098_12_DR,ACCRUAL_LN000098_12,LN000098,interest_accrual,2027-02-05,2027-02-05,1132,Interest Receivable,69.79,0.0,69.79
AE_ACCRUAL_LN000098_12_CR,ACCRUAL_LN000098_12,LN000098,interest_accrual,2027-02-05,2027-02-05,6011,Interest Income,0.0,69.79,-69.79
AE_ACCRUAL_LN000098_13_DR,ACCRUAL_LN000098_13,LN000098,interest_accrual,2027-03-05,2027-03-05,1132,Interest Receivable,69.79,0.0,69.79
AE_ACCRUAL_LN000098_13_CR,ACCRUAL_LN000098_13,LN000098,interest_accrual,2027-03-05,2027-03-05,6011,Interest Income,0.0,69.79,-69.79
AE_ACCRUAL_LN000098_14_DR,ACCRUAL_LN000098_14,LN000098,interest_accrual,2027-04-05,2027-04-05,1132,Interest Receivable,69.79,0.0,69.79
AE_ACCRUAL_LN000098_14_CR,ACCRUAL_LN000098_14,LN000098,interest_accrual,2027-04-05,2027-04-05,6011,Interest Income,0.0,69.79,-69.79
AE_ACCRUAL_LN000098_15_DR,ACCRUAL_LN000098_15,LN000098,interest_accrual,2027-05-05,2027-05-05,1132,Interest Receivable,69.79,0.0,69.79
AE_ACCRUAL_LN000098_15_CR,ACCRUAL_LN000098_15,LN000098,interest_accrual,2027-05-05,2027-05-05,6011,Interest Income,0.0,69.79,-69.79
AE_ACCRUAL_LN000098_16_DR,ACCRUAL_LN000098_16,LN000098,interest_accrual,2027-06-05,2027-06-05,1132,Interest Receivable,69.79,0.0,69.79
AE_ACCRUAL_LN000098_16_CR,ACCRUAL_LN000098_16,LN000098,interest_accrual,2027-06-05,2027-06-05,6011,Interest Income,0.0,69.79,-69.79
AE_ACCRUAL_LN000098_17_DR,ACCRUAL_LN000098_17,LN000098,interest_accrual,2027-07-05,2027-07-05,1132,Interest Receivable,69.79,0.0,69.79
AE_ACCRUAL_LN000098_17_CR,ACCRUAL_LN000098_17,LN000098,interest_accrual,2027-07-05,2027-07-05,6011,Interest Income,0.0,69.79,-69.79
AE_ACCRUAL_LN000098_18_DR,ACCRUAL_LN000098_18,LN000098,interest_accrual,2027-08-05,2027-08-05,1132,Interest Receivable,69.79,0.0,69.79
AE_ACCRUAL_LN000098_18_CR,ACCRUAL_LN000098_18,LN000098,interest_accrual,2027-08-05,2027-08-05,6011,Interest Income,0.0,69.79,-69.79
AE_ACCRUAL_LN000098_19_DR,ACCRUAL_LN000098_19,LN000098,interest_accrual,2027-09-05,2027-09-05,1132,Interest Receivable,69.79,0.0,69.79
AE_ACCRUAL_LN000098_19_CR,ACCRUAL_LN000098_19,LN000098,interest_accrual,2027-09-05,2027-09-05,6011,Interest Income,0.0,69.79,-69.79
AE_ACCRUAL_LN000098_20_DR,ACCRUAL_LN000098_20,LN000098,interest_accrual,2027-10-05,2027-10-05,1132,Interest Receivable,69.79,0.0,69.79
AE_ACCRUAL_LN000098_20_CR,ACCRUAL_LN000098_20,LN000098,interest_accrual,2027-10-05,2027-10-05,6011,Interest Income,0.0,69.79,-69.79
AE_ACCRUAL_LN000098_21_DR,ACCRUAL_LN000098_21,LN000098,interest_accrual,2027-11-05,2027-11-05,1132,Interest Receivable,69.79,0.0,69.79
AE_ACCRUAL_LN000098_21_CR,ACCRUAL_LN000098_21,LN000098,interest_accrual,2027-11-05,2027-11-05,6011,Interest Income,0.0,69.79,-69.79
AE_ACCRUAL_LN000098_22_DR,ACCRUAL_LN000098_22,LN000098,interest_accrual,2027-12-05,2027-12-05,1132,Interest Receivable,69.79,0.0,69.79
AE_ACCRUAL_LN000098_22_CR,ACCRUAL_LN000098_22,LN000098,interest_accrual,2027-12-05,2027-12-05,6011,Interest Income,0.0,69.79,-69.79
AE_ACCRUAL_LN000098_23_DR,ACCRUAL_LN000098_23,LN000098,interest_accrual,2028-01-05,2028-01-05,1132,Interest Receivable,69.79,0.0,69.79
AE_ACCRUAL_LN000098_23_CR,ACCRUAL_LN000098_23,LN000098,interest_accrual,2028-01-05,2028-01-05,6011,Interest Income,0.0,69.79,-69.79
AE_ACCRUAL_LN000098_24_DR,ACCRUAL_LN000098_24,LN000098,interest_accrual,2028-02-05,2028-02-05,1132,Interest Receivable,69.79,0.0,69.79
AE_ACCRUAL_LN000098_24_CR,ACCRUAL_LN000098_24,LN000098,interest_accrual,2028-02-05,2028-02-05,6011,Interest Income,0.0,69.79,-69.79
AE_ACCRUAL_LN000099_01_DR,ACCRUAL_LN000099_01,LN000099,interest_accrual,2026-04-28,2026-04-28,1132,Interest Receivable,129.67,0.0,129.67
AE_ACCRUAL_LN000099_01_CR,ACCRUAL_LN000099_01,LN000099,interest_accrual,2026-04-28,2026-04-28,6011,Interest Income,0.0,129.67,-129.67
AE_ACCRUAL_LN000099_02_DR,ACCRUAL_LN000099_02,LN000099,interest_accrual,2026-05-28,2026-05-28,1132,Interest Receivable,129.67,0.0,129.67
AE_ACCRUAL_LN000099_02_CR,ACCRUAL_LN000099_02,LN000099,interest_accrual,2026-05-28,2026-05-28,6011,Interest Income,0.0,129.67,-129.67
AE_ACCRUAL_LN000099_03_DR,ACCRUAL_LN000099_03,LN000099,interest_accrual,2026-06-28,2026-06-28,1132,Interest Receivable,129.67,0.0,129.67
AE_ACCRUAL_LN000099_03_CR,ACCRUAL_LN000099_03,LN000099,interest_accrual,2026-06-28,2026-06-28,6011,Interest Income,0.0,129.67,-129.67
AE_ACCRUAL_LN000099_04_DR,ACCRUAL_LN000099_04,LN000099,interest_accrual,2026-07-28,2026-07-28,1132,Interest Receivable,129.67,0.0,129.67
AE_ACCRUAL_LN000099_04_CR,ACCRUAL_LN000099_04,LN000099,interest_accrual,2026-07-28,2026-07-28,6011,Interest Income,0.0,129.67,-129.67
AE_ACCRUAL_LN000099_05_DR,ACCRUAL_LN000099_05,LN000099,interest_accrual,2026-08-28,2026-08-28,1132,Interest Receivable,129.67,0.0,129.67
AE_ACCRUAL_LN000099_05_CR,ACCRUAL_LN000099_05,LN000099,interest_accrual,2026-08-28,2026-08-28,6011,Interest Income,0.0,129.67,-129.67
AE_ACCRUAL_LN000099_06_DR,ACCRUAL_LN000099_06,LN000099,interest_accrual,2026-09-28,2026-09-28,1132,Interest Receivable,129.67,0.0,129.67
AE_ACCRUAL_LN000099_06_CR,ACCRUAL_LN000099_06,LN000099,interest_accrual,2026-09-28,2026-09-28,6011,Interest Income,0.0,129.67,-129.67
AE_ACCRUAL_LN000099_07_DR,ACCRUAL_LN000099_07,LN000099,interest_accrual,2026-10-28,2026-10-28,1132,Interest Receivable,129.67,0.0,129.67
AE_ACCRUAL_LN000099_07_CR,ACCRUAL_LN000099_07,LN000099,interest_accrual,2026-10-28,2026-10-28,6011,Interest Income,0.0,129.67,-129.67
AE_ACCRUAL_LN000099_08_DR,ACCRUAL_LN000099_08,LN000099,interest_accrual,2026-11-28,2026-11-28,1132,Interest Receivable,129.67,0.0,129.67
AE_ACCRUAL_LN000099_08_CR,ACCRUAL_LN000099_08,LN000099,interest_accrual,2026-11-28,2026-11-28,6011,Interest Income,0.0,129.67,-129.67
AE_ACCRUAL_LN000099_09_DR,ACCRUAL_LN000099_09,LN000099,interest_accrual,2026-12-28,2026-12-28,1132,Interest Receivable,129.67,0.0,129.67
AE_ACCRUAL_LN000099_09_CR,ACCRUAL_LN000099_09,LN000099,interest_accrual,2026-12-28,2026-12-28,6011,Interest Income,0.0,129.67,-129.67
AE_ACCRUAL_LN000099_10_DR,ACCRUAL_LN000099_10,LN000099,interest_accrual,2027-01-28,2027-01-28,1132,Interest Receivable,129.67,0.0,129.67
AE_ACCRUAL_LN000099_10_CR,ACCRUAL_LN000099_10,LN000099,interest_accrual,2027-01-28,2027-01-28,6011,Interest Income,0.0,129.67,-129.67
AE_ACCRUAL_LN000099_11_DR,ACCRUAL_LN000099_11,LN000099,interest_accrual,2027-02-28,2027-02-28,1132,Interest Receivable,129.67,0.0,129.67
AE_ACCRUAL_LN000099_11_CR,ACCRUAL_LN000099_11,LN000099,interest_accrual,2027-02-28,2027-02-28,6011,Interest Income,0.0,129.67,-129.67
AE_ACCRUAL_LN000099_12_DR,ACCRUAL_LN000099_12,LN000099,interest_accrual,2027-03-28,2027-03-28,1132,Interest Receivable,129.67,0.0,129.67
AE_ACCRUAL_LN000099_12_CR,ACCRUAL_LN000099_12,LN000099,interest_accrual,2027-03-28,2027-03-28,6011,Interest Income,0.0,129.67,-129.67
AE_ACCRUAL_LN000099_13_DR,ACCRUAL_LN000099_13,LN000099,interest_accrual,2027-04-28,2027-04-28,1132,Interest Receivable,129.67,0.0,129.67
AE_ACCRUAL_LN000099_13_CR,ACCRUAL_LN000099_13,LN000099,interest_accrual,2027-04-28,2027-04-28,6011,Interest Income,0.0,129.67,-129.67
AE_ACCRUAL_LN000099_14_DR,ACCRUAL_LN000099_14,LN000099,interest_accrual,2027-05-28,2027-05-28,1132,Interest Receivable,129.67,0.0,129.67
AE_ACCRUAL_LN000099_14_CR,ACCRUAL_LN000099_14,LN000099,interest_accrual,2027-05-28,2027-05-28,6011,Interest Income,0.0,129.67,-129.67
AE_ACCRUAL_LN000099_15_DR,ACCRUAL_LN000099_15,LN000099,interest_accrual,2027-06-28,2027-06-28,1132,Interest Receivable,129.67,0.0,129.67
AE_ACCRUAL_LN000099_15_CR,ACCRUAL_LN000099_15,LN000099,interest_accrual,2027-06-28,2027-06-28,6011,Interest Income,0.0,129.67,-129.67
AE_ACCRUAL_LN000099_16_DR,ACCRUAL_LN000099_16,LN000099,interest_accrual,2027-07-28,2027-07-28,1132,Interest Receivable,129.67,0.0,129.67
AE_ACCRUAL_LN000099_16_CR,ACCRUAL_LN000099_16,LN000099,interest_accrual,2027-07-28,2027-07-28,6011,Interest Income,0.0,129.67,-129.67
AE_ACCRUAL_LN000099_17_DR,ACCRUAL_LN000099_17,LN000099,interest_accrual,2027-08-28,2027-08-28,1132,Interest Receivable,129.67,0.0,129.67
AE_ACCRUAL_LN000099_17_CR,ACCRUAL_LN000099_17,LN000099,interest_accrual,2027-08-28,2027-08-28,6011,Interest Income,0.0,129.67,-129.67
AE_ACCRUAL_LN000099_18_DR,ACCRUAL_LN000099_18,LN000099,interest_accrual,2027-09-28,2027-09-28,1132,Interest Receivable,129.67,0.0,129.67
AE_ACCRUAL_LN000099_18_CR,ACCRUAL_LN000099_18,LN000099,interest_accrual,2027-09-28,2027-09-28,6011,Interest Income,0.0,129.67,-129.67
AE_ACCRUAL_LN000100_01_DR,ACCRUAL_LN000100_01,LN000100,interest_accrual,2026-02-03,2026-02-03,1132,Interest Receivable,487.25,0.0,487.25
AE_ACCRUAL_LN000100_01_CR,ACCRUAL_LN000100_01,LN000100,interest_accrual,2026-02-03,2026-02-03,6011,Interest Income,0.0,487.25,-487.25
AE_ACCRUAL_LN000100_02_DR,ACCRUAL_LN000100_02,LN000100,interest_accrual,2026-03-03,2026-03-03,1132,Interest Receivable,487.25,0.0,487.25
AE_ACCRUAL_LN000100_02_CR,ACCRUAL_LN000100_02,LN000100,interest_accrual,2026-03-03,2026-03-03,6011,Interest Income,0.0,487.25,-487.25
AE_ACCRUAL_LN000100_03_DR,ACCRUAL_LN000100_03,LN000100,interest_accrual,2026-04-03,2026-04-03,1132,Interest Receivable,487.25,0.0,487.25
AE_ACCRUAL_LN000100_03_CR,ACCRUAL_LN000100_03,LN000100,interest_accrual,2026-04-03,2026-04-03,6011,Interest Income,0.0,487.25,-487.25
AE_ACCRUAL_LN000100_04_DR,ACCRUAL_LN000100_04,LN000100,interest_accrual,2026-05-03,2026-05-03,1132,Interest Receivable,487.25,0.0,487.25
AE_ACCRUAL_LN000100_04_CR,ACCRUAL_LN000100_04,LN000100,interest_accrual,2026-05-03,2026-05-03,6011,Interest Income,0.0,487.25,-487.25
AE_ACCRUAL_LN000100_05_DR,ACCRUAL_LN000100_05,LN000100,interest_accrual,2026-06-03,2026-06-03,1132,Interest Receivable,487.25,0.0,487.25
AE_ACCRUAL_LN000100_05_CR,ACCRUAL_LN000100_05,LN000100,interest_accrual,2026-06-03,2026-06-03,6011,Interest Income,0.0,487.25,-487.25
AE_ACCRUAL_LN000100_06_DR,ACCRUAL_LN000100_06,LN000100,interest_accrual,2026-07-03,2026-07-03,1132,Interest Receivable,487.25,0.0,487.25
AE_ACCRUAL_LN000100_06_CR,ACCRUAL_LN000100_06,LN000100,interest_accrual,2026-07-03,2026-07-03,6011,Interest Income,0.0,487.25,-487.25
AE_ACCRUAL_LN000100_07_DR,ACCRUAL_LN000100_07,LN000100,interest_accrual,2026-08-03,2026-08-03,1132,Interest Receivable,487.25,0.0,487.25
AE_ACCRUAL_LN000100_07_CR,ACCRUAL_LN000100_07,LN000100,interest_accrual,2026-08-03,2026-08-03,6011,Interest Income,0.0,487.25,-487.25
AE_ACCRUAL_LN000100_08_DR,ACCRUAL_LN000100_08,LN000100,interest_accrual,2026-09-03,2026-09-03,1132,Interest Receivable,487.25,0.0,487.25
AE_ACCRUAL_LN000100_08_CR,ACCRUAL_LN000100_08,LN000100,interest_accrual,2026-09-03,2026-09-03,6011,Interest Income,0.0,487.25,-487.25
AE_ACCRUAL_LN000100_09_DR,ACCRUAL_LN000100_09,LN000100,interest_accrual,2026-10-03,2026-10-03,1132,Interest Receivable,487.25,0.0,487.25
AE_ACCRUAL_LN000100_09_CR,ACCRUAL_LN000100_09,LN000100,interest_accrual,2026-10-03,2026-10-03,6011,Interest Income,0.0,487.25,-487.25
AE_ACCRUAL_LN000100_10_DR,ACCRUAL_LN000100_10,LN000100,interest_accrual,2026-11-03,2026-11-03,1132,Interest Receivable,487.25,0.0,487.25
AE_ACCRUAL_LN000100_10_CR,ACCRUAL_LN000100_10,LN000100,interest_accrual,2026-11-03,2026-11-03,6011,Interest Income,0.0,487.25,-487.25
AE_ACCRUAL_LN000100_11_DR,ACCRUAL_LN000100_11,LN000100,interest_accrual,2026-12-03,2026-12-03,1132,Interest Receivable,487.25,0.0,487.25
AE_ACCRUAL_LN000100_11_CR,ACCRUAL_LN000100_11,LN000100,interest_accrual,2026-12-03,2026-12-03,6011,Interest Income,0.0,487.25,-487.25
AE_ACCRUAL_LN000100_12_DR,ACCRUAL_LN000100_12,LN000100,interest_accrual,2027-01-03,2027-01-03,1132,Interest Receivable,487.25,0.0,487.25
AE_ACCRUAL_LN000100_12_CR,ACCRUAL_LN000100_12,LN000100,interest_accrual,2027-01-03,2027-01-03,6011,Interest Income,0.0,487.25,-487.25
AE_ACCRUAL_LN000100_13_DR,ACCRUAL_LN000100_13,LN000100,interest_accrual,2027-02-03,2027-02-03,1132,Interest Receivable,487.25,0.0,487.25
AE_ACCRUAL_LN000100_13_CR,ACCRUAL_LN000100_13,LN000100,interest_accrual,2027-02-03,2027-02-03,6011,Interest Income,0.0,487.25,-487.25
AE_ACCRUAL_LN000100_14_DR,ACCRUAL_LN000100_14,LN000100,interest_accrual,2027-03-03,2027-03-03,1132,Interest Receivable,487.25,0.0,487.25
AE_ACCRUAL_LN000100_14_CR,ACCRUAL_LN000100_14,LN000100,interest_accrual,2027-03-03,2027-03-03,6011,Interest Income,0.0,487.25,-487.25
AE_ACCRUAL_LN000100_15_DR,ACCRUAL_LN000100_15,LN000100,interest_accrual,2027-04-03,2027-04-03,1132,Interest Receivable,487.25,0.0,487.25
AE_ACCRUAL_LN000100_15_CR,ACCRUAL_LN000100_15,LN000100,interest_accrual,2027-04-03,2027-04-03,6011,Interest Income,0.0,487.25,-487.25
AE_ACCRUAL_LN000100_16_DR,ACCRUAL_LN000100_16,LN000100,interest_accrual,2027-05-03,2027-05-03,1132,Interest Receivable,487.25,0.0,487.25
AE_ACCRUAL_LN000100_16_CR,ACCRUAL_LN000100_16,LN000100,interest_accrual,2027-05-03,2027-05-03,6011,Interest Income,0.0,487.25,-487.25
AE_ACCRUAL_LN000100_17_DR,ACCRUAL_LN000100_17,LN000100,interest_accrual,2027-06-03,2027-06-03,1132,Interest Receivable,487.25,0.0,487.25
AE_ACCRUAL_LN000100_17_CR,ACCRUAL_LN000100_17,LN000100,interest_accrual,2027-06-03,2027-06-03,6011,Interest Income,0.0,487.25,-487.25
AE_ACCRUAL_LN000100_18_DR,ACCRUAL_LN000100_18,LN000100,interest_accrual,2027-07-03,2027-07-03,1132,Interest Receivable,487.25,0.0,487.25
AE_ACCRUAL_LN000100_18_CR,ACCRUAL_LN000100_18,LN000100,interest_accrual,2027-07-03,2027-07-03,6011,Interest Income,0.0,487.25,-487.25
AE_ACCRUAL_LN000100_19_DR,ACCRUAL_LN000100_19,LN000100,interest_accrual,2027-08-03,2027-08-03,1132,Interest Receivable,487.25,0.0,487.25
AE_ACCRUAL_LN000100_19_CR,ACCRUAL_LN000100_19,LN000100,interest_accrual,2027-08-03,2027-08-03,6011,Interest Income,0.0,487.25,-487.25
AE_ACCRUAL_LN000100_20_DR,ACCRUAL_LN000100_20,LN000100,interest_accrual,2027-09-03,2027-09-03,1132,Interest Receivable,487.25,0.0,487.25
AE_ACCRUAL_LN000100_20_CR,ACCRUAL_LN000100_20,LN000100,interest_accrual,2027-09-03,2027-09-03,6011,Interest Income,0.0,487.25,-487.25
AE_ACCRUAL_LN000100_21_DR,ACCRUAL_LN000100_21,LN000100,interest_accrual,2027-10-03,2027-10-03,1132,Interest Receivable,487.25,0.0,487.25
AE_ACCRUAL_LN000100_21_CR,ACCRUAL_LN000100_21,LN000100,interest_accrual,2027-10-03,2027-10-03,6011,Interest Income,0.0,487.25,-487.25
AE_ACCRUAL_LN000100_22_DR,ACCRUAL_LN000100_22,LN000100,interest_accrual,2027-11-03,2027-11-03,1132,Interest Receivable,487.25,0.0,487.25
AE_ACCRUAL_LN000100_22_CR,ACCRUAL_LN000100_22,LN000100,interest_accrual,2027-11-03,2027-11-03,6011,Interest Income,0.0,487.25,-487.25
AE_ACCRUAL_LN000100_23_DR,ACCRUAL_LN000100_23,LN000100,interest_accrual,2027-12-03,2027-12-03,1132,Interest Receivable,487.25,0.0,487.25
AE_ACCRUAL_LN000100_23_CR,ACCRUAL_LN000100_23,LN000100,interest_accrual,2027-12-03,2027-12-03,6011,Interest Income,0.0,487.25,-487.25
AE_ACCRUAL_LN000100_24_DR,ACCRUAL_LN000100_24,LN000100,interest_accrual,2028-01-03,2028-01-03,1132,Interest Receivable,487.25,0.0,487.25
AE_ACCRUAL_LN000100_24_CR,ACCRUAL_LN000100_24,LN000100,interest_accrual,2028-01-03,2028-01-03,6011,Interest Income,0.0,487.25,-487.25
AE_REPAY_LN000001_01_DR_BANK,REPAY_LN000001_01,LN000001,repayment,2026-02-17,2026-02-17,1002,Bank Deposit,1945.67,0.0,1945.67
AE_REPAY_LN000001_01_CR_PRINCIPAL,REPAY_LN000001_01,LN000001,repayment,2026-02-17,2026-02-17,1301,Loans Receivable,0.0,1666.67,-1666.67
AE_REPAY_LN000001_01_CR_INTEREST,REPAY_LN000001_01,LN000001,repayment,2026-02-17,2026-02-17,1132,Interest Receivable,0.0,279.0,-279.0
AE_REPAY_LN000001_02_DR_BANK,REPAY_LN000001_02,LN000001,repayment,2026-03-17,2026-03-17,1002,Bank Deposit,1945.67,0.0,1945.67
AE_REPAY_LN000001_02_CR_PRINCIPAL,REPAY_LN000001_02,LN000001,repayment,2026-03-17,2026-03-17,1301,Loans Receivable,0.0,1666.67,-1666.67
AE_REPAY_LN000001_02_CR_INTEREST,REPAY_LN000001_02,LN000001,repayment,2026-03-17,2026-03-17,1132,Interest Receivable,0.0,279.0,-279.0
AE_REPAY_LN000001_03_DR_BANK,REPAY_LN000001_03,LN000001,repayment,2026-04-15,2026-04-15,1002,Bank Deposit,1945.67,0.0,1945.67
AE_REPAY_LN000001_03_CR_PRINCIPAL,REPAY_LN000001_03,LN000001,repayment,2026-04-15,2026-04-15,1301,Loans Receivable,0.0,1666.67,-1666.67
AE_REPAY_LN000001_03_CR_INTEREST,REPAY_LN000001_03,LN000001,repayment,2026-04-15,2026-04-15,1132,Interest Receivable,0.0,279.0,-279.0
AE_REPAY_LN000003_01_DR_BANK,REPAY_LN000003_01,LN000003,repayment,2026-03-06,2026-03-06,1002,Bank Deposit,741.25,0.0,741.25
AE_REPAY_LN000003_01_CR_PRINCIPAL,REPAY_LN000003_01,LN000003,repayment,2026-03-06,2026-03-06,1301,Loans Receivable,0.0,625.0,-625.0
AE_REPAY_LN000003_01_CR_INTEREST,REPAY_LN000003_01,LN000003,repayment,2026-03-06,2026-03-06,1132,Interest Receivable,0.0,116.25,-116.25
AE_REPAY_LN000003_02_DR_BANK,REPAY_LN000003_02,LN000003,repayment,2026-04-06,2026-04-06,1002,Bank Deposit,741.25,0.0,741.25
AE_REPAY_LN000003_02_CR_PRINCIPAL,REPAY_LN000003_02,LN000003,repayment,2026-04-06,2026-04-06,1301,Loans Receivable,0.0,625.0,-625.0
AE_REPAY_LN000003_02_CR_INTEREST,REPAY_LN000003_02,LN000003,repayment,2026-04-06,2026-04-06,1132,Interest Receivable,0.0,116.25,-116.25
AE_REPAY_LN000003_03_DR_BANK,REPAY_LN000003_03,LN000003,repayment,2026-05-08,2026-05-08,1002,Bank Deposit,741.25,0.0,741.25
AE_REPAY_LN000003_03_CR_PRINCIPAL,REPAY_LN000003_03,LN000003,repayment,2026-05-08,2026-05-08,1301,Loans Receivable,0.0,625.0,-625.0
AE_REPAY_LN000003_03_CR_INTEREST,REPAY_LN000003_03,LN000003,repayment,2026-05-08,2026-05-08,1132,Interest Receivable,0.0,116.25,-116.25
AE_REPAY_LN000004_01_DR_BANK,REPAY_LN000004_01,LN000004,repayment,2026-03-28,2026-03-28,1002,Bank Deposit,1127.45,0.0,1127.45
AE_REPAY_LN000004_01_CR_PRINCIPAL,REPAY_LN000004_01,LN000004,repayment,2026-03-28,2026-03-28,1301,Loans Receivable,0.0,833.33,-833.33
AE_REPAY_LN000004_01_CR_INTEREST,REPAY_LN000004_01,LN000004,repayment,2026-03-28,2026-03-28,1132,Interest Receivable,0.0,294.12,-294.12
AE_REPAY_LN000004_02_DR_BANK,REPAY_LN000004_02,LN000004,repayment,2026-04-28,2026-04-28,1002,Bank Deposit,1127.45,0.0,1127.45
AE_REPAY_LN000004_02_CR_PRINCIPAL,REPAY_LN000004_02,LN000004,repayment,2026-04-28,2026-04-28,1301,Loans Receivable,0.0,833.33,-833.33
AE_REPAY_LN000004_02_CR_INTEREST,REPAY_LN000004_02,LN000004,repayment,2026-04-28,2026-04-28,1132,Interest Receivable,0.0,294.12,-294.12
AE_REPAY_LN000005_01_DR_BANK,REPAY_LN000005_01,LN000005,repayment,2026-02-04,2026-02-04,1002,Bank Deposit,1901.84,0.0,1901.84
AE_REPAY_LN000005_01_CR_PRINCIPAL,REPAY_LN000005_01,LN000005,repayment,2026-02-04,2026-02-04,1301,Loans Receivable,0.0,1666.67,-1666.67
AE_REPAY_LN000005_01_CR_INTEREST,REPAY_LN000005_01,LN000005,repayment,2026-02-04,2026-02-04,1132,Interest Receivable,0.0,235.17,-235.17
AE_REPAY_LN000007_01_DR_BANK,REPAY_LN000007_01,LN000007,repayment,2026-04-14,2026-04-14,1002,Bank Deposit,603.09,0.0,603.09
AE_REPAY_LN000007_01_CR_PRINCIPAL,REPAY_LN000007_01,LN000007,repayment,2026-04-14,2026-04-14,1301,Loans Receivable,0.0,416.67,-416.67
AE_REPAY_LN000007_01_CR_INTEREST,REPAY_LN000007_01,LN000007,repayment,2026-04-14,2026-04-14,1132,Interest Receivable,0.0,186.42,-186.42
AE_REPAY_LN000007_02_DR_BANK,REPAY_LN000007_02,LN000007,repayment,2026-05-13,2026-05-13,1002,Bank Deposit,603.09,0.0,603.09
AE_REPAY_LN000007_02_CR_PRINCIPAL,REPAY_LN000007_02,LN000007,repayment,2026-05-13,2026-05-13,1301,Loans Receivable,0.0,416.67,-416.67
AE_REPAY_LN000007_02_CR_INTEREST,REPAY_LN000007_02,LN000007,repayment,2026-05-13,2026-05-13,1132,Interest Receivable,0.0,186.42,-186.42
AE_REPAY_LN000007_03_DR_BANK,REPAY_LN000007_03,LN000007,repayment,2026-06-13,2026-06-13,1002,Bank Deposit,603.09,0.0,603.09
AE_REPAY_LN000007_03_CR_PRINCIPAL,REPAY_LN000007_03,LN000007,repayment,2026-06-13,2026-06-13,1301,Loans Receivable,0.0,416.67,-416.67
AE_REPAY_LN000007_03_CR_INTEREST,REPAY_LN000007_03,LN000007,repayment,2026-06-13,2026-06-13,1132,Interest Receivable,0.0,186.42,-186.42
AE_REPAY_LN000008_01_DR_BANK,REPAY_LN000008_01,LN000008,repayment,2026-02-08,2026-02-08,1002,Bank Deposit,1366.62,0.0,1366.62
AE_REPAY_LN000008_01_CR_PRINCIPAL,REPAY_LN000008_01,LN000008,repayment,2026-02-08,2026-02-08,1301,Loans Receivable,0.0,1250.0,-1250.0
AE_REPAY_LN000008_01_CR_INTEREST,REPAY_LN000008_01,LN000008,repayment,2026-02-08,2026-02-08,1132,Interest Receivable,0.0,116.62,-116.62
AE_REPAY_LN000009_01_DR_BANK,REPAY_LN000009_01,LN000009,repayment,2026-04-16,2026-04-16,1002,Bank Deposit,1727.25,0.0,1727.25
AE_REPAY_LN000009_01_CR_PRINCIPAL,REPAY_LN000009_01,LN000009,repayment,2026-04-16,2026-04-16,1301,Loans Receivable,0.0,1250.0,-1250.0
AE_REPAY_LN000009_01_CR_INTEREST,REPAY_LN000009_01,LN000009,repayment,2026-04-16,2026-04-16,1132,Interest Receivable,0.0,477.25,-477.25
AE_REPAY_LN000011_01_DR_BANK,REPAY_LN000011_01,LN000011,repayment,2026-03-15,2026-03-15,1002,Bank Deposit,291.25,0.0,291.25
AE_REPAY_LN000011_01_CR_PRINCIPAL,REPAY_LN000011_01,LN000011,repayment,2026-03-15,2026-03-15,1301,Loans Receivable,0.0,208.33,-208.33
AE_REPAY_LN000011_01_CR_INTEREST,REPAY_LN000011_01,LN000011,repayment,2026-03-15,2026-03-15,1132,Interest Receivable,0.0,82.92,-82.92
AE_REPAY_LN000011_02_DR_BANK,REPAY_LN000011_02,LN000011,repayment,2026-04-13,2026-04-13,1002,Bank Deposit,291.25,0.0,291.25
AE_REPAY_LN000011_02_CR_PRINCIPAL,REPAY_LN000011_02,LN000011,repayment,2026-04-13,2026-04-13,1301,Loans Receivable,0.0,208.33,-208.33
AE_REPAY_LN000011_02_CR_INTEREST,REPAY_LN000011_02,LN000011,repayment,2026-04-13,2026-04-13,1132,Interest Receivable,0.0,82.92,-82.92
AE_REPAY_LN000011_03_DR_BANK,REPAY_LN000011_03,LN000011,repayment,2026-05-14,2026-05-14,1002,Bank Deposit,291.25,0.0,291.25
AE_REPAY_LN000011_03_CR_PRINCIPAL,REPAY_LN000011_03,LN000011,repayment,2026-05-14,2026-05-14,1301,Loans Receivable,0.0,208.33,-208.33
AE_REPAY_LN000011_03_CR_INTEREST,REPAY_LN000011_03,LN000011,repayment,2026-05-14,2026-05-14,1132,Interest Receivable,0.0,82.92,-82.92
AE_REPAY_LN000012_01_DR_BANK,REPAY_LN000012_01,LN000012,repayment,2026-03-04,2026-03-04,1002,Bank Deposit,894.41,0.0,894.41
AE_REPAY_LN000012_01_CR_PRINCIPAL,REPAY_LN000012_01,LN000012,repayment,2026-03-04,2026-03-04,1301,Loans Receivable,0.0,833.33,-833.33
AE_REPAY_LN000012_01_CR_INTEREST,REPAY_LN000012_01,LN000012,repayment,2026-03-04,2026-03-04,1132,Interest Receivable,0.0,61.08,-61.08
AE_REPAY_LN000013_01_DR_BANK,REPAY_LN000013_01,LN000013,repayment,2026-04-15,2026-04-15,1002,Bank Deposit,273.69,0.0,273.69
AE_REPAY_LN000013_01_CR_PRINCIPAL,REPAY_LN000013_01,LN000013,repayment,2026-04-15,2026-04-15,1301,Loans Receivable,0.0,222.22,-222.22
AE_REPAY_LN000013_01_CR_INTEREST,REPAY_LN000013_01,LN000013,repayment,2026-04-15,2026-04-15,1132,Interest Receivable,0.0,51.47,-51.47
AE_REPAY_LN000013_02_DR_BANK,REPAY_LN000013_02,LN000013,repayment,2026-05-16,2026-05-16,1002,Bank Deposit,273.69,0.0,273.69
AE_REPAY_LN000013_02_CR_PRINCIPAL,REPAY_LN000013_02,LN000013,repayment,2026-05-16,2026-05-16,1301,Loans Receivable,0.0,222.22,-222.22
AE_REPAY_LN000013_02_CR_INTEREST,REPAY_LN000013_02,LN000013,repayment,2026-05-16,2026-05-16,1132,Interest Receivable,0.0,51.47,-51.47
AE_REPAY_LN000014_01_DR_BANK,REPAY_LN000014_01,LN000014,repayment,2026-04-08,2026-04-08,1002,Bank Deposit,1365.33,0.0,1365.33
AE_REPAY_LN000014_01_CR_PRINCIPAL,REPAY_LN000014_01,LN000014,repayment,2026-04-08,2026-04-08,1301,Loans Receivable,0.0,833.33,-833.33
AE_REPAY_LN000014_01_CR_INTEREST,REPAY_LN000014_01,LN000014,repayment,2026-04-08,2026-04-08,1132,Interest Receivable,0.0,532.0,-532.0
AE_REPAY_LN000014_02_DR_BANK,REPAY_LN000014_02,LN000014,repayment,2026-05-07,2026-05-07,1002,Bank Deposit,1365.33,0.0,1365.33
AE_REPAY_LN000014_02_CR_PRINCIPAL,REPAY_LN000014_02,LN000014,repayment,2026-05-07,2026-05-07,1301,Loans Receivable,0.0,833.33,-833.33
AE_REPAY_LN000014_02_CR_INTEREST,REPAY_LN000014_02,LN000014,repayment,2026-05-07,2026-05-07,1132,Interest Receivable,0.0,532.0,-532.0
AE_REPAY_LN000015_01_DR_BANK,REPAY_LN000015_01,LN000015,repayment,2026-04-22,2026-04-22,1002,Bank Deposit,537.17,0.0,537.17
AE_REPAY_LN000015_01_CR_PRINCIPAL,REPAY_LN000015_01,LN000015,repayment,2026-04-22,2026-04-22,1301,Loans Receivable,0.0,444.44,-444.44
AE_REPAY_LN000015_01_CR_INTEREST,REPAY_LN000015_01,LN000015,repayment,2026-04-22,2026-04-22,1132,Interest Receivable,0.0,92.73,-92.73
AE_REPAY_LN000015_02_DR_BANK,REPAY_LN000015_02,LN000015,repayment,2026-05-20,2026-05-20,1002,Bank Deposit,537.17,0.0,537.17
AE_REPAY_LN000015_02_CR_PRINCIPAL,REPAY_LN000015_02,LN000015,repayment,2026-05-20,2026-05-20,1301,Loans Receivable,0.0,444.44,-444.44
AE_REPAY_LN000015_02_CR_INTEREST,REPAY_LN000015_02,LN000015,repayment,2026-05-20,2026-05-20,1132,Interest Receivable,0.0,92.73,-92.73
AE_REPAY_LN000015_03_DR_BANK,REPAY_LN000015_03,LN000015,repayment,2026-06-22,2026-06-22,1002,Bank Deposit,537.17,0.0,537.17
AE_REPAY_LN000015_03_CR_PRINCIPAL,REPAY_LN000015_03,LN000015,repayment,2026-06-22,2026-06-22,1301,Loans Receivable,0.0,444.44,-444.44
AE_REPAY_LN000015_03_CR_INTEREST,REPAY_LN000015_03,LN000015,repayment,2026-06-22,2026-06-22,1132,Interest Receivable,0.0,92.73,-92.73
AE_REPAY_LN000016_01_DR_BANK,REPAY_LN000016_01,LN000016,repayment,2026-02-04,2026-02-04,1002,Bank Deposit,817.56,0.0,817.56
AE_REPAY_LN000016_01_CR_PRINCIPAL,REPAY_LN000016_01,LN000016,repayment,2026-02-04,2026-02-04,1301,Loans Receivable,0.0,555.56,-555.56
AE_REPAY_LN000016_01_CR_INTEREST,REPAY_LN000016_01,LN000016,repayment,2026-02-04,2026-02-04,1132,Interest Receivable,0.0,262.0,-262.0
AE_REPAY_LN000016_02_DR_BANK,REPAY_LN000016_02,LN000016,repayment,2026-03-06,2026-03-06,1002,Bank Deposit,817.56,0.0,817.56
AE_REPAY_LN000016_02_CR_PRINCIPAL,REPAY_LN000016_02,LN000016,repayment,2026-03-06,2026-03-06,1301,Loans Receivable,0.0,555.56,-555.56
AE_REPAY_LN000016_02_CR_INTEREST,REPAY_LN000016_02,LN000016,repayment,2026-03-06,2026-03-06,1132,Interest Receivable,0.0,262.0,-262.0
AE_REPAY_LN000016_03_DR_BANK,REPAY_LN000016_03,LN000016,repayment,2026-04-05,2026-04-05,1002,Bank Deposit,817.56,0.0,817.56
AE_REPAY_LN000016_03_CR_PRINCIPAL,REPAY_LN000016_03,LN000016,repayment,2026-04-05,2026-04-05,1301,Loans Receivable,0.0,555.56,-555.56
AE_REPAY_LN000016_03_CR_INTEREST,REPAY_LN000016_03,LN000016,repayment,2026-04-05,2026-04-05,1132,Interest Receivable,0.0,262.0,-262.0
AE_REPAY_LN000017_01_DR_BANK,REPAY_LN000017_01,LN000017,repayment,2026-04-14,2026-04-14,1002,Bank Deposit,3046.25,0.0,3046.25
AE_REPAY_LN000017_01_CR_PRINCIPAL,REPAY_LN000017_01,LN000017,repayment,2026-04-14,2026-04-14,1301,Loans Receivable,0.0,2500.0,-2500.0
AE_REPAY_LN000017_01_CR_INTEREST,REPAY_LN000017_01,LN000017,repayment,2026-04-14,2026-04-14,1132,Interest Receivable,0.0,546.25,-546.25
AE_REPAY_LN000017_02_DR_BANK,REPAY_LN000017_02,LN000017,repayment,2026-05-13,2026-05-13,1002,Bank Deposit,3046.25,0.0,3046.25
AE_REPAY_LN000017_02_CR_PRINCIPAL,REPAY_LN000017_02,LN000017,repayment,2026-05-13,2026-05-13,1301,Loans Receivable,0.0,2500.0,-2500.0
AE_REPAY_LN000017_02_CR_INTEREST,REPAY_LN000017_02,LN000017,repayment,2026-05-13,2026-05-13,1132,Interest Receivable,0.0,546.25,-546.25
AE_REPAY_LN000017_03_DR_BANK,REPAY_LN000017_03,LN000017,repayment,2026-06-13,2026-06-13,1002,Bank Deposit,3046.25,0.0,3046.25
AE_REPAY_LN000017_03_CR_PRINCIPAL,REPAY_LN000017_03,LN000017,repayment,2026-06-13,2026-06-13,1301,Loans Receivable,0.0,2500.0,-2500.0
AE_REPAY_LN000017_03_CR_INTEREST,REPAY_LN000017_03,LN000017,repayment,2026-06-13,2026-06-13,1132,Interest Receivable,0.0,546.25,-546.25
AE_REPAY_LN000018_01_DR_BANK,REPAY_LN000018_01,LN000018,repayment,2026-03-02,2026-03-02,1002,Bank Deposit,1002.08,0.0,1002.08
AE_REPAY_LN000018_01_CR_PRINCIPAL,REPAY_LN000018_01,LN000018,repayment,2026-03-02,2026-03-02,1301,Loans Receivable,0.0,833.33,-833.33
AE_REPAY_LN000018_01_CR_INTEREST,REPAY_LN000018_01,LN000018,repayment,2026-03-02,2026-03-02,1132,Interest Receivable,0.0,168.75,-168.75
AE_REPAY_LN000018_02_DR_BANK,REPAY_LN000018_02,LN000018,repayment,2026-03-29,2026-03-29,1002,Bank Deposit,1002.08,0.0,1002.08
AE_REPAY_LN000018_02_CR_PRINCIPAL,REPAY_LN000018_02,LN000018,repayment,2026-03-29,2026-03-29,1301,Loans Receivable,0.0,833.33,-833.33
AE_REPAY_LN000018_02_CR_INTEREST,REPAY_LN000018_02,LN000018,repayment,2026-03-29,2026-03-29,1132,Interest Receivable,0.0,168.75,-168.75
AE_REPAY_LN000020_01_DR_BANK,REPAY_LN000020_01,LN000020,repayment,2026-04-15,2026-04-15,1002,Bank Deposit,1916.67,0.0,1916.67
AE_REPAY_LN000020_01_CR_PRINCIPAL,REPAY_LN000020_01,LN000020,repayment,2026-04-15,2026-04-15,1301,Loans Receivable,0.0,1666.67,-1666.67
AE_REPAY_LN000020_01_CR_INTEREST,REPAY_LN000020_01,LN000020,repayment,2026-04-15,2026-04-15,1132,Interest Receivable,0.0,250.0,-250.0
AE_REPAY_LN000020_02_DR_BANK,REPAY_LN000020_02,LN000020,repayment,2026-05-13,2026-05-13,1002,Bank Deposit,1916.67,0.0,1916.67
AE_REPAY_LN000020_02_CR_PRINCIPAL,REPAY_LN000020_02,LN000020,repayment,2026-05-13,2026-05-13,1301,Loans Receivable,0.0,1666.67,-1666.67
AE_REPAY_LN000020_02_CR_INTEREST,REPAY_LN000020_02,LN000020,repayment,2026-05-13,2026-05-13,1132,Interest Receivable,0.0,250.0,-250.0
AE_REPAY_LN000022_01_DR_BANK,REPAY_LN000022_01,LN000022,repayment,2026-03-10,2026-03-10,1002,Bank Deposit,869.45,0.0,869.45
AE_REPAY_LN000022_01_CR_PRINCIPAL,REPAY_LN000022_01,LN000022,repayment,2026-03-10,2026-03-10,1301,Loans Receivable,0.0,833.33,-833.33
AE_REPAY_LN000022_01_CR_INTEREST,REPAY_LN000022_01,LN000022,repayment,2026-03-10,2026-03-10,1132,Interest Receivable,0.0,36.12,-36.12
AE_REPAY_LN000022_02_DR_BANK,REPAY_LN000022_02,LN000022,repayment,2026-04-08,2026-04-08,1002,Bank Deposit,869.45,0.0,869.45
AE_REPAY_LN000022_02_CR_PRINCIPAL,REPAY_LN000022_02,LN000022,repayment,2026-04-08,2026-04-08,1301,Loans Receivable,0.0,833.33,-833.33
AE_REPAY_LN000022_02_CR_INTEREST,REPAY_LN000022_02,LN000022,repayment,2026-04-08,2026-04-08,1132,Interest Receivable,0.0,36.12,-36.12
AE_REPAY_LN000024_01_DR_BANK,REPAY_LN000024_01,LN000024,repayment,2026-03-14,2026-03-14,1002,Bank Deposit,1509.0,0.0,1509.0
AE_REPAY_LN000024_01_CR_PRINCIPAL,REPAY_LN000024_01,LN000024,repayment,2026-03-14,2026-03-14,1301,Loans Receivable,0.0,1250.0,-1250.0
AE_REPAY_LN000024_01_CR_INTEREST,REPAY_LN000024_01,LN000024,repayment,2026-03-14,2026-03-14,1132,Interest Receivable,0.0,259.0,-259.0
AE_REPAY_LN000026_01_DR_BANK,REPAY_LN000026_01,LN000026,repayment,2026-03-30,2026-03-30,1002,Bank Deposit,1190.83,0.0,1190.83
AE_REPAY_LN000026_01_CR_PRINCIPAL,REPAY_LN000026_01,LN000026,repayment,2026-03-30,2026-03-30,1301,Loans Receivable,0.0,833.33,-833.33
AE_REPAY_LN000026_01_CR_INTEREST,REPAY_LN000026_01,LN000026,repayment,2026-03-30,2026-03-30,1132,Interest Receivable,0.0,357.5,-357.5
AE_REPAY_LN000026_02_DR_BANK,REPAY_LN000026_02,LN000026,repayment,2026-04-30,2026-04-30,1002,Bank Deposit,1190.83,0.0,1190.83
AE_REPAY_LN000026_02_CR_PRINCIPAL,REPAY_LN000026_02,LN000026,repayment,2026-04-30,2026-04-30,1301,Loans Receivable,0.0,833.33,-833.33
AE_REPAY_LN000026_02_CR_INTEREST,REPAY_LN000026_02,LN000026,repayment,2026-04-30,2026-04-30,1132,Interest Receivable,0.0,357.5,-357.5
AE_REPAY_LN000027_01_DR_BANK,REPAY_LN000027_01,LN000027,repayment,2026-05-02,2026-05-02,1002,Bank Deposit,519.0,0.0,519.0
AE_REPAY_LN000027_01_CR_PRINCIPAL,REPAY_LN000027_01,LN000027,repayment,2026-05-02,2026-05-02,1301,Loans Receivable,0.0,416.67,-416.67
AE_REPAY_LN000027_01_CR_INTEREST,REPAY_LN000027_01,LN000027,repayment,2026-05-02,2026-05-02,1132,Interest Receivable,0.0,102.33,-102.33
AE_REPAY_LN000027_02_DR_BANK,REPAY_LN000027_02,LN000027,repayment,2026-05-31,2026-05-31,1002,Bank Deposit,519.0,0.0,519.0
AE_REPAY_LN000027_02_CR_PRINCIPAL,REPAY_LN000027_02,LN000027,repayment,2026-05-31,2026-05-31,1301,Loans Receivable,0.0,416.67,-416.67
AE_REPAY_LN000027_02_CR_INTEREST,REPAY_LN000027_02,LN000027,repayment,2026-05-31,2026-05-31,1132,Interest Receivable,0.0,102.33,-102.33
AE_REPAY_LN000027_03_DR_BANK,REPAY_LN000027_03,LN000027,repayment,2026-07-01,2026-07-01,1002,Bank Deposit,519.0,0.0,519.0
AE_REPAY_LN000027_03_CR_PRINCIPAL,REPAY_LN000027_03,LN000027,repayment,2026-07-01,2026-07-01,1301,Loans Receivable,0.0,416.67,-416.67
AE_REPAY_LN000027_03_CR_INTEREST,REPAY_LN000027_03,LN000027,repayment,2026-07-01,2026-07-01,1132,Interest Receivable,0.0,102.33,-102.33
AE_REPAY_LN000028_01_DR_BANK,REPAY_LN000028_01,LN000028,repayment,2026-03-08,2026-03-08,1002,Bank Deposit,909.0,0.0,909.0
AE_REPAY_LN000028_01_CR_PRINCIPAL,REPAY_LN000028_01,LN000028,repayment,2026-03-08,2026-03-08,1301,Loans Receivable,0.0,833.33,-833.33
AE_REPAY_LN000028_01_CR_INTEREST,REPAY_LN000028_01,LN000028,repayment,2026-03-08,2026-03-08,1132,Interest Receivable,0.0,75.67,-75.67
AE_REPAY_LN000028_02_DR_BANK,REPAY_LN000028_02,LN000028,repayment,2026-04-10,2026-04-10,1002,Bank Deposit,909.0,0.0,909.0
AE_REPAY_LN000028_02_CR_PRINCIPAL,REPAY_LN000028_02,LN000028,repayment,2026-04-10,2026-04-10,1301,Loans Receivable,0.0,833.33,-833.33
AE_REPAY_LN000028_02_CR_INTEREST,REPAY_LN000028_02,LN000028,repayment,2026-04-10,2026-04-10,1132,Interest Receivable,0.0,75.67,-75.67
AE_REPAY_LN000029_01_DR_BANK,REPAY_LN000029_01,LN000029,repayment,2026-02-28,2026-02-28,1002,Bank Deposit,917.58,0.0,917.58
AE_REPAY_LN000029_01_CR_PRINCIPAL,REPAY_LN000029_01,LN000029,repayment,2026-02-28,2026-02-28,1301,Loans Receivable,0.0,833.33,-833.33
AE_REPAY_LN000029_01_CR_INTEREST,REPAY_LN000029_01,LN000029,repayment,2026-02-28,2026-02-28,1132,Interest Receivable,0.0,84.25,-84.25
AE_REPAY_LN000029_02_DR_BANK,REPAY_LN000029_02,LN000029,repayment,2026-04-01,2026-04-01,1002,Bank Deposit,917.58,0.0,917.58
AE_REPAY_LN000029_02_CR_PRINCIPAL,REPAY_LN000029_02,LN000029,repayment,2026-04-01,2026-04-01,1301,Loans Receivable,0.0,833.33,-833.33
AE_REPAY_LN000029_02_CR_INTEREST,REPAY_LN000029_02,LN000029,repayment,2026-04-01,2026-04-01,1132,Interest Receivable,0.0,84.25,-84.25
AE_REPAY_LN000030_01_DR_BANK,REPAY_LN000030_01,LN000030,repayment,2026-02-02,2026-02-02,1002,Bank Deposit,1387.08,0.0,1387.08
AE_REPAY_LN000030_01_CR_PRINCIPAL,REPAY_LN000030_01,LN000030,repayment,2026-02-02,2026-02-02,1301,Loans Receivable,0.0,833.33,-833.33
AE_REPAY_LN000030_01_CR_INTEREST,REPAY_LN000030_01,LN000030,repayment,2026-02-02,2026-02-02,1132,Interest Receivable,0.0,553.75,-553.75
AE_REPAY_LN000030_02_DR_BANK,REPAY_LN000030_02,LN000030,repayment,2026-03-02,2026-03-02,1002,Bank Deposit,1387.08,0.0,1387.08
AE_REPAY_LN000030_02_CR_PRINCIPAL,REPAY_LN000030_02,LN000030,repayment,2026-03-02,2026-03-02,1301,Loans Receivable,0.0,833.33,-833.33
AE_REPAY_LN000030_02_CR_INTEREST,REPAY_LN000030_02,LN000030,repayment,2026-03-02,2026-03-02,1132,Interest Receivable,0.0,553.75,-553.75
AE_REPAY_LN000030_03_DR_BANK,REPAY_LN000030_03,LN000030,repayment,2026-04-02,2026-04-02,1002,Bank Deposit,1387.08,0.0,1387.08
AE_REPAY_LN000030_03_CR_PRINCIPAL,REPAY_LN000030_03,LN000030,repayment,2026-04-02,2026-04-02,1301,Loans Receivable,0.0,833.33,-833.33
AE_REPAY_LN000030_03_CR_INTEREST,REPAY_LN000030_03,LN000030,repayment,2026-04-02,2026-04-02,1132,Interest Receivable,0.0,553.75,-553.75
AE_REPAY_LN000031_01_DR_BANK,REPAY_LN000031_01,LN000031,repayment,2026-02-20,2026-02-20,1002,Bank Deposit,1845.09,0.0,1845.09
AE_REPAY_LN000031_01_CR_PRINCIPAL,REPAY_LN000031_01,LN000031,repayment,2026-02-20,2026-02-20,1301,Loans Receivable,0.0,1666.67,-1666.67
AE_REPAY_LN000031_01_CR_INTEREST,REPAY_LN000031_01,LN000031,repayment,2026-02-20,2026-02-20,1132,Interest Receivable,0.0,178.42,-178.42
AE_REPAY_LN000031_02_DR_BANK,REPAY_LN000031_02,LN000031,repayment,2026-03-21,2026-03-21,1002,Bank Deposit,1845.09,0.0,1845.09
AE_REPAY_LN000031_02_CR_PRINCIPAL,REPAY_LN000031_02,LN000031,repayment,2026-03-21,2026-03-21,1301,Loans Receivable,0.0,1666.67,-1666.67
AE_REPAY_LN000031_02_CR_INTEREST,REPAY_LN000031_02,LN000031,repayment,2026-03-21,2026-03-21,1132,Interest Receivable,0.0,178.42,-178.42
AE_REPAY_LN000031_03_DR_BANK,REPAY_LN000031_03,LN000031,repayment,2026-04-21,2026-04-21,1002,Bank Deposit,1845.09,0.0,1845.09
AE_REPAY_LN000031_03_CR_PRINCIPAL,REPAY_LN000031_03,LN000031,repayment,2026-04-21,2026-04-21,1301,Loans Receivable,0.0,1666.67,-1666.67
AE_REPAY_LN000031_03_CR_INTEREST,REPAY_LN000031_03,LN000031,repayment,2026-04-21,2026-04-21,1132,Interest Receivable,0.0,178.42,-178.42
AE_REPAY_LN000032_01_DR_BANK,REPAY_LN000032_01,LN000032,repayment,2026-04-13,2026-04-13,1002,Bank Deposit,2705.62,0.0,2705.62
AE_REPAY_LN000032_01_CR_PRINCIPAL,REPAY_LN000032_01,LN000032,repayment,2026-04-13,2026-04-13,1301,Loans Receivable,0.0,2500.0,-2500.0
AE_REPAY_LN000032_01_CR_INTEREST,REPAY_LN000032_01,LN000032,repayment,2026-04-13,2026-04-13,1132,Interest Receivable,0.0,205.62,-205.62
AE_REPAY_LN000035_01_DR_BANK,REPAY_LN000035_01,LN000035,repayment,2026-04-17,2026-04-17,1002,Bank Deposit,1102.58,0.0,1102.58
AE_REPAY_LN000035_01_CR_PRINCIPAL,REPAY_LN000035_01,LN000035,repayment,2026-04-17,2026-04-17,1301,Loans Receivable,0.0,833.33,-833.33
AE_REPAY_LN000035_01_CR_INTEREST,REPAY_LN000035_01,LN000035,repayment,2026-04-17,2026-04-17,1132,Interest Receivable,0.0,269.25,-269.25
AE_REPAY_LN000035_02_DR_BANK,REPAY_LN000035_02,LN000035,repayment,2026-05-18,2026-05-18,1002,Bank Deposit,1102.58,0.0,1102.58
AE_REPAY_LN000035_02_CR_PRINCIPAL,REPAY_LN000035_02,LN000035,repayment,2026-05-18,2026-05-18,1301,Loans Receivable,0.0,833.33,-833.33
AE_REPAY_LN000035_02_CR_INTEREST,REPAY_LN000035_02,LN000035,repayment,2026-05-18,2026-05-18,1132,Interest Receivable,0.0,269.25,-269.25
AE_REPAY_LN000035_03_DR_BANK,REPAY_LN000035_03,LN000035,repayment,2026-06-19,2026-06-19,1002,Bank Deposit,1102.58,0.0,1102.58
AE_REPAY_LN000035_03_CR_PRINCIPAL,REPAY_LN000035_03,LN000035,repayment,2026-06-19,2026-06-19,1301,Loans Receivable,0.0,833.33,-833.33
AE_REPAY_LN000035_03_CR_INTEREST,REPAY_LN000035_03,LN000035,repayment,2026-06-19,2026-06-19,1132,Interest Receivable,0.0,269.25,-269.25
AE_REPAY_LN000036_01_DR_BANK,REPAY_LN000036_01,LN000036,repayment,2026-02-21,2026-02-21,1002,Bank Deposit,2725.5,0.0,2725.5
AE_REPAY_LN000036_01_CR_PRINCIPAL,REPAY_LN000036_01,LN000036,repayment,2026-02-21,2026-02-21,1301,Loans Receivable,0.0,2500.0,-2500.0
AE_REPAY_LN000036_01_CR_INTEREST,REPAY_LN000036_01,LN000036,repayment,2026-02-21,2026-02-21,1132,Interest Receivable,0.0,225.5,-225.5
AE_REPAY_LN000036_02_DR_BANK,REPAY_LN000036_02,LN000036,repayment,2026-03-23,2026-03-23,1002,Bank Deposit,2725.5,0.0,2725.5
AE_REPAY_LN000036_02_CR_PRINCIPAL,REPAY_LN000036_02,LN000036,repayment,2026-03-23,2026-03-23,1301,Loans Receivable,0.0,2500.0,-2500.0
AE_REPAY_LN000036_02_CR_INTEREST,REPAY_LN000036_02,LN000036,repayment,2026-03-23,2026-03-23,1132,Interest Receivable,0.0,225.5,-225.5
AE_REPAY_LN000038_01_DR_BANK,REPAY_LN000038_01,LN000038,repayment,2026-03-17,2026-03-17,1002,Bank Deposit,439.95,0.0,439.95
AE_REPAY_LN000038_01_CR_PRINCIPAL,REPAY_LN000038_01,LN000038,repayment,2026-03-17,2026-03-17,1301,Loans Receivable,0.0,277.78,-277.78
AE_REPAY_LN000038_01_CR_INTEREST,REPAY_LN000038_01,LN000038,repayment,2026-03-17,2026-03-17,1132,Interest Receivable,0.0,162.17,-162.17
AE_REPAY_LN000038_02_DR_BANK,REPAY_LN000038_02,LN000038,repayment,2026-04-15,2026-04-15,1002,Bank Deposit,439.95,0.0,439.95
AE_REPAY_LN000038_02_CR_PRINCIPAL,REPAY_LN000038_02,LN000038,repayment,2026-04-15,2026-04-15,1301,Loans Receivable,0.0,277.78,-277.78
AE_REPAY_LN000038_02_CR_INTEREST,REPAY_LN000038_02,LN000038,repayment,2026-04-15,2026-04-15,1132,Interest Receivable,0.0,162.17,-162.17
AE_REPAY_LN000039_01_DR_BANK,REPAY_LN000039_01,LN000039,repayment,2026-03-24,2026-03-24,1002,Bank Deposit,683.55,0.0,683.55
AE_REPAY_LN000039_01_CR_PRINCIPAL,REPAY_LN000039_01,LN000039,repayment,2026-03-24,2026-03-24,1301,Loans Receivable,0.0,416.67,-416.67
AE_REPAY_LN000039_01_CR_INTEREST,REPAY_LN000039_01,LN000039,repayment,2026-03-24,2026-03-24,1132,Interest Receivable,0.0,266.88,-266.88
AE_REPAY_LN000039_02_DR_BANK,REPAY_LN000039_02,LN000039,repayment,2026-04-23,2026-04-23,1002,Bank Deposit,683.55,0.0,683.55
AE_REPAY_LN000039_02_CR_PRINCIPAL,REPAY_LN000039_02,LN000039,repayment,2026-04-23,2026-04-23,1301,Loans Receivable,0.0,416.67,-416.67
AE_REPAY_LN000039_02_CR_INTEREST,REPAY_LN000039_02,LN000039,repayment,2026-04-23,2026-04-23,1132,Interest Receivable,0.0,266.88,-266.88
AE_REPAY_LN000039_03_DR_BANK,REPAY_LN000039_03,LN000039,repayment,2026-05-23,2026-05-23,1002,Bank Deposit,683.55,0.0,683.55
AE_REPAY_LN000039_03_CR_PRINCIPAL,REPAY_LN000039_03,LN000039,repayment,2026-05-23,2026-05-23,1301,Loans Receivable,0.0,416.67,-416.67
AE_REPAY_LN000039_03_CR_INTEREST,REPAY_LN000039_03,LN000039,repayment,2026-05-23,2026-05-23,1132,Interest Receivable,0.0,266.88,-266.88
AE_REPAY_LN000041_01_DR_BANK,REPAY_LN000041_01,LN000041,repayment,2026-02-02,2026-02-02,1002,Bank Deposit,174.14,0.0,174.14
AE_REPAY_LN000041_01_CR_PRINCIPAL,REPAY_LN000041_01,LN000041,repayment,2026-02-02,2026-02-02,1301,Loans Receivable,0.0,138.89,-138.89
AE_REPAY_LN000041_01_CR_INTEREST,REPAY_LN000041_01,LN000041,repayment,2026-02-02,2026-02-02,1132,Interest Receivable,0.0,35.25,-35.25
AE_REPAY_LN000041_02_DR_BANK,REPAY_LN000041_02,LN000041,repayment,2026-03-03,2026-03-03,1002,Bank Deposit,174.14,0.0,174.14
AE_REPAY_LN000041_02_CR_PRINCIPAL,REPAY_LN000041_02,LN000041,repayment,2026-03-03,2026-03-03,1301,Loans Receivable,0.0,138.89,-138.89
AE_REPAY_LN000041_02_CR_INTEREST,REPAY_LN000041_02,LN000041,repayment,2026-03-03,2026-03-03,1132,Interest Receivable,0.0,35.25,-35.25
AE_REPAY_LN000043_01_DR_BANK,REPAY_LN000043_01,LN000043,repayment,2026-04-07,2026-04-07,1002,Bank Deposit,1758.0,0.0,1758.0
AE_REPAY_LN000043_01_CR_PRINCIPAL,REPAY_LN000043_01,LN000043,repayment,2026-04-07,2026-04-07,1301,Loans Receivable,0.0,1250.0,-1250.0
AE_REPAY_LN000043_01_CR_INTEREST,REPAY_LN000043_01,LN000043,repayment,2026-04-07,2026-04-07,1132,Interest Receivable,0.0,508.0,-508.0
AE_REPAY_LN000043_02_DR_BANK,REPAY_LN000043_02,LN000043,repayment,2026-05-05,2026-05-05,1002,Bank Deposit,1758.0,0.0,1758.0
AE_REPAY_LN000043_02_CR_PRINCIPAL,REPAY_LN000043_02,LN000043,repayment,2026-05-05,2026-05-05,1301,Loans Receivable,0.0,1250.0,-1250.0
AE_REPAY_LN000043_02_CR_INTEREST,REPAY_LN000043_02,LN000043,repayment,2026-05-05,2026-05-05,1132,Interest Receivable,0.0,508.0,-508.0
AE_REPAY_LN000044_01_DR_BANK,REPAY_LN000044_01,LN000044,repayment,2026-03-03,2026-03-03,1002,Bank Deposit,2797.75,0.0,2797.75
AE_REPAY_LN000044_01_CR_PRINCIPAL,REPAY_LN000044_01,LN000044,repayment,2026-03-03,2026-03-03,1301,Loans Receivable,0.0,2500.0,-2500.0
AE_REPAY_LN000044_01_CR_INTEREST,REPAY_LN000044_01,LN000044,repayment,2026-03-03,2026-03-03,1132,Interest Receivable,0.0,297.75,-297.75
AE_REPAY_LN000044_02_DR_BANK,REPAY_LN000044_02,LN000044,repayment,2026-04-03,2026-04-03,1002,Bank Deposit,2797.75,0.0,2797.75
AE_REPAY_LN000044_02_CR_PRINCIPAL,REPAY_LN000044_02,LN000044,repayment,2026-04-03,2026-04-03,1301,Loans Receivable,0.0,2500.0,-2500.0
AE_REPAY_LN000044_02_CR_INTEREST,REPAY_LN000044_02,LN000044,repayment,2026-04-03,2026-04-03,1132,Interest Receivable,0.0,297.75,-297.75
AE_REPAY_LN000044_03_DR_BANK,REPAY_LN000044_03,LN000044,repayment,2026-05-01,2026-05-01,1002,Bank Deposit,2797.75,0.0,2797.75
AE_REPAY_LN000044_03_CR_PRINCIPAL,REPAY_LN000044_03,LN000044,repayment,2026-05-01,2026-05-01,1301,Loans Receivable,0.0,2500.0,-2500.0
AE_REPAY_LN000044_03_CR_INTEREST,REPAY_LN000044_03,LN000044,repayment,2026-05-01,2026-05-01,1132,Interest Receivable,0.0,297.75,-297.75
AE_REPAY_LN000045_01_DR_BANK,REPAY_LN000045_01,LN000045,repayment,2026-03-29,2026-03-29,1002,Bank Deposit,305.57,0.0,305.57
AE_REPAY_LN000045_01_CR_PRINCIPAL,REPAY_LN000045_01,LN000045,repayment,2026-03-29,2026-03-29,1301,Loans Receivable,0.0,277.78,-277.78
AE_REPAY_LN000045_01_CR_INTEREST,REPAY_LN000045_01,LN000045,repayment,2026-03-29,2026-03-29,1132,Interest Receivable,0.0,27.79,-27.79
AE_REPAY_LN000046_01_DR_BANK,REPAY_LN000046_01,LN000046,repayment,2026-03-22,2026-03-22,1002,Bank Deposit,840.12,0.0,840.12
AE_REPAY_LN000046_01_CR_PRINCIPAL,REPAY_LN000046_01,LN000046,repayment,2026-03-22,2026-03-22,1301,Loans Receivable,0.0,625.0,-625.0
AE_REPAY_LN000046_01_CR_INTEREST,REPAY_LN000046_01,LN000046,repayment,2026-03-22,2026-03-22,1132,Interest Receivable,0.0,215.12,-215.12
AE_REPAY_LN000046_02_DR_BANK,REPAY_LN000046_02,LN000046,repayment,2026-04-24,2026-04-24,1002,Bank Deposit,840.12,0.0,840.12
AE_REPAY_LN000046_02_CR_PRINCIPAL,REPAY_LN000046_02,LN000046,repayment,2026-04-24,2026-04-24,1301,Loans Receivable,0.0,625.0,-625.0
AE_REPAY_LN000046_02_CR_INTEREST,REPAY_LN000046_02,LN000046,repayment,2026-04-24,2026-04-24,1132,Interest Receivable,0.0,215.12,-215.12
AE_REPAY_LN000047_01_DR_BANK,REPAY_LN000047_01,LN000047,repayment,2026-03-24,2026-03-24,1002,Bank Deposit,2057.5,0.0,2057.5
AE_REPAY_LN000047_01_CR_PRINCIPAL,REPAY_LN000047_01,LN000047,repayment,2026-03-24,2026-03-24,1301,Loans Receivable,0.0,1666.67,-1666.67
AE_REPAY_LN000047_01_CR_INTEREST,REPAY_LN000047_01,LN000047,repayment,2026-03-24,2026-03-24,1132,Interest Receivable,0.0,390.83,-390.83
AE_REPAY_LN000047_02_DR_BANK,REPAY_LN000047_02,LN000047,repayment,2026-04-25,2026-04-25,1002,Bank Deposit,2057.5,0.0,2057.5
AE_REPAY_LN000047_02_CR_PRINCIPAL,REPAY_LN000047_02,LN000047,repayment,2026-04-25,2026-04-25,1301,Loans Receivable,0.0,1666.67,-1666.67
AE_REPAY_LN000047_02_CR_INTEREST,REPAY_LN000047_02,LN000047,repayment,2026-04-25,2026-04-25,1132,Interest Receivable,0.0,390.83,-390.83
AE_REPAY_LN000048_01_DR_BANK,REPAY_LN000048_01,LN000048,repayment,2026-04-06,2026-04-06,1002,Bank Deposit,271.62,0.0,271.62
AE_REPAY_LN000048_01_CR_PRINCIPAL,REPAY_LN000048_01,LN000048,repayment,2026-04-06,2026-04-06,1301,Loans Receivable,0.0,222.22,-222.22
AE_REPAY_LN000048_01_CR_INTEREST,REPAY_LN000048_01,LN000048,repayment,2026-04-06,2026-04-06,1132,Interest Receivable,0.0,49.4,-49.4
AE_REPAY_LN000048_02_DR_BANK,REPAY_LN000048_02,LN000048,repayment,2026-05-06,2026-05-06,1002,Bank Deposit,271.62,0.0,271.62
AE_REPAY_LN000048_02_CR_PRINCIPAL,REPAY_LN000048_02,LN000048,repayment,2026-05-06,2026-05-06,1301,Loans Receivable,0.0,222.22,-222.22
AE_REPAY_LN000048_02_CR_INTEREST,REPAY_LN000048_02,LN000048,repayment,2026-05-06,2026-05-06,1132,Interest Receivable,0.0,49.4,-49.4
AE_REPAY_LN000049_01_DR_BANK,REPAY_LN000049_01,LN000049,repayment,2026-02-25,2026-02-25,1002,Bank Deposit,1417.0,0.0,1417.0
AE_REPAY_LN000049_01_CR_PRINCIPAL,REPAY_LN000049_01,LN000049,repayment,2026-02-25,2026-02-25,1301,Loans Receivable,0.0,1250.0,-1250.0
AE_REPAY_LN000049_01_CR_INTEREST,REPAY_LN000049_01,LN000049,repayment,2026-02-25,2026-02-25,1132,Interest Receivable,0.0,167.0,-167.0
AE_REPAY_LN000049_02_DR_BANK,REPAY_LN000049_02,LN000049,repayment,2026-03-25,2026-03-25,1002,Bank Deposit,1417.0,0.0,1417.0
AE_REPAY_LN000049_02_CR_PRINCIPAL,REPAY_LN000049_02,LN000049,repayment,2026-03-25,2026-03-25,1301,Loans Receivable,0.0,1250.0,-1250.0
AE_REPAY_LN000049_02_CR_INTEREST,REPAY_LN000049_02,LN000049,repayment,2026-03-25,2026-03-25,1132,Interest Receivable,0.0,167.0,-167.0
AE_REPAY_LN000051_01_DR_BANK,REPAY_LN000051_01,LN000051,repayment,2026-04-08,2026-04-08,1002,Bank Deposit,1830.34,0.0,1830.34
AE_REPAY_LN000051_01_CR_PRINCIPAL,REPAY_LN000051_01,LN000051,repayment,2026-04-08,2026-04-08,1301,Loans Receivable,0.0,1666.67,-1666.67
AE_REPAY_LN000051_01_CR_INTEREST,REPAY_LN000051_01,LN000051,repayment,2026-04-08,2026-04-08,1132,Interest Receivable,0.0,163.67,-163.67
AE_REPAY_LN000052_01_DR_BANK,REPAY_LN000052_01,LN000052,repayment,2026-03-15,2026-03-15,1002,Bank Deposit,1424.08,0.0,1424.08
AE_REPAY_LN000052_01_CR_PRINCIPAL,REPAY_LN000052_01,LN000052,repayment,2026-03-15,2026-03-15,1301,Loans Receivable,0.0,833.33,-833.33
AE_REPAY_LN000052_01_CR_INTEREST,REPAY_LN000052_01,LN000052,repayment,2026-03-15,2026-03-15,1132,Interest Receivable,0.0,590.75,-590.75
AE_REPAY_LN000052_02_DR_BANK,REPAY_LN000052_02,LN000052,repayment,2026-04-16,2026-04-16,1002,Bank Deposit,1424.08,0.0,1424.08
AE_REPAY_LN000052_02_CR_PRINCIPAL,REPAY_LN000052_02,LN000052,repayment,2026-04-16,2026-04-16,1301,Loans Receivable,0.0,833.33,-833.33
AE_REPAY_LN000052_02_CR_INTEREST,REPAY_LN000052_02,LN000052,repayment,2026-04-16,2026-04-16,1132,Interest Receivable,0.0,590.75,-590.75
AE_REPAY_LN000052_03_DR_BANK,REPAY_LN000052_03,LN000052,repayment,2026-05-16,2026-05-16,1002,Bank Deposit,1424.08,0.0,1424.08
AE_REPAY_LN000052_03_CR_PRINCIPAL,REPAY_LN000052_03,LN000052,repayment,2026-05-16,2026-05-16,1301,Loans Receivable,0.0,833.33,-833.33
AE_REPAY_LN000052_03_CR_INTEREST,REPAY_LN000052_03,LN000052,repayment,2026-05-16,2026-05-16,1132,Interest Receivable,0.0,590.75,-590.75
AE_REPAY_LN000054_01_DR_BANK,REPAY_LN000054_01,LN000054,repayment,2026-04-10,2026-04-10,1002,Bank Deposit,1409.25,0.0,1409.25
AE_REPAY_LN000054_01_CR_PRINCIPAL,REPAY_LN000054_01,LN000054,repayment,2026-04-10,2026-04-10,1301,Loans Receivable,0.0,1250.0,-1250.0
AE_REPAY_LN000054_01_CR_INTEREST,REPAY_LN000054_01,LN000054,repayment,2026-04-10,2026-04-10,1132,Interest Receivable,0.0,159.25,-159.25
AE_REPAY_LN000054_02_DR_BANK,REPAY_LN000054_02,LN000054,repayment,2026-05-11,2026-05-11,1002,Bank Deposit,1409.25,0.0,1409.25
AE_REPAY_LN000054_02_CR_PRINCIPAL,REPAY_LN000054_02,LN000054,repayment,2026-05-11,2026-05-11,1301,Loans Receivable,0.0,1250.0,-1250.0
AE_REPAY_LN000054_02_CR_INTEREST,REPAY_LN000054_02,LN000054,repayment,2026-05-11,2026-05-11,1132,Interest Receivable,0.0,159.25,-159.25
AE_REPAY_LN000056_01_DR_BANK,REPAY_LN000056_01,LN000056,repayment,2026-03-06,2026-03-06,1002,Bank Deposit,363.61,0.0,363.61
AE_REPAY_LN000056_01_CR_PRINCIPAL,REPAY_LN000056_01,LN000056,repayment,2026-03-06,2026-03-06,1301,Loans Receivable,0.0,277.78,-277.78
AE_REPAY_LN000056_01_CR_INTEREST,REPAY_LN000056_01,LN000056,repayment,2026-03-06,2026-03-06,1132,Interest Receivable,0.0,85.83,-85.83
AE_REPAY_LN000058_01_DR_BANK,REPAY_LN000058_01,LN000058,repayment,2026-02-01,2026-02-01,1002,Bank Deposit,1455.26,0.0,1455.26
AE_REPAY_LN000058_01_CR_PRINCIPAL,REPAY_LN000058_01,LN000058,repayment,2026-02-01,2026-02-01,1301,Loans Receivable,0.0,1333.33,-1333.33
AE_REPAY_LN000058_01_CR_INTEREST,REPAY_LN000058_01,LN000058,repayment,2026-02-01,2026-02-01,1132,Interest Receivable,0.0,121.93,-121.93
AE_REPAY_LN000058_02_DR_BANK,REPAY_LN000058_02,LN000058,repayment,2026-03-02,2026-03-02,1002,Bank Deposit,1455.26,0.0,1455.26
AE_REPAY_LN000058_02_CR_PRINCIPAL,REPAY_LN000058_02,LN000058,repayment,2026-03-02,2026-03-02,1301,Loans Receivable,0.0,1333.33,-1333.33
AE_REPAY_LN000058_02_CR_INTEREST,REPAY_LN000058_02,LN000058,repayment,2026-03-02,2026-03-02,1132,Interest Receivable,0.0,121.93,-121.93
AE_REPAY_LN000058_03_DR_BANK,REPAY_LN000058_03,LN000058,repayment,2026-04-03,2026-04-03,1002,Bank Deposit,1455.26,0.0,1455.26
AE_REPAY_LN000058_03_CR_PRINCIPAL,REPAY_LN000058_03,LN000058,repayment,2026-04-03,2026-04-03,1301,Loans Receivable,0.0,1333.33,-1333.33
AE_REPAY_LN000058_03_CR_INTEREST,REPAY_LN000058_03,LN000058,repayment,2026-04-03,2026-04-03,1132,Interest Receivable,0.0,121.93,-121.93
AE_REPAY_LN000059_01_DR_BANK,REPAY_LN000059_01,LN000059,repayment,2026-04-15,2026-04-15,1002,Bank Deposit,404.6,0.0,404.6
AE_REPAY_LN000059_01_CR_PRINCIPAL,REPAY_LN000059_01,LN000059,repayment,2026-04-15,2026-04-15,1301,Loans Receivable,0.0,333.33,-333.33
AE_REPAY_LN000059_01_CR_INTEREST,REPAY_LN000059_01,LN000059,repayment,2026-04-15,2026-04-15,1132,Interest Receivable,0.0,71.27,-71.27
AE_REPAY_LN000059_02_DR_BANK,REPAY_LN000059_02,LN000059,repayment,2026-05-16,2026-05-16,1002,Bank Deposit,404.6,0.0,404.6
AE_REPAY_LN000059_02_CR_PRINCIPAL,REPAY_LN000059_02,LN000059,repayment,2026-05-16,2026-05-16,1301,Loans Receivable,0.0,333.33,-333.33
AE_REPAY_LN000059_02_CR_INTEREST,REPAY_LN000059_02,LN000059,repayment,2026-05-16,2026-05-16,1132,Interest Receivable,0.0,71.27,-71.27
AE_REPAY_LN000059_03_DR_BANK,REPAY_LN000059_03,LN000059,repayment,2026-06-16,2026-06-16,1002,Bank Deposit,404.6,0.0,404.6
AE_REPAY_LN000059_03_CR_PRINCIPAL,REPAY_LN000059_03,LN000059,repayment,2026-06-16,2026-06-16,1301,Loans Receivable,0.0,333.33,-333.33
AE_REPAY_LN000059_03_CR_INTEREST,REPAY_LN000059_03,LN000059,repayment,2026-06-16,2026-06-16,1132,Interest Receivable,0.0,71.27,-71.27
AE_REPAY_LN000060_01_DR_BANK,REPAY_LN000060_01,LN000060,repayment,2026-03-01,2026-03-01,1002,Bank Deposit,918.58,0.0,918.58
AE_REPAY_LN000060_01_CR_PRINCIPAL,REPAY_LN000060_01,LN000060,repayment,2026-03-01,2026-03-01,1301,Loans Receivable,0.0,833.33,-833.33
AE_REPAY_LN000060_01_CR_INTEREST,REPAY_LN000060_01,LN000060,repayment,2026-03-01,2026-03-01,1132,Interest Receivable,0.0,85.25,-85.25
AE_REPAY_LN000060_02_DR_BANK,REPAY_LN000060_02,LN000060,repayment,2026-03-29,2026-03-29,1002,Bank Deposit,918.58,0.0,918.58
AE_REPAY_LN000060_02_CR_PRINCIPAL,REPAY_LN000060_02,LN000060,repayment,2026-03-29,2026-03-29,1301,Loans Receivable,0.0,833.33,-833.33
AE_REPAY_LN000060_02_CR_INTEREST,REPAY_LN000060_02,LN000060,repayment,2026-03-29,2026-03-29,1132,Interest Receivable,0.0,85.25,-85.25
AE_REPAY_LN000060_03_DR_BANK,REPAY_LN000060_03,LN000060,repayment,2026-04-29,2026-04-29,1002,Bank Deposit,918.58,0.0,918.58
AE_REPAY_LN000060_03_CR_PRINCIPAL,REPAY_LN000060_03,LN000060,repayment,2026-04-29,2026-04-29,1301,Loans Receivable,0.0,833.33,-833.33
AE_REPAY_LN000060_03_CR_INTEREST,REPAY_LN000060_03,LN000060,repayment,2026-04-29,2026-04-29,1132,Interest Receivable,0.0,85.25,-85.25
AE_REPAY_LN000061_01_DR_BANK,REPAY_LN000061_01,LN000061,repayment,2026-02-26,2026-02-26,1002,Bank Deposit,288.21,0.0,288.21
AE_REPAY_LN000061_01_CR_PRINCIPAL,REPAY_LN000061_01,LN000061,repayment,2026-02-26,2026-02-26,1301,Loans Receivable,0.0,208.33,-208.33
AE_REPAY_LN000061_01_CR_INTEREST,REPAY_LN000061_01,LN000061,repayment,2026-02-26,2026-02-26,1132,Interest Receivable,0.0,79.88,-79.88
AE_REPAY_LN000061_02_DR_BANK,REPAY_LN000061_02,LN000061,repayment,2026-03-25,2026-03-25,1002,Bank Deposit,288.21,0.0,288.21
AE_REPAY_LN000061_02_CR_PRINCIPAL,REPAY_LN000061_02,LN000061,repayment,2026-03-25,2026-03-25,1301,Loans Receivable,0.0,208.33,-208.33
AE_REPAY_LN000061_02_CR_INTEREST,REPAY_LN000061_02,LN000061,repayment,2026-03-25,2026-03-25,1132,Interest Receivable,0.0,79.88,-79.88
AE_REPAY_LN000061_03_DR_BANK,REPAY_LN000061_03,LN000061,repayment,2026-04-25,2026-04-25,1002,Bank Deposit,288.21,0.0,288.21
AE_REPAY_LN000061_03_CR_PRINCIPAL,REPAY_LN000061_03,LN000061,repayment,2026-04-25,2026-04-25,1301,Loans Receivable,0.0,208.33,-208.33
AE_REPAY_LN000061_03_CR_INTEREST,REPAY_LN000061_03,LN000061,repayment,2026-04-25,2026-04-25,1132,Interest Receivable,0.0,79.88,-79.88
AE_REPAY_LN000062_01_DR_BANK,REPAY_LN000062_01,LN000062,repayment,2026-02-23,2026-02-23,1002,Bank Deposit,727.06,0.0,727.06
AE_REPAY_LN000062_01_CR_PRINCIPAL,REPAY_LN000062_01,LN000062,repayment,2026-02-23,2026-02-23,1301,Loans Receivable,0.0,555.56,-555.56
AE_REPAY_LN000062_01_CR_INTEREST,REPAY_LN000062_01,LN000062,repayment,2026-02-23,2026-02-23,1132,Interest Receivable,0.0,171.5,-171.5
AE_REPAY_LN000062_02_DR_BANK,REPAY_LN000062_02,LN000062,repayment,2026-03-24,2026-03-24,1002,Bank Deposit,727.06,0.0,727.06
AE_REPAY_LN000062_02_CR_PRINCIPAL,REPAY_LN000062_02,LN000062,repayment,2026-03-24,2026-03-24,1301,Loans Receivable,0.0,555.56,-555.56
AE_REPAY_LN000062_02_CR_INTEREST,REPAY_LN000062_02,LN000062,repayment,2026-03-24,2026-03-24,1132,Interest Receivable,0.0,171.5,-171.5
AE_REPAY_LN000063_01_DR_BANK,REPAY_LN000063_01,LN000063,repayment,2026-02-19,2026-02-19,1002,Bank Deposit,677.67,0.0,677.67
AE_REPAY_LN000063_01_CR_PRINCIPAL,REPAY_LN000063_01,LN000063,repayment,2026-02-19,2026-02-19,1301,Loans Receivable,0.0,416.67,-416.67
AE_REPAY_LN000063_01_CR_INTEREST,REPAY_LN000063_01,LN000063,repayment,2026-02-19,2026-02-19,1132,Interest Receivable,0.0,261.0,-261.0
AE_REPAY_LN000065_01_DR_BANK,REPAY_LN000065_01,LN000065,repayment,2026-04-10,2026-04-10,1002,Bank Deposit,205.43,0.0,205.43
AE_REPAY_LN000065_01_CR_PRINCIPAL,REPAY_LN000065_01,LN000065,repayment,2026-04-10,2026-04-10,1301,Loans Receivable,0.0,138.89,-138.89
AE_REPAY_LN000065_01_CR_INTEREST,REPAY_LN000065_01,LN000065,repayment,2026-04-10,2026-04-10,1132,Interest Receivable,0.0,66.54,-66.54
AE_REPAY_LN000067_01_DR_BANK,REPAY_LN000067_01,LN000067,repayment,2026-03-05,2026-03-05,1002,Bank Deposit,572.5,0.0,572.5
AE_REPAY_LN000067_01_CR_PRINCIPAL,REPAY_LN000067_01,LN000067,repayment,2026-03-05,2026-03-05,1301,Loans Receivable,0.0,416.67,-416.67
AE_REPAY_LN000067_01_CR_INTEREST,REPAY_LN000067_01,LN000067,repayment,2026-03-05,2026-03-05,1132,Interest Receivable,0.0,155.83,-155.83
AE_REPAY_LN000067_02_DR_BANK,REPAY_LN000067_02,LN000067,repayment,2026-04-04,2026-04-04,1002,Bank Deposit,572.5,0.0,572.5
AE_REPAY_LN000067_02_CR_PRINCIPAL,REPAY_LN000067_02,LN000067,repayment,2026-04-04,2026-04-04,1301,Loans Receivable,0.0,416.67,-416.67
AE_REPAY_LN000067_02_CR_INTEREST,REPAY_LN000067_02,LN000067,repayment,2026-04-04,2026-04-04,1132,Interest Receivable,0.0,155.83,-155.83
AE_REPAY_LN000067_03_DR_BANK,REPAY_LN000067_03,LN000067,repayment,2026-05-05,2026-05-05,1002,Bank Deposit,572.5,0.0,572.5
AE_REPAY_LN000067_03_CR_PRINCIPAL,REPAY_LN000067_03,LN000067,repayment,2026-05-05,2026-05-05,1301,Loans Receivable,0.0,416.67,-416.67
AE_REPAY_LN000067_03_CR_INTEREST,REPAY_LN000067_03,LN000067,repayment,2026-05-05,2026-05-05,1132,Interest Receivable,0.0,155.83,-155.83
AE_REPAY_LN000068_01_DR_BANK,REPAY_LN000068_01,LN000068,repayment,2026-02-16,2026-02-16,1002,Bank Deposit,2965.5,0.0,2965.5
AE_REPAY_LN000068_01_CR_PRINCIPAL,REPAY_LN000068_01,LN000068,repayment,2026-02-16,2026-02-16,1301,Loans Receivable,0.0,2500.0,-2500.0
AE_REPAY_LN000068_01_CR_INTEREST,REPAY_LN000068_01,LN000068,repayment,2026-02-16,2026-02-16,1132,Interest Receivable,0.0,465.5,-465.5
AE_REPAY_LN000068_02_DR_BANK,REPAY_LN000068_02,LN000068,repayment,2026-03-17,2026-03-17,1002,Bank Deposit,2965.5,0.0,2965.5
AE_REPAY_LN000068_02_CR_PRINCIPAL,REPAY_LN000068_02,LN000068,repayment,2026-03-17,2026-03-17,1301,Loans Receivable,0.0,2500.0,-2500.0
AE_REPAY_LN000068_02_CR_INTEREST,REPAY_LN000068_02,LN000068,repayment,2026-03-17,2026-03-17,1132,Interest Receivable,0.0,465.5,-465.5
AE_REPAY_LN000070_01_DR_BANK,REPAY_LN000070_01,LN000070,repayment,2026-04-12,2026-04-12,1002,Bank Deposit,778.75,0.0,778.75
AE_REPAY_LN000070_01_CR_PRINCIPAL,REPAY_LN000070_01,LN000070,repayment,2026-04-12,2026-04-12,1301,Loans Receivable,0.0,625.0,-625.0
AE_REPAY_LN000070_01_CR_INTEREST,REPAY_LN000070_01,LN000070,repayment,2026-04-12,2026-04-12,1132,Interest Receivable,0.0,153.75,-153.75
AE_REPAY_LN000071_01_DR_BANK,REPAY_LN000071_01,LN000071,repayment,2026-03-25,2026-03-25,1002,Bank Deposit,593.17,0.0,593.17
AE_REPAY_LN000071_01_CR_PRINCIPAL,REPAY_LN000071_01,LN000071,repayment,2026-03-25,2026-03-25,1301,Loans Receivable,0.0,444.44,-444.44
AE_REPAY_LN000071_01_CR_INTEREST,REPAY_LN000071_01,LN000071,repayment,2026-03-25,2026-03-25,1132,Interest Receivable,0.0,148.73,-148.73
AE_REPAY_LN000071_02_DR_BANK,REPAY_LN000071_02,LN000071,repayment,2026-04-23,2026-04-23,1002,Bank Deposit,593.17,0.0,593.17
AE_REPAY_LN000071_02_CR_PRINCIPAL,REPAY_LN000071_02,LN000071,repayment,2026-04-23,2026-04-23,1301,Loans Receivable,0.0,444.44,-444.44
AE_REPAY_LN000071_02_CR_INTEREST,REPAY_LN000071_02,LN000071,repayment,2026-04-23,2026-04-23,1132,Interest Receivable,0.0,148.73,-148.73
AE_REPAY_LN000072_01_DR_BANK,REPAY_LN000072_01,LN000072,repayment,2026-02-21,2026-02-21,1002,Bank Deposit,3680.16,0.0,3680.16
AE_REPAY_LN000072_01_CR_PRINCIPAL,REPAY_LN000072_01,LN000072,repayment,2026-02-21,2026-02-21,1301,Loans Receivable,0.0,3333.33,-3333.33
AE_REPAY_LN000072_01_CR_INTEREST,REPAY_LN000072_01,LN000072,repayment,2026-02-21,2026-02-21,1132,Interest Receivable,0.0,346.83,-346.83
AE_REPAY_LN000072_02_DR_BANK,REPAY_LN000072_02,LN000072,repayment,2026-03-21,2026-03-21,1002,Bank Deposit,3680.16,0.0,3680.16
AE_REPAY_LN000072_02_CR_PRINCIPAL,REPAY_LN000072_02,LN000072,repayment,2026-03-21,2026-03-21,1301,Loans Receivable,0.0,3333.33,-3333.33
AE_REPAY_LN000072_02_CR_INTEREST,REPAY_LN000072_02,LN000072,repayment,2026-03-21,2026-03-21,1132,Interest Receivable,0.0,346.83,-346.83
AE_REPAY_LN000073_01_DR_BANK,REPAY_LN000073_01,LN000073,repayment,2026-04-06,2026-04-06,1002,Bank Deposit,229.01,0.0,229.01
AE_REPAY_LN000073_01_CR_PRINCIPAL,REPAY_LN000073_01,LN000073,repayment,2026-04-06,2026-04-06,1301,Loans Receivable,0.0,138.89,-138.89
AE_REPAY_LN000073_01_CR_INTEREST,REPAY_LN000073_01,LN000073,repayment,2026-04-06,2026-04-06,1132,Interest Receivable,0.0,90.12,-90.12
AE_REPAY_LN000074_01_DR_BANK,REPAY_LN000074_01,LN000074,repayment,2026-03-15,2026-03-15,1002,Bank Deposit,752.39,0.0,752.39
AE_REPAY_LN000074_01_CR_PRINCIPAL,REPAY_LN000074_01,LN000074,repayment,2026-03-15,2026-03-15,1301,Loans Receivable,0.0,555.56,-555.56
AE_REPAY_LN000074_01_CR_INTEREST,REPAY_LN000074_01,LN000074,repayment,2026-03-15,2026-03-15,1132,Interest Receivable,0.0,196.83,-196.83
AE_REPAY_LN000076_01_DR_BANK,REPAY_LN000076_01,LN000076,repayment,2026-02-05,2026-02-05,1002,Bank Deposit,510.29,0.0,510.29
AE_REPAY_LN000076_01_CR_PRINCIPAL,REPAY_LN000076_01,LN000076,repayment,2026-02-05,2026-02-05,1301,Loans Receivable,0.0,416.67,-416.67
AE_REPAY_LN000076_01_CR_INTEREST,REPAY_LN000076_01,LN000076,repayment,2026-02-05,2026-02-05,1132,Interest Receivable,0.0,93.62,-93.62
AE_REPAY_LN000077_01_DR_BANK,REPAY_LN000077_01,LN000077,repayment,2026-03-01,2026-03-01,1002,Bank Deposit,729.27,0.0,729.27
AE_REPAY_LN000077_01_CR_PRINCIPAL,REPAY_LN000077_01,LN000077,repayment,2026-03-01,2026-03-01,1301,Loans Receivable,0.0,666.67,-666.67
AE_REPAY_LN000077_01_CR_INTEREST,REPAY_LN000077_01,LN000077,repayment,2026-03-01,2026-03-01,1132,Interest Receivable,0.0,62.6,-62.6
AE_REPAY_LN000079_01_DR_BANK,REPAY_LN000079_01,LN000079,repayment,2026-03-04,2026-03-04,1002,Bank Deposit,861.06,0.0,861.06
AE_REPAY_LN000079_01_CR_PRINCIPAL,REPAY_LN000079_01,LN000079,repayment,2026-03-04,2026-03-04,1301,Loans Receivable,0.0,555.56,-555.56
AE_REPAY_LN000079_01_CR_INTEREST,REPAY_LN000079_01,LN000079,repayment,2026-03-04,2026-03-04,1132,Interest Receivable,0.0,305.5,-305.5
AE_REPAY_LN000079_02_DR_BANK,REPAY_LN000079_02,LN000079,repayment,2026-04-03,2026-04-03,1002,Bank Deposit,861.06,0.0,861.06
AE_REPAY_LN000079_02_CR_PRINCIPAL,REPAY_LN000079_02,LN000079,repayment,2026-04-03,2026-04-03,1301,Loans Receivable,0.0,555.56,-555.56
AE_REPAY_LN000079_02_CR_INTEREST,REPAY_LN000079_02,LN000079,repayment,2026-04-03,2026-04-03,1132,Interest Receivable,0.0,305.5,-305.5
AE_REPAY_LN000081_01_DR_BANK,REPAY_LN000081_01,LN000081,repayment,2026-03-04,2026-03-04,1002,Bank Deposit,1491.8,0.0,1491.8
AE_REPAY_LN000081_01_CR_PRINCIPAL,REPAY_LN000081_01,LN000081,repayment,2026-03-04,2026-03-04,1301,Loans Receivable,0.0,1333.33,-1333.33
AE_REPAY_LN000081_01_CR_INTEREST,REPAY_LN000081_01,LN000081,repayment,2026-03-04,2026-03-04,1132,Interest Receivable,0.0,158.47,-158.47
AE_REPAY_LN000081_02_DR_BANK,REPAY_LN000081_02,LN000081,repayment,2026-04-04,2026-04-04,1002,Bank Deposit,1491.8,0.0,1491.8
AE_REPAY_LN000081_02_CR_PRINCIPAL,REPAY_LN000081_02,LN000081,repayment,2026-04-04,2026-04-04,1301,Loans Receivable,0.0,1333.33,-1333.33
AE_REPAY_LN000081_02_CR_INTEREST,REPAY_LN000081_02,LN000081,repayment,2026-04-04,2026-04-04,1132,Interest Receivable,0.0,158.47,-158.47
AE_REPAY_LN000081_03_DR_BANK,REPAY_LN000081_03,LN000081,repayment,2026-05-03,2026-05-03,1002,Bank Deposit,1491.8,0.0,1491.8
AE_REPAY_LN000081_03_CR_PRINCIPAL,REPAY_LN000081_03,LN000081,repayment,2026-05-03,2026-05-03,1301,Loans Receivable,0.0,1333.33,-1333.33
AE_REPAY_LN000081_03_CR_INTEREST,REPAY_LN000081_03,LN000081,repayment,2026-05-03,2026-05-03,1132,Interest Receivable,0.0,158.47,-158.47
AE_REPAY_LN000082_01_DR_BANK,REPAY_LN000082_01,LN000082,repayment,2026-04-05,2026-04-05,1002,Bank Deposit,454.11,0.0,454.11
AE_REPAY_LN000082_01_CR_PRINCIPAL,REPAY_LN000082_01,LN000082,repayment,2026-04-05,2026-04-05,1301,Loans Receivable,0.0,277.78,-277.78
AE_REPAY_LN000082_01_CR_INTEREST,REPAY_LN000082_01,LN000082,repayment,2026-04-05,2026-04-05,1132,Interest Receivable,0.0,176.33,-176.33
AE_REPAY_LN000082_02_DR_BANK,REPAY_LN000082_02,LN000082,repayment,2026-05-04,2026-05-04,1002,Bank Deposit,454.11,0.0,454.11
AE_REPAY_LN000082_02_CR_PRINCIPAL,REPAY_LN000082_02,LN000082,repayment,2026-05-04,2026-05-04,1301,Loans Receivable,0.0,277.78,-277.78
AE_REPAY_LN000082_02_CR_INTEREST,REPAY_LN000082_02,LN000082,repayment,2026-05-04,2026-05-04,1132,Interest Receivable,0.0,176.33,-176.33
AE_REPAY_LN000082_03_DR_BANK,REPAY_LN000082_03,LN000082,repayment,2026-06-04,2026-06-04,1002,Bank Deposit,454.11,0.0,454.11
AE_REPAY_LN000082_03_CR_PRINCIPAL,REPAY_LN000082_03,LN000082,repayment,2026-06-04,2026-06-04,1301,Loans Receivable,0.0,277.78,-277.78
AE_REPAY_LN000082_03_CR_INTEREST,REPAY_LN000082_03,LN000082,repayment,2026-06-04,2026-06-04,1132,Interest Receivable,0.0,176.33,-176.33
AE_REPAY_LN000083_01_DR_BANK,REPAY_LN000083_01,LN000083,repayment,2026-02-22,2026-02-22,1002,Bank Deposit,1294.58,0.0,1294.58
AE_REPAY_LN000083_01_CR_PRINCIPAL,REPAY_LN000083_01,LN000083,repayment,2026-02-22,2026-02-22,1301,Loans Receivable,0.0,833.33,-833.33
AE_REPAY_LN000083_01_CR_INTEREST,REPAY_LN000083_01,LN000083,repayment,2026-02-22,2026-02-22,1132,Interest Receivable,0.0,461.25,-461.25
AE_REPAY_LN000083_02_DR_BANK,REPAY_LN000083_02,LN000083,repayment,2026-03-21,2026-03-21,1002,Bank Deposit,1294.58,0.0,1294.58
AE_REPAY_LN000083_02_CR_PRINCIPAL,REPAY_LN000083_02,LN000083,repayment,2026-03-21,2026-03-21,1301,Loans Receivable,0.0,833.33,-833.33
AE_REPAY_LN000083_02_CR_INTEREST,REPAY_LN000083_02,LN000083,repayment,2026-03-21,2026-03-21,1132,Interest Receivable,0.0,461.25,-461.25
AE_REPAY_LN000083_03_DR_BANK,REPAY_LN000083_03,LN000083,repayment,2026-04-21,2026-04-21,1002,Bank Deposit,1294.58,0.0,1294.58
AE_REPAY_LN000083_03_CR_PRINCIPAL,REPAY_LN000083_03,LN000083,repayment,2026-04-21,2026-04-21,1301,Loans Receivable,0.0,833.33,-833.33
AE_REPAY_LN000083_03_CR_INTEREST,REPAY_LN000083_03,LN000083,repayment,2026-04-21,2026-04-21,1132,Interest Receivable,0.0,461.25,-461.25
AE_REPAY_LN000084_01_DR_BANK,REPAY_LN000084_01,LN000084,repayment,2026-03-22,2026-03-22,1002,Bank Deposit,2050.17,0.0,2050.17
AE_REPAY_LN000084_01_CR_PRINCIPAL,REPAY_LN000084_01,LN000084,repayment,2026-03-22,2026-03-22,1301,Loans Receivable,0.0,1666.67,-1666.67
AE_REPAY_LN000084_01_CR_INTEREST,REPAY_LN000084_01,LN000084,repayment,2026-03-22,2026-03-22,1132,Interest Receivable,0.0,383.5,-383.5
AE_REPAY_LN000085_01_DR_BANK,REPAY_LN000085_01,LN000085,repayment,2026-04-13,2026-04-13,1002,Bank Deposit,507.92,0.0,507.92
AE_REPAY_LN000085_01_CR_PRINCIPAL,REPAY_LN000085_01,LN000085,repayment,2026-04-13,2026-04-13,1301,Loans Receivable,0.0,416.67,-416.67
AE_REPAY_LN000085_01_CR_INTEREST,REPAY_LN000085_01,LN000085,repayment,2026-04-13,2026-04-13,1132,Interest Receivable,0.0,91.25,-91.25
AE_REPAY_LN000086_01_DR_BANK,REPAY_LN000086_01,LN000086,repayment,2026-03-05,2026-03-05,1002,Bank Deposit,544.24,0.0,544.24
AE_REPAY_LN000086_01_CR_PRINCIPAL,REPAY_LN000086_01,LN000086,repayment,2026-03-05,2026-03-05,1301,Loans Receivable,0.0,444.44,-444.44
AE_REPAY_LN000086_01_CR_INTEREST,REPAY_LN000086_01,LN000086,repayment,2026-03-05,2026-03-05,1132,Interest Receivable,0.0,99.8,-99.8
AE_REPAY_LN000086_02_DR_BANK,REPAY_LN000086_02,LN000086,repayment,2026-04-03,2026-04-03,1002,Bank Deposit,544.24,0.0,544.24
AE_REPAY_LN000086_02_CR_PRINCIPAL,REPAY_LN000086_02,LN000086,repayment,2026-04-03,2026-04-03,1301,Loans Receivable,0.0,444.44,-444.44
AE_REPAY_LN000086_02_CR_INTEREST,REPAY_LN000086_02,LN000086,repayment,2026-04-03,2026-04-03,1132,Interest Receivable,0.0,99.8,-99.8
AE_REPAY_LN000087_01_DR_BANK,REPAY_LN000087_01,LN000087,repayment,2026-04-06,2026-04-06,1002,Bank Deposit,1237.61,0.0,1237.61
AE_REPAY_LN000087_01_CR_PRINCIPAL,REPAY_LN000087_01,LN000087,repayment,2026-04-06,2026-04-06,1301,Loans Receivable,0.0,1111.11,-1111.11
AE_REPAY_LN000087_01_CR_INTEREST,REPAY_LN000087_01,LN000087,repayment,2026-04-06,2026-04-06,1132,Interest Receivable,0.0,126.5,-126.5
AE_REPAY_LN000087_02_DR_BANK,REPAY_LN000087_02,LN000087,repayment,2026-05-06,2026-05-06,1002,Bank Deposit,1237.61,0.0,1237.61
AE_REPAY_LN000087_02_CR_PRINCIPAL,REPAY_LN000087_02,LN000087,repayment,2026-05-06,2026-05-06,1301,Loans Receivable,0.0,1111.11,-1111.11
AE_REPAY_LN000087_02_CR_INTEREST,REPAY_LN000087_02,LN000087,repayment,2026-05-06,2026-05-06,1132,Interest Receivable,0.0,126.5,-126.5
AE_REPAY_LN000087_03_DR_BANK,REPAY_LN000087_03,LN000087,repayment,2026-06-07,2026-06-07,1002,Bank Deposit,1237.61,0.0,1237.61
AE_REPAY_LN000087_03_CR_PRINCIPAL,REPAY_LN000087_03,LN000087,repayment,2026-06-07,2026-06-07,1301,Loans Receivable,0.0,1111.11,-1111.11
AE_REPAY_LN000087_03_CR_INTEREST,REPAY_LN000087_03,LN000087,repayment,2026-06-07,2026-06-07,1132,Interest Receivable,0.0,126.5,-126.5
AE_REPAY_LN000089_01_DR_BANK,REPAY_LN000089_01,LN000089,repayment,2026-03-20,2026-03-20,1002,Bank Deposit,2066.42,0.0,2066.42
AE_REPAY_LN000089_01_CR_PRINCIPAL,REPAY_LN000089_01,LN000089,repayment,2026-03-20,2026-03-20,1301,Loans Receivable,0.0,1666.67,-1666.67
AE_REPAY_LN000089_01_CR_INTEREST,REPAY_LN000089_01,LN000089,repayment,2026-03-20,2026-03-20,1132,Interest Receivable,0.0,399.75,-399.75
AE_REPAY_LN000089_02_DR_BANK,REPAY_LN000089_02,LN000089,repayment,2026-04-20,2026-04-20,1002,Bank Deposit,2066.42,0.0,2066.42
AE_REPAY_LN000089_02_CR_PRINCIPAL,REPAY_LN000089_02,LN000089,repayment,2026-04-20,2026-04-20,1301,Loans Receivable,0.0,1666.67,-1666.67
AE_REPAY_LN000089_02_CR_INTEREST,REPAY_LN000089_02,LN000089,repayment,2026-04-20,2026-04-20,1132,Interest Receivable,0.0,399.75,-399.75
AE_REPAY_LN000089_03_DR_BANK,REPAY_LN000089_03,LN000089,repayment,2026-05-19,2026-05-19,1002,Bank Deposit,2066.42,0.0,2066.42
AE_REPAY_LN000089_03_CR_PRINCIPAL,REPAY_LN000089_03,LN000089,repayment,2026-05-19,2026-05-19,1301,Loans Receivable,0.0,1666.67,-1666.67
AE_REPAY_LN000089_03_CR_INTEREST,REPAY_LN000089_03,LN000089,repayment,2026-05-19,2026-05-19,1132,Interest Receivable,0.0,399.75,-399.75
AE_REPAY_LN000090_01_DR_BANK,REPAY_LN000090_01,LN000090,repayment,2026-03-08,2026-03-08,1002,Bank Deposit,1392.0,0.0,1392.0
AE_REPAY_LN000090_01_CR_PRINCIPAL,REPAY_LN000090_01,LN000090,repayment,2026-03-08,2026-03-08,1301,Loans Receivable,0.0,1250.0,-1250.0
AE_REPAY_LN000090_01_CR_INTEREST,REPAY_LN000090_01,LN000090,repayment,2026-03-08,2026-03-08,1132,Interest Receivable,0.0,142.0,-142.0
AE_REPAY_LN000092_01_DR_BANK,REPAY_LN000092_01,LN000092,repayment,2026-02-07,2026-02-07,1002,Bank Deposit,1273.78,0.0,1273.78
AE_REPAY_LN000092_01_CR_PRINCIPAL,REPAY_LN000092_01,LN000092,repayment,2026-02-07,2026-02-07,1301,Loans Receivable,0.0,1111.11,-1111.11
AE_REPAY_LN000092_01_CR_INTEREST,REPAY_LN000092_01,LN000092,repayment,2026-02-07,2026-02-07,1132,Interest Receivable,0.0,162.67,-162.67
AE_REPAY_LN000094_01_DR_BANK,REPAY_LN000094_01,LN000094,repayment,2026-02-25,2026-02-25,1002,Bank Deposit,960.58,0.0,960.58
AE_REPAY_LN000094_01_CR_PRINCIPAL,REPAY_LN000094_01,LN000094,repayment,2026-02-25,2026-02-25,1301,Loans Receivable,0.0,833.33,-833.33
AE_REPAY_LN000094_01_CR_INTEREST,REPAY_LN000094_01,LN000094,repayment,2026-02-25,2026-02-25,1132,Interest Receivable,0.0,127.25,-127.25
AE_REPAY_LN000094_02_DR_BANK,REPAY_LN000094_02,LN000094,repayment,2026-03-26,2026-03-26,1002,Bank Deposit,960.58,0.0,960.58
AE_REPAY_LN000094_02_CR_PRINCIPAL,REPAY_LN000094_02,LN000094,repayment,2026-03-26,2026-03-26,1301,Loans Receivable,0.0,833.33,-833.33
AE_REPAY_LN000094_02_CR_INTEREST,REPAY_LN000094_02,LN000094,repayment,2026-03-26,2026-03-26,1132,Interest Receivable,0.0,127.25,-127.25
AE_REPAY_LN000095_01_DR_BANK,REPAY_LN000095_01,LN000095,repayment,2026-02-21,2026-02-21,1002,Bank Deposit,295.62,0.0,295.62
AE_REPAY_LN000095_01_CR_PRINCIPAL,REPAY_LN000095_01,LN000095,repayment,2026-02-21,2026-02-21,1301,Loans Receivable,0.0,222.22,-222.22
AE_REPAY_LN000095_01_CR_INTEREST,REPAY_LN000095_01,LN000095,repayment,2026-02-21,2026-02-21,1132,Interest Receivable,0.0,73.4,-73.4
AE_REPAY_LN000095_02_DR_BANK,REPAY_LN000095_02,LN000095,repayment,2026-03-19,2026-03-19,1002,Bank Deposit,295.62,0.0,295.62
AE_REPAY_LN000095_02_CR_PRINCIPAL,REPAY_LN000095_02,LN000095,repayment,2026-03-19,2026-03-19,1301,Loans Receivable,0.0,222.22,-222.22
AE_REPAY_LN000095_02_CR_INTEREST,REPAY_LN000095_02,LN000095,repayment,2026-03-19,2026-03-19,1132,Interest Receivable,0.0,73.4,-73.4
AE_REPAY_LN000095_03_DR_BANK,REPAY_LN000095_03,LN000095,repayment,2026-04-19,2026-04-19,1002,Bank Deposit,295.62,0.0,295.62
AE_REPAY_LN000095_03_CR_PRINCIPAL,REPAY_LN000095_03,LN000095,repayment,2026-04-19,2026-04-19,1301,Loans Receivable,0.0,222.22,-222.22
AE_REPAY_LN000095_03_CR_INTEREST,REPAY_LN000095_03,LN000095,repayment,2026-04-19,2026-04-19,1132,Interest Receivable,0.0,73.4,-73.4
AE_REPAY_LN000096_01_DR_BANK,REPAY_LN000096_01,LN000096,repayment,2026-02-02,2026-02-02,1002,Bank Deposit,1371.38,0.0,1371.38
AE_REPAY_LN000096_01_CR_PRINCIPAL,REPAY_LN000096_01,LN000096,repayment,2026-02-02,2026-02-02,1301,Loans Receivable,0.0,1250.0,-1250.0
AE_REPAY_LN000096_01_CR_INTEREST,REPAY_LN000096_01,LN000096,repayment,2026-02-02,2026-02-02,1132,Interest Receivable,0.0,121.38,-121.38
AE_REPAY_LN000096_02_DR_BANK,REPAY_LN000096_02,LN000096,repayment,2026-03-02,2026-03-02,1002,Bank Deposit,1371.38,0.0,1371.38
AE_REPAY_LN000096_02_CR_PRINCIPAL,REPAY_LN000096_02,LN000096,repayment,2026-03-02,2026-03-02,1301,Loans Receivable,0.0,1250.0,-1250.0
AE_REPAY_LN000096_02_CR_INTEREST,REPAY_LN000096_02,LN000096,repayment,2026-03-02,2026-03-02,1132,Interest Receivable,0.0,121.38,-121.38
AE_REPAY_LN000096_03_DR_BANK,REPAY_LN000096_03,LN000096,repayment,2026-04-03,2026-04-03,1002,Bank Deposit,1371.38,0.0,1371.38
AE_REPAY_LN000096_03_CR_PRINCIPAL,REPAY_LN000096_03,LN000096,repayment,2026-04-03,2026-04-03,1301,Loans Receivable,0.0,1250.0,-1250.0
AE_REPAY_LN000096_03_CR_INTEREST,REPAY_LN000096_03,LN000096,repayment,2026-04-03,2026-04-03,1132,Interest Receivable,0.0,121.38,-121.38
AE_REPAY_LN000097_01_DR_BANK,REPAY_LN000097_01,LN000097,repayment,2026-02-28,2026-02-28,1002,Bank Deposit,338.86,0.0,338.86
AE_REPAY_LN000097_01_CR_PRINCIPAL,REPAY_LN000097_01,LN000097,repayment,2026-02-28,2026-02-28,1301,Loans Receivable,0.0,277.78,-277.78
AE_REPAY_LN000097_01_CR_INTEREST,REPAY_LN000097_01,LN000097,repayment,2026-02-28,2026-02-28,1132,Interest Receivable,0.0,61.08,-61.08
