loan_id,disbursement_id,customer_id,source_system,transaction_date,accounting_date,disbursement_amount,interest_rate,term_months,loan_status,region,charge_off_date,charge_off_amount
LN000001,DISB20250101000001,CUST000349,internal_core,2025-01-01,2025-01-01,10000,0.2003,36,defaulted,NY,,
LN000002,DISB20250101000002,CUST000459,partner_platform,2025-01-01,2025-01-01,20000,0.1682,18,active,WA,,
LN000003,DISB20250101000003,CUST000414,internal_core,2025-01-01,2025-01-01,30000,0.0601,24,active,WA,,
LN000004,DISB20250102000004,CUST000236,partner_platform,2025-01-02,2025-01-02,5000,0.1124,18,active,NY,,
LN000005,DISB20250102000005,CUST000464,internal_core,2025-01-02,2025-01-02,30000,0.0763,18,active,FL,,
LN000006,DISB20250102000006,CUST000131,internal_core,2025-01-02,2025-01-02,20000,0.1694,36,written_off,CA,2026-03-02,15249.81
LN000007,DISB20250102000007,CUST000089,partner_platform,2025-01-02,2025-01-02,15000,0.1614,12,written_off,CA,2025-08-30,13074.04
LN000008,DISB20250103000008,CUST000092,partner_platform,2025-01-03,2025-01-03,15000,0.082,36,active,TX,,
LN000009,DISB20250103000009,CUST000050,partner_platform,2025-01-03,2025-01-03,15000,0.1161,12,written_off,FL,2025-08-01,14042.89
LN000010,DISB20250103000010,CUST000402,partner_platform,2025-01-03,2025-01-03,8000,0.141,12,closed,FL,,
LN000011,DISB20250104000011,CUST000190,partner_platform,2025-01-04,2025-01-04,20000,0.13,12,closed,WA,,
LN000012,DISB20250104000012,CUST000252,internal_core,2025-01-04,2025-01-04,15000,0.1577,6,written_off,WA,2025-07-02,15455.26
LN000013,DISB20250104000013,CUST000345,internal_core,2025-01-04,2025-01-04,5000,0.199,24,active,TX,,
LN000014,DISB20250105000014,CUST000419,internal_core,2025-01-05,2025-01-05,5000,0.1691,12,closed,NY,,
LN000015,DISB20250105000015,CUST000201,partner_platform,2025-01-05,2025-01-05,15000,0.1196,36,active,TX,,
LN000016,DISB20250105000016,CUST000475,internal_core,2025-01-05,2025-01-05,10000,0.145,36,active,TX,,
LN000017,DISB20250106000017,CUST000393,internal_core,2025-01-06,2025-01-06,8000,0.0646,36,active,TX,,
LN000018,DISB20250106000018,CUST000241,internal_core,2025-01-06,2025-01-06,15000,0.1614,24,active,WA,,
LN000019,DISB20250106000019,CUST000143,internal_core,2025-01-06,2025-01-06,10000,0.0966,36,active,TX,,
LN000020,DISB20250107000020,CUST000170,partner_platform,2025-01-07,2025-01-07,20000,0.1132,36,active,FL,,
LN000021,DISB20250107000021,CUST000340,internal_core,2025-01-07,2025-01-07,30000,0.219,12,closed,FL,,
LN000022,DISB20250107000022,CUST000225,internal_core,2025-01-07,2025-01-07,5000,0.101,6,closed,FL,,
LN000023,DISB20250108000023,CUST000137,partner_platform,2025-01-08,2025-01-08,30000,0.1,18,active,NY,,
LN000024,DISB20250108000024,CUST000315,internal_core,2025-01-08,2025-01-08,30000,0.0994,6,written_off,FL,2025-08-06,22822.68
LN000025,DISB20250108000025,CUST000442,internal_core,2025-01-08,2025-01-08,15000,0.1044,12,closed,TX,,
LN000026,DISB20250109000026,CUST000187,partner_platform,2025-01-09,2025-01-09,5000,0.2358,24,active,WA,,
LN000027,DISB20250109000027,CUST000403,partner_platform,2025-01-09,2025-01-09,30000,0.0861,24,active,NY,,
LN000028,DISB20250110000028,CUST000439,partner_platform,2025-01-10,2025-01-10,10000,0.1265,6,closed,WA,,
LN000029,DISB20250110000029,CUST000470,partner_platform,2025-01-10,2025-01-10,10000,0.207,6,closed,CA,,
LN000030,DISB20250110000030,CUST000464,partner_platform,2025-01-10,2025-01-10,20000,0.2145,24,written_off,TX,2026-01-08,14929.17
LN000031,DISB20250111000031,CUST000147,internal_core,2025-01-11,2025-01-11,15000,0.1761,24,active,CA,,
LN000032,DISB20250111000032,CUST000039,internal_core,2025-01-11,2025-01-11,8000,0.2108,18,written_off,FL,2025-12-09,5832.35
LN000033,DISB20250111000033,CUST000151,partner_platform,2025-01-11,2025-01-11,30000,0.1852,24,active,NY,,
LN000034,DISB20250112000034,CUST000369,internal_core,2025-01-12,2025-01-12,8000,0.2393,24,active,WA,,
LN000035,DISB20250112000035,CUST000009,partner_platform,2025-01-12,2025-01-12,5000,0.1229,18,active,FL,,
LN000036,DISB20250112000036,CUST000161,partner_platform,2025-01-12,2025-01-12,15000,0.0751,24,written_off,FL,2025-12-10,11498.24
LN000037,DISB20250113000037,CUST000099,partner_platform,2025-01-13,2025-01-13,5000,0.0609,12,closed,NY,,
LN000038,DISB20250113000038,CUST000445,partner_platform,2025-01-13,2025-01-13,5000,0.0917,24,active,CA,,
LN000039,DISB20250114000039,CUST000384,internal_core,2025-01-14,2025-01-14,10000,0.1784,6,closed,FL,,
LN000040,DISB20250114000040,CUST000375,partner_platform,2025-01-14,2025-01-14,30000,0.1039,36,active,TX,,
LN000041,DISB20250114000041,CUST000027,internal_core,2025-01-14,2025-01-14,8000,0.123,6,closed,FL,,
LN000042,DISB20250115000042,CUST000317,partner_platform,2025-01-15,2025-01-15,10000,0.163,6,closed,CA,,
LN000043,DISB20250115000043,CUST000477,internal_core,2025-01-15,2025-01-15,30000,0.2247,18,active,FL,,
LN000044,DISB20250115000044,CUST000349,internal_core,2025-01-15,2025-01-15,5000,0.1595,18,written_off,FL,2025-11-12,3893.86
LN000045,DISB20250115000045,CUST000253,partner_platform,2025-01-15,2025-01-15,20000,0.0944,6,closed,TX,,
LN000046,DISB20250116000046,CUST000223,internal_core,2025-01-16,2025-01-16,30000,0.1853,12,closed,NY,,
LN000047,DISB20250116000047,CUST000386,internal_core,2025-01-16,2025-01-16,8000,0.1933,6,closed,CA,,
LN000048,DISB20250116000048,CUST000039,partner_platform,2025-01-16,2025-01-16,20000,0.1134,12,closed,TX,,
LN000049,DISB20250117000049,CUST000316,partner_platform,2025-01-17,2025-01-17,8000,0.0609,24,active,WA,,
LN000050,DISB20250117000050,CUST000494,partner_platform,2025-01-17,2025-01-17,30000,0.2202,24,active,NY,,
LN000051,DISB20250117000051,CUST000447,partner_platform,2025-01-17,2025-01-17,30000,0.1191,12,closed,WA,,
LN000052,DISB20250117000052,CUST000342,internal_core,2025-01-17,2025-01-17,5000,0.0667,18,active,FL,,
LN000053,DISB20250118000053,CUST000060,partner_platform,2025-01-18,2025-01-18,15000,0.2337,24,active,WA,,
LN000054,DISB20250118000054,CUST000047,partner_platform,2025-01-18,2025-01-18,10000,0.1747,24,active,WA,,
LN000055,DISB20250118000055,CUST000158,partner_platform,2025-01-18,2025-01-18,10000,0.2031,18,written_off,FL,2025-11-15,7928.41
LN000056,DISB20250118000056,CUST000229,internal_core,2025-01-18,2025-01-18,8000,0.2333,6,written_off,FL,2025-08-16,7048.89
LN000057,DISB20250119000057,CUST000001,internal_core,2025-01-19,2025-01-19,8000,0.1032,6,closed,WA,,
LN000058,DISB20250119000058,CUST000189,partner_platform,2025-01-19,2025-01-19,20000,0.1701,18,active,FL,,
LN000059,DISB20250119000059,CUST000485,internal_core,2025-01-19,2025-01-19,30000,0.0626,24,written_off,WA,2025-11-16,24236.55
LN000060,DISB20250120000060,CUST000453,internal_core,2025-01-20,2025-01-20,15000,0.0631,12,closed,WA,,
LN000061,DISB20250120000061,CUST000254,partner_platform,2025-01-20,2025-01-20,30000,0.177,12,closed,NY,,
LN000062,DISB20250120000062,CUST000290,partner_platform,2025-01-20,2025-01-20,15000,0.1274,12,closed,TX,,
LN000063,DISB20250121000063,CUST000493,partner_platform,2025-01-21,2025-01-21,15000,0.1709,12,closed,CA,,
LN000064,DISB20250121000064,CUST000475,partner_platform,2025-01-21,2025-01-21,15000,0.1636,12,written_off,TX,2025-09-18,12955.2
LN000065,DISB20250121000065,CUST000445,internal_core,2025-01-21,2025-01-21,10000,0.2077,24,active,TX,,
LN000066,DISB20250121000066,CUST000330,internal_core,2025-01-21,2025-01-21,10000,0.0952,36,active,FL,,
LN000067,DISB20250122000067,CUST000499,partner_platform,2025-01-22,2025-01-22,8000,0.1829,6,closed,NY,,
LN000068,DISB20250122000068,CUST000458,internal_core,2025-01-22,2025-01-22,8000,0.1213,18,written_off,CA,2025-11-19,6106.37
LN000069,DISB20250122000069,CUST000114,internal_core,2025-01-22,2025-01-22,20000,0.2286,24,active,CA,,
LN000070,DISB20250122000070,CUST000164,internal_core,2025-01-22,2025-01-22,8000,0.1362,18,active,CA,,
LN000071,DISB20250123000071,CUST000497,internal_core,2025-01-23,2025-01-23,30000,0.1611,24,active,CA,,
LN000072,DISB20250123000072,CUST000217,partner_platform,2025-01-23,2025-01-23,10000,0.0786,6,closed,CA,,
LN000073,DISB20250123000073,CUST000217,partner_platform,2025-01-23,2025-01-23,30000,0.1136,18,written_off,CA,2025-12-21,20924.35
LN000074,DISB20250124000074,CUST000403,internal_core,2025-01-24,2025-01-24,15000,0.1239,24,active,FL,,
LN000075,DISB20250124000075,CUST000144,partner_platform,2025-01-24,2025-01-24,20000,0.0765,24,active,CA,,
LN000076,DISB20250125000076,CUST000053,partner_platform,2025-01-25,2025-01-25,5000,0.0804,36,written_off,NY,2026-01-23,4069.9
LN000077,DISB20250125000077,CUST000223,internal_core,2025-01-25,2025-01-25,8000,0.1395,36,written_off,TX,2026-02-22,6311.03
LN000078,DISB20250125000078,CUST000076,internal_core,2025-01-25,2025-01-25,5000,0.1971,24,active,CA,,
LN000079,DISB20250126000079,CUST000168,partner_platform,2025-01-26,2025-01-26,8000,0.1314,18,written_off,NY,2025-10-24,6643.44
LN000080,DISB20250126000080,CUST000165,partner_platform,2025-01-26,2025-01-26,30000,0.2376,36,active,CA,,
LN000081,DISB20250126000081,CUST000327,internal_core,2025-01-26,2025-01-26,5000,0.1665,24,active,FL,,
LN000082,DISB20250126000082,CUST000364,internal_core,2025-01-26,2025-01-26,30000,0.1869,12,written_off,NY,2025-10-24,23151.06
LN000083,DISB20250127000083,CUST000173,partner_platform,2025-01-27,2025-01-27,20000,0.1329,12,closed,FL,,
LN000084,DISB20250127000084,CUST000383,partner_platform,2025-01-27,2025-01-27,5000,0.194,18,active,WA,,
LN000085,DISB20250127000085,CUST000191,partner_platform,2025-01-27,2025-01-27,15000,0.1114,6,closed,WA,,
LN000086,DISB20250128000086,CUST000160,internal_core,2025-01-28,2025-01-28,20000,0.0678,36,active,WA,,
LN000087,DISB20250128000087,CUST000164,internal_core,2025-01-28,2025-01-28,10000,0.1852,6,closed,NY,,
LN000088,DISB20250128000088,CUST000014,internal_core,2025-01-28,2025-01-28,5000,0.173,18,active,CA,,
LN000089,DISB20250128000089,CUST000224,partner_platform,2025-01-28,2025-01-28,30000,0.142,24,written_off,WA,2025-11-25,24788.01
LN000090,DISB20250129000090,CUST000090,internal_core,2025-01-29,2025-01-29,8000,0.1013,24,active,FL,,
LN000091,DISB20250129000091,CUST000192,internal_core,2025-01-29,2025-01-29,10000,0.1857,6,closed,CA,,
LN000092,DISB20250129000092,CUST000461,internal_core,2025-01-29,2025-01-29,15000,0.1088,36,active,TX,,
LN000093,DISB20250130000093,CUST000256,partner_platform,2025-01-30,2025-01-30,20000,0.1704,12,closed,NY,,
LN000094,DISB20250130000094,CUST000251,partner_platform,2025-01-30,2025-01-30,20000,0.0897,6,closed,CA,,
LN000095,DISB20250130000095,CUST000177,internal_core,2025-01-30,2025-01-30,10000,0.1669,6,closed,TX,,
LN000096,DISB20250131000096,CUST000098,partner_platform,2025-01-31,2025-01-31,5000,0.1347,6,written_off,WA,2025-08-28,3929.34
LN000097,DISB20250131000097,CUST000476,internal_core,2025-01-31,2025-01-31,5000,0.1562,36,active,TX,,
LN000098,DISB20250201000098,CUST000165,partner_platform,2025-02-01,2025-02-01,8000,0.2129,6,written_off,WA,2025-08-29,6835.89
LN000099,DISB20250201000099,CUST000001,internal_core,2025-02-01,2025-02-01,10000,0.1095,24,active,CA,,
LN000100,DISB20250201000100,CUST000034,partner_platform,2025-02-01,2025-02-01,15000,0.1084,12,closed,NY,,
LN000101,DISB20250201000101,CUST000259,internal_core,2025-02-01,2025-02-01,10000,0.1154,6,written_off,FL,2025-07-30,9665.96
LN000102,DISB20250202000102,CUST000313,partner_platform,2025-02-02,2025-02-02,5000,0.0841,36,active,WA,,
LN000103,DISB20250202000103,CUST000435,partner_platform,2025-02-02,2025-02-02,30000,0.1711,12,closed,NY,,
LN000104,DISB20250202000104,CUST000335,internal_core,2025-02-02,2025-02-02,10000,0.0764,12,closed,FL,,
LN000105,DISB20250203000105,CUST000030,partner_platform,2025-02-03,2025-02-03,8000,0.2152,36,active,WA,,
LN000106,DISB20250203000106,CUST000401,partner_platform,2025-02-03,2025-02-03,8000,0.1984,24,active,WA,,
LN000107,DISB20250203000107,CUST000450,internal_core,2025-02-03,2025-02-03,20000,0.0976,18,active,TX,,
LN000108,DISB20250204000108,CUST000374,partner_platform,2025-02-04,2025-02-04,15000,0.0927,6,closed,TX,,
LN000109,DISB20250204000109,CUST000093,internal_core,2025-02-04,2025-02-04,8000,0.1683,18,written_off,TX,2025-12-02,6195.56
LN000110,DISB20250204000110,CUST000092,internal_core,2025-02-04,2025-02-04,8000,0.0919,36,active,CA,,
LN000111,DISB20250205000111,CUST000046,internal_core,2025-02-05,2025-02-05,8000,0.0832,12,written_off,WA,2025-09-02,7182.06
LN000112,DISB20250205000112,CUST000249,internal_core,2025-02-05,2025-02-05,5000,0.1838,18,active,WA,,
LN000113,DISB20250205000113,CUST000257,partner_platform,2025-02-05,2025-02-05,5000,0.1675,24,active,NY,,
LN000114,DISB20250206000114,CUST000365,internal_core,2025-02-06,2025-02-06,8000,0.0666,18,active,TX,,
LN000115,DISB20250206000115,CUST000363,internal_core,2025-02-06,2025-02-06,15000,0.0793,12,closed,TX,,
LN000116,DISB20250206000116,CUST000473,internal_core,2025-02-06,2025-02-06,20000,0.0928,6,written_off,CA,2025-08-04,18778.19
LN000117,DISB20250207000117,CUST000025,partner_platform,2025-02-07,2025-02-07,5000,0.1217,6,closed,FL,,
LN000118,DISB20250207000118,CUST000109,partner_platform,2025-02-07,2025-02-07,8000,0.0756,12,closed,CA,,
LN000119,DISB20250207000119,CUST000425,internal_core,2025-02-07,2025-02-07,20000,0.1254,12,closed,NY,,
LN000120,DISB20250208000120,CUST000454,partner_platform,2025-02-08,2025-02-08,20000,0.2281,36,active,WA,,
LN000121,DISB20250208000121,CUST000112,internal_core,2025-02-08,2025-02-08,15000,0.2131,6,written_off,TX,2025-09-05,12758.63
LN000122,DISB20250208000122,CUST000229,partner_platform,2025-02-08,2025-02-08,15000,0.2395,12,closed,FL,,
LN000123,DISB20250208000123,CUST000335,partner_platform,2025-02-08,2025-02-08,30000,0.2355,18,active,CA,,
LN000124,DISB20250209000124,CUST000435,internal_core,2025-02-09,2025-02-09,20000,0.1985,12,written_off,FL,2025-10-07,17530.19
LN000125,DISB20250209000125,CUST000020,partner_platform,2025-02-09,2025-02-09,5000,0.1554,6,closed,NY,,
LN000126,DISB20250209000126,CUST000293,internal_core,2025-02-09,2025-02-09,30000,0.0878,24,active,WA,,
LN000127,DISB20250210000127,CUST000010,internal_core,2025-02-10,2025-02-10,20000,0.0714,24,active,NY,,
LN000128,DISB20250210000128,CUST000084,internal_core,2025-02-10,2025-02-10,5000,0.085,6,closed,CA,,
LN000129,DISB20250210000129,CUST000408,partner_platform,2025-02-10,2025-02-10,30000,0.1341,6,closed,WA,,
LN000130,DISB20250211000130,CUST000334,partner_platform,2025-02-11,2025-02-11,20000,0.1916,6,closed,NY,,
LN000131,DISB20250211000131,CUST000001,internal_core,2025-02-11,2025-02-11,30000,0.0687,36,active,TX,,
LN000132,DISB20250211000132,CUST000316,internal_core,2025-02-11,2025-02-11,30000,0.2085,36,active,WA,,
LN000133,DISB20250212000133,CUST000062,partner_platform,2025-02-12,2025-02-12,15000,0.1169,12,closed,CA,,
LN000134,DISB20250212000134,CUST000295,internal_core,2025-02-12,2025-02-12,30000,0.2219,36,active,CA,,
LN000135,DISB20250212000135,CUST000481,partner_platform,2025-02-12,2025-02-12,5000,0.124,12,closed,WA,,
LN000136,DISB20250213000136,CUST000198,partner_platform,2025-02-13,2025-02-13,30000,0.1199,18,active,NY,,
LN000137,DISB20250213000137,CUST000111,internal_core,2025-02-13,2025-02-13,20000,0.1492,18,written_off,FL,2025-12-11,15315.13
LN000138,DISB20250213000138,CUST000097,partner_platform,2025-02-13,2025-02-13,20000,0.1047,6,closed,FL,,
LN000139,DISB20250214000139,CUST000123,internal_core,2025-02-14,2025-02-14,8000,0.1216,36,defaulted,FL,,
LN000140,DISB20250214000140,CUST000184,partner_platform,2025-02-14,2025-02-14,20000,0.1572,36,active,FL,,
LN000141,DISB20250214000141,CUST000411,internal_core,2025-02-14,2025-02-14,10000,0.1849,24,active,NY,,
LN000142,DISB20250214000142,CUST000148,partner_platform,2025-02-14,2025-02-14,10000,0.2326,12,closed,TX,,
LN000143,DISB20250215000143,CUST000473,partner_platform,2025-02-15,2025-02-15,5000,0.0633,24,active,TX,,
LN000144,DISB20250215000144,CUST000496,internal_core,2025-02-15,2025-02-15,15000,0.2022,36,active,NY,,
LN000145,DISB20250215000145,CUST000378,partner_platform,2025-02-15,2025-02-15,5000,0.1363,36,active,CA,,
LN000146,DISB20250216000146,CUST000302,internal_core,2025-02-16,2025-02-16,20000,0.2373,24,active,CA,,
LN000147,DISB20250216000147,CUST000055,internal_core,2025-02-16,2025-02-16,10000,0.1664,36,active,CA,,
LN000148,DISB20250217000148,CUST000313,internal_core,2025-02-17,2025-02-17,20000,0.1687,18,active,FL,,
LN000149,DISB20250217000149,CUST000294,internal_core,2025-02-17,2025-02-17,8000,0.1438,18,active,NY,,
LN000150,DISB20250217000150,CUST000427,internal_core,2025-02-17,2025-02-17,10000,0.1414,18,written_off,CA,2025-12-15,7623.17
LN000151,DISB20250218000151,CUST000344,partner_platform,2025-02-18,2025-02-18,5000,0.1252,18,active,NY,,
LN000152,DISB20250218000152,CUST000049,partner_platform,2025-02-18,2025-02-18,5000,0.233,6,closed,FL,,
LN000153,DISB20250218000153,CUST000063,partner_platform,2025-02-18,2025-02-18,20000,0.0932,6,closed,WA,,
LN000154,DISB20250218000154,CUST000379,internal_core,2025-02-18,2025-02-18,10000,0.1229,36,active,CA,,
LN000155,DISB20250219000155,CUST000018,partner_platform,2025-02-19,2025-02-19,5000,0.1996,12,closed,NY,,
LN000156,DISB20250219000156,CUST000114,partner_platform,2025-02-19,2025-02-19,30000,0.1607,24,active,CA,,
LN000157,DISB20250219000157,CUST000359,partner_platform,2025-02-19,2025-02-19,10000,0.1272,12,closed,TX,,
LN000158,DISB20250220000158,CUST000087,internal_core,2025-02-20,2025-02-20,15000,0.2112,36,written_off,CA,2026-02-17,12348.02
LN000159,DISB20250220000159,CUST000472,internal_core,2025-02-20,2025-02-20,10000,0.151,6,closed,WA,,
LN000160,DISB20250221000160,CUST000495,partner_platform,2025-02-21,2025-02-21,8000,0.205,18,active,FL,,
LN000161,DISB20250221000161,CUST000469,internal_core,2025-02-21,2025-02-21,30000,0.1128,12,closed,NY,,
LN000162,DISB20250221000162,CUST000085,internal_core,2025-02-21,2025-02-21,10000,0.0821,18,active,FL,,
LN000163,DISB20250222000163,CUST000385,internal_core,2025-02-22,2025-02-22,20000,0.1215,12,closed,NY,,
LN000164,DISB20250222000164,CUST000396,internal_core,2025-02-22,2025-02-22,15000,0.1723,6,closed,NY,,
LN000165,DISB20250222000165,CUST000342,partner_platform,2025-02-22,2025-02-22,15000,0.0852,12,closed,TX,,
LN000166,DISB20250223000166,CUST000370,internal_core,2025-02-23,2025-02-23,10000,0.1522,6,closed,NY,,
LN000167,DISB20250223000167,CUST000201,partner_platform,2025-02-23,2025-02-23,30000,0.1761,24,active,NY,,
LN000168,DISB20250224000168,CUST000215,partner_platform,2025-02-24,2025-02-24,20000,0.0633,12,closed,WA,,
LN000169,DISB20250224000169,CUST000422,partner_platform,2025-02-24,2025-02-24,8000,0.1598,6,closed,NY,,
LN000170,DISB20250224000170,CUST000362,partner_platform,2025-02-24,2025-02-24,30000,0.0846,6,closed,TX,,
LN000171,DISB20250225000171,CUST000309,partner_platform,2025-02-25,2025-02-25,8000,0.2246,12,closed,WA,,
LN000172,DISB20250225000172,CUST000046,internal_core,2025-02-25,2025-02-25,8000,0.0899,18,written_off,CA,2026-01-23,5484.11
LN000173,DISB20250225000173,CUST000371,partner_platform,2025-02-25,2025-02-25,8000,0.0723,18,active,TX,,
LN000174,DISB20250225000174,CUST000187,partner_platform,2025-02-25,2025-02-25,10000,0.2309,36,defaulted,CA,,
LN000175,DISB20250226000175,CUST000467,internal_core,2025-02-26,2025-02-26,10000,0.2115,6,written_off,TX,2025-09-23,8387.62
LN000176,DISB20250226000176,CUST000201,partner_platform,2025-02-26,2025-02-26,8000,0.1454,6,closed,CA,,
LN000177,DISB20250226000177,CUST000217,internal_core,2025-02-26,2025-02-26,20000,0.1839,12,written_off,CA,2025-09-23,19250.08
LN000178,DISB20250227000178,CUST000229,internal_core,2025-02-27,2025-02-27,15000,0.185,12,closed,FL,,
LN000179,DISB20250227000179,CUST000443,internal_core,2025-02-27,2025-02-27,10000,0.2332,6,closed,NY,,
LN000180,DISB20250227000180,CUST000303,internal_core,2025-02-27,2025-02-27,15000,0.1575,18,active,WA,,
LN000181,DISB20250228000181,CUST000466,internal_core,2025-02-28,2025-02-28,5000,0.1764,18,active,NY,,
LN000182,DISB20250228000182,CUST000047,internal_core,2025-02-28,2025-02-28,8000,0.1659,6,closed,NY,,
LN000183,DISB20250301000183,CUST000007,internal_core,2025-03-01,2025-03-01,5000,0.0947,12,closed,TX,,
LN000184,DISB20250301000184,CUST000223,internal_core,2025-03-01,2025-03-01,30000,0.0699,18,active,NY,,
LN000185,DISB20250301000185,CUST000273,partner_platform,2025-03-01,2025-03-01,30000,0.1673,18,active,FL,,
LN000186,DISB20250301000186,CUST000131,internal_core,2025-03-01,2025-03-01,20000,0.1554,12,closed,FL,,
LN000187,DISB20250302000187,CUST000004,internal_core,2025-03-02,2025-03-02,20000,0.1791,36,active,NY,,
LN000188,DISB20250302000188,CUST000426,partner_platform,2025-03-02,2025-03-02,15000,0.1019,18,written_off,NY,2026-01-30,10300.14
LN000189,DISB20250303000189,CUST000141,internal_core,2025-03-03,2025-03-03,8000,0.229,18,written_off,TX,2026-01-01,6235.8
LN000190,DISB20250303000190,CUST000029,internal_core,2025-03-03,2025-03-03,30000,0.0759,36,active,FL,,
LN000191,DISB20250303000191,CUST000236,internal_core,2025-03-03,2025-03-03,5000,0.1983,6,closed,FL,,
LN000192,DISB20250303000192,CUST000177,partner_platform,2025-03-03,2025-03-03,10000,0.1441,12,closed,FL,,
LN000193,DISB20250304000193,CUST000432,internal_core,2025-03-04,2025-03-04,5000,0.2239,6,closed,CA,,
LN000194,DISB20250304000194,CUST000140,internal_core,2025-03-04,2025-03-04,10000,0.231,36,active,WA,,
LN000195,DISB20250305000195,CUST000062,internal_core,2025-03-05,2025-03-05,20000,0.2381,24,active,FL,,
LN000196,DISB20250305000196,CUST000349,internal_core,2025-03-05,2025-03-05,30000,0.1694,36,written_off,NY,2026-03-05,24529.85
LN000197,DISB20250305000197,CUST000218,internal_core,2025-03-05,2025-03-05,5000,0.0936,18,active,WA,,
LN000198,DISB20250306000198,CUST000009,internal_core,2025-03-06,2025-03-06,10000,0.1675,6,closed,WA,,
LN000199,DISB20250306000199,CUST000178,partner_platform,2025-03-06,2025-03-06,8000,0.1853,18,active,TX,,
LN000200,DISB20250307000200,CUST000495,internal_core,2025-03-07,2025-03-07,5000,0.1667,36,active,NY,,
LN000201,DISB20250307000201,CUST000323,internal_core,2025-03-07,2025-03-07,10000,0.0833,6,closed,TX,,
LN000202,DISB20250307000202,CUST000170,internal_core,2025-03-07,2025-03-07,5000,0.1192,6,written_off,WA,2025-09-04,4780.22
LN000203,DISB20250307000203,CUST000472,partner_platform,2025-03-07,2025-03-07,15000,0.1271,18,active,WA,,
LN000204,DISB20250308000204,CUST000316,partner_platform,2025-03-08,2025-03-08,20000,0.221,36,active,CA,,
LN000205,DISB20250308000205,CUST000224,partner_platform,2025-03-08,2025-03-08,30000,0.1666,12,closed,TX,,
LN000206,DISB20250308000206,CUST000040,partner_platform,2025-03-08,2025-03-08,10000,0.2156,6,closed,TX,,
LN000207,DISB20250308000207,CUST000353,internal_core,2025-03-08,2025-03-08,10000,0.2161,6,written_off,WA,2025-10-06,8349.58
LN000208,DISB20250309000208,CUST000170,internal_core,2025-03-09,2025-03-09,15000,0.1714,24,active,WA,,
LN000209,DISB20250309000209,CUST000249,partner_platform,2025-03-09,2025-03-09,10000,0.2182,12,closed,NY,,
LN000210,DISB20250309000210,CUST000158,partner_platform,2025-03-09,2025-03-09,8000,0.2072,36,written_off,WA,2026-04-08,6302.85
LN000211,DISB20250309000211,CUST000224,internal_core,2025-03-09,2025-03-09,20000,0.171,6,written_off,CA,2025-09-06,20163.98
LN000212,DISB20250310000212,CUST000188,internal_core,2025-03-10,2025-03-10,20000,0.2004,18,active,NY,,
LN000213,DISB20250310000213,CUST000319,partner_platform,2025-03-10,2025-03-10,15000,0.1739,36,active,WA,,
LN000214,DISB20250310000214,CUST000352,partner_platform,2025-03-10,2025-03-10,15000,0.0722,18,written_off,CA,2026-02-07,10198.32
LN000215,DISB20250311000215,CUST000374,partner_platform,2025-03-11,2025-03-11,5000,0.0704,18,active,NY,,
LN000216,DISB20250311000216,CUST000175,partner_platform,2025-03-11,2025-03-11,20000,0.1403,18,active,TX,,
LN000217,DISB20250311000217,CUST000007,partner_platform,2025-03-11,2025-03-11,20000,0.064,18,written_off,TX,2025-12-09,15934.3
LN000218,DISB20250312000218,CUST000430,internal_core,2025-03-12,2025-03-12,8000,0.2395,6,closed,TX,,
LN000219,DISB20250312000219,CUST000271,internal_core,2025-03-12,2025-03-12,20000,0.1849,24,active,NY,,
LN000220,DISB20250312000220,CUST000022,partner_platform,2025-03-12,2025-03-12,10000,0.1092,6,closed,FL,,
LN000221,DISB20250313000221,CUST000303,internal_core,2025-03-13,2025-03-13,20000,0.1749,18,active,CA,,
LN000222,DISB20250313000222,CUST000257,internal_core,2025-03-13,2025-03-13,8000,0.2209,12,written_off,WA,2025-12-11,6094.08
LN000223,DISB20250313000223,CUST000281,partner_platform,2025-03-13,2025-03-13,15000,0.1613,24,written_off,TX,2026-04-12,10168.2
LN000224,DISB20250313000224,CUST000473,partner_platform,2025-03-13,2025-03-13,5000,0.0764,18,written_off,NY,2026-02-10,3401.43
LN000225,DISB20250314000225,CUST000448,internal_core,2025-03-14,2025-03-14,15000,0.0659,24,active,NY,,
LN000226,DISB20250314000226,CUST000015,partner_platform,2025-03-14,2025-03-14,5000,0.0602,6,closed,FL,,
LN000227,DISB20250314000227,CUST000166,partner_platform,2025-03-14,2025-03-14,5000,0.0889,36,active,WA,,
LN000228,DISB20250314000228,CUST000395,partner_platform,2025-03-14,2025-03-14,20000,0.0869,36,active,NY,,
LN000229,DISB20250315000229,CUST000301,partner_platform,2025-03-15,2025-03-15,5000,0.2148,6,closed,TX,,
LN000230,DISB20250315000230,CUST000041,internal_core,2025-03-15,2025-03-15,5000,0.0785,24,active,FL,,
LN000231,DISB20250315000231,CUST000416,internal_core,2025-03-15,2025-03-15,8000,0.1188,12,closed,CA,,
LN000232,DISB20250316000232,CUST000077,partner_platform,2025-03-16,2025-03-16,15000,0.1244,12,closed,NY,,
LN000233,DISB20250316000233,CUST000143,partner_platform,2025-03-16,2025-03-16,8000,0.0674,24,active,CA,,
LN000234,DISB20250317000234,CUST000123,partner_platform,2025-03-17,2025-03-17,30000,0.1671,6,closed,CA,,
LN000235,DISB20250317000235,CUST000328,internal_core,2025-03-17,2025-03-17,8000,0.1726,24,written_off,TX,2026-04-16,5424.63
LN000236,DISB20250317000236,CUST000084,internal_core,2025-03-17,2025-03-17,15000,0.1675,12,closed,TX,,
LN000237,DISB20250318000237,CUST000014,internal_core,2025-03-18,2025-03-18,10000,0.1905,24,active,FL,,
LN000238,DISB20250318000238,CUST000243,partner_platform,2025-03-18,2025-03-18,8000,0.1192,24,active,WA,,
LN000239,DISB20250318000239,CUST000309,partner_platform,2025-03-18,2025-03-18,10000,0.0891,12,closed,TX,,
LN000240,DISB20250319000240,CUST000059,internal_core,2025-03-19,2025-03-19,10000,0.0747,18,written_off,TX,2026-01-17,7386.95
LN000241,DISB20250319000241,CUST000447,internal_core,2025-03-19,2025-03-19,5000,0.2113,6,closed,WA,,
LN000242,DISB20250320000242,CUST000293,partner_platform,2025-03-20,2025-03-20,15000,0.1924,24,active,FL,,
LN000243,DISB20250320000243,CUST000435,partner_platform,2025-03-20,2025-03-20,5000,0.139,36,active,NY,,
LN000244,DISB20250320000244,CUST000335,internal_core,2025-03-20,2025-03-20,8000,0.2027,12,closed,TX,,
LN000245,DISB20250321000245,CUST000268,internal_core,2025-03-21,2025-03-21,10000,0.1721,36,active,CA,,
LN000246,DISB20250321000246,CUST000100,internal_core,2025-03-21,2025-03-21,30000,0.0923,24,active,NY,,
LN000247,DISB20250321000247,CUST000422,internal_core,2025-03-21,2025-03-21,20000,0.1387,24,active,WA,,
LN000248,DISB20250321000248,CUST000231,internal_core,2025-03-21,2025-03-21,5000,0.1793,6,closed,TX,,
LN000249,DISB20250322000249,CUST000163,partner_platform,2025-03-22,2025-03-22,20000,0.0616,6,closed,FL,,
LN000250,DISB20250322000250,CUST000407,partner_platform,2025-03-22,2025-03-22,10000,0.2191,12,closed,WA,,
LN000251,DISB20250322000251,CUST000361,internal_core,2025-03-22,2025-03-22,5000,0.1409,18,active,FL,,
LN000252,DISB20250323000252,CUST000284,internal_core,2025-03-23,2025-03-23,5000,0.169,36,active,FL,,
LN000253,DISB20250323000253,CUST000120,internal_core,2025-03-23,2025-03-23,15000,0.1403,24,defaulted,TX,,
LN000254,DISB20250323000254,CUST000334,partner_platform,2025-03-23,2025-03-23,8000,0.0821,36,defaulted,FL,,
LN000255,DISB20250324000255,CUST000198,internal_core,2025-03-24,2025-03-24,20000,0.2281,36,active,CA,,
LN000256,DISB20250324000256,CUST000012,internal_core,2025-03-24,2025-03-24,8000,0.1315,12,written_off,TX,2025-12-22,5754.48
LN000257,DISB20250324000257,CUST000217,internal_core,2025-03-24,2025-03-24,8000,0.2352,18,active,NY,,
LN000258,DISB20250325000258,CUST000151,partner_platform,2025-03-25,2025-03-25,30000,0.1154,12,closed,NY,,
LN000259,DISB20250325000259,CUST000498,internal_core,2025-03-25,2025-03-25,20000,0.0769,36,active,WA,,
LN000260,DISB20250325000260,CUST000290,partner_platform,2025-03-25,2025-03-25,5000,0.2109,12,written_off,TX,2025-11-22,4271.47
LN000261,DISB20250326000261,CUST000145,internal_core,2025-03-26,2025-03-26,8000,0.2164,6,closed,FL,,
LN000262,DISB20250326000262,CUST000302,partner_platform,2025-03-26,2025-03-26,15000,0.1818,18,active,WA,,
LN000263,DISB20250326000263,CUST000090,internal_core,2025-03-26,2025-03-26,30000,0.1784,12,closed,CA,,
LN000264,DISB20250327000264,CUST000073,partner_platform,2025-03-27,2025-03-27,20000,0.1621,6,closed,TX,,
LN000265,DISB20250327000265,CUST000102,partner_platform,2025-03-27,2025-03-27,30000,0.2266,18,active,NY,,
LN000266,DISB20250327000266,CUST000279,internal_core,2025-03-27,2025-03-27,10000,0.2164,6,closed,CA,,
LN000267,DISB20250327000267,CUST000076,partner_platform,2025-03-27,2025-03-27,8000,0.1313,36,active,TX,,
LN000268,DISB20250328000268,CUST000305,internal_core,2025-03-28,2025-03-28,5000,0.14,12,written_off,TX,2025-10-26,4580.67
LN000269,DISB20250328000269,CUST000462,internal_core,2025-03-28,2025-03-28,8000,0.1967,6,closed,TX,,
LN000270,DISB20250329000270,CUST000454,partner_platform,2025-03-29,2025-03-29,15000,0.0646,12,closed,CA,,
LN000271,DISB20250329000271,CUST000304,partner_platform,2025-03-29,2025-03-29,20000,0.1043,24,active,TX,,
LN000272,DISB20250329000272,CUST000302,internal_core,2025-03-29,2025-03-29,8000,0.1888,18,written_off,WA,2026-01-27,6083.65
LN000273,DISB20250330000273,CUST000124,internal_core,2025-03-30,2025-03-30,5000,0.1778,18,active,FL,,
LN000274,DISB20250330000274,CUST000275,partner_platform,2025-03-30,2025-03-30,8000,0.0899,24,active,WA,,
LN000275,DISB20250330000275,CUST000157,partner_platform,2025-03-30,2025-03-30,15000,0.157,12,closed,FL,,
LN000276,DISB20250330000276,CUST000433,internal_core,2025-03-30,2025-03-30,20000,0.1344,6,closed,TX,,
LN000277,DISB20250331000277,CUST000039,internal_core,2025-03-31,2025-03-31,20000,0.0932,6,closed,NY,,
LN000278,DISB20250331000278,CUST000036,partner_platform,2025-03-31,2025-03-31,15000,0.147,6,closed,FL,,
LN000279,DISB20250331000279,CUST000047,internal_core,2025-03-31,2025-03-31,10000,0.0605,36,active,FL,,
LN000280,DISB20250401000280,CUST000472,partner_platform,2025-04-01,2025-04-01,8000,0.1249,12,closed,CA,,
LN000281,DISB20250401000281,CUST000068,internal_core,2025-04-01,2025-04-01,8000,0.1918,24,active,FL,,
LN000282,DISB20250401000282,CUST000146,internal_core,2025-04-01,2025-04-01,10000,0.1723,6,written_off,NY,2025-09-29,9961.92
LN000283,DISB20250402000283,CUST000108,partner_platform,2025-04-02,2025-04-02,8000,0.1451,36,defaulted,CA,,
LN000284,DISB20250402000284,CUST000143,internal_core,2025-04-02,2025-04-02,10000,0.1693,18,active,NY,,
LN000285,DISB20250402000285,CUST000441,partner_platform,2025-04-02,2025-04-02,30000,0.0855,18,active,WA,,
LN000286,DISB20250403000286,CUST000167,partner_platform,2025-04-03,2025-04-03,5000,0.1846,24,active,TX,,
LN000287,DISB20250403000287,CUST000042,partner_platform,2025-04-03,2025-04-03,20000,0.0743,36,active,CA,,
LN000288,DISB20250403000288,CUST000136,internal_core,2025-04-03,2025-04-03,5000,0.1008,6,closed,FL,,
LN000289,DISB20250403000289,CUST000130,partner_platform,2025-04-03,2025-04-03,15000,0.2041,18,active,WA,,
LN000290,DISB20250404000290,CUST000067,partner_platform,2025-04-04,2025-04-04,30000,0.1015,12,closed,TX,,
LN000291,DISB20250404000291,CUST000215,partner_platform,2025-04-04,2025-04-04,15000,0.1791,6,closed,TX,,
LN000292,DISB20250404000292,CUST000116,internal_core,2025-04-04,2025-04-04,30000,0.1612,24,active,WA,,
LN000293,DISB20250405000293,CUST000311,internal_core,2025-04-05,2025-04-05,8000,0.0774,6,closed,FL,,
LN000294,DISB20250405000294,CUST000136,internal_core,2025-04-05,2025-04-05,15000,0.1455,36,defaulted,FL,,
LN000295,DISB20250406000295,CUST000468,partner_platform,2025-04-06,2025-04-06,15000,0.1039,36,active,FL,,
LN000296,DISB20250406000296,CUST000456,partner_platform,2025-04-06,2025-04-06,5000,0.1695,24,defaulted,FL,,
LN000297,DISB20250406000297,CUST000292,internal_core,2025-04-06,2025-04-06,5000,0.1009,36,active,NY,,
LN000298,DISB20250406000298,CUST000475,partner_platform,2025-04-06,2025-04-06,5000,0.1597,18,active,TX,,
LN000299,DISB20250407000299,CUST000196,internal_core,2025-04-07,2025-04-07,8000,0.1528,18,active,TX,,
LN000300,DISB20250407000300,CUST000101,partner_platform,2025-04-07,2025-04-07,15000,0.0975,6,closed,NY,,
LN000301,DISB20250407000301,CUST000291,partner_platform,2025-04-07,2025-04-07,30000,0.218,18,written_off,FL,2026-02-04,22895.52
LN000302,DISB20250408000302,CUST000163,partner_platform,2025-04-08,2025-04-08,8000,0.0877,18,active,NY,,
LN000303,DISB20250408000303,CUST000256,partner_platform,2025-04-08,2025-04-08,8000,0.208,6,closed,WA,,
LN000304,DISB20250408000304,CUST000095,internal_core,2025-04-08,2025-04-08,30000,0.0851,36,active,FL,,
LN000305,DISB20250408000305,CUST000390,partner_platform,2025-04-08,2025-04-08,5000,0.1799,12,closed,WA,,
LN000306,DISB20250409000306,CUST000173,internal_core,2025-04-09,2025-04-09,15000,0.1998,24,active,WA,,
LN000307,DISB20250409000307,CUST000146,partner_platform,2025-04-09,2025-04-09,20000,0.079,36,active,TX,,
LN000308,DISB20250409000308,CUST000151,partner_platform,2025-04-09,2025-04-09,10000,0.1296,36,active,TX,,
LN000309,DISB20250410000309,CUST000382,internal_core,2025-04-10,2025-04-10,10000,0.1958,6,written_off,TX,2025-10-08,10123.69
LN000310,DISB20250410000310,CUST000329,internal_core,2025-04-10,2025-04-10,15000,0.1146,18,active,FL,,
LN000311,DISB20250410000311,CUST000103,internal_core,2025-04-10,2025-04-10,5000,0.1019,24,active,FL,,
LN000312,DISB20250411000312,CUST000422,internal_core,2025-04-11,2025-04-11,8000,0.0835,24,active,WA,,
LN000313,DISB20250411000313,CUST000092,partner_platform,2025-04-11,2025-04-11,30000,0.209,36,active,WA,,
LN000314,DISB20250411000314,CUST000183,partner_platform,2025-04-11,2025-04-11,8000,0.0841,36,active,WA,,
LN000315,DISB20250412000315,CUST000065,internal_core,2025-04-12,2025-04-12,20000,0.0622,12,closed,WA,,
LN000316,DISB20250412000316,CUST000485,internal_core,2025-04-12,2025-04-12,20000,0.0677,6,closed,TX,,
LN000317,DISB20250412000317,CUST000191,partner_platform,2025-04-12,2025-04-12,20000,0.212,36,active,NY,,
LN000318,DISB20250412000318,CUST000052,internal_core,2025-04-12,2025-04-12,15000,0.1773,18,active,CA,,
LN000319,DISB20250413000319,CUST000021,partner_platform,2025-04-13,2025-04-13,8000,0.2206,6,closed,CA,,
LN000320,DISB20250413000320,CUST000129,partner_platform,2025-04-13,2025-04-13,8000,0.1388,36,active,CA,,
LN000321,DISB20250413000321,CUST000444,partner_platform,2025-04-13,2025-04-13,20000,0.2085,12,closed,TX,,
LN000322,DISB20250414000322,CUST000444,internal_core,2025-04-14,2025-04-14,20000,0.087,24,active,CA,,
LN000323,DISB20250414000323,CUST000333,internal_core,2025-04-14,2025-04-14,5000,0.1943,6,written_off,WA,2025-10-12,5041.68
LN000324,DISB20250415000324,CUST000133,internal_core,2025-04-15,2025-04-15,15000,0.1928,12,closed,FL,,
LN000325,DISB20250415000325,CUST000211,internal_core,2025-04-15,2025-04-15,10000,0.0933,18,active,NY,,
LN000326,DISB20250416000326,CUST000038,partner_platform,2025-04-16,2025-04-16,15000,0.2218,6,closed,CA,,
LN000327,DISB20250416000327,CUST000451,internal_core,2025-04-16,2025-04-16,5000,0.106,24,active,CA,,
LN000328,DISB20250416000328,CUST000119,partner_platform,2025-04-16,2025-04-16,30000,0.2212,12,closed,WA,,
LN000329,DISB20250417000329,CUST000374,internal_core,2025-04-17,2025-04-17,20000,0.1648,24,written_off,NY,2026-03-17,15312.68
LN000330,DISB20250417000330,CUST000273,partner_platform,2025-04-17,2025-04-17,8000,0.1004,6,closed,TX,,
LN000331,DISB20250417000331,CUST000473,partner_platform,2025-04-17,2025-04-17,8000,0.2298,24,written_off,WA,2026-03-17,6174.4
LN000332,DISB20250418000332,CUST000376,internal_core,2025-04-18,2025-04-18,20000,0.1115,6,closed,FL,,
LN000333,DISB20250418000333,CUST000149,partner_platform,2025-04-18,2025-04-18,20000,0.0998,24,active,TX,,
LN000334,DISB20250419000334,CUST000345,partner_platform,2025-04-19,2025-04-19,30000,0.1571,36,defaulted,NY,,
LN000335,DISB20250419000335,CUST000463,internal_core,2025-04-19,2025-04-19,15000,0.2072,18,active,FL,,
LN000336,DISB20250419000336,CUST000421,internal_core,2025-04-19,2025-04-19,20000,0.1938,18,active,TX,,
LN000337,DISB20250420000337,CUST000367,partner_platform,2025-04-20,2025-04-20,5000,0.197,12,closed,NY,,
LN000338,DISB20250420000338,CUST000364,partner_platform,2025-04-20,2025-04-20,20000,0.2187,24,active,TX,,
LN000339,DISB20250420000339,CUST000354,internal_core,2025-04-20,2025-04-20,10000,0.116,36,active,TX,,
LN000340,DISB20250421000340,CUST000393,partner_platform,2025-04-21,2025-04-21,15000,0.1543,12,written_off,NY,2026-01-19,10752.99
LN000341,DISB20250421000341,CUST000209,internal_core,2025-04-21,2025-04-21,30000,0.0964,12,closed,WA,,
LN000342,DISB20250421000342,CUST000400,partner_platform,2025-04-21,2025-04-21,10000,0.2116,18,active,WA,,
LN000343,DISB20250421000343,CUST000381,internal_core,2025-04-21,2025-04-21,15000,0.19,18,active,NY,,
LN000344,DISB20250422000344,CUST000202,internal_core,2025-04-22,2025-04-22,30000,0.09,24,written_off,CA,2026-04-21,21416.91
LN000345,DISB20250422000345,CUST000119,partner_platform,2025-04-22,2025-04-22,15000,0.1518,18,active,WA,,
LN000346,DISB20250422000346,CUST000388,internal_core,2025-04-22,2025-04-22,30000,0.1476,12,written_off,TX,2026-01-20,21428.5
LN000347,DISB20250422000347,CUST000403,partner_platform,2025-04-22,2025-04-22,5000,0.1746,18,active,WA,,
LN000348,DISB20250423000348,CUST000415,partner_platform,2025-04-23,2025-04-23,15000,0.1531,36,active,FL,,
LN000349,DISB20250423000349,CUST000183,internal_core,2025-04-23,2025-04-23,5000,0.0759,24,active,CA,,
LN000350,DISB20250423000350,CUST000303,internal_core,2025-04-23,2025-04-23,10000,0.1921,36,active,CA,,
LN000351,DISB20250423000351,CUST000148,internal_core,2025-04-23,2025-04-23,10000,0.1835,24,active,TX,,
LN000352,DISB20250424000352,CUST000061,internal_core,2025-04-24,2025-04-24,8000,0.1202,36,active,TX,,
LN000353,DISB20250424000353,CUST000118,internal_core,2025-04-24,2025-04-24,20000,0.1856,18,active,WA,,
LN000354,DISB20250424000354,CUST000426,internal_core,2025-04-24,2025-04-24,10000,0.1373,18,active,WA,,
LN000355,DISB20250424000355,CUST000468,partner_platform,2025-04-24,2025-04-24,5000,0.1383,36,active,FL,,
LN000356,DISB20250425000356,CUST000419,partner_platform,2025-04-25,2025-04-25,5000,0.2004,24,defaulted,CA,,
LN000357,DISB20250425000357,CUST000364,partner_platform,2025-04-25,2025-04-25,15000,0.1318,24,written_off,CA,2026-02-22,12110.95
LN000358,DISB20250425000358,CUST000408,internal_core,2025-04-25,2025-04-25,15000,0.068,24,active,TX,,
LN000359,DISB20250426000359,CUST000336,partner_platform,2025-04-26,2025-04-26,30000,0.1372,6,written_off,WA,2025-10-24,28538.06
LN000360,DISB20250426000360,CUST000301,partner_platform,2025-04-26,2025-04-26,15000,0.0661,24,active,NY,,
LN000361,DISB20250426000361,CUST000021,partner_platform,2025-04-26,2025-04-26,15000,0.1167,18,active,NY,,
LN000362,DISB20250427000362,CUST000472,internal_core,2025-04-27,2025-04-27,20000,0.0694,24,active,CA,,
LN000363,DISB20250427000363,CUST000082,partner_platform,2025-04-27,2025-04-27,20000,0.1778,12,closed,WA,,
LN000364,DISB20250427000364,CUST000371,internal_core,2025-04-27,2025-04-27,5000,0.2305,24,defaulted,CA,,
LN000365,DISB20250428000365,CUST000117,internal_core,2025-04-28,2025-04-28,15000,0.1352,6,closed,CA,,
LN000366,DISB20250428000366,CUST000061,internal_core,2025-04-28,2025-04-28,8000,0.1327,18,active,CA,,
LN000367,DISB20250428000367,CUST000017,partner_platform,2025-04-28,2025-04-28,8000,0.0747,12,closed,CA,,
LN000368,DISB20250429000368,CUST000022,internal_core,2025-04-29,2025-04-29,5000,0.1804,12,closed,TX,,
LN000369,DISB20250429000369,CUST000076,partner_platform,2025-04-29,2025-04-29,30000,0.2052,12,closed,TX,,
LN000370,DISB20250429000370,CUST000049,partner_platform,2025-04-29,2025-04-29,20000,0.0896,24,defaulted,FL,,
LN000371,DISB20250430000371,CUST000079,internal_core,2025-04-30,2025-04-30,30000,0.0891,18,active,WA,,
LN000372,DISB20250430000372,CUST000284,partner_platform,2025-04-30,2025-04-30,8000,0.1604,12,closed,CA,,
LN000373,DISB20250430000373,CUST000456,partner_platform,2025-04-30,2025-04-30,15000,0.157,24,active,TX,,
LN000374,DISB20250430000374,CUST000279,internal_core,2025-04-30,2025-04-30,5000,0.1315,18,active,TX,,
LN000375,DISB20250501000375,CUST000074,internal_core,2025-05-01,2025-05-01,15000,0.2027,24,active,WA,,
LN000376,DISB20250501000376,CUST000393,partner_platform,2025-05-01,2025-05-01,30000,0.1559,12,closed,FL,,
LN000377,DISB20250501000377,CUST000386,internal_core,2025-05-01,2025-05-01,10000,0.1254,18,active,NY,,
LN000378,DISB20250502000378,CUST000220,partner_platform,2025-05-02,2025-05-02,5000,0.066,36,active,FL,,
LN000379,DISB20250502000379,CUST000260,partner_platform,2025-05-02,2025-05-02,30000,0.1708,18,active,CA,,
LN000380,DISB20250503000380,CUST000063,partner_platform,2025-05-03,2025-05-03,20000,0.2371,36,active,WA,,
LN000381,DISB20250503000381,CUST000102,internal_core,2025-05-03,2025-05-03,8000,0.1369,18,written_off,WA,2026-03-03,5937.58
LN000382,DISB20250504000382,CUST000281,internal_core,2025-05-04,2025-05-04,15000,0.2202,36,active,TX,,
LN000383,DISB20250504000383,CUST000265,partner_platform,2025-05-04,2025-05-04,15000,0.2253,18,active,FL,,
LN000384,DISB20250504000384,CUST000450,partner_platform,2025-05-04,2025-05-04,15000,0.1427,36,active,NY,,
LN000385,DISB20250505000385,CUST000286,partner_platform,2025-05-05,2025-05-05,8000,0.104,24,active,NY,,
LN000386,DISB20250505000386,CUST000163,partner_platform,2025-05-05,2025-05-05,15000,0.223,18,active,NY,,
LN000387,DISB20250505000387,CUST000279,partner_platform,2025-05-05,2025-05-05,30000,0.1929,24,active,TX,,
LN000388,DISB20250506000388,CUST000289,internal_core,2025-05-06,2025-05-06,15000,0.1931,12,active,NY,,
LN000389,DISB20250506000389,CUST000156,partner_platform,2025-05-06,2025-05-06,30000,0.214,24,defaulted,CA,,
LN000390,DISB20250506000390,CUST000128,internal_core,2025-05-06,2025-05-06,10000,0.1849,6,closed,WA,,
LN000391,DISB20250507000391,CUST000302,internal_core,2025-05-07,2025-05-07,15000,0.2289,24,active,CA,,
LN000392,DISB20250507000392,CUST000252,partner_platform,2025-05-07,2025-05-07,20000,0.2218,18,active,CA,,
LN000393,DISB20250507000393,CUST000407,partner_platform,2025-05-07,2025-05-07,10000,0.08,24,active,WA,,
LN000394,DISB20250507000394,CUST000147,internal_core,2025-05-07,2025-05-07,30000,0.2044,18,written_off,FL,2026-01-05,26486.79
LN000395,DISB20250508000395,CUST000102,internal_core,2025-05-08,2025-05-08,30000,0.2145,18,active,TX,,
LN000396,DISB20250508000396,CUST000201,partner_platform,2025-05-08,2025-05-08,15000,0.0632,6,closed,TX,,
LN000397,DISB20250508000397,CUST000275,partner_platform,2025-05-08,2025-05-08,15000,0.0803,36,active,WA,,
LN000398,DISB20250509000398,CUST000320,internal_core,2025-05-09,2025-05-09,5000,0.1444,6,closed,TX,,
LN000399,DISB20250509000399,CUST000443,partner_platform,2025-05-09,2025-05-09,30000,0.1938,24,active,TX,,
LN000400,DISB20250510000400,CUST000361,partner_platform,2025-05-10,2025-05-10,20000,0.1668,6,closed,WA,,
LN000401,DISB20250510000401,CUST000158,internal_core,2025-05-10,2025-05-10,15000,0.1649,12,active,WA,,
LN000402,DISB20250510000402,CUST000304,internal_core,2025-05-10,2025-05-10,15000,0.0996,24,defaulted,CA,,
LN000403,DISB20250511000403,CUST000393,partner_platform,2025-05-11,2025-05-11,15000,0.2163,12,active,CA,,
LN000404,DISB20250511000404,CUST000431,partner_platform,2025-05-11,2025-05-11,15000,0.2239,6,written_off,TX,2025-11-08,15207.5
LN000405,DISB20250511000405,CUST000406,internal_core,2025-05-11,2025-05-11,20000,0.1736,24,active,CA,,
LN000406,DISB20250511000406,CUST000311,internal_core,2025-05-11,2025-05-11,15000,0.0788,24,active,WA,,
LN000407,DISB20250512000407,CUST000472,partner_platform,2025-05-12,2025-05-12,8000,0.1451,6,closed,CA,,
LN000408,DISB20250512000408,CUST000262,partner_platform,2025-05-12,2025-05-12,30000,0.1058,6,closed,WA,,
LN000409,DISB20250512000409,CUST000283,internal_core,2025-05-12,2025-05-12,10000,0.1098,6,closed,CA,,
LN000410,DISB20250513000410,CUST000424,partner_platform,2025-05-13,2025-05-13,30000,0.1699,36,active,FL,,
LN000411,DISB20250513000411,CUST000189,partner_platform,2025-05-13,2025-05-13,30000,0.2137,6,written_off,TX,2025-11-10,30124.41
LN000412,DISB20250513000412,CUST000090,partner_platform,2025-05-13,2025-05-13,20000,0.1389,12,active,TX,,
LN000413,DISB20250514000413,CUST000344,internal_core,2025-05-14,2025-05-14,20000,0.1112,6,closed,WA,,
LN000414,DISB20250514000414,CUST000183,internal_core,2025-05-14,2025-05-14,5000,0.0653,18,active,TX,,
LN000415,DISB20250515000415,CUST000001,internal_core,2025-05-15,2025-05-15,15000,0.1914,36,active,WA,,
LN000416,DISB20250515000416,CUST000240,internal_core,2025-05-15,2025-05-15,5000,0.2083,24,written_off,NY,2026-04-14,3820.65
LN000417,DISB20250515000417,CUST000347,internal_core,2025-05-15,2025-05-15,30000,0.0692,36,active,CA,,
LN000418,DISB20250515000418,CUST000146,partner_platform,2025-05-15,2025-05-15,8000,0.1798,6,written_off,FL,2025-12-13,6184.56
LN000419,DISB20250516000419,CUST000424,internal_core,2025-05-16,2025-05-16,15000,0.2221,24,active,NY,,
LN000420,DISB20250516000420,CUST000423,partner_platform,2025-05-16,2025-05-16,8000,0.1803,6,closed,NY,,
LN000421,DISB20250516000421,CUST000461,internal_core,2025-05-16,2025-05-16,8000,0.1504,18,written_off,CA,2026-01-14,6938.62
LN000422,DISB20250517000422,CUST000084,partner_platform,2025-05-17,2025-05-17,30000,0.0817,12,active,WA,,
LN000423,DISB20250517000423,CUST000350,internal_core,2025-05-17,2025-05-17,8000,0.0621,24,active,TX,,
LN000424,DISB20250517000424,CUST000301,internal_core,2025-05-17,2025-05-17,8000,0.2238,6,closed,CA,,
LN000425,DISB20250518000425,CUST000277,internal_core,2025-05-18,2025-05-18,30000,0.2133,24,active,TX,,
LN000426,DISB20250518000426,CUST000437,partner_platform,2025-05-18,2025-05-18,30000,0.202,24,active,FL,,
LN000427,DISB20250518000427,CUST000195,partner_platform,2025-05-18,2025-05-18,15000,0.1643,6,written_off,TX,2025-11-15,14427.72
LN000428,DISB20250519000428,CUST000313,partner_platform,2025-05-19,2025-05-19,30000,0.187,6,written_off,NY,2025-11-16,29368.89
LN000429,DISB20250519000429,CUST000007,internal_core,2025-05-19,2025-05-19,15000,0.0681,6,closed,CA,,
LN000430,DISB20250519000430,CUST000157,internal_core,2025-05-19,2025-05-19,8000,0.1762,24,active,TX,,
LN000431,DISB20250520000431,CUST000126,partner_platform,2025-05-20,2025-05-20,10000,0.116,36,active,NY,,
LN000432,DISB20250520000432,CUST000204,internal_core,2025-05-20,2025-05-20,30000,0.1417,24,active,CA,,
LN000433,DISB20250520000433,CUST000414,partner_platform,2025-05-20,2025-05-20,10000,0.1557,36,active,FL,,
LN000434,DISB20250521000434,CUST000448,internal_core,2025-05-21,2025-05-21,10000,0.0888,12,active,TX,,
LN000435,DISB20250521000435,CUST000030,partner_platform,2025-05-21,2025-05-21,8000,0.222,36,active,WA,,
LN000436,DISB20250521000436,CUST000035,internal_core,2025-05-21,2025-05-21,30000,0.1685,24,defaulted,CA,,
LN000437,DISB20250522000437,CUST000431,internal_core,2025-05-22,2025-05-22,30000,0.1301,36,active,FL,,
LN000438,DISB20250522000438,CUST000305,internal_core,2025-05-22,2025-05-22,20000,0.1575,36,active,TX,,
LN000439,DISB20250522000439,CUST000042,internal_core,2025-05-22,2025-05-22,8000,0.1067,18,active,NY,,
LN000440,DISB20250523000440,CUST000021,internal_core,2025-05-23,2025-05-23,15000,0.2095,24,active,TX,,
LN000441,DISB20250523000441,CUST000280,partner_platform,2025-05-23,2025-05-23,20000,0.1399,12,active,TX,,
LN000442,DISB20250523000442,CUST000273,internal_core,2025-05-23,2025-05-23,10000,0.2185,6,written_off,NY,2025-11-20,10005.0
LN000443,DISB20250524000443,CUST000008,partner_platform,2025-05-24,2025-05-24,15000,0.2135,36,active,FL,,
LN000444,DISB20250524000444,CUST000064,internal_core,2025-05-24,2025-05-24,10000,0.2237,18,active,WA,,
LN000445,DISB20250524000445,CUST000149,internal_core,2025-05-24,2025-05-24,30000,0.2023,24,active,WA,,
LN000446,DISB20250524000446,CUST000425,internal_core,2025-05-24,2025-05-24,30000,0.0662,6,closed,TX,,
LN000447,DISB20250525000447,CUST000236,partner_platform,2025-05-25,2025-05-25,15000,0.2154,12,active,FL,,
LN000448,DISB20250525000448,CUST000446,partner_platform,2025-05-25,2025-05-25,10000,0.152,6,closed,TX,,
LN000449,DISB20250525000449,CUST000437,internal_core,2025-05-25,2025-05-25,30000,0.1421,24,active,TX,,
LN000450,DISB20250526000450,CUST000391,internal_core,2025-05-26,2025-05-26,20000,0.1458,6,closed,FL,,
LN000451,DISB20250526000451,CUST000369,internal_core,2025-05-26,2025-05-26,5000,0.2208,18,written_off,TX,2026-02-23,4062.81
LN000452,DISB20250526000452,CUST000431,partner_platform,2025-05-26,2025-05-26,30000,0.0997,12,active,WA,,
LN000453,DISB20250527000453,CUST000298,internal_core,2025-05-27,2025-05-27,30000,0.176,24,active,NY,,
LN000454,DISB20250527000454,CUST000184,partner_platform,2025-05-27,2025-05-27,30000,0.2323,18,active,TX,,
LN000455,DISB20250527000455,CUST000113,internal_core,2025-05-27,2025-05-27,30000,0.0626,6,closed,FL,,
LN000456,DISB20250528000456,CUST000141,partner_platform,2025-05-28,2025-05-28,20000,0.2079,6,closed,CA,,
LN000457,DISB20250528000457,CUST000191,internal_core,2025-05-28,2025-05-28,5000,0.1902,24,active,TX,,
LN000458,DISB20250528000458,CUST000398,internal_core,2025-05-28,2025-05-28,15000,0.1639,12,written_off,WA,2026-01-26,12002.72
LN000459,DISB20250528000459,CUST000358,partner_platform,2025-05-28,2025-05-28,8000,0.0738,12,active,NY,,
LN000460,DISB20250529000460,CUST000322,internal_core,2025-05-29,2025-05-29,8000,0.1878,24,active,NY,,
LN000461,DISB20250529000461,CUST000215,internal_core,2025-05-29,2025-05-29,30000,0.0874,18,active,WA,,
LN000462,DISB20250529000462,CUST000321,internal_core,2025-05-29,2025-05-29,5000,0.1753,36,defaulted,WA,,
LN000463,DISB20250530000463,CUST000313,partner_platform,2025-05-30,2025-05-30,5000,0.0821,6,closed,NY,,
LN000464,DISB20250530000464,CUST000054,partner_platform,2025-05-30,2025-05-30,15000,0.1747,12,active,NY,,
LN000465,DISB20250530000465,CUST000053,internal_core,2025-05-30,2025-05-30,30000,0.1614,24,active,WA,,
LN000466,DISB20250531000466,CUST000012,internal_core,2025-05-31,2025-05-31,30000,0.2188,12,active,TX,,
LN000467,DISB20250531000467,CUST000079,partner_platform,2025-05-31,2025-05-31,5000,0.06,12,active,WA,,
LN000468,DISB20250531000468,CUST000214,partner_platform,2025-05-31,2025-05-31,30000,0.2212,12,written_off,CA,2026-02-28,21499.91
LN000469,DISB20250601000469,CUST000320,internal_core,2025-06-01,2025-06-01,20000,0.2276,6,written_off,CA,2025-12-30,15821.35
LN000470,DISB20250601000470,CUST000411,internal_core,2025-06-01,2025-06-01,8000,0.1164,24,active,NY,,
LN000471,DISB20250602000471,CUST000177,internal_core,2025-06-02,2025-06-02,30000,0.1279,24,defaulted,TX,,
LN000472,DISB20250602000472,CUST000471,internal_core,2025-06-02,2025-06-02,8000,0.1616,24,active,TX,,
LN000473,DISB20250602000473,CUST000394,internal_core,2025-06-02,2025-06-02,20000,0.1883,36,active,WA,,
LN000474,DISB20250603000474,CUST000273,partner_platform,2025-06-03,2025-06-03,15000,0.1865,6,closed,WA,,
LN000475,DISB20250603000475,CUST000140,partner_platform,2025-06-03,2025-06-03,20000,0.0687,36,active,FL,,
LN000476,DISB20250603000476,CUST000303,internal_core,2025-06-03,2025-06-03,8000,0.1742,18,written_off,FL,2026-05-03,5430.41
LN000477,DISB20250604000477,CUST000013,partner_platform,2025-06-04,2025-06-04,8000,0.1594,24,active,NY,,
LN000478,DISB20250604000478,CUST000166,internal_core,2025-06-04,2025-06-04,10000,0.1915,6,closed,FL,,
LN000479,DISB20250605000479,CUST000162,internal_core,2025-06-05,2025-06-05,5000,0.0846,24,active,NY,,
LN000480,DISB20250605000480,CUST000492,internal_core,2025-06-05,2025-06-05,15000,0.1311,6,closed,FL,,
LN000481,DISB20250605000481,CUST000227,partner_platform,2025-06-05,2025-06-05,20000,0.0705,12,active,WA,,
LN000482,DISB20250605000482,CUST000074,partner_platform,2025-06-05,2025-06-05,30000,0.1035,12,active,CA,,
LN000483,DISB20250606000483,CUST000409,partner_platform,2025-06-06,2025-06-06,10000,0.1328,6,closed,FL,,
LN000484,DISB20250606000484,CUST000029,partner_platform,2025-06-06,2025-06-06,10000,0.218,12,active,FL,,
LN000485,DISB20250606000485,CUST000340,partner_platform,2025-06-06,2025-06-06,15000,0.1081,6,closed,FL,,
LN000486,DISB20250607000486,CUST000170,internal_core,2025-06-07,2025-06-07,10000,0.1289,6,closed,NY,,
LN000487,DISB20250607000487,CUST000480,internal_core,2025-06-07,2025-06-07,20000,0.1215,12,active,FL,,
LN000488,DISB20250607000488,CUST000016,internal_core,2025-06-07,2025-06-07,10000,0.1793,36,active,FL,,
LN000489,DISB20250607000489,CUST000160,partner_platform,2025-06-07,2025-06-07,10000,0.2094,6,written_off,WA,2025-12-05,9830.7
LN000490,DISB20250608000490,CUST000413,internal_core,2025-06-08,2025-06-08,5000,0.2287,12,active,FL,,
LN000491,DISB20250608000491,CUST000471,internal_core,2025-06-08,2025-06-08,15000,0.0704,12,active,CA,,
LN000492,DISB20250608000492,CUST000096,internal_core,2025-06-08,2025-06-08,15000,0.158,24,active,CA,,
LN000493,DISB20250609000493,CUST000199,internal_core,2025-06-09,2025-06-09,8000,0.2213,6,closed,NY,,
LN000494,DISB20250609000494,CUST000267,internal_core,2025-06-09,2025-06-09,20000,0.206,24,active,FL,,
LN000495,DISB20250609000495,CUST000049,internal_core,2025-06-09,2025-06-09,15000,0.1207,24,defaulted,CA,,
LN000496,DISB20250610000496,CUST000282,internal_core,2025-06-10,2025-06-10,5000,0.2275,24,active,FL,,
LN000497,DISB20250610000497,CUST000054,internal_core,2025-06-10,2025-06-10,5000,0.2324,18,active,NY,,
LN000498,DISB20250610000498,CUST000122,partner_platform,2025-06-10,2025-06-10,20000,0.2332,12,active,NY,,
LN000499,DISB20250611000499,CUST000478,internal_core,2025-06-11,2025-06-11,30000,0.1402,24,active,WA,,
LN000500,DISB20250611000500,CUST000209,partner_platform,2025-06-11,2025-06-11,10000,0.2028,18,active,FL,,
LN000501,DISB20250611000501,CUST000272,partner_platform,2025-06-11,2025-06-11,15000,0.2313,18,active,NY,,
LN000502,DISB20250612000502,CUST000357,partner_platform,2025-06-12,2025-06-12,5000,0.2255,12,written_off,NY,2026-03-12,3558.83
LN000503,DISB20250612000503,CUST000371,internal_core,2025-06-12,2025-06-12,20000,0.2234,12,active,CA,,
LN000504,DISB20250612000504,CUST000336,partner_platform,2025-06-12,2025-06-12,8000,0.2341,36,active,NY,,
LN000505,DISB20250613000505,CUST000495,partner_platform,2025-06-13,2025-06-13,30000,0.1753,6,closed,TX,,
LN000506,DISB20250613000506,CUST000342,partner_platform,2025-06-13,2025-06-13,20000,0.1498,6,closed,WA,,
LN000507,DISB20250613000507,CUST000476,partner_platform,2025-06-13,2025-06-13,15000,0.1012,18,active,WA,,
LN000508,DISB20250614000508,CUST000055,internal_core,2025-06-14,2025-06-14,10000,0.1057,18,active,CA,,
LN000509,DISB20250614000509,CUST000141,partner_platform,2025-06-14,2025-06-14,20000,0.0813,6,closed,TX,,
LN000510,DISB20250614000510,CUST000160,partner_platform,2025-06-14,2025-06-14,5000,0.197,6,written_off,TX,2025-12-12,4847.4
LN000511,DISB20250615000511,CUST000099,partner_platform,2025-06-15,2025-06-15,5000,0.14,12,active,CA,,
LN000512,DISB20250615000512,CUST000349,internal_core,2025-06-15,2025-06-15,15000,0.1633,12,active,FL,,
LN000513,DISB20250615000513,CUST000058,internal_core,2025-06-15,2025-06-15,8000,0.2253,24,defaulted,NY,,
LN000514,DISB20250616000514,CUST000389,internal_core,2025-06-16,2025-06-16,8000,0.2321,12,active,WA,,
LN000515,DISB20250616000515,CUST000197,partner_platform,2025-06-16,2025-06-16,10000,0.1614,36,active,TX,,
LN000516,DISB20250617000516,CUST000109,internal_core,2025-06-17,2025-06-17,15000,0.1374,12,active,WA,,
LN000517,DISB20250617000517,CUST000279,internal_core,2025-06-17,2025-06-17,8000,0.22,12,active,FL,,
LN000518,DISB20250617000518,CUST000041,internal_core,2025-06-17,2025-06-17,10000,0.1669,24,defaulted,CA,,
LN000519,DISB20250618000519,CUST000421,partner_platform,2025-06-18,2025-06-18,5000,0.1337,18,active,WA,,
LN000520,DISB20250618000520,CUST000024,internal_core,2025-06-18,2025-06-18,8000,0.2085,12,active,CA,,
LN000521,DISB20250618000521,CUST000248,partner_platform,2025-06-18,2025-06-18,15000,0.1365,36,active,WA,,
LN000522,DISB20250619000522,CUST000249,partner_platform,2025-06-19,2025-06-19,15000,0.1541,36,active,CA,,
LN000523,DISB20250619000523,CUST000103,partner_platform,2025-06-19,2025-06-19,30000,0.0618,24,defaulted,TX,,
LN000524,DISB20250619000524,CUST000303,internal_core,2025-06-19,2025-06-19,15000,0.234,18,active,FL,,
LN000525,DISB20250619000525,CUST000397,partner_platform,2025-06-19,2025-06-19,8000,0.1145,36,active,CA,,
LN000526,DISB20250620000526,CUST000382,partner_platform,2025-06-20,2025-06-20,10000,0.2399,24,active,WA,,
LN000527,DISB20250620000527,CUST000241,partner_platform,2025-06-20,2025-06-20,10000,0.1346,12,written_off,NY,2026-03-20,6913.75
LN000528,DISB20250621000528,CUST000465,partner_platform,2025-06-21,2025-06-21,10000,0.1731,6,closed,CA,,
LN000529,DISB20250621000529,CUST000111,internal_core,2025-06-21,2025-06-21,5000,0.0834,36,active,CA,,
LN000530,DISB20250622000530,CUST000292,partner_platform,2025-06-22,2025-06-22,5000,0.2279,12,active,TX,,
LN000531,DISB20250622000531,CUST000407,partner_platform,2025-06-22,2025-06-22,8000,0.1912,6,closed,CA,,
LN000532,DISB20250622000532,CUST000477,internal_core,2025-06-22,2025-06-22,5000,0.1222,24,active,FL,,
LN000533,DISB20250623000533,CUST000076,internal_core,2025-06-23,2025-06-23,20000,0.2305,6,closed,CA,,
LN000534,DISB20250623000534,CUST000100,partner_platform,2025-06-23,2025-06-23,15000,0.1292,18,defaulted,TX,,
LN000535,DISB20250624000535,CUST000289,internal_core,2025-06-24,2025-06-24,30000,0.2118,24,active,TX,,
LN000536,DISB20250624000536,CUST000377,internal_core,2025-06-24,2025-06-24,5000,0.2341,18,active,WA,,
LN000537,DISB20250624000537,CUST000336,partner_platform,2025-06-24,2025-06-24,30000,0.0813,18,active,TX,,
LN000538,DISB20250625000538,CUST000458,internal_core,2025-06-25,2025-06-25,5000,0.0883,24,active,FL,,
LN000539,DISB20250625000539,CUST000022,partner_platform,2025-06-25,2025-06-25,10000,0.1503,18,active,NY,,
LN000540,DISB20250625000540,CUST000179,internal_core,2025-06-25,2025-06-25,8000,0.1046,24,defaulted,CA,,
LN000541,DISB20250626000541,CUST000331,internal_core,2025-06-26,2025-06-26,20000,0.1235,6,closed,CA,,
LN000542,DISB20250626000542,CUST000334,partner_platform,2025-06-26,2025-06-26,20000,0.0723,18,written_off,CA,2026-03-26,15720.63
LN000543,DISB20250626000543,CUST000489,partner_platform,2025-06-26,2025-06-26,10000,0.182,18,active,NY,,
LN000544,DISB20250626000544,CUST000452,partner_platform,2025-06-26,2025-06-26,5000,0.1755,18,active,WA,,
LN000545,DISB20250627000545,CUST000319,partner_platform,2025-06-27,2025-06-27,8000,0.2247,12,written_off,WA,2026-01-25,7221.95
LN000546,DISB20250627000546,CUST000006,partner_platform,2025-06-27,2025-06-27,8000,0.0804,6,closed,WA,,
LN000547,DISB20250627000547,CUST000425,internal_core,2025-06-27,2025-06-27,5000,0.1224,24,active,TX,,
LN000548,DISB20250628000548,CUST000291,internal_core,2025-06-28,2025-06-28,8000,0.1117,12,active,NY,,
LN000549,DISB20250628000549,CUST000219,internal_core,2025-06-28,2025-06-28,20000,0.2266,24,written_off,TX,2026-04-27,16090.22
LN000550,DISB20250629000550,CUST000403,partner_platform,2025-06-29,2025-06-29,15000,0.0766,12,active,WA,,
LN000551,DISB20250629000551,CUST000134,internal_core,2025-06-29,2025-06-29,10000,0.1817,6,closed,CA,,
LN000552,DISB20250629000552,CUST000258,internal_core,2025-06-29,2025-06-29,20000,0.0913,18,active,NY,,
LN000553,DISB20250630000553,CUST000150,partner_platform,2025-06-30,2025-06-30,10000,0.2189,18,active,FL,,
LN000554,DISB20250630000554,CUST000493,internal_core,2025-06-30,2025-06-30,15000,0.1729,36,active,FL,,
LN000555,DISB20250630000555,CUST000164,internal_core,2025-06-30,2025-06-30,10000,0.2324,24,active,CA,,
LN000556,DISB20250701000556,CUST000330,partner_platform,2025-07-01,2025-07-01,8000,0.1937,12,active,TX,,
LN000557,DISB20250701000557,CUST000127,internal_core,2025-07-01,2025-07-01,5000,0.1381,24,active,WA,,
LN000558,DISB20250702000558,CUST000403,partner_platform,2025-07-02,2025-07-02,15000,0.1704,6,closed,CA,,
LN000559,DISB20250702000559,CUST000493,internal_core,2025-07-02,2025-07-02,5000,0.2073,24,written_off,CA,2026-05-02,4013.36
LN000560,DISB20250702000560,CUST000299,internal_core,2025-07-02,2025-07-02,8000,0.0713,36,active,NY,,
LN000561,DISB20250703000561,CUST000331,partner_platform,2025-07-03,2025-07-03,8000,0.127,12,active,NY,,
LN000562,DISB20250703000562,CUST000164,partner_platform,2025-07-03,2025-07-03,10000,0.111,18,active,NY,,
LN000563,DISB20250704000563,CUST000238,internal_core,2025-07-04,2025-07-04,10000,0.1987,6,closed,CA,,
LN000564,DISB20250704000564,CUST000345,internal_core,2025-07-04,2025-07-04,5000,0.2157,6,written_off,WA,2026-01-02,4835.92
LN000565,DISB20250704000565,CUST000187,internal_core,2025-07-04,2025-07-04,20000,0.134,12,active,TX,,
LN000566,DISB20250705000566,CUST000168,internal_core,2025-07-05,2025-07-05,15000,0.1563,18,written_off,WA,2026-04-04,11905.41
LN000567,DISB20250705000567,CUST000354,internal_core,2025-07-05,2025-07-05,30000,0.2013,12,active,CA,,
LN000568,DISB20250705000568,CUST000256,internal_core,2025-07-05,2025-07-05,20000,0.1445,24,active,FL,,
LN000569,DISB20250706000569,CUST000462,partner_platform,2025-07-06,2025-07-06,30000,0.1779,6,closed,WA,,
LN000570,DISB20250706000570,CUST000497,internal_core,2025-07-06,2025-07-06,8000,0.2297,12,active,TX,,
LN000571,DISB20250706000571,CUST000083,partner_platform,2025-07-06,2025-07-06,10000,0.2051,6,written_off,FL,2026-01-04,9592.02
LN000572,DISB20250707000572,CUST000023,partner_platform,2025-07-07,2025-07-07,5000,0.1242,12,active,FL,,
LN000573,DISB20250707000573,CUST000311,partner_platform,2025-07-07,2025-07-07,30000,0.2245,36,active,FL,,
LN000574,DISB20250707000574,CUST000362,internal_core,2025-07-07,2025-07-07,8000,0.2294,6,closed,CA,,
LN000575,DISB20250708000575,CUST000109,partner_platform,2025-07-08,2025-07-08,10000,0.1228,6,closed,WA,,
LN000576,DISB20250708000576,CUST000076,internal_core,2025-07-08,2025-07-08,10000,0.1346,6,closed,WA,,
LN000577,DISB20250708000577,CUST000141,internal_core,2025-07-08,2025-07-08,30000,0.1293,36,defaulted,CA,,
LN000578,DISB20250709000578,CUST000485,partner_platform,2025-07-09,2025-07-09,30000,0.2021,6,written_off,CA,2026-02-06,22674.37
LN000579,DISB20250709000579,CUST000426,internal_core,2025-07-09,2025-07-09,10000,0.1035,12,active,FL,,
LN000580,DISB20250709000580,CUST000201,partner_platform,2025-07-09,2025-07-09,8000,0.1694,18,active,FL,,
LN000581,DISB20250710000581,CUST000137,partner_platform,2025-07-10,2025-07-10,5000,0.1372,18,active,TX,,
LN000582,DISB20250710000582,CUST000490,internal_core,2025-07-10,2025-07-10,5000,0.0967,12,active,TX,,
LN000583,DISB20250710000583,CUST000418,internal_core,2025-07-10,2025-07-10,20000,0.1559,36,defaulted,CA,,
LN000584,DISB20250710000584,CUST000413,partner_platform,2025-07-10,2025-07-10,8000,0.1522,36,active,WA,,
LN000585,DISB20250711000585,CUST000305,internal_core,2025-07-11,2025-07-11,20000,0.1998,6,closed,TX,,
LN000586,DISB20250711000586,CUST000387,partner_platform,2025-07-11,2025-07-11,20000,0.1731,12,written_off,FL,2026-04-10,13826.53
LN000587,DISB20250711000587,CUST000156,internal_core,2025-07-11,2025-07-11,5000,0.1564,6,closed,WA,,
LN000588,DISB20250712000588,CUST000499,internal_core,2025-07-12,2025-07-12,15000,0.1201,6,closed,WA,,
LN000589,DISB20250712000589,CUST000425,partner_platform,2025-07-12,2025-07-12,20000,0.1472,18,active,WA,,
LN000590,DISB20250713000590,CUST000435,partner_platform,2025-07-13,2025-07-13,8000,0.0721,24,active,CA,,
LN000591,DISB20250713000591,CUST000220,partner_platform,2025-07-13,2025-07-13,15000,0.1767,36,active,NY,,
LN000592,DISB20250713000592,CUST000335,internal_core,2025-07-13,2025-07-13,15000,0.2395,18,active,NY,,
LN000593,DISB20250714000593,CUST000182,internal_core,2025-07-14,2025-07-14,30000,0.1271,18,active,FL,,
LN000594,DISB20250714000594,CUST000331,partner_platform,2025-07-14,2025-07-14,8000,0.123,18,active,TX,,
LN000595,DISB20250714000595,CUST000049,internal_core,2025-07-14,2025-07-14,5000,0.061,24,active,NY,,
LN000596,DISB20250715000596,CUST000420,partner_platform,2025-07-15,2025-07-15,5000,0.1651,36,active,WA,,
LN000597,DISB20250715000597,CUST000314,partner_platform,2025-07-15,2025-07-15,15000,0.0853,36,active,TX,,
LN000598,DISB20250716000598,CUST000071,partner_platform,2025-07-16,2025-07-16,15000,0.0951,24,active,WA,,
LN000599,DISB20250716000599,CUST000215,partner_platform,2025-07-16,2025-07-16,10000,0.138,12,active,FL,,
LN000600,DISB20250716000600,CUST000470,internal_core,2025-07-16,2025-07-16,30000,0.0882,12,active,WA,,
LN000601,DISB20250717000601,CUST000313,partner_platform,2025-07-17,2025-07-17,20000,0.0987,24,active,NY,,
LN000602,DISB20250717000602,CUST000336,internal_core,2025-07-17,2025-07-17,5000,0.1652,12,active,FL,,
LN000603,DISB20250717000603,CUST000146,partner_platform,2025-07-17,2025-07-17,30000,0.2033,6,closed,TX,,
LN000604,DISB20250718000604,CUST000129,partner_platform,2025-07-18,2025-07-18,30000,0.1085,24,active,WA,,
LN000605,DISB20250718000605,CUST000411,internal_core,2025-07-18,2025-07-18,15000,0.2083,12,active,WA,,
LN000606,DISB20250718000606,CUST000480,partner_platform,2025-07-18,2025-07-18,30000,0.2016,12,active,WA,,
LN000607,DISB20250718000607,CUST000028,partner_platform,2025-07-18,2025-07-18,5000,0.1435,36,active,WA,,
LN000608,DISB20250719000608,CUST000316,partner_platform,2025-07-19,2025-07-19,30000,0.18,6,closed,TX,,
LN000609,DISB20250719000609,CUST000413,internal_core,2025-07-19,2025-07-19,20000,0.2086,12,active,TX,,
LN000610,DISB20250719000610,CUST000256,internal_core,2025-07-19,2025-07-19,30000,0.0771,24,active,FL,,
LN000611,DISB20250719000611,CUST000091,internal_core,2025-07-19,2025-07-19,20000,0.2144,36,active,TX,,
LN000612,DISB20250720000612,CUST000269,internal_core,2025-07-20,2025-07-20,5000,0.233,18,active,TX,,
LN000613,DISB20250720000613,CUST000459,partner_platform,2025-07-20,2025-07-20,30000,0.1163,36,active,TX,,
LN000614,DISB20250720000614,CUST000462,partner_platform,2025-07-20,2025-07-20,8000,0.1871,24,active,TX,,
LN000615,DISB20250720000615,CUST000208,internal_core,2025-07-20,2025-07-20,20000,0.2156,12,written_off,TX,2026-02-17,17747.62
LN000616,DISB20250721000616,CUST000383,internal_core,2025-07-21,2025-07-21,10000,0.1396,12,active,WA,,
LN000617,DISB20250721000617,CUST000048,internal_core,2025-07-21,2025-07-21,10000,0.2163,18,active,NY,,
LN000618,DISB20250721000618,CUST000191,partner_platform,2025-07-21,2025-07-21,10000,0.1445,36,active,FL,,
LN000619,DISB20250721000619,CUST000113,partner_platform,2025-07-21,2025-07-21,8000,0.1887,6,closed,TX,,
LN000620,DISB20250722000620,CUST000155,partner_platform,2025-07-22,2025-07-22,30000,0.1272,18,active,WA,,
LN000621,DISB20250722000621,CUST000425,partner_platform,2025-07-22,2025-07-22,10000,0.1855,6,written_off,NY,2026-01-20,9370.09
LN000622,DISB20250722000622,CUST000064,internal_core,2025-07-22,2025-07-22,15000,0.1345,24,active,NY,,
LN000623,DISB20250723000623,CUST000404,internal_core,2025-07-23,2025-07-23,8000,0.2002,18,active,TX,,
LN000624,DISB20250723000624,CUST000118,partner_platform,2025-07-23,2025-07-23,15000,0.233,18,active,FL,,
LN000625,DISB20250723000625,CUST000013,partner_platform,2025-07-23,2025-07-23,20000,0.1652,6,written_off,NY,2026-01-21,18501.98
LN000626,DISB20250724000626,CUST000456,partner_platform,2025-07-24,2025-07-24,15000,0.1239,24,active,WA,,
LN000627,DISB20250724000627,CUST000209,internal_core,2025-07-24,2025-07-24,15000,0.2186,18,active,WA,,
LN000628,DISB20250724000628,CUST000432,internal_core,2025-07-24,2025-07-24,10000,0.1927,6,written_off,TX,2026-01-22,9397.13
LN000629,DISB20250725000629,CUST000465,partner_platform,2025-07-25,2025-07-25,5000,0.1437,36,active,FL,,
LN000630,DISB20250725000630,CUST000119,internal_core,2025-07-25,2025-07-25,15000,0.2071,12,active,WA,,
LN000631,DISB20250725000631,CUST000098,internal_core,2025-07-25,2025-07-25,8000,0.1349,12,active,NY,,
LN000632,DISB20250726000632,CUST000416,internal_core,2025-07-26,2025-07-26,15000,0.1389,24,active,TX,,
LN000633,DISB20250726000633,CUST000296,partner_platform,2025-07-26,2025-07-26,15000,0.1101,18,defaulted,WA,,
LN000634,DISB20250726000634,CUST000138,partner_platform,2025-07-26,2025-07-26,15000,0.124,36,active,WA,,
LN000635,DISB20250727000635,CUST000086,partner_platform,2025-07-27,2025-07-27,15000,0.0864,12,active,TX,,
LN000636,DISB20250727000636,CUST000190,partner_platform,2025-07-27,2025-07-27,20000,0.1461,12,active,TX,,
LN000637,DISB20250727000637,CUST000446,internal_core,2025-07-27,2025-07-27,5000,0.1395,12,written_off,CA,2026-04-26,3413.59
LN000638,DISB20250728000638,CUST000265,partner_platform,2025-07-28,2025-07-28,30000,0.1905,12,active,TX,,
LN000639,DISB20250728000639,CUST000399,partner_platform,2025-07-28,2025-07-28,8000,0.1165,36,active,CA,,
LN000640,DISB20250728000640,CUST000148,partner_platform,2025-07-28,2025-07-28,8000,0.0951,12,active,WA,,
LN000641,DISB20250729000641,CUST000428,partner_platform,2025-07-29,2025-07-29,30000,0.2109,6,closed,TX,,
LN000642,DISB20250729000642,CUST000439,internal_core,2025-07-29,2025-07-29,15000,0.1349,36,active,WA,,
LN000643,DISB20250729000643,CUST000390,partner_platform,2025-07-29,2025-07-29,10000,0.1925,24,active,NY,,
LN000644,DISB20250730000644,CUST000039,internal_core,2025-07-30,2025-07-30,5000,0.1935,18,active,FL,,
LN000645,DISB20250730000645,CUST000412,partner_platform,2025-07-30,2025-07-30,10000,0.0929,12,active,WA,,
LN000646,DISB20250730000646,CUST000072,internal_core,2025-07-30,2025-07-30,30000,0.0857,18,active,NY,,
LN000647,DISB20250731000647,CUST000177,internal_core,2025-07-31,2025-07-31,10000,0.2121,36,active,FL,,
LN000648,DISB20250731000648,CUST000287,internal_core,2025-07-31,2025-07-31,30000,0.1536,24,active,FL,,
LN000649,DISB20250731000649,CUST000426,internal_core,2025-07-31,2025-07-31,8000,0.0696,24,active,WA,,
LN000650,DISB20250801000650,CUST000385,internal_core,2025-08-01,2025-08-01,20000,0.0769,12,written_off,NY,2026-03-31,15247.02
LN000651,DISB20250801000651,CUST000174,internal_core,2025-08-01,2025-08-01,10000,0.1029,18,defaulted,WA,,
LN000652,DISB20250802000652,CUST000473,internal_core,2025-08-02,2025-08-02,20000,0.0878,12,active,NY,,
LN000653,DISB20250802000653,CUST000359,internal_core,2025-08-02,2025-08-02,20000,0.1985,36,active,NY,,
LN000654,DISB20250802000654,CUST000094,partner_platform,2025-08-02,2025-08-02,20000,0.0682,6,closed,TX,,
LN000655,DISB20250803000655,CUST000202,internal_core,2025-08-03,2025-08-03,15000,0.1502,24,active,CA,,
LN000656,DISB20250803000656,CUST000182,partner_platform,2025-08-03,2025-08-03,5000,0.2033,18,defaulted,NY,,
LN000657,DISB20250803000657,CUST000271,partner_platform,2025-08-03,2025-08-03,15000,0.1904,6,closed,CA,,
LN000658,DISB20250804000658,CUST000321,internal_core,2025-08-04,2025-08-04,10000,0.2043,18,written_off,TX,2026-04-03,8543.67
LN000659,DISB20250804000659,CUST000273,internal_core,2025-08-04,2025-08-04,5000,0.1026,36,active,WA,,
LN000660,DISB20250804000660,CUST000056,partner_platform,2025-08-04,2025-08-04,30000,0.1259,36,active,WA,,
LN000661,DISB20250805000661,CUST000433,internal_core,2025-08-05,2025-08-05,10000,0.1353,6,closed,WA,,
LN000662,DISB20250805000662,CUST000104,partner_platform,2025-08-05,2025-08-05,10000,0.1747,18,active,CA,,
LN000663,DISB20250806000663,CUST000450,partner_platform,2025-08-06,2025-08-06,30000,0.2305,18,active,FL,,
LN000664,DISB20250806000664,CUST000177,partner_platform,2025-08-06,2025-08-06,10000,0.1212,36,active,FL,,
LN000665,DISB20250806000665,CUST000105,partner_platform,2025-08-06,2025-08-06,15000,0.1721,18,active,NY,,
LN000666,DISB20250807000666,CUST000284,partner_platform,2025-08-07,2025-08-07,5000,0.076,6,closed,FL,,
LN000667,DISB20250807000667,CUST000370,internal_core,2025-08-07,2025-08-07,15000,0.0957,18,active,CA,,
LN000668,DISB20250807000668,CUST000076,partner_platform,2025-08-07,2025-08-07,30000,0.1408,12,written_off,TX,2026-04-06,23130.71
LN000669,DISB20250808000669,CUST000073,internal_core,2025-08-08,2025-08-08,8000,0.1766,12,active,TX,,
LN000670,DISB20250808000670,CUST000195,partner_platform,2025-08-08,2025-08-08,8000,0.2295,6,closed,TX,,
LN000671,DISB20250808000671,CUST000044,partner_platform,2025-08-08,2025-08-08,8000,0.1891,12,active,FL,,
LN000672,DISB20250809000672,CUST000246,internal_core,2025-08-09,2025-08-09,5000,0.1913,18,active,NY,,
LN000673,DISB20250809000673,CUST000433,partner_platform,2025-08-09,2025-08-09,15000,0.0816,36,active,CA,,
LN000674,DISB20250810000674,CUST000250,partner_platform,2025-08-10,2025-08-10,30000,0.1673,6,written_off,WA,2026-02-07,27485.43
LN000675,DISB20250810000675,CUST000389,internal_core,2025-08-10,2025-08-10,30000,0.2224,24,active,FL,,
LN000676,DISB20250810000676,CUST000476,partner_platform,2025-08-10,2025-08-10,10000,0.162,18,active,NY,,
LN000677,DISB20250811000677,CUST000200,internal_core,2025-08-11,2025-08-11,10000,0.2042,36,active,NY,,
LN000678,DISB20250811000678,CUST000037,internal_core,2025-08-11,2025-08-11,10000,0.2365,36,active,WA,,
LN000679,DISB20250812000679,CUST000449,partner_platform,2025-08-12,2025-08-12,15000,0.171,18,defaulted,FL,,
LN000680,DISB20250812000680,CUST000090,partner_platform,2025-08-12,2025-08-12,20000,0.1622,36,active,WA,,
LN000681,DISB20250812000681,CUST000094,partner_platform,2025-08-12,2025-08-12,5000,0.0657,12,active,WA,,
LN000682,DISB20250813000682,CUST000345,internal_core,2025-08-13,2025-08-13,15000,0.1542,36,active,CA,,
LN000683,DISB20250813000683,CUST000490,internal_core,2025-08-13,2025-08-13,30000,0.2216,6,closed,TX,,
LN000684,DISB20250813000684,CUST000190,internal_core,2025-08-13,2025-08-13,5000,0.1191,12,active,WA,,
LN000685,DISB20250814000685,CUST000262,internal_core,2025-08-14,2025-08-14,10000,0.0998,36,active,WA,,
LN000686,DISB20250814000686,CUST000415,partner_platform,2025-08-14,2025-08-14,20000,0.0968,24,defaulted,WA,,
LN000687,DISB20250814000687,CUST000407,partner_platform,2025-08-14,2025-08-14,5000,0.1683,36,active,NY,,
LN000688,DISB20250814000688,CUST000059,partner_platform,2025-08-14,2025-08-14,8000,0.2348,6,closed,CA,,
LN000689,DISB20250815000689,CUST000375,internal_core,2025-08-15,2025-08-15,10000,0.1992,24,active,TX,,
LN000690,DISB20250815000690,CUST000404,partner_platform,2025-08-15,2025-08-15,15000,0.1826,12,active,FL,,
LN000691,DISB20250815000691,CUST000381,internal_core,2025-08-15,2025-08-15,5000,0.2219,12,active,CA,,
LN000692,DISB20250816000692,CUST000454,partner_platform,2025-08-16,2025-08-16,8000,0.1568,36,active,FL,,
LN000693,DISB20250816000693,CUST000220,partner_platform,2025-08-16,2025-08-16,30000,0.0881,12,active,FL,,
LN000694,DISB20250816000694,CUST000287,internal_core,2025-08-16,2025-08-16,10000,0.1016,18,active,CA,,
LN000695,DISB20250816000695,CUST000264,internal_core,2025-08-16,2025-08-16,15000,0.225,12,active,WA,,
LN000696,DISB20250817000696,CUST000230,internal_core,2025-08-17,2025-08-17,8000,0.0677,36,active,WA,,
LN000697,DISB20250817000697,CUST000171,internal_core,2025-08-17,2025-08-17,30000,0.0864,36,active,NY,,
LN000698,DISB20250817000698,CUST000004,internal_core,2025-08-17,2025-08-17,20000,0.2247,12,active,NY,,
LN000699,DISB20250818000699,CUST000229,partner_platform,2025-08-18,2025-08-18,8000,0.1631,18,defaulted,TX,,
LN000700,DISB20250818000700,CUST000401,internal_core,2025-08-18,2025-08-18,15000,0.1184,6,closed,CA,,
LN000701,DISB20250819000701,CUST000022,internal_core,2025-08-19,2025-08-19,5000,0.132,18,active,WA,,
LN000702,DISB20250819000702,CUST000393,internal_core,2025-08-19,2025-08-19,15000,0.0944,6,closed,NY,,
LN000703,DISB20250819000703,CUST000329,partner_platform,2025-08-19,2025-08-19,8000,0.1721,36,active,FL,,
LN000704,DISB20250820000704,CUST000412,partner_platform,2025-08-20,2025-08-20,8000,0.0908,6,closed,NY,,
LN000705,DISB20250820000705,CUST000494,partner_platform,2025-08-20,2025-08-20,8000,0.1213,6,closed,CA,,
LN000706,DISB20250821000706,CUST000266,partner_platform,2025-08-21,2025-08-21,10000,0.1023,36,active,WA,,
LN000707,DISB20250821000707,CUST000209,partner_platform,2025-08-21,2025-08-21,30000,0.2163,24,active,CA,,
LN000708,DISB20250821000708,CUST000331,internal_core,2025-08-21,2025-08-21,5000,0.0617,18,active,WA,,
LN000709,DISB20250822000709,CUST000364,partner_platform,2025-08-22,2025-08-22,10000,0.1152,12,active,FL,,
LN000710,DISB20250822000710,CUST000487,internal_core,2025-08-22,2025-08-22,30000,0.158,18,active,TX,,
LN000711,DISB20250823000711,CUST000012,internal_core,2025-08-23,2025-08-23,20000,0.2098,6,written_off,WA,2026-02-20,18557.74
LN000712,DISB20250823000712,CUST000469,partner_platform,2025-08-23,2025-08-23,20000,0.0762,24,active,FL,,
LN000713,DISB20250823000713,CUST000076,partner_platform,2025-08-23,2025-08-23,20000,0.075,12,active,WA,,
LN000714,DISB20250824000714,CUST000285,internal_core,2025-08-24,2025-08-24,10000,0.1472,24,active,TX,,
LN000715,DISB20250824000715,CUST000064,partner_platform,2025-08-24,2025-08-24,20000,0.1968,24,active,WA,,
LN000716,DISB20250824000716,CUST000319,partner_platform,2025-08-24,2025-08-24,15000,0.1334,12,written_off,WA,2026-04-23,11490.53
LN000717,DISB20250824000717,CUST000045,partner_platform,2025-08-24,2025-08-24,10000,0.1855,36,active,TX,,
LN000718,DISB20250825000718,CUST000022,internal_core,2025-08-25,2025-08-25,15000,0.2212,24,defaulted,CA,,
LN000719,DISB20250825000719,CUST000038,internal_core,2025-08-25,2025-08-25,30000,0.2175,6,closed,FL,,
LN000720,DISB20250825000720,CUST000050,partner_platform,2025-08-25,2025-08-25,8000,0.0682,18,active,WA,,
LN000721,DISB20250826000721,CUST000300,internal_core,2025-08-26,2025-08-26,8000,0.0654,6,closed,NY,,
LN000722,DISB20250826000722,CUST000147,internal_core,2025-08-26,2025-08-26,8000,0.2029,18,active,CA,,
LN000723,DISB20250826000723,CUST000339,partner_platform,2025-08-26,2025-08-26,20000,0.1982,18,active,FL,,
LN000724,DISB20250826000724,CUST000316,partner_platform,2025-08-26,2025-08-26,5000,0.1501,36,active,TX,,
LN000725,DISB20250827000725,CUST000004,internal_core,2025-08-27,2025-08-27,8000,0.1542,24,active,CA,,
LN000726,DISB20250827000726,CUST000480,internal_core,2025-08-27,2025-08-27,5000,0.1774,36,active,NY,,
LN000727,DISB20250827000727,CUST000280,partner_platform,2025-08-27,2025-08-27,15000,0.0785,12,written_off,TX,2026-04-26,11385.49
LN000728,DISB20250827000728,CUST000331,internal_core,2025-08-27,2025-08-27,20000,0.0843,18,active,NY,,
LN000729,DISB20250828000729,CUST000305,internal_core,2025-08-28,2025-08-28,8000,0.1636,24,defaulted,FL,,
LN000730,DISB20250828000730,CUST000266,partner_platform,2025-08-28,2025-08-28,15000,0.2298,6,closed,WA,,
LN000731,DISB20250828000731,CUST000042,partner_platform,2025-08-28,2025-08-28,20000,0.1771,36,active,CA,,
LN000732,DISB20250829000732,CUST000041,partner_platform,2025-08-29,2025-08-29,8000,0.093,6,closed,NY,,
LN000733,DISB20250829000733,CUST000076,partner_platform,2025-08-29,2025-08-29,8000,0.0625,6,written_off,NY,2026-02-26,6882.07
LN000734,DISB20250829000734,CUST000060,partner_platform,2025-08-29,2025-08-29,8000,0.1368,24,active,FL,,
LN000735,DISB20250830000735,CUST000159,internal_core,2025-08-30,2025-08-30,5000,0.2338,36,active,FL,,
LN000736,DISB20250830000736,CUST000125,partner_platform,2025-08-30,2025-08-30,20000,0.0725,36,active,NY,,
LN000737,DISB20250830000737,CUST000128,partner_platform,2025-08-30,2025-08-30,8000,0.1332,24,active,WA,,
LN000738,DISB20250831000738,CUST000356,partner_platform,2025-08-31,2025-08-31,5000,0.1154,36,active,FL,,
LN000739,DISB20250831000739,CUST000195,partner_platform,2025-08-31,2025-08-31,20000,0.109,18,active,WA,,
LN000740,DISB20250831000740,CUST000243,internal_core,2025-08-31,2025-08-31,30000,0.1396,24,active,CA,,
LN000741,DISB20250831000741,CUST000317,internal_core,2025-08-31,2025-08-31,30000,0.0842,24,active,CA,,
LN000742,DISB20250901000742,CUST000098,partner_platform,2025-09-01,2025-09-01,20000,0.0786,24,active,TX,,
LN000743,DISB20250901000743,CUST000353,internal_core,2025-09-01,2025-09-01,20000,0.1882,6,written_off,FL,2026-03-01,18257.34
LN000744,DISB20250901000744,CUST000190,internal_core,2025-09-01,2025-09-01,20000,0.2324,18,active,WA,,
LN000745,DISB20250902000745,CUST000095,internal_core,2025-09-02,2025-09-02,30000,0.1799,36,active,FL,,
LN000746,DISB20250902000746,CUST000247,internal_core,2025-09-02,2025-09-02,5000,0.1167,18,defaulted,TX,,
LN000747,DISB20250903000747,CUST000020,internal_core,2025-09-03,2025-09-03,30000,0.1435,12,active,WA,,
LN000748,DISB20250903000748,CUST000194,internal_core,2025-09-03,2025-09-03,20000,0.2147,36,active,TX,,
LN000749,DISB20250903000749,CUST000163,internal_core,2025-09-03,2025-09-03,20000,0.1641,24,active,FL,,
LN000750,DISB20250904000750,CUST000243,internal_core,2025-09-04,2025-09-04,30000,0.239,18,defaulted,WA,,
LN000751,DISB20250904000751,CUST000188,internal_core,2025-09-04,2025-09-04,5000,0.1112,24,active,WA,,
LN000752,DISB20250904000752,CUST000211,partner_platform,2025-09-04,2025-09-04,15000,0.1592,12,active,TX,,
LN000753,DISB20250905000753,CUST000412,partner_platform,2025-09-05,2025-09-05,5000,0.0755,18,active,TX,,
LN000754,DISB20250905000754,CUST000439,internal_core,2025-09-05,2025-09-05,30000,0.0687,12,defaulted,TX,,
LN000755,DISB20250905000755,CUST000427,partner_platform,2025-09-05,2025-09-05,10000,0.1841,24,active,CA,,
LN000756,DISB20250905000756,CUST000355,partner_platform,2025-09-05,2025-09-05,10000,0.0844,18,active,WA,,
LN000757,DISB20250906000757,CUST000358,internal_core,2025-09-06,2025-09-06,30000,0.1207,18,defaulted,WA,,
LN000758,DISB20250906000758,CUST000088,partner_platform,2025-09-06,2025-09-06,5000,0.2355,36,active,CA,,
LN000759,DISB20250906000759,CUST000075,partner_platform,2025-09-06,2025-09-06,5000,0.1817,12,active,TX,,
LN000760,DISB20250907000760,CUST000279,internal_core,2025-09-07,2025-09-07,8000,0.1652,6,written_off,NY,2026-03-07,7198.03
LN000761,DISB20250907000761,CUST000467,internal_core,2025-09-07,2025-09-07,5000,0.1511,18,defaulted,FL,,
LN000762,DISB20250907000762,CUST000238,internal_core,2025-09-07,2025-09-07,30000,0.2294,36,active,CA,,
LN000763,DISB20250907000763,CUST000047,partner_platform,2025-09-07,2025-09-07,20000,0.1396,24,active,NY,,
LN000764,DISB20250908000764,CUST000490,partner_platform,2025-09-08,2025-09-08,30000,0.0844,6,closed,CA,,
LN000765,DISB20250908000765,CUST000391,internal_core,2025-09-08,2025-09-08,20000,0.08,18,active,FL,,
LN000766,DISB20250909000766,CUST000188,partner_platform,2025-09-09,2025-09-09,8000,0.0669,24,defaulted,TX,,
LN000767,DISB20250909000767,CUST000001,partner_platform,2025-09-09,2025-09-09,30000,0.1255,36,active,TX,,
LN000768,DISB20250909000768,CUST000467,internal_core,2025-09-09,2025-09-09,15000,0.1573,18,active,TX,,
LN000769,DISB20250909000769,CUST000377,internal_core,2025-09-09,2025-09-09,8000,0.091,36,active,TX,,
LN000770,DISB20250910000770,CUST000421,partner_platform,2025-09-10,2025-09-10,5000,0.1543,12,active,CA,,
LN000771,DISB20250910000771,CUST000278,partner_platform,2025-09-10,2025-09-10,10000,0.2025,24,active,FL,,
LN000772,DISB20250910000772,CUST000255,internal_core,2025-09-10,2025-09-10,20000,0.0824,12,active,NY,,
LN000773,DISB20250911000773,CUST000200,partner_platform,2025-09-11,2025-09-11,30000,0.1445,12,active,WA,,
LN000774,DISB20250911000774,CUST000033,partner_platform,2025-09-11,2025-09-11,8000,0.2057,18,defaulted,CA,,
LN000775,DISB20250911000775,CUST000247,partner_platform,2025-09-11,2025-09-11,20000,0.1105,36,active,NY,,
LN000776,DISB20250912000776,CUST000438,partner_platform,2025-09-12,2025-09-12,8000,0.1679,18,active,NY,,
LN000777,DISB20250912000777,CUST000186,partner_platform,2025-09-12,2025-09-12,5000,0.2104,12,defaulted,TX,,
LN000778,DISB20250912000778,CUST000196,internal_core,2025-09-12,2025-09-12,5000,0.1506,12,active,FL,,
LN000779,DISB20250913000779,CUST000185,internal_core,2025-09-13,2025-09-13,20000,0.1345,24,active,FL,,
LN000780,DISB20250913000780,CUST000265,partner_platform,2025-09-13,2025-09-13,8000,0.0933,36,active,WA,,
LN000781,DISB20250914000781,CUST000330,internal_core,2025-09-14,2025-09-14,10000,0.18,36,active,TX,,
LN000782,DISB20250914000782,CUST000266,internal_core,2025-09-14,2025-09-14,15000,0.1039,18,active,FL,,
LN000783,DISB20250914000783,CUST000349,internal_core,2025-09-14,2025-09-14,10000,0.219,12,active,FL,,
LN000784,DISB20250915000784,CUST000451,partner_platform,2025-09-15,2025-09-15,20000,0.1596,36,active,TX,,
LN000785,DISB20250915000785,CUST000334,partner_platform,2025-09-15,2025-09-15,20000,0.0804,12,active,CA,,
LN000786,DISB20250915000786,CUST000485,internal_core,2025-09-15,2025-09-15,15000,0.0682,18,active,CA,,
LN000787,DISB20250915000787,CUST000345,internal_core,2025-09-15,2025-09-15,5000,0.2034,6,written_off,FL,2026-04-14,3595.95
LN000788,DISB20250916000788,CUST000427,partner_platform,2025-09-16,2025-09-16,5000,0.0857,36,active,TX,,
LN000789,DISB20250916000789,CUST000315,partner_platform,2025-09-16,2025-09-16,15000,0.0906,24,active,TX,,
LN000790,DISB20250916000790,CUST000111,internal_core,2025-09-16,2025-09-16,5000,0.1348,24,active,FL,,
LN000791,DISB20250916000791,CUST000249,internal_core,2025-09-16,2025-09-16,8000,0.0675,12,active,WA,,
LN000792,DISB20250917000792,CUST000118,internal_core,2025-09-17,2025-09-17,8000,0.2036,12,written_off,NY,2026-04-16,6881.97
LN000793,DISB20250917000793,CUST000175,internal_core,2025-09-17,2025-09-17,15000,0.0731,12,active,CA,,
LN000794,DISB20250917000794,CUST000035,partner_platform,2025-09-17,2025-09-17,20000,0.1837,36,active,FL,,
LN000795,DISB20250918000795,CUST000427,partner_platform,2025-09-18,2025-09-18,30000,0.0926,18,active,NY,,
LN000796,DISB20250918000796,CUST000348,internal_core,2025-09-18,2025-09-18,15000,0.1641,18,defaulted,FL,,
LN000797,DISB20250918000797,CUST000126,internal_core,2025-09-18,2025-09-18,5000,0.2323,18,active,NY,,
LN000798,DISB20250919000798,CUST000126,partner_platform,2025-09-19,2025-09-19,15000,0.2394,24,active,TX,,
LN000799,DISB20250919000799,CUST000328,partner_platform,2025-09-19,2025-09-19,15000,0.1914,36,active,NY,,
LN000800,DISB20250919000800,CUST000489,internal_core,2025-09-19,2025-09-19,5000,0.1238,18,active,TX,,
LN000801,DISB20250919000801,CUST000158,internal_core,2025-09-19,2025-09-19,20000,0.1669,6,written_off,WA,2026-03-19,17871.56
LN000802,DISB20250920000802,CUST000301,partner_platform,2025-09-20,2025-09-20,15000,0.0978,18,active,TX,,
LN000803,DISB20250920000803,CUST000432,internal_core,2025-09-20,2025-09-20,15000,0.1859,18,active,CA,,
LN000804,DISB20250920000804,CUST000287,internal_core,2025-09-20,2025-09-20,20000,0.1923,36,active,WA,,
LN000805,DISB20250921000805,CUST000246,partner_platform,2025-09-21,2025-09-21,20000,0.071,24,active,CA,,
LN000806,DISB20250921000806,CUST000498,partner_platform,2025-09-21,2025-09-21,5000,0.1493,6,written_off,WA,2026-03-21,4431.0
LN000807,DISB20250921000807,CUST000075,internal_core,2025-09-21,2025-09-21,30000,0.0788,18,defaulted,WA,,
LN000808,DISB20250921000808,CUST000019,partner_platform,2025-09-21,2025-09-21,8000,0.1886,24,active,WA,,
LN000809,DISB20250922000809,CUST000484,partner_platform,2025-09-22,2025-09-22,5000,0.0641,24,active,TX,,
LN000810,DISB20250922000810,CUST000226,partner_platform,2025-09-22,2025-09-22,20000,0.2058,18,active,CA,,
LN000811,DISB20250923000811,CUST000129,partner_platform,2025-09-23,2025-09-23,8000,0.0925,12,active,FL,,
LN000812,DISB20250923000812,CUST000034,partner_platform,2025-09-23,2025-09-23,5000,0.1599,36,active,NY,,
LN000813,DISB20250924000813,CUST000039,partner_platform,2025-09-24,2025-09-24,8000,0.1991,6,closed,FL,,
LN000814,DISB20250924000814,CUST000244,internal_core,2025-09-24,2025-09-24,20000,0.2061,24,active,CA,,
LN000815,DISB20250924000815,CUST000388,partner_platform,2025-09-24,2025-09-24,5000,0.0636,18,active,CA,,
LN000816,DISB20250925000816,CUST000276,partner_platform,2025-09-25,2025-09-25,8000,0.2195,36,active,WA,,
LN000817,DISB20250925000817,CUST000330,partner_platform,2025-09-25,2025-09-25,20000,0.1117,18,active,CA,,
LN000818,DISB20250925000818,CUST000099,partner_platform,2025-09-25,2025-09-25,20000,0.0849,36,active,FL,,
LN000819,DISB20250925000819,CUST000037,internal_core,2025-09-25,2025-09-25,8000,0.2241,6,closed,FL,,
LN000820,DISB20250926000820,CUST000279,internal_core,2025-09-26,2025-09-26,20000,0.2282,12,active,TX,,
LN000821,DISB20250926000821,CUST000089,partner_platform,2025-09-26,2025-09-26,8000,0.1191,6,closed,WA,,
LN000822,DISB20250926000822,CUST000122,internal_core,2025-09-26,2025-09-26,15000,0.0972,18,active,NY,,
LN000823,DISB20250927000823,CUST000192,internal_core,2025-09-27,2025-09-27,20000,0.1018,18,active,FL,,
LN000824,DISB20250927000824,CUST000318,internal_core,2025-09-27,2025-09-27,5000,0.1266,6,closed,FL,,
LN000825,DISB20250927000825,CUST000270,internal_core,2025-09-27,2025-09-27,5000,0.1784,24,active,TX,,
LN000826,DISB20250928000826,CUST000072,partner_platform,2025-09-28,2025-09-28,8000,0.117,24,active,TX,,
LN000827,DISB20250928000827,CUST000173,partner_platform,2025-09-28,2025-09-28,20000,0.2168,12,defaulted,NY,,
LN000828,DISB20250928000828,CUST000408,internal_core,2025-09-28,2025-09-28,8000,0.2301,36,active,CA,,
LN000829,DISB20250929000829,CUST000026,internal_core,2025-09-29,2025-09-29,10000,0.1151,24,active,TX,,
LN000830,DISB20250929000830,CUST000078,partner_platform,2025-09-29,2025-09-29,10000,0.2314,36,active,TX,,
LN000831,DISB20250929000831,CUST000112,internal_core,2025-09-29,2025-09-29,30000,0.2145,6,closed,WA,,
LN000832,DISB20250930000832,CUST000035,internal_core,2025-09-30,2025-09-30,10000,0.1749,36,active,TX,,
LN000833,DISB20250930000833,CUST000230,partner_platform,2025-09-30,2025-09-30,15000,0.095,18,active,TX,,
LN000834,DISB20250930000834,CUST000178,internal_core,2025-09-30,2025-09-30,15000,0.164,18,active,CA,,
LN000835,DISB20251001000835,CUST000372,internal_core,2025-10-01,2025-10-01,30000,0.1324,36,active,WA,,
LN000836,DISB20251001000836,CUST000380,internal_core,2025-10-01,2025-10-01,15000,0.0803,12,written_off,NY,2026-05-01,12629.94
LN000837,DISB20251001000837,CUST000027,internal_core,2025-10-01,2025-10-01,8000,0.1736,18,defaulted,WA,,
LN000838,DISB20251002000838,CUST000416,partner_platform,2025-10-02,2025-10-02,30000,0.2241,36,active,CA,,
LN000839,DISB20251002000839,CUST000236,partner_platform,2025-10-02,2025-10-02,30000,0.1219,12,active,NY,,
LN000840,DISB20251002000840,CUST000415,internal_core,2025-10-02,2025-10-02,20000,0.1349,18,active,NY,,
LN000841,DISB20251002000841,CUST000089,internal_core,2025-10-02,2025-10-02,30000,0.1347,36,active,WA,,
LN000842,DISB20251003000842,CUST000272,internal_core,2025-10-03,2025-10-03,8000,0.1768,6,closed,TX,,
LN000843,DISB20251003000843,CUST000130,internal_core,2025-10-03,2025-10-03,15000,0.1523,12,active,CA,,
LN000844,DISB20251003000844,CUST000069,internal_core,2025-10-03,2025-10-03,15000,0.0603,18,active,CA,,
LN000845,DISB20251003000845,CUST000197,partner_platform,2025-10-03,2025-10-03,8000,0.0995,6,closed,TX,,
LN000846,DISB20251004000846,CUST000439,internal_core,2025-10-04,2025-10-04,20000,0.0817,6,closed,NY,,
LN000847,DISB20251004000847,CUST000097,partner_platform,2025-10-04,2025-10-04,5000,0.0814,24,active,WA,,
LN000848,DISB20251004000848,CUST000059,partner_platform,2025-10-04,2025-10-04,5000,0.1894,6,closed,FL,,
LN000849,DISB20251005000849,CUST000087,partner_platform,2025-10-05,2025-10-05,8000,0.0942,6,closed,WA,,
LN000850,DISB20251005000850,CUST000461,internal_core,2025-10-05,2025-10-05,5000,0.14,36,active,NY,,
LN000851,DISB20251005000851,CUST000407,partner_platform,2025-10-05,2025-10-05,30000,0.0618,12,defaulted,NY,,
LN000852,DISB20251006000852,CUST000106,partner_platform,2025-10-06,2025-10-06,30000,0.1047,6,closed,FL,,
LN000853,DISB20251006000853,CUST000370,internal_core,2025-10-06,2025-10-06,10000,0.1081,12,active,CA,,
LN000854,DISB20251006000854,CUST000298,partner_platform,2025-10-06,2025-10-06,10000,0.0819,24,active,TX,,
LN000855,DISB20251007000855,CUST000369,internal_core,2025-10-07,2025-10-07,10000,0.1371,6,closed,FL,,
LN000856,DISB20251007000856,CUST000477,internal_core,2025-10-07,2025-10-07,30000,0.2359,36,active,TX,,
LN000857,DISB20251008000857,CUST000031,partner_platform,2025-10-08,2025-10-08,30000,0.0708,12,active,CA,,
LN000858,DISB20251008000858,CUST000473,internal_core,2025-10-08,2025-10-08,30000,0.2248,18,active,TX,,
LN000859,DISB20251009000859,CUST000114,partner_platform,2025-10-09,2025-10-09,20000,0.0677,36,active,WA,,
LN000860,DISB20251009000860,CUST000179,internal_core,2025-10-09,2025-10-09,5000,0.1045,36,active,FL,,
LN000861,DISB20251009000861,CUST000168,partner_platform,2025-10-09,2025-10-09,8000,0.1521,6,closed,FL,,
LN000862,DISB20251010000862,CUST000377,internal_core,2025-10-10,2025-10-10,10000,0.2199,24,active,WA,,
LN000863,DISB20251010000863,CUST000162,partner_platform,2025-10-10,2025-10-10,30000,0.2315,18,defaulted,NY,,
LN000864,DISB20251011000864,CUST000485,internal_core,2025-10-11,2025-10-11,15000,0.2034,6,defaulted,FL,,
LN000865,DISB20251011000865,CUST000058,internal_core,2025-10-11,2025-10-11,30000,0.2028,36,active,CA,,
LN000866,DISB20251012000866,CUST000391,internal_core,2025-10-12,2025-10-12,15000,0.2345,6,closed,FL,,
LN000867,DISB20251012000867,CUST000219,internal_core,2025-10-12,2025-10-12,5000,0.1871,12,active,NY,,
LN000868,DISB20251012000868,CUST000294,internal_core,2025-10-12,2025-10-12,30000,0.1461,18,active,TX,,
LN000869,DISB20251012000869,CUST000097,partner_platform,2025-10-12,2025-10-12,5000,0.1556,18,active,NY,,
LN000870,DISB20251013000870,CUST000391,internal_core,2025-10-13,2025-10-13,5000,0.1203,24,active,NY,,
LN000871,DISB20251013000871,CUST000158,internal_core,2025-10-13,2025-10-13,15000,0.1593,24,active,CA,,
LN000872,DISB20251013000872,CUST000191,partner_platform,2025-10-13,2025-10-13,8000,0.1616,24,active,CA,,
LN000873,DISB20251014000873,CUST000284,partner_platform,2025-10-14,2025-10-14,5000,0.0948,18,active,NY,,
LN000874,DISB20251014000874,CUST000292,partner_platform,2025-10-14,2025-10-14,8000,0.2191,6,written_off,FL,2026-04-13,7148.09
LN000875,DISB20251014000875,CUST000474,partner_platform,2025-10-14,2025-10-14,5000,0.2137,6,written_off,WA,2026-04-13,4460.14
LN000876,DISB20251015000876,CUST000429,internal_core,2025-10-15,2025-10-15,30000,0.1136,6,written_off,WA,2026-04-14,25924.35
LN000877,DISB20251015000877,CUST000377,internal_core,2025-10-15,2025-10-15,15000,0.0822,6,closed,FL,,
LN000878,DISB20251016000878,CUST000368,internal_core,2025-10-16,2025-10-16,30000,0.097,18,active,WA,,
LN000879,DISB20251016000879,CUST000413,partner_platform,2025-10-16,2025-10-16,8000,0.1562,12,active,NY,,
LN000880,DISB20251016000880,CUST000045,internal_core,2025-10-16,2025-10-16,8000,0.0962,6,written_off,WA,2026-04-15,6872.78
LN000881,DISB20251017000881,CUST000404,internal_core,2025-10-17,2025-10-17,10000,0.0698,36,active,TX,,
LN000882,DISB20251017000882,CUST000247,partner_platform,2025-10-17,2025-10-17,10000,0.0757,12,active,CA,,
LN000883,DISB20251017000883,CUST000092,partner_platform,2025-10-17,2025-10-17,5000,0.1401,36,active,TX,,
LN000884,DISB20251018000884,CUST000273,internal_core,2025-10-18,2025-10-18,15000,0.1972,6,closed,TX,,
LN000885,DISB20251018000885,CUST000154,partner_platform,2025-10-18,2025-10-18,10000,0.2374,24,active,WA,,
LN000886,DISB20251018000886,CUST000302,internal_core,2025-10-18,2025-10-18,15000,0.2049,36,active,CA,,
LN000887,DISB20251019000887,CUST000200,partner_platform,2025-10-19,2025-10-19,20000,0.1436,24,active,CA,,
LN000888,DISB20251019000888,CUST000090,internal_core,2025-10-19,2025-10-19,30000,0.1125,12,active,CA,,
LN000889,DISB20251019000889,CUST000451,partner_platform,2025-10-19,2025-10-19,15000,0.1556,12,active,TX,,
LN000890,DISB20251020000890,CUST000140,partner_platform,2025-10-20,2025-10-20,8000,0.1545,36,active,NY,,
LN000891,DISB20251020000891,CUST000412,internal_core,2025-10-20,2025-10-20,15000,0.0697,12,active,CA,,
LN000892,DISB20251021000892,CUST000254,partner_platform,2025-10-21,2025-10-21,15000,0.1929,24,active,TX,,
LN000893,DISB20251021000893,CUST000268,partner_platform,2025-10-21,2025-10-21,8000,0.214,18,active,NY,,
LN000894,DISB20251022000894,CUST000192,internal_core,2025-10-22,2025-10-22,15000,0.0815,24,active,FL,,
LN000895,DISB20251022000895,CUST000373,internal_core,2025-10-22,2025-10-22,10000,0.0945,18,active,FL,,
LN000896,DISB20251022000896,CUST000357,internal_core,2025-10-22,2025-10-22,10000,0.1825,18,active,NY,,
LN000897,DISB20251022000897,CUST000293,partner_platform,2025-10-22,2025-10-22,5000,0.1744,36,active,CA,,
LN000898,DISB20251023000898,CUST000377,internal_core,2025-10-23,2025-10-23,10000,0.1868,12,active,WA,,
LN000899,DISB20251023000899,CUST000014,internal_core,2025-10-23,2025-10-23,8000,0.2274,24,active,NY,,
LN000900,DISB20251023000900,CUST000401,partner_platform,2025-10-23,2025-10-23,5000,0.2025,18,defaulted,CA,,
LN000901,DISB20251023000901,CUST000426,partner_platform,2025-10-23,2025-10-23,20000,0.1873,36,active,CA,,
LN000902,DISB20251024000902,CUST000130,internal_core,2025-10-24,2025-10-24,15000,0.1972,12,active,WA,,
LN000903,DISB20251024000903,CUST000441,partner_platform,2025-10-24,2025-10-24,15000,0.1482,12,active,TX,,
LN000904,DISB20251024000904,CUST000010,partner_platform,2025-10-24,2025-10-24,20000,0.2049,24,active,WA,,
LN000905,DISB20251025000905,CUST000469,partner_platform,2025-10-25,2025-10-25,30000,0.1605,12,active,FL,,
LN000906,DISB20251025000906,CUST000393,partner_platform,2025-10-25,2025-10-25,5000,0.1904,36,active,FL,,
LN000907,DISB20251025000907,CUST000375,partner_platform,2025-10-25,2025-10-25,30000,0.0622,6,defaulted,TX,,
LN000908,DISB20251026000908,CUST000266,partner_platform,2025-10-26,2025-10-26,20000,0.1532,36,active,CA,,
LN000909,DISB20251026000909,CUST000289,partner_platform,2025-10-26,2025-10-26,10000,0.2009,24,active,CA,,
LN000910,DISB20251026000910,CUST000304,partner_platform,2025-10-26,2025-10-26,8000,0.0951,6,defaulted,FL,,
LN000911,DISB20251027000911,CUST000025,partner_platform,2025-10-27,2025-10-27,10000,0.2025,6,closed,FL,,
LN000912,DISB20251027000912,CUST000477,internal_core,2025-10-27,2025-10-27,5000,0.2119,12,defaulted,CA,,
LN000913,DISB20251027000913,CUST000291,partner_platform,2025-10-27,2025-10-27,10000,0.164,12,active,WA,,
LN000914,DISB20251028000914,CUST000343,partner_platform,2025-10-28,2025-10-28,15000,0.2388,12,active,NY,,
LN000915,DISB20251028000915,CUST000431,internal_core,2025-10-28,2025-10-28,20000,0.1862,24,active,NY,,
LN000916,DISB20251028000916,CUST000350,partner_platform,2025-10-28,2025-10-28,10000,0.0963,18,active,CA,,
LN000917,DISB20251029000917,CUST000392,partner_platform,2025-10-29,2025-10-29,8000,0.2243,36,active,NY,,
LN000918,DISB20251029000918,CUST000339,partner_platform,2025-10-29,2025-10-29,20000,0.0997,18,active,NY,,
LN000919,DISB20251029000919,CUST000386,internal_core,2025-10-29,2025-10-29,10000,0.1938,12,active,WA,,
LN000920,DISB20251029000920,CUST000258,partner_platform,2025-10-29,2025-10-29,20000,0.1309,12,defaulted,FL,,
LN000921,DISB20251030000921,CUST000329,partner_platform,2025-10-30,2025-10-30,20000,0.1567,18,active,NY,,
LN000922,DISB20251030000922,CUST000181,partner_platform,2025-10-30,2025-10-30,30000,0.1157,12,active,FL,,
LN000923,DISB20251030000923,CUST000143,internal_core,2025-10-30,2025-10-30,15000,0.1962,6,closed,FL,,
LN000924,DISB20251031000924,CUST000421,internal_core,2025-10-31,2025-10-31,20000,0.141,36,active,WA,,
LN000925,DISB20251031000925,CUST000424,partner_platform,2025-10-31,2025-10-31,20000,0.0835,36,active,FL,,
LN000926,DISB20251031000926,CUST000309,internal_core,2025-10-31,2025-10-31,8000,0.0662,24,active,NY,,
LN000927,DISB20251031000927,CUST000353,partner_platform,2025-10-31,2025-10-31,15000,0.151,36,active,FL,,
LN000928,DISB20251101000928,CUST000197,internal_core,2025-11-01,2025-11-01,8000,0.2284,36,active,NY,,
LN000929,DISB20251101000929,CUST000078,internal_core,2025-11-01,2025-11-01,10000,0.2289,24,active,WA,,
LN000930,DISB20251101000930,CUST000105,internal_core,2025-11-01,2025-11-01,20000,0.2273,12,defaulted,TX,,
LN000931,DISB20251102000931,CUST000221,partner_platform,2025-11-02,2025-11-02,10000,0.1036,12,active,FL,,
LN000932,DISB20251102000932,CUST000402,partner_platform,2025-11-02,2025-11-02,15000,0.2358,24,active,NY,,
LN000933,DISB20251102000933,CUST000009,partner_platform,2025-11-02,2025-11-02,20000,0.2131,18,active,TX,,
LN000934,DISB20251102000934,CUST000226,internal_core,2025-11-02,2025-11-02,5000,0.1668,36,active,CA,,
LN000935,DISB20251103000935,CUST000170,internal_core,2025-11-03,2025-11-03,15000,0.1015,12,active,NY,,
LN000936,DISB20251103000936,CUST000218,partner_platform,2025-11-03,2025-11-03,5000,0.132,18,active,TX,,
LN000937,DISB20251103000937,CUST000423,internal_core,2025-11-03,2025-11-03,8000,0.1676,24,active,CA,,
LN000938,DISB20251104000938,CUST000049,partner_platform,2025-11-04,2025-11-04,30000,0.0669,18,active,TX,,
LN000939,DISB20251104000939,CUST000177,internal_core,2025-11-04,2025-11-04,15000,0.1247,6,closed,WA,,
LN000940,DISB20251104000940,CUST000464,partner_platform,2025-11-04,2025-11-04,30000,0.1295,24,active,TX,,
LN000941,DISB20251105000941,CUST000242,internal_core,2025-11-05,2025-11-05,15000,0.0724,36,active,FL,,
LN000942,DISB20251105000942,CUST000186,internal_core,2025-11-05,2025-11-05,30000,0.1604,24,active,WA,,
LN000943,DISB20251105000943,CUST000498,partner_platform,2025-11-05,2025-11-05,20000,0.2144,36,active,NY,,
LN000944,DISB20251106000944,CUST000468,partner_platform,2025-11-06,2025-11-06,15000,0.2352,24,active,CA,,
LN000945,DISB20251106000945,CUST000034,internal_core,2025-11-06,2025-11-06,8000,0.1217,12,active,NY,,
LN000946,DISB20251106000946,CUST000453,partner_platform,2025-11-06,2025-11-06,8000,0.1429,18,active,FL,,
LN000947,DISB20251107000947,CUST000092,internal_core,2025-11-07,2025-11-07,5000,0.1107,36,active,WA,,
LN000948,DISB20251107000948,CUST000069,partner_platform,2025-11-07,2025-11-07,8000,0.0842,24,active,WA,,
LN000949,DISB20251108000949,CUST000484,internal_core,2025-11-08,2025-11-08,8000,0.0619,6,active,WA,,
LN000950,DISB20251108000950,CUST000378,internal_core,2025-11-08,2025-11-08,15000,0.1301,6,active,CA,,
LN000951,DISB20251108000951,CUST000021,partner_platform,2025-11-08,2025-11-08,15000,0.2268,24,active,FL,,
LN000952,DISB20251109000952,CUST000005,internal_core,2025-11-09,2025-11-09,20000,0.1644,6,active,WA,,
LN000953,DISB20251109000953,CUST000193,internal_core,2025-11-09,2025-11-09,20000,0.0699,36,active,TX,,
LN000954,DISB20251109000954,CUST000153,partner_platform,2025-11-09,2025-11-09,20000,0.1519,24,defaulted,FL,,
LN000955,DISB20251110000955,CUST000184,internal_core,2025-11-10,2025-11-10,30000,0.1203,36,active,CA,,
LN000956,DISB20251110000956,CUST000322,internal_core,2025-11-10,2025-11-10,10000,0.2307,12,active,NY,,
LN000957,DISB20251110000957,CUST000017,internal_core,2025-11-10,2025-11-10,10000,0.1064,24,active,TX,,
LN000958,DISB20251110000958,CUST000466,partner_platform,2025-11-10,2025-11-10,20000,0.2321,6,defaulted,FL,,
LN000959,DISB20251111000959,CUST000197,partner_platform,2025-11-11,2025-11-11,30000,0.1497,36,active,CA,,
LN000960,DISB20251111000960,CUST000014,partner_platform,2025-11-11,2025-11-11,20000,0.1527,6,defaulted,TX,,
LN000961,DISB20251112000961,CUST000099,internal_core,2025-11-12,2025-11-12,5000,0.2212,24,active,CA,,
LN000962,DISB20251112000962,CUST000188,internal_core,2025-11-12,2025-11-12,20000,0.1525,18,active,TX,,
LN000963,DISB20251112000963,CUST000321,internal_core,2025-11-12,2025-11-12,20000,0.1004,6,active,NY,,
LN000964,DISB20251113000964,CUST000342,partner_platform,2025-11-13,2025-11-13,8000,0.2121,18,active,FL,,
LN000965,DISB20251113000965,CUST000433,partner_platform,2025-11-13,2025-11-13,20000,0.1039,12,defaulted,FL,,
LN000966,DISB20251113000966,CUST000443,partner_platform,2025-11-13,2025-11-13,5000,0.2161,18,active,TX,,
LN000967,DISB20251114000967,CUST000158,partner_platform,2025-11-14,2025-11-14,15000,0.2107,6,defaulted,FL,,
LN000968,DISB20251114000968,CUST000206,partner_platform,2025-11-14,2025-11-14,30000,0.108,24,defaulted,WA,,
LN000969,DISB20251114000969,CUST000463,partner_platform,2025-11-14,2025-11-14,5000,0.1236,6,active,FL,,
LN000970,DISB20251115000970,CUST000298,partner_platform,2025-11-15,2025-11-15,30000,0.1975,12,active,NY,,
LN000971,DISB20251115000971,CUST000108,partner_platform,2025-11-15,2025-11-15,8000,0.2015,6,active,TX,,
LN000972,DISB20251115000972,CUST000487,internal_core,2025-11-15,2025-11-15,8000,0.0715,36,active,NY,,
LN000973,DISB20251116000973,CUST000271,partner_platform,2025-11-16,2025-11-16,30000,0.2067,36,active,NY,,
LN000974,DISB20251116000974,CUST000214,partner_platform,2025-11-16,2025-11-16,30000,0.2316,18,active,WA,,
LN000975,DISB20251116000975,CUST000145,internal_core,2025-11-16,2025-11-16,20000,0.1581,24,active,NY,,
LN000976,DISB20251117000976,CUST000134,internal_core,2025-11-17,2025-11-17,10000,0.134,12,active,CA,,
LN000977,DISB20251117000977,CUST000277,internal_core,2025-11-17,2025-11-17,30000,0.2358,18,active,TX,,
LN000978,DISB20251117000978,CUST000357,partner_platform,2025-11-17,2025-11-17,30000,0.1246,24,active,CA,,
LN000979,DISB20251118000979,CUST000155,internal_core,2025-11-18,2025-11-18,30000,0.1837,6,active,TX,,
LN000980,DISB20251118000980,CUST000249,internal_core,2025-11-18,2025-11-18,20000,0.1337,24,active,FL,,
LN000981,DISB20251118000981,CUST000022,partner_platform,2025-11-18,2025-11-18,10000,0.2061,18,active,FL,,
LN000982,DISB20251118000982,CUST000069,internal_core,2025-11-18,2025-11-18,15000,0.2133,36,active,CA,,
LN000983,DISB20251119000983,CUST000013,internal_core,2025-11-19,2025-11-19,8000,0.0881,36,active,TX,,
LN000984,DISB20251119000984,CUST000218,partner_platform,2025-11-19,2025-11-19,10000,0.19,36,active,NY,,
LN000985,DISB20251119000985,CUST000067,partner_platform,2025-11-19,2025-11-19,10000,0.1409,36,active,NY,,
LN000986,DISB20251120000986,CUST000441,internal_core,2025-11-20,2025-11-20,8000,0.1065,6,active,FL,,
LN000987,DISB20251120000987,CUST000045,partner_platform,2025-11-20,2025-11-20,10000,0.0894,18,active,NY,,
LN000988,DISB20251120000988,CUST000089,partner_platform,2025-11-20,2025-11-20,15000,0.067,36,active,CA,,
LN000989,DISB20251121000989,CUST000239,partner_platform,2025-11-21,2025-11-21,20000,0.0662,36,active,WA,,
LN000990,DISB20251121000990,CUST000320,partner_platform,2025-11-21,2025-11-21,8000,0.1077,18,active,FL,,
LN000991,DISB20251121000991,CUST000016,partner_platform,2025-11-21,2025-11-21,30000,0.1653,12,active,FL,,
LN000992,DISB20251122000992,CUST000464,internal_core,2025-11-22,2025-11-22,10000,0.2239,24,active,WA,,
LN000993,DISB20251122000993,CUST000280,internal_core,2025-11-22,2025-11-22,20000,0.0736,12,active,WA,,
LN000994,DISB20251123000994,CUST000047,partner_platform,2025-11-23,2025-11-23,20000,0.084,36,active,FL,,
LN000995,DISB20251123000995,CUST000224,partner_platform,2025-11-23,2025-11-23,8000,0.1513,18,active,CA,,
LN000996,DISB20251123000996,CUST000125,partner_platform,2025-11-23,2025-11-23,8000,0.1214,24,active,TX,,
LN000997,DISB20251124000997,CUST000011,internal_core,2025-11-24,2025-11-24,5000,0.2397,18,active,TX,,
LN000998,DISB20251124000998,CUST000223,internal_core,2025-11-24,2025-11-24,30000,0.2356,18,active,FL,,
LN000999,DISB20251124000999,CUST000123,internal_core,2025-11-24,2025-11-24,5000,0.1526,18,active,FL,,
LN001000,DISB20251125001000,CUST000486,partner_platform,2025-11-25,2025-11-25,15000,0.0672,18,defaulted,NY,,
LN001001,DISB20251125001001,CUST000448,partner_platform,2025-11-25,2025-11-25,8000,0.0699,12,active,NY,,
LN001002,DISB20251125001002,CUST000415,internal_core,2025-11-25,2025-11-25,8000,0.1095,24,active,WA,,
LN001003,DISB20251126001003,CUST000387,internal_core,2025-11-26,2025-11-26,8000,0.1791,12,active,WA,,
LN001004,DISB20251126001004,CUST000230,partner_platform,2025-11-26,2025-11-26,15000,0.0703,36,active,TX,,
LN001005,DISB20251127001005,CUST000259,internal_core,2025-11-27,2025-11-27,15000,0.1888,36,active,TX,,
LN001006,DISB20251127001006,CUST000155,internal_core,2025-11-27,2025-11-27,30000,0.1502,18,active,CA,,
LN001007,DISB20251127001007,CUST000097,partner_platform,2025-11-27,2025-11-27,20000,0.1809,36,active,TX,,
LN001008,DISB20251127001008,CUST000448,internal_core,2025-11-27,2025-11-27,15000,0.1525,12,active,CA,,
LN001009,DISB20251128001009,CUST000394,internal_core,2025-11-28,2025-11-28,20000,0.1909,24,active,FL,,
LN001010,DISB20251128001010,CUST000342,internal_core,2025-11-28,2025-11-28,5000,0.2113,24,active,WA,,
LN001011,DISB20251128001011,CUST000249,internal_core,2025-11-28,2025-11-28,10000,0.1094,12,active,WA,,
LN001012,DISB20251129001012,CUST000220,internal_core,2025-11-29,2025-11-29,20000,0.1815,12,defaulted,FL,,
LN001013,DISB20251129001013,CUST000302,internal_core,2025-11-29,2025-11-29,8000,0.1817,36,active,TX,,
LN001014,DISB20251129001014,CUST000426,partner_platform,2025-11-29,2025-11-29,15000,0.1218,36,active,TX,,
LN001015,DISB20251130001015,CUST000066,partner_platform,2025-11-30,2025-11-30,8000,0.1866,12,active,FL,,
LN001016,DISB20251130001016,CUST000103,internal_core,2025-11-30,2025-11-30,15000,0.1753,6,defaulted,TX,,
LN001017,DISB20251130001017,CUST000237,partner_platform,2025-11-30,2025-11-30,30000,0.0978,18,active,TX,,
LN001018,DISB20251130001018,CUST000492,internal_core,2025-11-30,2025-11-30,20000,0.2247,6,active,NY,,
LN001019,DISB20251201001019,CUST000464,internal_core,2025-12-01,2025-12-01,10000,0.1763,6,active,NY,,
LN001020,DISB20251201001020,CUST000218,internal_core,2025-12-01,2025-12-01,10000,0.2241,36,active,TX,,
LN001021,DISB20251201001021,CUST000466,internal_core,2025-12-01,2025-12-01,8000,0.1131,12,active,NY,,
LN001022,DISB20251202001022,CUST000204,internal_core,2025-12-02,2025-12-02,5000,0.2212,36,active,NY,,
LN001023,DISB20251202001023,CUST000416,partner_platform,2025-12-02,2025-12-02,15000,0.1582,36,active,FL,,
LN001024,DISB20251202001024,CUST000001,internal_core,2025-12-02,2025-12-02,15000,0.0939,24,active,CA,,
LN001025,DISB20251203001025,CUST000083,internal_core,2025-12-03,2025-12-03,5000,0.0793,18,active,TX,,
LN001026,DISB20251203001026,CUST000181,internal_core,2025-12-03,2025-12-03,15000,0.09,24,active,FL,,
LN001027,DISB20251203001027,CUST000464,partner_platform,2025-12-03,2025-12-03,5000,0.1259,12,active,WA,,
LN001028,DISB20251204001028,CUST000310,internal_core,2025-12-04,2025-12-04,8000,0.142,24,active,TX,,
LN001029,DISB20251204001029,CUST000049,internal_core,2025-12-04,2025-12-04,20000,0.093,18,active,CA,,
LN001030,DISB20251204001030,CUST000442,internal_core,2025-12-04,2025-12-04,10000,0.2037,18,active,CA,,
LN001031,DISB20251204001031,CUST000082,internal_core,2025-12-04,2025-12-04,15000,0.1735,24,active,TX,,
LN001032,DISB20251205001032,CUST000032,partner_platform,2025-12-05,2025-12-05,8000,0.2293,36,active,WA,,
LN001033,DISB20251205001033,CUST000417,internal_core,2025-12-05,2025-12-05,15000,0.0721,6,active,CA,,
LN001034,DISB20251205001034,CUST000462,internal_core,2025-12-05,2025-12-05,5000,0.1063,12,active,WA,,
LN001035,DISB20251206001035,CUST000242,internal_core,2025-12-06,2025-12-06,5000,0.0772,18,active,TX,,
LN001036,DISB20251206001036,CUST000362,internal_core,2025-12-06,2025-12-06,30000,0.063,12,active,NY,,
LN001037,DISB20251206001037,CUST000112,internal_core,2025-12-06,2025-12-06,5000,0.205,36,active,FL,,
LN001038,DISB20251207001038,CUST000052,internal_core,2025-12-07,2025-12-07,20000,0.0751,12,active,FL,,
LN001039,DISB20251207001039,CUST000415,partner_platform,2025-12-07,2025-12-07,20000,0.2336,6,defaulted,TX,,
LN001040,DISB20251207001040,CUST000029,partner_platform,2025-12-07,2025-12-07,10000,0.0967,36,active,CA,,
LN001041,DISB20251208001041,CUST000430,internal_core,2025-12-08,2025-12-08,15000,0.1349,36,active,FL,,
LN001042,DISB20251208001042,CUST000393,partner_platform,2025-12-08,2025-12-08,8000,0.0726,6,active,FL,,
LN001043,DISB20251208001043,CUST000047,partner_platform,2025-12-08,2025-12-08,8000,0.1039,36,active,WA,,
LN001044,DISB20251209001044,CUST000256,partner_platform,2025-12-09,2025-12-09,10000,0.1249,12,active,WA,,
LN001045,DISB20251209001045,CUST000454,partner_platform,2025-12-09,2025-12-09,30000,0.1563,36,active,TX,,
LN001046,DISB20251209001046,CUST000408,internal_core,2025-12-09,2025-12-09,20000,0.1221,24,active,NY,,
LN001047,DISB20251210001047,CUST000484,partner_platform,2025-12-10,2025-12-10,8000,0.1048,12,active,NY,,
LN001048,DISB20251210001048,CUST000104,partner_platform,2025-12-10,2025-12-10,15000,0.063,36,active,TX,,
LN001049,DISB20251211001049,CUST000380,internal_core,2025-12-11,2025-12-11,30000,0.1511,6,active,CA,,
LN001050,DISB20251211001050,CUST000281,partner_platform,2025-12-11,2025-12-11,10000,0.1332,18,active,TX,,
LN001051,DISB20251211001051,CUST000027,internal_core,2025-12-11,2025-12-11,30000,0.1545,12,active,NY,,
LN001052,DISB20251211001052,CUST000169,internal_core,2025-12-11,2025-12-11,5000,0.1397,18,active,CA,,
LN001053,DISB20251212001053,CUST000352,internal_core,2025-12-12,2025-12-12,15000,0.1233,12,active,FL,,
LN001054,DISB20251212001054,CUST000282,internal_core,2025-12-12,2025-12-12,20000,0.1065,36,active,FL,,
LN001055,DISB20251212001055,CUST000353,partner_platform,2025-12-12,2025-12-12,10000,0.1862,36,active,NY,,
LN001056,DISB20251213001056,CUST000154,partner_platform,2025-12-13,2025-12-13,5000,0.0835,12,active,CA,,
LN001057,DISB20251213001057,CUST000166,partner_platform,2025-12-13,2025-12-13,8000,0.1894,18,active,CA,,
LN001058,DISB20251214001058,CUST000247,internal_core,2025-12-14,2025-12-14,30000,0.1042,12,active,FL,,
LN001059,DISB20251214001059,CUST000051,partner_platform,2025-12-14,2025-12-14,8000,0.2274,36,active,CA,,
LN001060,DISB20251215001060,CUST000009,internal_core,2025-12-15,2025-12-15,15000,0.1331,36,active,NY,,
LN001061,DISB20251215001061,CUST000291,partner_platform,2025-12-15,2025-12-15,30000,0.1288,12,active,TX,,
LN001062,DISB20251215001062,CUST000192,partner_platform,2025-12-15,2025-12-15,5000,0.1887,12,active,CA,,
LN001063,DISB20251216001063,CUST000139,internal_core,2025-12-16,2025-12-16,5000,0.1892,36,active,CA,,
LN001064,DISB20251216001064,CUST000029,internal_core,2025-12-16,2025-12-16,8000,0.0781,6,active,NY,,
LN001065,DISB20251216001065,CUST000432,partner_platform,2025-12-16,2025-12-16,10000,0.156,18,active,NY,,
LN001066,DISB20251217001066,CUST000351,partner_platform,2025-12-17,2025-12-17,8000,0.2265,12,active,CA,,
LN001067,DISB20251217001067,CUST000243,partner_platform,2025-12-17,2025-12-17,8000,0.1084,12,active,TX,,
LN001068,DISB20251217001068,CUST000195,internal_core,2025-12-17,2025-12-17,8000,0.2022,6,active,CA,,
LN001069,DISB20251218001069,CUST000402,internal_core,2025-12-18,2025-12-18,5000,0.1723,36,active,CA,,
LN001070,DISB20251218001070,CUST000362,partner_platform,2025-12-18,2025-12-18,10000,0.1332,24,active,FL,,
LN001071,DISB20251218001071,CUST000127,partner_platform,2025-12-18,2025-12-18,10000,0.0757,24,active,TX,,
LN001072,DISB20251219001072,CUST000248,internal_core,2025-12-19,2025-12-19,30000,0.2049,36,active,CA,,
LN001073,DISB20251219001073,CUST000099,internal_core,2025-12-19,2025-12-19,10000,0.087,6,active,WA,,
LN001074,DISB20251219001074,CUST000031,internal_core,2025-12-19,2025-12-19,10000,0.0858,12,active,CA,,
LN001075,DISB20251220001075,CUST000021,internal_core,2025-12-20,2025-12-20,8000,0.0624,36,active,WA,,
LN001076,DISB20251220001076,CUST000317,internal_core,2025-12-20,2025-12-20,30000,0.1801,6,active,NY,,
LN001077,DISB20251220001077,CUST000454,internal_core,2025-12-20,2025-12-20,5000,0.0869,6,active,CA,,
LN001078,DISB20251220001078,CUST000403,internal_core,2025-12-20,2025-12-20,15000,0.1694,6,active,TX,,
LN001079,DISB20251221001079,CUST000482,partner_platform,2025-12-21,2025-12-21,30000,0.1079,6,active,TX,,
LN001080,DISB20251221001080,CUST000415,partner_platform,2025-12-21,2025-12-21,20000,0.1419,6,active,NY,,
LN001081,DISB20251221001081,CUST000498,internal_core,2025-12-21,2025-12-21,15000,0.1352,36,active,NY,,
LN001082,DISB20251221001082,CUST000256,partner_platform,2025-12-21,2025-12-21,30000,0.1073,24,active,CA,,
LN001083,DISB20251222001083,CUST000077,internal_core,2025-12-22,2025-12-22,15000,0.1241,12,active,FL,,
LN001084,DISB20251222001084,CUST000214,partner_platform,2025-12-22,2025-12-22,5000,0.1974,12,active,CA,,
LN001085,DISB20251222001085,CUST000090,partner_platform,2025-12-22,2025-12-22,20000,0.0829,18,active,NY,,
LN001086,DISB20251223001086,CUST000270,internal_core,2025-12-23,2025-12-23,5000,0.0742,36,active,CA,,
LN001087,DISB20251223001087,CUST000465,internal_core,2025-12-23,2025-12-23,8000,0.1564,24,active,TX,,
LN001088,DISB20251223001088,CUST000077,internal_core,2025-12-23,2025-12-23,8000,0.1483,6,active,NY,,
LN001089,DISB20251223001089,CUST000189,partner_platform,2025-12-23,2025-12-23,30000,0.1631,18,active,TX,,
LN001090,DISB20251224001090,CUST000409,internal_core,2025-12-24,2025-12-24,15000,0.2361,36,active,TX,,
LN001091,DISB20251224001091,CUST000445,partner_platform,2025-12-24,2025-12-24,20000,0.1405,6,active,TX,,
LN001092,DISB20251224001092,CUST000012,partner_platform,2025-12-24,2025-12-24,10000,0.1405,12,active,TX,,
LN001093,DISB20251225001093,CUST000134,partner_platform,2025-12-25,2025-12-25,10000,0.1967,12,active,CA,,
LN001094,DISB20251225001094,CUST000422,internal_core,2025-12-25,2025-12-25,10000,0.1481,6,active,CA,,
LN001095,DISB20251226001095,CUST000431,internal_core,2025-12-26,2025-12-26,20000,0.2135,12,active,NY,,
LN001096,DISB20251226001096,CUST000479,partner_platform,2025-12-26,2025-12-26,20000,0.0828,6,active,FL,,
LN001097,DISB20251226001097,CUST000024,internal_core,2025-12-26,2025-12-26,20000,0.165,18,active,CA,,
LN001098,DISB20251227001098,CUST000366,internal_core,2025-12-27,2025-12-27,8000,0.2246,6,active,FL,,
LN001099,DISB20251227001099,CUST000404,partner_platform,2025-12-27,2025-12-27,30000,0.181,18,active,WA,,
LN001100,DISB20251227001100,CUST000447,partner_platform,2025-12-27,2025-12-27,10000,0.2044,24,active,TX,,
LN001101,DISB20251228001101,CUST000101,partner_platform,2025-12-28,2025-12-28,20000,0.1961,12,active,TX,,
LN001102,DISB20251228001102,CUST000084,partner_platform,2025-12-28,2025-12-28,15000,0.1339,12,active,TX,,
LN001103,DISB20251228001103,CUST000412,internal_core,2025-12-28,2025-12-28,8000,0.0795,36,active,TX,,
LN001104,DISB20251229001104,CUST000398,internal_core,2025-12-29,2025-12-29,30000,0.1327,6,active,TX,,
LN001105,DISB20251229001105,CUST000460,internal_core,2025-12-29,2025-12-29,10000,0.0691,24,active,TX,,
LN001106,DISB20251229001106,CUST000394,partner_platform,2025-12-29,2025-12-29,10000,0.2392,36,active,FL,,
LN001107,DISB20251230001107,CUST000151,internal_core,2025-12-30,2025-12-30,20000,0.22,24,active,CA,,
LN001108,DISB20251230001108,CUST000101,internal_core,2025-12-30,2025-12-30,20000,0.0856,6,defaulted,TX,,
LN001109,DISB20251230001109,CUST000043,partner_platform,2025-12-30,2025-12-30,8000,0.2194,18,active,FL,,
LN001110,DISB20251231001110,CUST000258,partner_platform,2025-12-31,2025-12-31,20000,0.0978,24,active,FL,,
LN001111,DISB20251231001111,CUST000494,partner_platform,2025-12-31,2025-12-31,30000,0.1135,18,active,NY,,
LN001112,DISB20251231001112,CUST000280,partner_platform,2025-12-31,2025-12-31,30000,0.2009,18,active,CA,,
LN001113,DISB20260101001113,CUST000363,internal_core,2026-01-01,2026-01-01,15000,0.17,36,active,NY,,
LN001114,DISB20260101001114,CUST000163,partner_platform,2026-01-01,2026-01-01,15000,0.2306,24,active,TX,,
LN001115,DISB20260102001115,CUST000280,internal_core,2026-01-02,2026-01-02,8000,0.22,36,active,FL,,
LN001116,DISB20260102001116,CUST000481,internal_core,2026-01-02,2026-01-02,5000,0.1082,12,active,CA,,
LN001117,DISB20260102001117,CUST000127,partner_platform,2026-01-02,2026-01-02,15000,0.2057,24,active,WA,,
LN001118,DISB20260103001118,CUST000466,internal_core,2026-01-03,2026-01-03,15000,0.1302,24,active,WA,,
LN001119,DISB20260103001119,CUST000367,internal_core,2026-01-03,2026-01-03,8000,0.235,18,active,FL,,
LN001120,DISB20260103001120,CUST000471,internal_core,2026-01-03,2026-01-03,20000,0.0988,12,active,NY,,
LN001121,DISB20260104001121,CUST000210,partner_platform,2026-01-04,2026-01-04,5000,0.09,12,active,CA,,
LN001122,DISB20260104001122,CUST000281,internal_core,2026-01-04,2026-01-04,10000,0.2205,18,active,NY,,
LN001123,DISB20260104001123,CUST000147,internal_core,2026-01-04,2026-01-04,15000,0.1794,6,active,NY,,
LN001124,DISB20260105001124,CUST000357,partner_platform,2026-01-05,2026-01-05,5000,0.1432,12,active,FL,,
LN001125,DISB20260105001125,CUST000251,internal_core,2026-01-05,2026-01-05,15000,0.1749,12,defaulted,CA,,
LN001126,DISB20260105001126,CUST000225,internal_core,2026-01-05,2026-01-05,8000,0.1664,36,active,FL,,
LN001127,DISB20260106001127,CUST000127,internal_core,2026-01-06,2026-01-06,20000,0.1613,18,active,CA,,
LN001128,DISB20260106001128,CUST000040,partner_platform,2026-01-06,2026-01-06,20000,0.0784,6,active,NY,,
LN001129,DISB20260106001129,CUST000087,partner_platform,2026-01-06,2026-01-06,10000,0.2336,36,active,FL,,
LN001130,DISB20260107001130,CUST000190,internal_core,2026-01-07,2026-01-07,30000,0.1904,18,active,TX,,
LN001131,DISB20260107001131,CUST000038,partner_platform,2026-01-07,2026-01-07,30000,0.1507,24,active,NY,,
LN001132,DISB20260107001132,CUST000383,internal_core,2026-01-07,2026-01-07,5000,0.22,24,active,WA,,
LN001133,DISB20260108001133,CUST000477,partner_platform,2026-01-08,2026-01-08,20000,0.1639,36,active,WA,,
LN001134,DISB20260108001134,CUST000115,internal_core,2026-01-08,2026-01-08,5000,0.1248,24,active,CA,,
LN001135,DISB20260109001135,CUST000457,partner_platform,2026-01-09,2026-01-09,5000,0.1168,18,active,FL,,
LN001136,DISB20260109001136,CUST000177,partner_platform,2026-01-09,2026-01-09,5000,0.1891,24,active,WA,,
LN001137,DISB20260109001137,CUST000312,partner_platform,2026-01-09,2026-01-09,5000,0.0942,24,active,WA,,
LN001138,DISB20260110001138,CUST000333,partner_platform,2026-01-10,2026-01-10,15000,0.1772,18,active,FL,,
LN001139,DISB20260110001139,CUST000022,internal_core,2026-01-10,2026-01-10,20000,0.2364,6,active,NY,,
LN001140,DISB20260110001140,CUST000103,partner_platform,2026-01-10,2026-01-10,15000,0.0618,18,active,NY,,
LN001141,DISB20260111001141,CUST000233,partner_platform,2026-01-11,2026-01-11,8000,0.2301,24,active,CA,,
LN001142,DISB20260111001142,CUST000130,partner_platform,2026-01-11,2026-01-11,20000,0.1733,12,active,FL,,
LN001143,DISB20260112001143,CUST000276,internal_core,2026-01-12,2026-01-12,8000,0.1795,6,defaulted,TX,,
LN001144,DISB20260112001144,CUST000085,partner_platform,2026-01-12,2026-01-12,20000,0.209,12,active,TX,,
LN001145,DISB20260113001145,CUST000299,internal_core,2026-01-13,2026-01-13,5000,0.1762,18,active,WA,,
LN001146,DISB20260113001146,CUST000498,internal_core,2026-01-13,2026-01-13,30000,0.0759,6,active,FL,,
LN001147,DISB20260113001147,CUST000337,partner_platform,2026-01-13,2026-01-13,8000,0.1397,18,active,FL,,
LN001148,DISB20260114001148,CUST000254,partner_platform,2026-01-14,2026-01-14,20000,0.165,6,active,TX,,
LN001149,DISB20260114001149,CUST000166,partner_platform,2026-01-14,2026-01-14,30000,0.1522,6,active,FL,,
LN001150,DISB20260114001150,CUST000444,partner_platform,2026-01-14,2026-01-14,15000,0.0941,6,active,NY,,
LN001151,DISB20260115001151,CUST000103,internal_core,2026-01-15,2026-01-15,8000,0.2035,12,active,FL,,
LN001152,DISB20260115001152,CUST000226,partner_platform,2026-01-15,2026-01-15,30000,0.1656,6,active,WA,,
LN001153,DISB20260116001153,CUST000096,partner_platform,2026-01-16,2026-01-16,30000,0.1663,18,active,NY,,
LN001154,DISB20260116001154,CUST000092,partner_platform,2026-01-16,2026-01-16,30000,0.1612,36,active,CA,,
LN001155,DISB20260117001155,CUST000276,partner_platform,2026-01-17,2026-01-17,10000,0.0957,36,active,NY,,
LN001156,DISB20260117001156,CUST000104,partner_platform,2026-01-17,2026-01-17,5000,0.0714,24,active,NY,,
LN001157,DISB20260117001157,CUST000113,internal_core,2026-01-17,2026-01-17,30000,0.1177,6,active,WA,,
LN001158,DISB20260118001158,CUST000418,internal_core,2026-01-18,2026-01-18,5000,0.1077,24,active,CA,,
LN001159,DISB20260118001159,CUST000340,partner_platform,2026-01-18,2026-01-18,8000,0.2134,18,active,TX,,
LN001160,DISB20260118001160,CUST000228,partner_platform,2026-01-18,2026-01-18,8000,0.1408,18,active,CA,,
LN001161,DISB20260119001161,CUST000357,partner_platform,2026-01-19,2026-01-19,5000,0.0811,24,active,WA,,
LN001162,DISB20260119001162,CUST000082,partner_platform,2026-01-19,2026-01-19,20000,0.1721,18,active,NY,,
LN001163,DISB20260119001163,CUST000295,internal_core,2026-01-19,2026-01-19,5000,0.1099,36,active,NY,,
LN001164,DISB20260120001164,CUST000049,internal_core,2026-01-20,2026-01-20,15000,0.1399,24,active,CA,,
LN001165,DISB20260120001165,CUST000209,partner_platform,2026-01-20,2026-01-20,20000,0.0962,6,defaulted,NY,,
LN001166,DISB20260121001166,CUST000035,internal_core,2026-01-21,2026-01-21,15000,0.1989,6,active,WA,,
LN001167,DISB20260121001167,CUST000229,partner_platform,2026-01-21,2026-01-21,5000,0.2122,18,active,WA,,
LN001168,DISB20260121001168,CUST000031,partner_platform,2026-01-21,2026-01-21,8000,0.0977,6,active,TX,,
LN001169,DISB20260122001169,CUST000029,internal_core,2026-01-22,2026-01-22,8000,0.2328,36,active,WA,,
LN001170,DISB20260122001170,CUST000124,partner_platform,2026-01-22,2026-01-22,10000,0.0744,36,active,WA,,
LN001171,DISB20260122001171,CUST000203,partner_platform,2026-01-22,2026-01-22,30000,0.0616,6,active,TX,,
LN001172,DISB20260123001172,CUST000359,internal_core,2026-01-23,2026-01-23,8000,0.1693,12,active,CA,,
LN001173,DISB20260123001173,CUST000092,internal_core,2026-01-23,2026-01-23,30000,0.1491,6,active,CA,,
LN001174,DISB20260123001174,CUST000262,internal_core,2026-01-23,2026-01-23,8000,0.1938,18,active,CA,,
LN001175,DISB20260124001175,CUST000449,internal_core,2026-01-24,2026-01-24,15000,0.1066,6,defaulted,TX,,
LN001176,DISB20260124001176,CUST000093,partner_platform,2026-01-24,2026-01-24,15000,0.2319,36,active,CA,,
LN001177,DISB20260124001177,CUST000002,internal_core,2026-01-24,2026-01-24,30000,0.0879,24,active,FL,,
LN001178,DISB20260125001178,CUST000089,partner_platform,2026-01-25,2026-01-25,8000,0.1612,24,active,CA,,
LN001179,DISB20260125001179,CUST000337,partner_platform,2026-01-25,2026-01-25,20000,0.2355,24,active,WA,,
LN001180,DISB20260125001180,CUST000387,partner_platform,2026-01-25,2026-01-25,5000,0.1792,12,active,FL,,
LN001181,DISB20260125001181,CUST000046,partner_platform,2026-01-25,2026-01-25,5000,0.1447,6,active,WA,,
LN001182,DISB20260126001182,CUST000384,partner_platform,2026-01-26,2026-01-26,30000,0.1143,18,active,CA,,
LN001183,DISB20260126001183,CUST000191,internal_core,2026-01-26,2026-01-26,30000,0.0652,24,active,WA,,
LN001184,DISB20260127001184,CUST000341,internal_core,2026-01-27,2026-01-27,5000,0.23,18,active,CA,,
LN001185,DISB20260127001185,CUST000330,internal_core,2026-01-27,2026-01-27,10000,0.2073,24,active,FL,,
LN001186,DISB20260128001186,CUST000186,partner_platform,2026-01-28,2026-01-28,5000,0.1046,6,active,NY,,
LN001187,DISB20260128001187,CUST000153,partner_platform,2026-01-28,2026-01-28,20000,0.1361,18,active,WA,,
LN001188,DISB20260128001188,CUST000106,partner_platform,2026-01-28,2026-01-28,5000,0.2073,24,active,NY,,
LN001189,DISB20260129001189,CUST000170,partner_platform,2026-01-29,2026-01-29,8000,0.1859,18,active,FL,,
LN001190,DISB20260129001190,CUST000141,internal_core,2026-01-29,2026-01-29,8000,0.2306,6,active,WA,,
LN001191,DISB20260129001191,CUST000386,partner_platform,2026-01-29,2026-01-29,30000,0.1008,18,active,TX,,
LN001192,DISB20260130001192,CUST000116,partner_platform,2026-01-30,2026-01-30,15000,0.2213,6,defaulted,NY,,
LN001193,DISB20260130001193,CUST000402,partner_platform,2026-01-30,2026-01-30,8000,0.1177,12,active,FL,,
LN001194,DISB20260130001194,CUST000327,internal_core,2026-01-30,2026-01-30,30000,0.0718,36,active,TX,,
LN001195,DISB20260130001195,CUST000257,internal_core,2026-01-30,2026-01-30,10000,0.1224,24,active,WA,,
LN001196,DISB20260131001196,CUST000383,partner_platform,2026-01-31,2026-01-31,15000,0.194,12,active,CA,,
LN001197,DISB20260131001197,CUST000280,internal_core,2026-01-31,2026-01-31,30000,0.2172,18,active,FL,,
LN001198,DISB20260131001198,CUST000208,partner_platform,2026-01-31,2026-01-31,20000,0.1056,12,active,NY,,
LN001199,DISB20260201001199,CUST000497,internal_core,2026-02-01,2026-02-01,10000,0.2156,18,active,WA,,
LN001200,DISB20260201001200,CUST000054,partner_platform,2026-02-01,2026-02-01,8000,0.1233,18,active,TX,,
LN001201,DISB20260202001201,CUST000398,internal_core,2026-02-02,2026-02-02,15000,0.1819,12,active,NY,,
LN001202,DISB20260202001202,CUST000253,internal_core,2026-02-02,2026-02-02,8000,0.1288,6,active,FL,,
LN001203,DISB20260202001203,CUST000290,internal_core,2026-02-02,2026-02-02,30000,0.2072,6,defaulted,FL,,
LN001204,DISB20260203001204,CUST000168,partner_platform,2026-02-03,2026-02-03,20000,0.0777,6,active,NY,,
LN001205,DISB20260203001205,CUST000167,internal_core,2026-02-03,2026-02-03,5000,0.0877,36,active,CA,,
LN001206,DISB20260203001206,CUST000211,partner_platform,2026-02-03,2026-02-03,30000,0.137,6,active,NY,,
LN001207,DISB20260204001207,CUST000381,partner_platform,2026-02-04,2026-02-04,5000,0.2144,24,active,FL,,
LN001208,DISB20260204001208,CUST000202,internal_core,2026-02-04,2026-02-04,15000,0.1796,36,active,CA,,
LN001209,DISB20260204001209,CUST000344,internal_core,2026-02-04,2026-02-04,8000,0.0857,12,active,TX,,
LN001210,DISB20260204001210,CUST000487,internal_core,2026-02-04,2026-02-04,20000,0.1927,12,active,WA,,
LN001211,DISB20260205001211,CUST000441,internal_core,2026-02-05,2026-02-05,20000,0.1117,6,active,FL,,
LN001212,DISB20260205001212,CUST000390,internal_core,2026-02-05,2026-02-05,8000,0.2399,24,active,WA,,
LN001213,DISB20260205001213,CUST000188,partner_platform,2026-02-05,2026-02-05,30000,0.0716,12,active,CA,,
LN001214,DISB20260206001214,CUST000420,partner_platform,2026-02-06,2026-02-06,20000,0.2186,12,active,FL,,
LN001215,DISB20260206001215,CUST000196,partner_platform,2026-02-06,2026-02-06,30000,0.069,24,active,TX,,
LN001216,DISB20260206001216,CUST000101,internal_core,2026-02-06,2026-02-06,20000,0.1163,12,active,NY,,
LN001217,DISB20260207001217,CUST000065,internal_core,2026-02-07,2026-02-07,15000,0.1094,24,active,NY,,
LN001218,DISB20260207001218,CUST000380,partner_platform,2026-02-07,2026-02-07,30000,0.2131,12,active,WA,,
LN001219,DISB20260207001219,CUST000065,internal_core,2026-02-07,2026-02-07,20000,0.117,6,active,FL,,
LN001220,DISB20260207001220,CUST000109,partner_platform,2026-02-07,2026-02-07,10000,0.0867,12,active,WA,,
LN001221,DISB20260208001221,CUST000480,partner_platform,2026-02-08,2026-02-08,10000,0.1564,6,active,CA,,
LN001222,DISB20260208001222,CUST000205,partner_platform,2026-02-08,2026-02-08,10000,0.0923,6,active,TX,,
LN001223,DISB20260208001223,CUST000130,internal_core,2026-02-08,2026-02-08,20000,0.0698,24,active,NY,,
LN001224,DISB20260209001224,CUST000458,partner_platform,2026-02-09,2026-02-09,8000,0.2355,12,active,NY,,
LN001225,DISB20260209001225,CUST000106,internal_core,2026-02-09,2026-02-09,15000,0.2332,12,active,WA,,
LN001226,DISB20260209001226,CUST000008,internal_core,2026-02-09,2026-02-09,8000,0.2227,12,active,TX,,
LN001227,DISB20260210001227,CUST000117,internal_core,2026-02-10,2026-02-10,10000,0.2342,36,active,NY,,
LN001228,DISB20260210001228,CUST000354,internal_core,2026-02-10,2026-02-10,8000,0.1526,18,active,NY,,
LN001229,DISB20260210001229,CUST000445,internal_core,2026-02-10,2026-02-10,30000,0.0729,12,active,CA,,
LN001230,DISB20260211001230,CUST000326,partner_platform,2026-02-11,2026-02-11,20000,0.173,6,active,TX,,
LN001231,DISB20260211001231,CUST000056,internal_core,2026-02-11,2026-02-11,30000,0.2171,12,active,NY,,
LN001232,DISB20260212001232,CUST000217,internal_core,2026-02-12,2026-02-12,8000,0.1152,6,active,FL,,
LN001233,DISB20260212001233,CUST000461,internal_core,2026-02-12,2026-02-12,20000,0.1205,12,active,TX,,
LN001234,DISB20260212001234,CUST000230,internal_core,2026-02-12,2026-02-12,30000,0.1984,24,active,WA,,
LN001235,DISB20260212001235,CUST000330,partner_platform,2026-02-12,2026-02-12,15000,0.1438,12,active,TX,,
LN001236,DISB20260213001236,CUST000401,internal_core,2026-02-13,2026-02-13,10000,0.1518,36,active,CA,,
LN001237,DISB20260213001237,CUST000020,partner_platform,2026-02-13,2026-02-13,30000,0.1485,12,active,NY,,
LN001238,DISB20260213001238,CUST000414,partner_platform,2026-02-13,2026-02-13,5000,0.1013,18,active,FL,,
LN001239,DISB20260213001239,CUST000451,internal_core,2026-02-13,2026-02-13,15000,0.0694,6,active,FL,,
LN001240,DISB20260214001240,CUST000190,partner_platform,2026-02-14,2026-02-14,30000,0.1349,36,active,TX,,
LN001241,DISB20260214001241,CUST000175,partner_platform,2026-02-14,2026-02-14,30000,0.0911,24,active,TX,,
LN001242,DISB20260215001242,CUST000048,partner_platform,2026-02-15,2026-02-15,10000,0.0978,24,active,FL,,
LN001243,DISB20260215001243,CUST000381,partner_platform,2026-02-15,2026-02-15,5000,0.1288,6,active,WA,,
LN001244,DISB20260215001244,CUST000102,internal_core,2026-02-15,2026-02-15,8000,0.0768,24,active,NY,,
LN001245,DISB20260216001245,CUST000077,partner_platform,2026-02-16,2026-02-16,20000,0.1171,36,active,NY,,
LN001246,DISB20260216001246,CUST000205,internal_core,2026-02-16,2026-02-16,8000,0.1667,36,active,FL,,
LN001247,DISB20260217001247,CUST000152,internal_core,2026-02-17,2026-02-17,30000,0.0865,18,active,NY,,
LN001248,DISB20260217001248,CUST000264,partner_platform,2026-02-17,2026-02-17,15000,0.0613,24,active,FL,,
LN001249,DISB20260218001249,CUST000177,partner_platform,2026-02-18,2026-02-18,30000,0.2321,18,active,CA,,
LN001250,DISB20260218001250,CUST000015,partner_platform,2026-02-18,2026-02-18,8000,0.1137,6,active,WA,,
LN001251,DISB20260218001251,CUST000271,internal_core,2026-02-18,2026-02-18,15000,0.0736,6,active,FL,,
LN001252,DISB20260219001252,CUST000052,partner_platform,2026-02-19,2026-02-19,30000,0.0838,18,active,NY,,
LN001253,DISB20260219001253,CUST000328,internal_core,2026-02-19,2026-02-19,5000,0.2103,12,active,CA,,
LN001254,DISB20260220001254,CUST000345,internal_core,2026-02-20,2026-02-20,30000,0.0656,24,active,WA,,
LN001255,DISB20260220001255,CUST000131,internal_core,2026-02-20,2026-02-20,30000,0.0887,24,active,NY,,
LN001256,DISB20260220001256,CUST000067,internal_core,2026-02-20,2026-02-20,8000,0.1222,6,active,TX,,
LN001257,DISB20260220001257,CUST000113,internal_core,2026-02-20,2026-02-20,20000,0.198,6,active,WA,,
LN001258,DISB20260221001258,CUST000375,internal_core,2026-02-21,2026-02-21,15000,0.1817,36,active,TX,,
LN001259,DISB20260221001259,CUST000167,partner_platform,2026-02-21,2026-02-21,8000,0.0945,18,active,WA,,
LN001260,DISB20260221001260,CUST000412,partner_platform,2026-02-21,2026-02-21,10000,0.1242,24,active,CA,,
LN001261,DISB20260221001261,CUST000402,partner_platform,2026-02-21,2026-02-21,10000,0.2027,36,active,TX,,
LN001262,DISB20260222001262,CUST000152,partner_platform,2026-02-22,2026-02-22,15000,0.0617,6,active,NY,,
LN001263,DISB20260222001263,CUST000489,partner_platform,2026-02-22,2026-02-22,20000,0.1402,24,active,NY,,
LN001264,DISB20260223001264,CUST000063,internal_core,2026-02-23,2026-02-23,15000,0.1079,36,active,CA,,
LN001265,DISB20260223001265,CUST000126,partner_platform,2026-02-23,2026-02-23,8000,0.2279,6,active,TX,,
LN001266,DISB20260223001266,CUST000014,internal_core,2026-02-23,2026-02-23,5000,0.0844,18,active,WA,,
LN001267,DISB20260223001267,CUST000147,partner_platform,2026-02-23,2026-02-23,5000,0.1483,12,active,CA,,
LN001268,DISB20260224001268,CUST000346,partner_platform,2026-02-24,2026-02-24,8000,0.1428,12,active,FL,,
LN001269,DISB20260224001269,CUST000152,partner_platform,2026-02-24,2026-02-24,10000,0.1299,12,active,TX,,
LN001270,DISB20260225001270,CUST000328,internal_core,2026-02-25,2026-02-25,15000,0.0635,36,active,NY,,
LN001271,DISB20260225001271,CUST000384,internal_core,2026-02-25,2026-02-25,5000,0.1602,6,active,FL,,
LN001272,DISB20260226001272,CUST000380,partner_platform,2026-02-26,2026-02-26,10000,0.0633,18,active,TX,,
LN001273,DISB20260226001273,CUST000297,internal_core,2026-02-26,2026-02-26,10000,0.0764,24,active,FL,,
LN001274,DISB20260226001274,CUST000428,internal_core,2026-02-26,2026-02-26,8000,0.1666,36,active,NY,,
LN001275,DISB20260227001275,CUST000070,partner_platform,2026-02-27,2026-02-27,15000,0.0963,24,active,NY,,
LN001276,DISB20260227001276,CUST000031,internal_core,2026-02-27,2026-02-27,8000,0.1795,12,active,WA,,
LN001277,DISB20260228001277,CUST000119,internal_core,2026-02-28,2026-02-28,10000,0.1334,36,active,FL,,
LN001278,DISB20260228001278,CUST000324,internal_core,2026-02-28,2026-02-28,5000,0.0619,36,active,FL,,
LN001279,DISB20260228001279,CUST000317,partner_platform,2026-02-28,2026-02-28,15000,0.2012,18,active,NY,,
LN001280,DISB20260228001280,CUST000016,partner_platform,2026-02-28,2026-02-28,30000,0.1101,12,active,TX,,
LN001281,DISB20260301001281,CUST000072,internal_core,2026-03-01,2026-03-01,30000,0.1549,12,active,TX,,
LN001282,DISB20260301001282,CUST000287,internal_core,2026-03-01,2026-03-01,5000,0.0827,18,active,TX,,
LN001283,DISB20260301001283,CUST000351,internal_core,2026-03-01,2026-03-01,15000,0.0684,6,active,TX,,
LN001284,DISB20260302001284,CUST000469,partner_platform,2026-03-02,2026-03-02,5000,0.1151,18,active,CA,,
LN001285,DISB20260302001285,CUST000118,partner_platform,2026-03-02,2026-03-02,8000,0.1087,18,active,TX,,
LN001286,DISB20260302001286,CUST000244,partner_platform,2026-03-02,2026-03-02,5000,0.1646,12,active,NY,,
LN001287,DISB20260302001287,CUST000435,partner_platform,2026-03-02,2026-03-02,5000,0.17,36,active,TX,,
LN001288,DISB20260303001288,CUST000344,internal_core,2026-03-03,2026-03-03,20000,0.1469,24,active,TX,,
LN001289,DISB20260303001289,CUST000122,partner_platform,2026-03-03,2026-03-03,10000,0.0782,36,active,FL,,
LN001290,DISB20260303001290,CUST000492,partner_platform,2026-03-03,2026-03-03,15000,0.1503,6,active,FL,,
LN001291,DISB20260304001291,CUST000349,internal_core,2026-03-04,2026-03-04,15000,0.1011,18,active,NY,,
LN001292,DISB20260304001292,CUST000198,partner_platform,2026-03-04,2026-03-04,8000,0.2246,18,active,CA,,
LN001293,DISB20260304001293,CUST000189,internal_core,2026-03-04,2026-03-04,10000,0.1575,6,active,WA,,
LN001294,DISB20260305001294,CUST000339,internal_core,2026-03-05,2026-03-05,8000,0.2175,6,active,CA,,
LN001295,DISB20260305001295,CUST000375,internal_core,2026-03-05,2026-03-05,10000,0.129,12,active,NY,,
LN001296,DISB20260305001296,CUST000109,internal_core,2026-03-05,2026-03-05,30000,0.0865,24,active,TX,,
LN001297,DISB20260306001297,CUST000244,partner_platform,2026-03-06,2026-03-06,10000,0.1588,36,active,TX,,
LN001298,DISB20260306001298,CUST000342,partner_platform,2026-03-06,2026-03-06,15000,0.235,6,active,NY,,
LN001299,DISB20260307001299,CUST000043,internal_core,2026-03-07,2026-03-07,5000,0.1396,24,active,NY,,
LN001300,DISB20260307001300,CUST000156,internal_core,2026-03-07,2026-03-07,15000,0.0857,12,active,CA,,
LN001301,DISB20260307001301,CUST000206,partner_platform,2026-03-07,2026-03-07,15000,0.1557,18,active,WA,,
LN001302,DISB20260308001302,CUST000065,partner_platform,2026-03-08,2026-03-08,15000,0.2136,6,active,TX,,
LN001303,DISB20260308001303,CUST000395,partner_platform,2026-03-08,2026-03-08,8000,0.1311,6,active,FL,,
LN001304,DISB20260308001304,CUST000240,partner_platform,2026-03-08,2026-03-08,20000,0.14,18,active,TX,,
LN001305,DISB20260309001305,CUST000214,partner_platform,2026-03-09,2026-03-09,30000,0.0743,18,active,NY,,
LN001306,DISB20260309001306,CUST000431,partner_platform,2026-03-09,2026-03-09,8000,0.1177,24,active,NY,,
LN001307,DISB20260309001307,CUST000048,internal_core,2026-03-09,2026-03-09,8000,0.2175,36,active,FL,,
LN001308,DISB20260309001308,CUST000239,internal_core,2026-03-09,2026-03-09,5000,0.1627,12,active,WA,,
LN001309,DISB20260310001309,CUST000383,internal_core,2026-03-10,2026-03-10,5000,0.1507,6,active,CA,,
LN001310,DISB20260310001310,CUST000268,internal_core,2026-03-10,2026-03-10,20000,0.2331,6,active,CA,,
LN001311,DISB20260310001311,CUST000490,internal_core,2026-03-10,2026-03-10,8000,0.2212,18,active,FL,,
LN001312,DISB20260310001312,CUST000002,internal_core,2026-03-10,2026-03-10,5000,0.0832,24,active,FL,,
LN001313,DISB20260311001313,CUST000444,partner_platform,2026-03-11,2026-03-11,15000,0.1062,18,active,CA,,
LN001314,DISB20260311001314,CUST000178,internal_core,2026-03-11,2026-03-11,20000,0.234,6,active,TX,,
LN001315,DISB20260311001315,CUST000280,partner_platform,2026-03-11,2026-03-11,20000,0.2351,12,active,CA,,
LN001316,DISB20260312001316,CUST000401,internal_core,2026-03-12,2026-03-12,30000,0.1468,36,active,TX,,
LN001317,DISB20260312001317,CUST000061,internal_core,2026-03-12,2026-03-12,8000,0.1025,24,active,CA,,
LN001318,DISB20260312001318,CUST000181,internal_core,2026-03-12,2026-03-12,20000,0.1234,12,active,FL,,
LN001319,DISB20260313001319,CUST000159,internal_core,2026-03-13,2026-03-13,10000,0.2299,24,active,CA,,
LN001320,DISB20260313001320,CUST000227,partner_platform,2026-03-13,2026-03-13,5000,0.1715,36,active,TX,,
LN001321,DISB20260314001321,CUST000302,internal_core,2026-03-14,2026-03-14,5000,0.0624,36,active,NY,,
LN001322,DISB20260314001322,CUST000122,internal_core,2026-03-14,2026-03-14,5000,0.2302,12,active,FL,,
LN001323,DISB20260314001323,CUST000427,internal_core,2026-03-14,2026-03-14,20000,0.095,36,active,WA,,
LN001324,DISB20260314001324,CUST000189,partner_platform,2026-03-14,2026-03-14,10000,0.1814,24,active,TX,,
LN001325,DISB20260315001325,CUST000337,internal_core,2026-03-15,2026-03-15,10000,0.1253,36,active,TX,,
LN001326,DISB20260315001326,CUST000493,internal_core,2026-03-15,2026-03-15,30000,0.0915,12,active,WA,,
LN001327,DISB20260316001327,CUST000203,partner_platform,2026-03-16,2026-03-16,5000,0.2211,18,active,CA,,
LN001328,DISB20260316001328,CUST000384,internal_core,2026-03-16,2026-03-16,20000,0.093,24,active,WA,,
LN001329,DISB20260316001329,CUST000337,internal_core,2026-03-16,2026-03-16,10000,0.0633,18,active,CA,,
LN001330,DISB20260317001330,CUST000023,partner_platform,2026-03-17,2026-03-17,30000,0.1328,36,active,TX,,
LN001331,DISB20260317001331,CUST000259,internal_core,2026-03-17,2026-03-17,8000,0.1199,6,active,CA,,
LN001332,DISB20260317001332,CUST000311,internal_core,2026-03-17,2026-03-17,20000,0.1057,36,active,TX,,
LN001333,DISB20260318001333,CUST000436,partner_platform,2026-03-18,2026-03-18,10000,0.0927,24,active,NY,,
LN001334,DISB20260318001334,CUST000325,internal_core,2026-03-18,2026-03-18,15000,0.1303,36,active,FL,,
LN001335,DISB20260318001335,CUST000079,partner_platform,2026-03-18,2026-03-18,5000,0.1922,12,active,NY,,
LN001336,DISB20260319001336,CUST000291,internal_core,2026-03-19,2026-03-19,20000,0.1377,18,active,FL,,
LN001337,DISB20260319001337,CUST000293,internal_core,2026-03-19,2026-03-19,10000,0.101,6,active,FL,,
LN001338,DISB20260320001338,CUST000388,partner_platform,2026-03-20,2026-03-20,5000,0.0842,18,active,CA,,
LN001339,DISB20260320001339,CUST000471,internal_core,2026-03-20,2026-03-20,20000,0.1969,24,active,WA,,
LN001340,DISB20260320001340,CUST000213,internal_core,2026-03-20,2026-03-20,8000,0.1387,18,active,TX,,
LN001341,DISB20260321001341,CUST000451,partner_platform,2026-03-21,2026-03-21,5000,0.2329,18,active,CA,,
LN001342,DISB20260321001342,CUST000441,partner_platform,2026-03-21,2026-03-21,10000,0.1263,6,active,WA,,
LN001343,DISB20260321001343,CUST000055,internal_core,2026-03-21,2026-03-21,10000,0.1706,6,active,CA,,
LN001344,DISB20260322001344,CUST000112,partner_platform,2026-03-22,2026-03-22,30000,0.1858,24,active,NY,,
LN001345,DISB20260322001345,CUST000479,partner_platform,2026-03-22,2026-03-22,20000,0.1404,12,active,FL,,
LN001346,DISB20260323001346,CUST000087,internal_core,2026-03-23,2026-03-23,20000,0.1327,6,active,NY,,
LN001347,DISB20260323001347,CUST000120,internal_core,2026-03-23,2026-03-23,10000,0.2191,36,active,WA,,
LN001348,DISB20260323001348,CUST000402,partner_platform,2026-03-23,2026-03-23,20000,0.0731,36,active,CA,,
LN001349,DISB20260324001349,CUST000132,partner_platform,2026-03-24,2026-03-24,8000,0.2349,6,active,WA,,
LN001350,DISB20260324001350,CUST000282,internal_core,2026-03-24,2026-03-24,5000,0.1347,12,active,CA,,
LN001351,DISB20260324001351,CUST000016,partner_platform,2026-03-24,2026-03-24,20000,0.1489,12,active,NY,,
LN001352,DISB20260325001352,CUST000012,internal_core,2026-03-25,2026-03-25,5000,0.2017,18,active,FL,,
LN001353,DISB20260325001353,CUST000106,internal_core,2026-03-25,2026-03-25,10000,0.2326,12,active,WA,,
LN001354,DISB20260325001354,CUST000242,internal_core,2026-03-25,2026-03-25,5000,0.1753,36,active,TX,,
LN001355,DISB20260326001355,CUST000417,internal_core,2026-03-26,2026-03-26,20000,0.202,24,active,NY,,
LN001356,DISB20260326001356,CUST000473,internal_core,2026-03-26,2026-03-26,5000,0.071,24,active,NY,,
LN001357,DISB20260326001357,CUST000326,internal_core,2026-03-26,2026-03-26,5000,0.2003,24,active,FL,,
LN001358,DISB20260327001358,CUST000154,internal_core,2026-03-27,2026-03-27,15000,0.214,6,active,WA,,
LN001359,DISB20260327001359,CUST000411,internal_core,2026-03-27,2026-03-27,20000,0.1019,12,active,TX,,
LN001360,DISB20260327001360,CUST000289,partner_platform,2026-03-27,2026-03-27,20000,0.2209,6,active,FL,,
LN001361,DISB20260328001361,CUST000468,partner_platform,2026-03-28,2026-03-28,30000,0.1872,24,active,TX,,
LN001362,DISB20260328001362,CUST000336,partner_platform,2026-03-28,2026-03-28,10000,0.187,18,active,WA,,
LN001363,DISB20260328001363,CUST000457,partner_platform,2026-03-28,2026-03-28,10000,0.1562,6,active,WA,,
LN001364,DISB20260329001364,CUST000123,internal_core,2026-03-29,2026-03-29,5000,0.0734,6,active,WA,,
LN001365,DISB20260329001365,CUST000177,partner_platform,2026-03-29,2026-03-29,8000,0.2196,36,active,TX,,
LN001366,DISB20260329001366,CUST000325,internal_core,2026-03-29,2026-03-29,10000,0.0918,36,active,CA,,
LN001367,DISB20260329001367,CUST000441,internal_core,2026-03-29,2026-03-29,30000,0.205,18,active,WA,,
LN001368,DISB20260330001368,CUST000400,internal_core,2026-03-30,2026-03-30,15000,0.1749,24,active,CA,,
LN001369,DISB20260330001369,CUST000345,internal_core,2026-03-30,2026-03-30,20000,0.215,36,active,FL,,
LN001370,DISB20260330001370,CUST000033,internal_core,2026-03-30,2026-03-30,5000,0.1826,24,active,CA,,
LN001371,DISB20260331001371,CUST000039,partner_platform,2026-03-31,2026-03-31,10000,0.1479,6,active,NY,,
LN001372,DISB20260331001372,CUST000142,internal_core,2026-03-31,2026-03-31,10000,0.0679,12,active,WA,,
LN001373,DISB20260331001373,CUST000054,internal_core,2026-03-31,2026-03-31,8000,0.141,6,active,NY,,
LN001374,DISB20260331001374,CUST000317,internal_core,2026-03-31,2026-03-31,30000,0.184,24,active,CA,,
LN001375,DISB20260401001375,CUST000245,internal_core,2026-04-01,2026-04-01,10000,0.0732,36,active,TX,,
LN001376,DISB20260401001376,CUST000260,internal_core,2026-04-01,2026-04-01,20000,0.1805,36,active,CA,,
LN001377,DISB20260401001377,CUST000471,internal_core,2026-04-01,2026-04-01,20000,0.1138,6,active,CA,,
LN001378,DISB20260402001378,CUST000266,internal_core,2026-04-02,2026-04-02,20000,0.1216,36,active,WA,,
LN001379,DISB20260402001379,CUST000427,internal_core,2026-04-02,2026-04-02,8000,0.1532,12,active,NY,,
LN001380,DISB20260402001380,CUST000261,internal_core,2026-04-02,2026-04-02,20000,0.108,18,active,TX,,
LN001381,DISB20260403001381,CUST000349,internal_core,2026-04-03,2026-04-03,30000,0.1983,18,active,TX,,
LN001382,DISB20260403001382,CUST000296,internal_core,2026-04-03,2026-04-03,5000,0.1625,24,active,CA,,
LN001383,DISB20260403001383,CUST000292,internal_core,2026-04-03,2026-04-03,10000,0.2285,6,active,TX,,
LN001384,DISB20260404001384,CUST000481,partner_platform,2026-04-04,2026-04-04,15000,0.188,36,active,WA,,
LN001385,DISB20260404001385,CUST000270,partner_platform,2026-04-04,2026-04-04,15000,0.2032,18,active,FL,,
LN001386,DISB20260404001386,CUST000223,partner_platform,2026-04-04,2026-04-04,5000,0.066,24,active,NY,,
LN001387,DISB20260405001387,CUST000070,internal_core,2026-04-05,2026-04-05,8000,0.0856,36,active,WA,,
LN001388,DISB20260405001388,CUST000019,partner_platform,2026-04-05,2026-04-05,5000,0.061,36,active,NY,,
LN001389,DISB20260405001389,CUST000183,partner_platform,2026-04-05,2026-04-05,10000,0.1874,18,active,TX,,
LN001390,DISB20260406001390,CUST000331,partner_platform,2026-04-06,2026-04-06,5000,0.2058,36,active,WA,,
LN001391,DISB20260406001391,CUST000028,partner_platform,2026-04-06,2026-04-06,30000,0.0893,24,active,WA,,
LN001392,DISB20260406001392,CUST000120,internal_core,2026-04-06,2026-04-06,10000,0.1434,6,active,NY,,
LN001393,DISB20260407001393,CUST000066,internal_core,2026-04-07,2026-04-07,8000,0.1792,6,active,FL,,
LN001394,DISB20260407001394,CUST000255,partner_platform,2026-04-07,2026-04-07,15000,0.1535,12,active,WA,,
LN001395,DISB20260407001395,CUST000445,internal_core,2026-04-07,2026-04-07,8000,0.2205,24,active,WA,,
LN001396,DISB20260407001396,CUST000057,internal_core,2026-04-07,2026-04-07,5000,0.155,18,active,CA,,
LN001397,DISB20260408001397,CUST000022,internal_core,2026-04-08,2026-04-08,5000,0.1137,36,active,NY,,
LN001398,DISB20260408001398,CUST000467,internal_core,2026-04-08,2026-04-08,20000,0.2046,18,active,WA,,
LN001399,DISB20260408001399,CUST000198,partner_platform,2026-04-08,2026-04-08,15000,0.2183,24,active,TX,,
LN001400,DISB20260408001400,CUST000253,partner_platform,2026-04-08,2026-04-08,20000,0.1647,18,active,WA,,
LN001401,DISB20260409001401,CUST000003,partner_platform,2026-04-09,2026-04-09,10000,0.1909,18,active,FL,,
LN001402,DISB20260409001402,CUST000313,internal_core,2026-04-09,2026-04-09,15000,0.0936,6,active,WA,,
LN001403,DISB20260409001403,CUST000175,partner_platform,2026-04-09,2026-04-09,15000,0.1286,24,active,FL,,
LN001404,DISB20260410001404,CUST000355,partner_platform,2026-04-10,2026-04-10,8000,0.1002,6,active,TX,,
LN001405,DISB20260410001405,CUST000217,internal_core,2026-04-10,2026-04-10,20000,0.1656,12,active,CA,,
LN001406,DISB20260410001406,CUST000107,internal_core,2026-04-10,2026-04-10,8000,0.1286,12,active,WA,,
LN001407,DISB20260411001407,CUST000267,partner_platform,2026-04-11,2026-04-11,20000,0.1386,24,active,CA,,
LN001408,DISB20260411001408,CUST000114,internal_core,2026-04-11,2026-04-11,15000,0.0664,36,active,CA,,
LN001409,DISB20260411001409,CUST000062,partner_platform,2026-04-11,2026-04-11,5000,0.1448,6,active,TX,,
LN001410,DISB20260412001410,CUST000386,internal_core,2026-04-12,2026-04-12,20000,0.1706,18,active,NY,,
LN001411,DISB20260412001411,CUST000169,internal_core,2026-04-12,2026-04-12,30000,0.1762,24,active,TX,,
LN001412,DISB20260412001412,CUST000234,internal_core,2026-04-12,2026-04-12,20000,0.1791,18,active,TX,,
LN001413,DISB20260413001413,CUST000381,partner_platform,2026-04-13,2026-04-13,15000,0.1324,24,active,FL,,
LN001414,DISB20260413001414,CUST000324,partner_platform,2026-04-13,2026-04-13,5000,0.0615,18,active,CA,,
LN001415,DISB20260413001415,CUST000194,internal_core,2026-04-13,2026-04-13,30000,0.0628,24,active,FL,,
LN001416,DISB20260414001416,CUST000395,internal_core,2026-04-14,2026-04-14,8000,0.1589,24,active,TX,,
LN001417,DISB20260414001417,CUST000419,internal_core,2026-04-14,2026-04-14,10000,0.2301,36,active,CA,,
LN001418,DISB20260414001418,CUST000163,internal_core,2026-04-14,2026-04-14,15000,0.1874,18,active,FL,,
LN001419,DISB20260415001419,CUST000460,internal_core,2026-04-15,2026-04-15,20000,0.2193,12,active,CA,,
LN001420,DISB20260415001420,CUST000471,internal_core,2026-04-15,2026-04-15,20000,0.1462,6,active,TX,,
LN001421,DISB20260416001421,CUST000215,internal_core,2026-04-16,2026-04-16,15000,0.1486,18,active,TX,,
LN001422,DISB20260416001422,CUST000135,partner_platform,2026-04-16,2026-04-16,5000,0.1696,6,active,WA,,
LN001423,DISB20260417001423,CUST000349,internal_core,2026-04-17,2026-04-17,15000,0.0795,24,active,FL,,
LN001424,DISB20260417001424,CUST000036,internal_core,2026-04-17,2026-04-17,10000,0.2136,18,active,WA,,
LN001425,DISB20260417001425,CUST000468,partner_platform,2026-04-17,2026-04-17,30000,0.1911,36,active,FL,,
LN001426,DISB20260418001426,CUST000439,partner_platform,2026-04-18,2026-04-18,10000,0.1518,36,active,WA,,
LN001427,DISB20260418001427,CUST000280,internal_core,2026-04-18,2026-04-18,8000,0.1766,6,active,CA,,
LN001428,DISB20260419001428,CUST000173,internal_core,2026-04-19,2026-04-19,30000,0.2385,12,active,TX,,
LN001429,DISB20260419001429,CUST000147,internal_core,2026-04-19,2026-04-19,8000,0.1685,18,active,NY,,
LN001430,DISB20260419001430,CUST000478,partner_platform,2026-04-19,2026-04-19,10000,0.0669,24,active,WA,,
LN001431,DISB20260420001431,CUST000128,partner_platform,2026-04-20,2026-04-20,20000,0.0831,36,active,WA,,
LN001432,DISB20260420001432,CUST000293,internal_core,2026-04-20,2026-04-20,10000,0.0752,36,active,TX,,
LN001433,DISB20260420001433,CUST000263,internal_core,2026-04-20,2026-04-20,20000,0.1234,6,active,WA,,
LN001434,DISB20260421001434,CUST000221,internal_core,2026-04-21,2026-04-21,10000,0.1839,24,active,NY,,
LN001435,DISB20260421001435,CUST000163,partner_platform,2026-04-21,2026-04-21,20000,0.2026,36,active,CA,,
LN001436,DISB20260421001436,CUST000204,partner_platform,2026-04-21,2026-04-21,10000,0.1167,6,active,NY,,
LN001437,DISB20260421001437,CUST000435,internal_core,2026-04-21,2026-04-21,15000,0.1126,12,active,FL,,
LN001438,DISB20260422001438,CUST000139,partner_platform,2026-04-22,2026-04-22,20000,0.2384,6,active,FL,,
LN001439,DISB20260422001439,CUST000002,internal_core,2026-04-22,2026-04-22,10000,0.0702,24,active,CA,,
LN001440,DISB20260422001440,CUST000236,partner_platform,2026-04-22,2026-04-22,30000,0.1323,12,active,NY,,
LN001441,DISB20260423001441,CUST000279,internal_core,2026-04-23,2026-04-23,10000,0.1206,12,active,WA,,
LN001442,DISB20260423001442,CUST000430,partner_platform,2026-04-23,2026-04-23,8000,0.2087,36,active,WA,,
LN001443,DISB20260423001443,CUST000395,internal_core,2026-04-23,2026-04-23,15000,0.1756,12,active,CA,,
LN001444,DISB20260424001444,CUST000494,partner_platform,2026-04-24,2026-04-24,10000,0.1088,12,active,TX,,
LN001445,DISB20260424001445,CUST000449,internal_core,2026-04-24,2026-04-24,8000,0.0674,18,active,FL,,
LN001446,DISB20260424001446,CUST000303,partner_platform,2026-04-24,2026-04-24,10000,0.1449,24,active,TX,,
LN001447,DISB20260424001447,CUST000025,partner_platform,2026-04-24,2026-04-24,5000,0.2328,24,active,WA,,
LN001448,DISB20260425001448,CUST000133,partner_platform,2026-04-25,2026-04-25,5000,0.119,24,active,FL,,
LN001449,DISB20260425001449,CUST000251,internal_core,2026-04-25,2026-04-25,20000,0.2338,6,active,NY,,
LN001450,DISB20260425001450,CUST000016,partner_platform,2026-04-25,2026-04-25,5000,0.0977,12,active,TX,,
LN001451,DISB20260426001451,CUST000125,internal_core,2026-04-26,2026-04-26,5000,0.105,12,active,FL,,
LN001452,DISB20260426001452,CUST000042,partner_platform,2026-04-26,2026-04-26,20000,0.2313,18,active,CA,,
LN001453,DISB20260426001453,CUST000292,internal_core,2026-04-26,2026-04-26,5000,0.183,18,active,CA,,
LN001454,DISB20260427001454,CUST000336,partner_platform,2026-04-27,2026-04-27,15000,0.1031,36,active,FL,,
LN001455,DISB20260427001455,CUST000410,partner_platform,2026-04-27,2026-04-27,10000,0.1176,18,active,FL,,
LN001456,DISB20260427001456,CUST000254,partner_platform,2026-04-27,2026-04-27,5000,0.1046,12,active,NY,,
LN001457,DISB20260428001457,CUST000324,partner_platform,2026-04-28,2026-04-28,15000,0.1688,18,active,CA,,
LN001458,DISB20260428001458,CUST000346,partner_platform,2026-04-28,2026-04-28,20000,0.1833,12,active,TX,,
LN001459,DISB20260428001459,CUST000278,internal_core,2026-04-28,2026-04-28,15000,0.1105,6,active,FL,,
LN001460,DISB20260429001460,CUST000112,internal_core,2026-04-29,2026-04-29,8000,0.2381,36,active,TX,,
LN001461,DISB20260429001461,CUST000281,internal_core,2026-04-29,2026-04-29,30000,0.0828,12,active,CA,,
LN001462,DISB20260430001462,CUST000393,partner_platform,2026-04-30,2026-04-30,15000,0.1695,36,active,WA,,
LN001463,DISB20260430001463,CUST000133,partner_platform,2026-04-30,2026-04-30,10000,0.1313,6,active,WA,,
LN001464,DISB20260430001464,CUST000208,partner_platform,2026-04-30,2026-04-30,8000,0.1348,36,active,TX,,
