repayment_transaction_id,loan_id,transaction_date,accounting_date,repayment_total_amount,repayment_principal,repayment_interest,repayment_overdue_interest,payment_status
REPAY_LN000001_01,LN000001,2025-02-02,2025-02-02,444.7,277.78,166.92,0.0,successful
REPAY_LN000001_02,LN000001,2025-03-02,2025-03-02,444.7,277.78,166.92,0.0,successful
REPAY_LN000001_03,LN000001,2025-04-03,2025-04-03,444.7,277.78,166.92,0.0,successful
REPAY_LN000001_04,LN000001,2025-05-03,2025-05-03,444.7,277.78,166.92,0.0,successful
REPAY_LN000001_05,LN000001,2025-06-03,2025-06-03,444.7,277.78,166.92,0.0,successful
REPAY_LN000001_06,LN000001,2025-07-03,2025-07-03,444.7,277.78,166.92,0.0,successful
REPAY_LN000001_07,LN000001,2025-08-03,2025-08-03,444.7,277.78,166.92,0.0,successful
REPAY_LN000001_08,LN000001,2025-09-01,2025-09-01,444.7,277.78,166.92,0.0,successful
REPAY_LN000001_09,LN000001,2025-10-03,2025-10-03,444.7,277.78,166.92,0.0,successful
REPAY_LN000001_10,LN000001,2025-11-03,2025-11-03,444.7,277.78,166.92,0.0,successful
REPAY_LN000001_11,LN000001,2025-12-02,2025-12-02,444.7,277.78,166.92,0.0,successful
REPAY_LN000001_12,LN000001,2026-01-01,2026-01-01,444.7,277.78,166.92,0.0,successful
REPAY_LN000001_13,LN000001,2026-02-03,2026-02-03,444.7,277.78,166.92,0.0,successful
REPAY_LN000001_14,LN000001,2026-03-03,2026-03-03,444.7,277.78,166.92,0.0,successful
REPAY_LN000001_15_FAIL,LN000001,2026-04-05,2026-04-05,444.7,277.78,166.92,0.0,failed
REPAY_LN000001_16_FAIL,LN000001,2026-05-04,2026-05-04,444.7,277.78,166.92,0.0,failed
REPAY_LN000002_01,LN000002,2025-02-02,2025-02-02,1391.44,1111.11,280.33,0.0,successful
REPAY_LN000002_02,LN000002,2025-03-02,2025-03-02,1391.44,1111.11,280.33,0.0,successful
REPAY_LN000002_03,LN000002,2025-04-02,2025-04-02,1391.44,1111.11,280.33,0.0,successful
REPAY_LN000002_04,LN000002,2025-05-03,2025-05-03,1391.44,1111.11,280.33,0.0,successful
REPAY_LN000002_05,LN000002,2025-06-02,2025-06-02,1391.44,1111.11,280.33,0.0,successful
REPAY_LN000002_06,LN000002,2025-07-03,2025-07-03,1391.44,1111.11,280.33,0.0,successful
REPAY_LN000002_07,LN000002,2025-08-01,2025-08-01,1391.44,1111.11,280.33,0.0,successful
REPAY_LN000002_08,LN000002,2025-09-03,2025-09-03,1391.44,1111.11,280.33,0.0,successful
REPAY_LN000002_09,LN000002,2025-10-02,2025-10-02,1391.44,1111.11,280.33,0.0,successful
REPAY_LN000002_10,LN000002,2025-11-01,2025-11-01,1391.44,1111.11,280.33,0.0,successful
REPAY_LN000002_11,LN000002,2025-12-03,2025-12-03,1391.44,1111.11,280.33,0.0,successful
REPAY_LN000002_12,LN000002,2026-01-01,2026-01-01,1391.44,1111.11,280.33,0.0,successful
REPAY_LN000002_13,LN000002,2026-02-01,2026-02-01,1391.44,1111.11,280.33,0.0,successful
REPAY_LN000002_14,LN000002,2026-03-01,2026-03-01,1391.44,1111.11,280.33,0.0,successful
REPAY_LN000002_15,LN000002,2026-04-03,2026-04-03,1391.44,1111.11,280.33,0.0,successful
REPAY_LN000002_16,LN000002,2026-05-02,2026-05-02,1391.44,1111.11,280.33,0.0,successful
REPAY_LN000003_01,LN000003,2025-02-03,2025-02-03,1400.25,1250.0,150.25,0.0,successful
REPAY_LN000003_02,LN000003,2025-03-02,2025-03-02,1400.25,1250.0,150.25,0.0,successful
REPAY_LN000003_03,LN000003,2025-04-03,2025-04-03,1400.25,1250.0,150.25,0.0,successful
REPAY_LN000003_04,LN000003,2025-05-03,2025-05-03,1400.25,1250.0,150.25,0.0,successful
REPAY_LN000003_05,LN000003,2025-06-03,2025-06-03,1400.25,1250.0,150.25,0.0,successful
REPAY_LN000003_06,LN000003,2025-07-02,2025-07-02,1400.25,1250.0,150.25,0.0,successful
REPAY_LN000003_07,LN000003,2025-08-03,2025-08-03,1400.25,1250.0,150.25,0.0,successful
REPAY_LN000003_08,LN000003,2025-09-01,2025-09-01,1400.25,1250.0,150.25,0.0,successful
REPAY_LN000003_09,LN000003,2025-10-03,2025-10-03,1400.25,1250.0,150.25,0.0,successful
REPAY_LN000003_10,LN000003,2025-11-01,2025-11-01,1400.25,1250.0,150.25,0.0,successful
REPAY_LN000003_11,LN000003,2025-12-02,2025-12-02,1400.25,1250.0,150.25,0.0,successful
REPAY_LN000003_12,LN000003,2026-01-02,2026-01-02,1400.25,1250.0,150.25,0.0,successful
REPAY_LN000003_13,LN000003,2026-02-03,2026-02-03,1400.25,1250.0,150.25,0.0,successful
REPAY_LN000003_14,LN000003,2026-03-03,2026-03-03,1400.25,1250.0,150.25,0.0,successful
REPAY_LN000003_15,LN000003,2026-04-03,2026-04-03,1400.25,1250.0,150.25,0.0,successful
REPAY_LN000003_16,LN000003,2026-05-01,2026-05-01,1400.25,1250.0,150.25,0.0,successful
REPAY_LN000004_01,LN000004,2025-02-03,2025-02-03,324.61,277.78,46.83,0.0,successful
REPAY_LN000004_02,LN000004,2025-03-02,2025-03-02,324.61,277.78,46.83,0.0,successful
REPAY_LN000004_03,LN000004,2025-04-02,2025-04-02,324.61,277.78,46.83,0.0,successful
REPAY_LN000004_04,LN000004,2025-05-04,2025-05-04,324.61,277.78,46.83,0.0,successful
REPAY_LN000004_05,LN000004,2025-06-04,2025-06-04,324.61,277.78,46.83,0.0,successful
REPAY_LN000004_06,LN000004,2025-07-02,2025-07-02,324.61,277.78,46.83,0.0,successful
REPAY_LN000004_07,LN000004,2025-08-02,2025-08-02,324.61,277.78,46.83,0.0,successful
REPAY_LN000004_08,LN000004,2025-09-04,2025-09-04,324.61,277.78,46.83,0.0,successful
REPAY_LN000004_09,LN000004,2025-10-04,2025-10-04,324.61,277.78,46.83,0.0,successful
REPAY_LN000004_10,LN000004,2025-11-02,2025-11-02,324.61,277.78,46.83,0.0,successful
REPAY_LN000004_11,LN000004,2025-12-04,2025-12-04,324.61,277.78,46.83,0.0,successful
REPAY_LN000004_12,LN000004,2026-01-04,2026-01-04,324.61,277.78,46.83,0.0,successful
REPAY_LN000004_13,LN000004,2026-02-02,2026-02-02,324.61,277.78,46.83,0.0,successful
REPAY_LN000004_14,LN000004,2026-03-02,2026-03-02,324.61,277.78,46.83,0.0,successful
REPAY_LN000004_15,LN000004,2026-04-03,2026-04-03,324.61,277.78,46.83,0.0,successful
REPAY_LN000004_16,LN000004,2026-05-02,2026-05-02,324.61,277.78,46.83,0.0,successful
REPAY_LN000005_01,LN000005,2025-02-04,2025-02-04,1857.42,1666.67,190.75,0.0,successful
REPAY_LN000005_02,LN000005,2025-03-02,2025-03-02,1857.42,1666.67,190.75,0.0,successful
REPAY_LN000005_03,LN000005,2025-04-02,2025-04-02,1857.42,1666.67,190.75,0.0,successful
REPAY_LN000005_04,LN000005,2025-05-02,2025-05-02,1857.42,1666.67,190.75,0.0,successful
REPAY_LN000005_05,LN000005,2025-06-03,2025-06-03,1857.42,1666.67,190.75,0.0,successful
REPAY_LN000005_06,LN000005,2025-07-03,2025-07-03,1857.42,1666.67,190.75,0.0,successful
REPAY_LN000005_07,LN000005,2025-08-04,2025-08-04,1857.42,1666.67,190.75,0.0,successful
REPAY_LN000005_08,LN000005,2025-09-03,2025-09-03,1857.42,1666.67,190.75,0.0,successful
REPAY_LN000005_09,LN000005,2025-10-02,2025-10-02,1857.42,1666.67,190.75,0.0,successful
REPAY_LN000005_10,LN000005,2025-11-03,2025-11-03,1857.42,1666.67,190.75,0.0,successful
REPAY_LN000005_11,LN000005,2025-12-02,2025-12-02,1857.42,1666.67,190.75,0.0,successful
REPAY_LN000005_12,LN000005,2026-01-03,2026-01-03,1857.42,1666.67,190.75,0.0,successful
REPAY_LN000005_13,LN000005,2026-02-03,2026-02-03,1857.42,1666.67,190.75,0.0,successful
REPAY_LN000005_14,LN000005,2026-03-03,2026-03-03,1857.42,1666.67,190.75,0.0,successful
REPAY_LN000005_15,LN000005,2026-04-02,2026-04-02,1857.42,1666.67,190.75,0.0,successful
REPAY_LN000005_16,LN000005,2026-05-03,2026-05-03,1857.42,1666.67,190.75,0.0,successful
REPAY_LN000006_01,LN000006,2025-02-02,2025-02-02,837.89,555.56,282.33,0.0,successful
REPAY_LN000006_02,LN000006,2025-03-02,2025-03-02,837.89,555.56,282.33,0.0,successful
REPAY_LN000006_03,LN000006,2025-04-04,2025-04-04,837.89,555.56,282.33,0.0,successful
REPAY_LN000006_04,LN000006,2025-05-03,2025-05-03,837.89,555.56,282.33,0.0,successful
REPAY_LN000006_05,LN000006,2025-06-04,2025-06-04,837.89,555.56,282.33,0.0,successful
REPAY_LN000006_06,LN000006,2025-07-04,2025-07-04,837.89,555.56,282.33,0.0,successful
REPAY_LN000006_07,LN000006,2025-08-02,2025-08-02,837.89,555.56,282.33,0.0,successful
REPAY_LN000006_08,LN000006,2025-09-03,2025-09-03,837.89,555.56,282.33,0.0,successful
REPAY_LN000006_09,LN000006,2025-10-02,2025-10-02,837.89,555.56,282.33,0.0,successful
REPAY_LN000006_10_FAIL,LN000006,2025-11-03,2025-11-03,837.89,555.56,282.33,0.0,failed
REPAY_LN000006_11_FAIL,LN000006,2025-12-04,2025-12-04,837.89,555.56,282.33,0.0,failed
REPAY_LN000007_01,LN000007,2025-02-03,2025-02-03,1451.75,1250.0,201.75,0.0,successful
REPAY_LN000007_02,LN000007,2025-03-02,2025-03-02,1451.75,1250.0,201.75,0.0,successful
REPAY_LN000007_03,LN000007,2025-04-02,2025-04-02,1451.75,1250.0,201.75,0.0,successful
REPAY_LN000007_04_FAIL,LN000007,2025-05-05,2025-05-05,1451.75,1250.0,201.75,0.0,failed
REPAY_LN000007_05_FAIL,LN000007,2025-06-03,2025-06-03,1451.75,1250.0,201.75,0.0,failed
REPAY_LN000008_01,LN000008,2025-02-04,2025-02-04,519.17,416.67,102.5,0.0,successful
REPAY_LN000008_02,LN000008,2025-03-05,2025-03-05,519.17,416.67,102.5,0.0,successful
REPAY_LN000008_03,LN000008,2025-04-04,2025-04-04,519.17,416.67,102.5,0.0,successful
REPAY_LN000008_04,LN000008,2025-05-05,2025-05-05,519.17,416.67,102.5,0.0,successful
REPAY_LN000008_05,LN000008,2025-06-03,2025-06-03,519.17,416.67,102.5,0.0,successful
REPAY_LN000008_06,LN000008,2025-07-03,2025-07-03,519.17,416.67,102.5,0.0,successful
REPAY_LN000008_07,LN000008,2025-08-03,2025-08-03,519.17,416.67,102.5,0.0,successful
REPAY_LN000008_08,LN000008,2025-09-04,2025-09-04,519.17,416.67,102.5,0.0,successful
REPAY_LN000008_09,LN000008,2025-10-05,2025-10-05,519.17,416.67,102.5,0.0,successful
REPAY_LN000008_10,LN000008,2025-11-04,2025-11-04,519.17,416.67,102.5,0.0,successful
REPAY_LN000008_11,LN000008,2025-12-05,2025-12-05,519.17,416.67,102.5,0.0,successful
REPAY_LN000008_12,LN000008,2026-01-03,2026-01-03,519.17,416.67,102.5,0.0,successful
REPAY_LN000008_13,LN000008,2026-02-04,2026-02-04,519.17,416.67,102.5,0.0,successful
REPAY_LN000008_14,LN000008,2026-03-03,2026-03-03,519.17,416.67,102.5,0.0,successful
REPAY_LN000008_15,LN000008,2026-04-04,2026-04-04,519.17,416.67,102.5,0.0,successful
REPAY_LN000008_16,LN000008,2026-05-03,2026-05-03,519.17,416.67,102.5,0.0,successful
REPAY_LN000009_01,LN000009,2025-02-05,2025-02-05,1395.12,1250.0,145.12,0.0,successful
REPAY_LN000009_02,LN000009,2025-03-03,2025-03-03,1395.12,1250.0,145.12,0.0,successful
REPAY_LN000009_03_FAIL,LN000009,2025-04-06,2025-04-06,1395.12,1250.0,145.12,0.0,failed
REPAY_LN000009_04_FAIL,LN000009,2025-05-06,2025-05-06,1395.12,1250.0,145.12,0.0,failed
REPAY_LN000010_01,LN000010,2025-02-03,2025-02-03,760.67,666.67,94.0,0.0,successful
REPAY_LN000010_02,LN000010,2025-03-04,2025-03-04,760.67,666.67,94.0,0.0,successful
REPAY_LN000010_03,LN000010,2025-04-05,2025-04-05,760.67,666.67,94.0,0.0,successful
REPAY_LN000010_04,LN000010,2025-05-03,2025-05-03,760.67,666.67,94.0,0.0,successful
REPAY_LN000010_05,LN000010,2025-06-04,2025-06-04,760.67,666.67,94.0,0.0,successful
REPAY_LN000010_06,LN000010,2025-07-05,2025-07-05,760.67,666.67,94.0,0.0,successful
REPAY_LN000010_07,LN000010,2025-08-05,2025-08-05,760.67,666.67,94.0,0.0,successful
REPAY_LN000010_08,LN000010,2025-09-05,2025-09-05,760.67,666.67,94.0,0.0,successful
REPAY_LN000010_09,LN000010,2025-10-04,2025-10-04,760.67,666.67,94.0,0.0,successful
REPAY_LN000010_10,LN000010,2025-11-05,2025-11-05,760.67,666.67,94.0,0.0,successful
REPAY_LN000010_11,LN000010,2025-12-04,2025-12-04,760.67,666.67,94.0,0.0,successful
REPAY_LN000010_12,LN000010,2026-01-05,2026-01-05,760.63,666.63,94.0,0.0,successful
REPAY_LN000011_01,LN000011,2025-02-04,2025-02-04,1883.34,1666.67,216.67,0.0,successful
REPAY_LN000011_02,LN000011,2025-03-06,2025-03-06,1883.34,1666.67,216.67,0.0,successful
REPAY_LN000011_03,LN000011,2025-04-04,2025-04-04,1883.34,1666.67,216.67,0.0,successful
REPAY_LN000011_04,LN000011,2025-05-04,2025-05-04,1883.34,1666.67,216.67,0.0,successful
REPAY_LN000011_05,LN000011,2025-06-04,2025-06-04,1883.34,1666.67,216.67,0.0,successful
REPAY_LN000011_06,LN000011,2025-07-05,2025-07-05,1883.34,1666.67,216.67,0.0,successful
REPAY_LN000011_07,LN000011,2025-08-04,2025-08-04,1883.34,1666.67,216.67,0.0,successful
REPAY_LN000011_08,LN000011,2025-09-06,2025-09-06,1883.34,1666.67,216.67,0.0,successful
REPAY_LN000011_09,LN000011,2025-10-05,2025-10-05,1883.34,1666.67,216.67,0.0,successful
REPAY_LN000011_10,LN000011,2025-11-04,2025-11-04,1883.34,1666.67,216.67,0.0,successful
REPAY_LN000011_11,LN000011,2025-12-05,2025-12-05,1883.34,1666.67,216.67,0.0,successful
REPAY_LN000011_12,LN000011,2026-01-05,2026-01-05,1883.3,1666.63,216.67,0.0,successful
REPAY_LN000012_01,LN000012,2025-02-04,2025-02-04,2697.12,2500.0,197.12,0.0,successful
REPAY_LN000012_02_FAIL,LN000012,2025-03-06,2025-03-06,2697.12,2500.0,197.12,0.0,failed
REPAY_LN000012_03_FAIL,LN000012,2025-04-06,2025-04-06,2697.12,2500.0,197.12,0.0,failed
REPAY_LN000013_01,LN000013,2025-02-05,2025-02-05,291.25,208.33,82.92,0.0,successful
REPAY_LN000013_02,LN000013,2025-03-04,2025-03-04,291.25,208.33,82.92,0.0,successful
REPAY_LN000013_03,LN000013,2025-04-05,2025-04-05,291.25,208.33,82.92,0.0,successful
REPAY_LN000013_04,LN000013,2025-05-05,2025-05-05,291.25,208.33,82.92,0.0,successful
REPAY_LN000013_05,LN000013,2025-06-06,2025-06-06,291.25,208.33,82.92,0.0,successful
REPAY_LN000013_06,LN000013,2025-07-04,2025-07-04,291.25,208.33,82.92,0.0,successful
REPAY_LN000013_07,LN000013,2025-08-06,2025-08-06,291.25,208.33,82.92,0.0,successful
REPAY_LN000013_08,LN000013,2025-09-04,2025-09-04,291.25,208.33,82.92,0.0,successful
REPAY_LN000013_09,LN000013,2025-10-04,2025-10-04,291.25,208.33,82.92,0.0,successful
REPAY_LN000013_10,LN000013,2025-11-04,2025-11-04,291.25,208.33,82.92,0.0,successful
REPAY_LN000013_11,LN000013,2025-12-06,2025-12-06,291.25,208.33,82.92,0.0,successful
REPAY_LN000013_12,LN000013,2026-01-06,2026-01-06,291.25,208.33,82.92,0.0,successful
REPAY_LN000013_13,LN000013,2026-02-06,2026-02-06,291.25,208.33,82.92,0.0,successful
REPAY_LN000013_14,LN000013,2026-03-06,2026-03-06,291.25,208.33,82.92,0.0,successful
REPAY_LN000013_15,LN000013,2026-04-05,2026-04-05,291.25,208.33,82.92,0.0,successful
REPAY_LN000013_16,LN000013,2026-05-05,2026-05-05,291.25,208.33,82.92,0.0,successful
REPAY_LN000014_01,LN000014,2025-02-06,2025-02-06,487.13,416.67,70.46,0.0,successful
REPAY_LN000014_02,LN000014,2025-03-05,2025-03-05,487.13,416.67,70.46,0.0,successful
REPAY_LN000014_03,LN000014,2025-04-06,2025-04-06,487.13,416.67,70.46,0.0,successful
REPAY_LN000014_04,LN000014,2025-05-05,2025-05-05,487.13,416.67,70.46,0.0,successful
REPAY_LN000014_05,LN000014,2025-06-07,2025-06-07,487.13,416.67,70.46,0.0,successful
REPAY_LN000014_06,LN000014,2025-07-05,2025-07-05,487.13,416.67,70.46,0.0,successful
REPAY_LN000014_07,LN000014,2025-08-05,2025-08-05,487.13,416.67,70.46,0.0,successful
REPAY_LN000014_08,LN000014,2025-09-06,2025-09-06,487.13,416.67,70.46,0.0,successful
REPAY_LN000014_09,LN000014,2025-10-07,2025-10-07,487.13,416.67,70.46,0.0,successful
REPAY_LN000014_10,LN000014,2025-11-07,2025-11-07,487.13,416.67,70.46,0.0,successful
REPAY_LN000014_11,LN000014,2025-12-06,2025-12-06,487.13,416.67,70.46,0.0,successful
REPAY_LN000014_12,LN000014,2026-01-07,2026-01-07,487.09,416.63,70.46,0.0,successful
REPAY_LN000015_01,LN000015,2025-02-07,2025-02-07,566.17,416.67,149.5,0.0,successful
REPAY_LN000015_02,LN000015,2025-03-07,2025-03-07,566.17,416.67,149.5,0.0,successful
REPAY_LN000015_03,LN000015,2025-04-06,2025-04-06,566.17,416.67,149.5,0.0,successful
REPAY_LN000015_04,LN000015,2025-05-07,2025-05-07,566.17,416.67,149.5,0.0,successful
REPAY_LN000015_05,LN000015,2025-06-05,2025-06-05,566.17,416.67,149.5,0.0,successful
REPAY_LN000015_06,LN000015,2025-07-05,2025-07-05,566.17,416.67,149.5,0.0,successful
REPAY_LN000015_07,LN000015,2025-08-07,2025-08-07,566.17,416.67,149.5,0.0,successful
REPAY_LN000015_08,LN000015,2025-09-06,2025-09-06,566.17,416.67,149.5,0.0,successful
REPAY_LN000015_09,LN000015,2025-10-06,2025-10-06,566.17,416.67,149.5,0.0,successful
REPAY_LN000015_10,LN000015,2025-11-06,2025-11-06,566.17,416.67,149.5,0.0,successful
REPAY_LN000015_11,LN000015,2025-12-07,2025-12-07,566.17,416.67,149.5,0.0,successful
REPAY_LN000015_12,LN000015,2026-01-07,2026-01-07,566.17,416.67,149.5,0.0,successful
REPAY_LN000015_13,LN000015,2026-02-05,2026-02-05,566.17,416.67,149.5,0.0,successful
REPAY_LN000015_14,LN000015,2026-03-06,2026-03-06,566.17,416.67,149.5,0.0,successful
REPAY_LN000015_15,LN000015,2026-04-05,2026-04-05,566.17,416.67,149.5,0.0,successful
REPAY_LN000016_01,LN000016,2025-02-05,2025-02-05,398.61,277.78,120.83,0.0,successful
REPAY_LN000016_02,LN000016,2025-03-06,2025-03-06,398.61,277.78,120.83,0.0,successful
REPAY_LN000016_03,LN000016,2025-04-07,2025-04-07,398.61,277.78,120.83,0.0,successful
REPAY_LN000016_04,LN000016,2025-05-07,2025-05-07,398.61,277.78,120.83,0.0,successful
REPAY_LN000016_05,LN000016,2025-06-05,2025-06-05,398.61,277.78,120.83,0.0,successful
REPAY_LN000016_06,LN000016,2025-07-05,2025-07-05,398.61,277.78,120.83,0.0,successful
REPAY_LN000016_07,LN000016,2025-08-05,2025-08-05,398.61,277.78,120.83,0.0,successful
REPAY_LN000016_08,LN000016,2025-09-05,2025-09-05,398.61,277.78,120.83,0.0,successful
REPAY_LN000016_09,LN000016,2025-10-06,2025-10-06,398.61,277.78,120.83,0.0,successful
REPAY_LN000016_10,LN000016,2025-11-05,2025-11-05,398.61,277.78,120.83,0.0,successful
REPAY_LN000016_11,LN000016,2025-12-05,2025-12-05,398.61,277.78,120.83,0.0,successful
REPAY_LN000016_12,LN000016,2026-01-07,2026-01-07,398.61,277.78,120.83,0.0,successful
REPAY_LN000016_13,LN000016,2026-02-07,2026-02-07,398.61,277.78,120.83,0.0,successful
REPAY_LN000016_14,LN000016,2026-03-07,2026-03-07,398.61,277.78,120.83,0.0,successful
REPAY_LN000016_15,LN000016,2026-04-06,2026-04-06,398.61,277.78,120.83,0.0,successful
REPAY_LN000017_01,LN000017,2025-02-07,2025-02-07,265.29,222.22,43.07,0.0,successful
REPAY_LN000017_02,LN000017,2025-03-08,2025-03-08,265.29,222.22,43.07,0.0,successful
REPAY_LN000017_03,LN000017,2025-04-08,2025-04-08,265.29,222.22,43.07,0.0,successful
REPAY_LN000017_04,LN000017,2025-05-06,2025-05-06,265.29,222.22,43.07,0.0,successful
REPAY_LN000017_05,LN000017,2025-06-06,2025-06-06,265.29,222.22,43.07,0.0,successful
REPAY_LN000017_06,LN000017,2025-07-07,2025-07-07,265.29,222.22,43.07,0.0,successful
REPAY_LN000017_07,LN000017,2025-08-07,2025-08-07,265.29,222.22,43.07,0.0,successful
REPAY_LN000017_08,LN000017,2025-09-06,2025-09-06,265.29,222.22,43.07,0.0,successful
REPAY_LN000017_09,LN000017,2025-10-08,2025-10-08,265.29,222.22,43.07,0.0,successful
REPAY_LN000017_10,LN000017,2025-11-06,2025-11-06,265.29,222.22,43.07,0.0,successful
REPAY_LN000017_11,LN000017,2025-12-07,2025-12-07,265.29,222.22,43.07,0.0,successful
REPAY_LN000017_12,LN000017,2026-01-07,2026-01-07,265.29,222.22,43.07,0.0,successful
REPAY_LN000017_13,LN000017,2026-02-06,2026-02-06,265.29,222.22,43.07,0.0,successful
REPAY_LN000017_14,LN000017,2026-03-06,2026-03-06,265.29,222.22,43.07,0.0,successful
REPAY_LN000017_15,LN000017,2026-04-06,2026-04-06,265.29,222.22,43.07,0.0,successful
REPAY_LN000018_01,LN000018,2025-02-07,2025-02-07,826.75,625.0,201.75,0.0,successful
REPAY_LN000018_02,LN000018,2025-03-08,2025-03-08,826.75,625.0,201.75,0.0,successful
REPAY_LN000018_03,LN000018,2025-04-06,2025-04-06,826.75,625.0,201.75,0.0,successful
REPAY_LN000018_04,LN000018,2025-05-07,2025-05-07,826.75,625.0,201.75,0.0,successful
REPAY_LN000018_05,LN000018,2025-06-07,2025-06-07,826.75,625.0,201.75,0.0,successful
REPAY_LN000018_06,LN000018,2025-07-07,2025-07-07,826.75,625.0,201.75,0.0,successful
REPAY_LN000018_07,LN000018,2025-08-06,2025-08-06,826.75,625.0,201.75,0.0,successful
REPAY_LN000018_08,LN000018,2025-09-06,2025-09-06,826.75,625.0,201.75,0.0,successful
REPAY_LN000018_09,LN000018,2025-10-08,2025-10-08,826.75,625.0,201.75,0.0,successful
REPAY_LN000018_10,LN000018,2025-11-07,2025-11-07,826.75,625.0,201.75,0.0,successful
REPAY_LN000018_11,LN000018,2025-12-06,2025-12-06,826.75,625.0,201.75,0.0,successful
REPAY_LN000018_12,LN000018,2026-01-07,2026-01-07,826.75,625.0,201.75,0.0,successful
REPAY_LN000018_13,LN000018,2026-02-07,2026-02-07,826.75,625.0,201.75,0.0,successful
REPAY_LN000018_14,LN000018,2026-03-08,2026-03-08,826.75,625.0,201.75,0.0,successful
REPAY_LN000018_15,LN000018,2026-04-06,2026-04-06,826.75,625.0,201.75,0.0,successful
REPAY_LN000019_01,LN000019,2025-02-06,2025-02-06,358.28,277.78,80.5,0.0,successful
REPAY_LN000019_02,LN000019,2025-03-07,2025-03-07,358.28,277.78,80.5,0.0,successful
REPAY_LN000019_03,LN000019,2025-04-07,2025-04-07,358.28,277.78,80.5,0.0,successful
REPAY_LN000019_04,LN000019,2025-05-08,2025-05-08,358.28,277.78,80.5,0.0,successful
REPAY_LN000019_05,LN000019,2025-06-08,2025-06-08,358.28,277.78,80.5,0.0,successful
REPAY_LN000019_06,LN000019,2025-07-08,2025-07-08,358.28,277.78,80.5,0.0,successful
REPAY_LN000019_07,LN000019,2025-08-08,2025-08-08,358.28,277.78,80.5,0.0,successful
REPAY_LN000019_08,LN000019,2025-09-08,2025-09-08,358.28,277.78,80.5,0.0,successful
REPAY_LN000019_09,LN000019,2025-10-08,2025-10-08,358.28,277.78,80.5,0.0,successful
REPAY_LN000019_10,LN000019,2025-11-07,2025-11-07,358.28,277.78,80.5,0.0,successful
REPAY_LN000019_11,LN000019,2025-12-08,2025-12-08,358.28,277.78,80.5,0.0,successful
REPAY_LN000019_12,LN000019,2026-01-07,2026-01-07,358.28,277.78,80.5,0.0,successful
REPAY_LN000019_13,LN000019,2026-02-07,2026-02-07,358.28,277.78,80.5,0.0,successful
REPAY_LN000019_14,LN000019,2026-03-06,2026-03-06,358.28,277.78,80.5,0.0,successful
REPAY_LN000019_15,LN000019,2026-04-07,2026-04-07,358.28,277.78,80.5,0.0,successful
REPAY_LN000020_01,LN000020,2025-02-08,2025-02-08,744.23,555.56,188.67,0.0,successful
REPAY_LN000020_02,LN000020,2025-03-09,2025-03-09,744.23,555.56,188.67,0.0,successful
REPAY_LN000020_03,LN000020,2025-04-08,2025-04-08,744.23,555.56,188.67,0.0,successful
REPAY_LN000020_04,LN000020,2025-05-09,2025-05-09,744.23,555.56,188.67,0.0,successful
REPAY_LN000020_05,LN000020,2025-06-09,2025-06-09,744.23,555.56,188.67,0.0,successful
REPAY_LN000020_06,LN000020,2025-07-09,2025-07-09,744.23,555.56,188.67,0.0,successful
REPAY_LN000020_07,LN000020,2025-08-07,2025-08-07,744.23,555.56,188.67,0.0,successful
REPAY_LN000020_08,LN000020,2025-09-09,2025-09-09,744.23,555.56,188.67,0.0,successful
REPAY_LN000020_09,LN000020,2025-10-08,2025-10-08,744.23,555.56,188.67,0.0,successful
REPAY_LN000020_10,LN000020,2025-11-09,2025-11-09,744.23,555.56,188.67,0.0,successful
REPAY_LN000020_11,LN000020,2025-12-09,2025-12-09,744.23,555.56,188.67,0.0,successful
REPAY_LN000020_12,LN000020,2026-01-09,2026-01-09,744.23,555.56,188.67,0.0,successful
REPAY_LN000020_13,LN000020,2026-02-07,2026-02-07,744.23,555.56,188.67,0.0,successful
REPAY_LN000020_14,LN000020,2026-03-08,2026-03-08,744.23,555.56,188.67,0.0,successful
REPAY_LN000020_15,LN000020,2026-04-07,2026-04-07,744.23,555.56,188.67,0.0,successful
REPAY_LN000021_01,LN000021,2025-02-08,2025-02-08,3047.5,2500.0,547.5,0.0,successful
REPAY_LN000021_02,LN000021,2025-03-07,2025-03-07,3047.5,2500.0,547.5,0.0,successful
REPAY_LN000021_03,LN000021,2025-04-08,2025-04-08,3047.5,2500.0,547.5,0.0,successful
REPAY_LN000021_04,LN000021,2025-05-07,2025-05-07,3047.5,2500.0,547.5,0.0,successful
REPAY_LN000021_05,LN000021,2025-06-09,2025-06-09,3047.5,2500.0,547.5,0.0,successful
REPAY_LN000021_06,LN000021,2025-07-07,2025-07-07,3047.5,2500.0,547.5,0.0,successful
REPAY_LN000021_07,LN000021,2025-08-07,2025-08-07,3047.5,2500.0,547.5,0.0,successful
REPAY_LN000021_08,LN000021,2025-09-09,2025-09-09,3047.5,2500.0,547.5,0.0,successful
REPAY_LN000021_09,LN000021,2025-10-09,2025-10-09,3047.5,2500.0,547.5,0.0,successful
REPAY_LN000021_10,LN000021,2025-11-08,2025-11-08,3047.5,2500.0,547.5,0.0,successful
REPAY_LN000021_11,LN000021,2025-12-08,2025-12-08,3047.5,2500.0,547.5,0.0,successful
REPAY_LN000021_12,LN000021,2026-01-08,2026-01-08,3047.5,2500.0,547.5,0.0,successful
REPAY_LN000022_01,LN000022,2025-02-07,2025-02-07,875.41,833.33,42.08,0.0,successful
REPAY_LN000022_02,LN000022,2025-03-08,2025-03-08,875.41,833.33,42.08,0.0,successful
REPAY_LN000022_03,LN000022,2025-04-07,2025-04-07,875.41,833.33,42.08,0.0,successful
REPAY_LN000022_04,LN000022,2025-05-07,2025-05-07,875.41,833.33,42.08,0.0,successful
REPAY_LN000022_05,LN000022,2025-06-08,2025-06-08,875.41,833.33,42.08,0.0,successful
REPAY_LN000022_06,LN000022,2025-07-08,2025-07-08,875.43,833.35,42.08,0.0,successful
REPAY_LN000023_01,LN000023,2025-02-08,2025-02-08,1916.67,1666.67,250.0,0.0,successful
REPAY_LN000023_02,LN000023,2025-03-10,2025-03-10,1916.67,1666.67,250.0,0.0,successful
REPAY_LN000023_03,LN000023,2025-04-10,2025-04-10,1916.67,1666.67,250.0,0.0,successful
REPAY_LN000023_04,LN000023,2025-05-08,2025-05-08,1916.67,1666.67,250.0,0.0,successful
REPAY_LN000023_05,LN000023,2025-06-09,2025-06-09,1916.67,1666.67,250.0,0.0,successful
REPAY_LN000023_06,LN000023,2025-07-08,2025-07-08,1916.67,1666.67,250.0,0.0,successful
REPAY_LN000023_07,LN000023,2025-08-08,2025-08-08,1916.67,1666.67,250.0,0.0,successful
REPAY_LN000023_08,LN000023,2025-09-09,2025-09-09,1916.67,1666.67,250.0,0.0,successful
REPAY_LN000023_09,LN000023,2025-10-10,2025-10-10,1916.67,1666.67,250.0,0.0,successful
REPAY_LN000023_10,LN000023,2025-11-08,2025-11-08,1916.67,1666.67,250.0,0.0,successful
REPAY_LN000023_11,LN000023,2025-12-10,2025-12-10,1916.67,1666.67,250.0,0.0,successful
REPAY_LN000023_12,LN000023,2026-01-10,2026-01-10,1916.67,1666.67,250.0,0.0,successful
REPAY_LN000023_13,LN000023,2026-02-09,2026-02-09,1916.67,1666.67,250.0,0.0,successful
REPAY_LN000023_14,LN000023,2026-03-08,2026-03-08,1916.67,1666.67,250.0,0.0,successful
REPAY_LN000023_15,LN000023,2026-04-08,2026-04-08,1916.67,1666.67,250.0,0.0,successful
REPAY_LN000024_01,LN000024,2025-02-10,2025-02-10,5248.5,5000.0,248.5,0.0,successful
REPAY_LN000024_02,LN000024,2025-03-09,2025-03-09,5248.5,5000.0,248.5,0.0,successful
REPAY_LN000024_03_FAIL,LN000024,2025-04-12,2025-04-12,5248.5,5000.0,248.5,0.0,failed
REPAY_LN000024_04_FAIL,LN000024,2025-05-12,2025-05-12,5248.5,5000.0,248.5,0.0,failed
REPAY_LN000025_01,LN000025,2025-02-10,2025-02-10,1380.5,1250.0,130.5,0.0,successful
REPAY_LN000025_02,LN000025,2025-03-09,2025-03-09,1380.5,1250.0,130.5,0.0,successful
REPAY_LN000025_03,LN000025,2025-04-08,2025-04-08,1380.5,1250.0,130.5,0.0,successful
REPAY_LN000025_04,LN000025,2025-05-09,2025-05-09,1380.5,1250.0,130.5,0.0,successful
REPAY_LN000025_05,LN000025,2025-06-10,2025-06-10,1380.5,1250.0,130.5,0.0,successful
REPAY_LN000025_06,LN000025,2025-07-08,2025-07-08,1380.5,1250.0,130.5,0.0,successful
REPAY_LN000025_07,LN000025,2025-08-09,2025-08-09,1380.5,1250.0,130.5,0.0,successful
REPAY_LN000025_08,LN000025,2025-09-08,2025-09-08,1380.5,1250.0,130.5,0.0,successful
REPAY_LN000025_09,LN000025,2025-10-09,2025-10-09,1380.5,1250.0,130.5,0.0,successful
REPAY_LN000025_10,LN000025,2025-11-10,2025-11-10,1380.5,1250.0,130.5,0.0,successful
REPAY_LN000025_11,LN000025,2025-12-10,2025-12-10,1380.5,1250.0,130.5,0.0,successful
REPAY_LN000025_12,LN000025,2026-01-08,2026-01-08,1380.5,1250.0,130.5,0.0,successful
REPAY_LN000026_01,LN000026,2025-02-09,2025-02-09,306.58,208.33,98.25,0.0,successful
REPAY_LN000026_02,LN000026,2025-03-09,2025-03-09,306.58,208.33,98.25,0.0,successful
REPAY_LN000026_03,LN000026,2025-04-10,2025-04-10,306.58,208.33,98.25,0.0,successful
REPAY_LN000026_04,LN000026,2025-05-11,2025-05-11,306.58,208.33,98.25,0.0,successful
REPAY_LN000026_05,LN000026,2025-06-09,2025-06-09,306.58,208.33,98.25,0.0,successful
REPAY_LN000026_06,LN000026,2025-07-09,2025-07-09,306.58,208.33,98.25,0.0,successful
REPAY_LN000026_07,LN000026,2025-08-09,2025-08-09,306.58,208.33,98.25,0.0,successful
REPAY_LN000026_08,LN000026,2025-09-10,2025-09-10,306.58,208.33,98.25,0.0,successful
REPAY_LN000026_09,LN000026,2025-10-09,2025-10-09,306.58,208.33,98.25,0.0,successful
REPAY_LN000026_10,LN000026,2025-11-09,2025-11-09,306.58,208.33,98.25,0.0,successful
REPAY_LN000026_11,LN000026,2025-12-10,2025-12-10,306.58,208.33,98.25,0.0,successful
REPAY_LN000026_12,LN000026,2026-01-10,2026-01-10,306.58,208.33,98.25,0.0,successful
REPAY_LN000026_13,LN000026,2026-02-09,2026-02-09,306.58,208.33,98.25,0.0,successful
REPAY_LN000026_14,LN000026,2026-03-09,2026-03-09,306.58,208.33,98.25,0.0,successful
REPAY_LN000026_15,LN000026,2026-04-10,2026-04-10,306.58,208.33,98.25,0.0,successful
REPAY_LN000027_01,LN000027,2025-02-11,2025-02-11,1465.25,1250.0,215.25,0.0,successful
REPAY_LN000027_02,LN000027,2025-03-10,2025-03-10,1465.25,1250.0,215.25,0.0,successful
REPAY_LN000027_03,LN000027,2025-04-11,2025-04-11,1465.25,1250.0,215.25,0.0,successful
REPAY_LN000027_04,LN000027,2025-05-09,2025-05-09,1465.25,1250.0,215.25,0.0,successful
REPAY_LN000027_05,LN000027,2025-06-09,2025-06-09,1465.25,1250.0,215.25,0.0,successful
REPAY_LN000027_06,LN000027,2025-07-11,2025-07-11,1465.25,1250.0,215.25,0.0,successful
REPAY_LN000027_07,LN000027,2025-08-10,2025-08-10,1465.25,1250.0,215.25,0.0,successful
REPAY_LN000027_08,LN000027,2025-09-09,2025-09-09,1465.25,1250.0,215.25,0.0,successful
REPAY_LN000027_09,LN000027,2025-10-11,2025-10-11,1465.25,1250.0,215.25,0.0,successful
REPAY_LN000027_10,LN000027,2025-11-10,2025-11-10,1465.25,1250.0,215.25,0.0,successful
REPAY_LN000027_11,LN000027,2025-12-11,2025-12-11,1465.25,1250.0,215.25,0.0,successful
REPAY_LN000027_12,LN000027,2026-01-10,2026-01-10,1465.25,1250.0,215.25,0.0,successful
REPAY_LN000027_13,LN000027,2026-02-10,2026-02-10,1465.25,1250.0,215.25,0.0,successful
REPAY_LN000027_14,LN000027,2026-03-10,2026-03-10,1465.25,1250.0,215.25,0.0,successful
REPAY_LN000027_15,LN000027,2026-04-10,2026-04-10,1465.25,1250.0,215.25,0.0,successful
REPAY_LN000028_01,LN000028,2025-02-12,2025-02-12,1772.09,1666.67,105.42,0.0,successful
REPAY_LN000028_02,LN000028,2025-03-12,2025-03-12,1772.09,1666.67,105.42,0.0,successful
REPAY_LN000028_03,LN000028,2025-04-12,2025-04-12,1772.09,1666.67,105.42,0.0,successful
REPAY_LN000028_04,LN000028,2025-05-12,2025-05-12,1772.09,1666.67,105.42,0.0,successful
REPAY_LN000028_05,LN000028,2025-06-12,2025-06-12,1772.09,1666.67,105.42,0.0,successful
REPAY_LN000028_06,LN000028,2025-07-11,2025-07-11,1772.07,1666.65,105.42,0.0,successful
REPAY_LN000029_01,LN000029,2025-02-10,2025-02-10,1839.17,1666.67,172.5,0.0,successful
REPAY_LN000029_02,LN000029,2025-03-10,2025-03-10,1839.17,1666.67,172.5,0.0,successful
REPAY_LN000029_03,LN000029,2025-04-12,2025-04-12,1839.17,1666.67,172.5,0.0,successful
REPAY_LN000029_04,LN000029,2025-05-12,2025-05-12,1839.17,1666.67,172.5,0.0,successful
REPAY_LN000029_05,LN000029,2025-06-10,2025-06-10,1839.17,1666.67,172.5,0.0,successful
REPAY_LN000029_06,LN000029,2025-07-11,2025-07-11,1839.15,1666.65,172.5,0.0,successful
REPAY_LN000030_01,LN000030,2025-02-11,2025-02-11,1190.83,833.33,357.5,0.0,successful
REPAY_LN000030_02,LN000030,2025-03-10,2025-03-10,1190.83,833.33,357.5,0.0,successful
REPAY_LN000030_03,LN000030,2025-04-10,2025-04-10,1190.83,833.33,357.5,0.0,successful
REPAY_LN000030_04,LN000030,2025-05-12,2025-05-12,1190.83,833.33,357.5,0.0,successful
REPAY_LN000030_05,LN000030,2025-06-11,2025-06-11,1190.83,833.33,357.5,0.0,successful
REPAY_LN000030_06,LN000030,2025-07-12,2025-07-12,1190.83,833.33,357.5,0.0,successful
REPAY_LN000030_07,LN000030,2025-08-10,2025-08-10,1190.83,833.33,357.5,0.0,successful
REPAY_LN000030_08_FAIL,LN000030,2025-09-12,2025-09-12,1190.83,833.33,357.5,0.0,failed
REPAY_LN000030_09_FAIL,LN000030,2025-10-14,2025-10-14,1190.83,833.33,357.5,0.0,failed
REPAY_LN000031_01,LN000031,2025-02-13,2025-02-13,845.12,625.0,220.12,0.0,successful
REPAY_LN000031_02,LN000031,2025-03-13,2025-03-13,845.12,625.0,220.12,0.0,successful
REPAY_LN000031_03,LN000031,2025-04-13,2025-04-13,845.12,625.0,220.12,0.0,successful
REPAY_LN000031_04,LN000031,2025-05-11,2025-05-11,845.12,625.0,220.12,0.0,successful
REPAY_LN000031_05,LN000031,2025-06-13,2025-06-13,845.12,625.0,220.12,0.0,successful
REPAY_LN000031_06,LN000031,2025-07-12,2025-07-12,845.12,625.0,220.12,0.0,successful
REPAY_LN000031_07,LN000031,2025-08-13,2025-08-13,845.12,625.0,220.12,0.0,successful
REPAY_LN000031_08,LN000031,2025-09-11,2025-09-11,845.12,625.0,220.12,0.0,successful
REPAY_LN000031_09,LN000031,2025-10-13,2025-10-13,845.12,625.0,220.12,0.0,successful
REPAY_LN000031_10,LN000031,2025-11-11,2025-11-11,845.12,625.0,220.12,0.0,successful
REPAY_LN000031_11,LN000031,2025-12-11,2025-12-11,845.12,625.0,220.12,0.0,successful
REPAY_LN000031_12,LN000031,2026-01-12,2026-01-12,845.12,625.0,220.12,0.0,successful
REPAY_LN000031_13,LN000031,2026-02-12,2026-02-12,845.12,625.0,220.12,0.0,successful
REPAY_LN000031_14,LN000031,2026-03-13,2026-03-13,845.12,625.0,220.12,0.0,successful
REPAY_LN000031_15,LN000031,2026-04-11,2026-04-11,845.12,625.0,220.12,0.0,successful
REPAY_LN000032_01,LN000032,2025-02-12,2025-02-12,584.97,444.44,140.53,0.0,successful
REPAY_LN000032_02,LN000032,2025-03-13,2025-03-13,584.97,444.44,140.53,0.0,successful
REPAY_LN000032_03,LN000032,2025-04-11,2025-04-11,584.97,444.44,140.53,0.0,successful
REPAY_LN000032_04,LN000032,2025-05-12,2025-05-12,584.97,444.44,140.53,0.0,successful
REPAY_LN000032_05,LN000032,2025-06-13,2025-06-13,584.97,444.44,140.53,0.0,successful
REPAY_LN000032_06,LN000032,2025-07-11,2025-07-11,584.97,444.44,140.53,0.0,successful
REPAY_LN000032_07_FAIL,LN000032,2025-08-12,2025-08-12,584.97,444.44,140.53,0.0,failed
REPAY_LN000032_08_FAIL,LN000032,2025-09-13,2025-09-13,584.97,444.44,140.53,0.0,failed
REPAY_LN000033_01,LN000033,2025-02-13,2025-02-13,1713.0,1250.0,463.0,0.0,successful
REPAY_LN000033_02,LN000033,2025-03-12,2025-03-12,1713.0,1250.0,463.0,0.0,successful
REPAY_LN000033_03,LN000033,2025-04-13,2025-04-13,1713.0,1250.0,463.0,0.0,successful
REPAY_LN000033_04,LN000033,2025-05-11,2025-05-11,1713.0,1250.0,463.0,0.0,successful
REPAY_LN000033_05,LN000033,2025-06-13,2025-06-13,1713.0,1250.0,463.0,0.0,successful
REPAY_LN000033_06,LN000033,2025-07-13,2025-07-13,1713.0,1250.0,463.0,0.0,successful
REPAY_LN000033_07,LN000033,2025-08-13,2025-08-13,1713.0,1250.0,463.0,0.0,successful
REPAY_LN000033_08,LN000033,2025-09-13,2025-09-13,1713.0,1250.0,463.0,0.0,successful
REPAY_LN000033_09,LN000033,2025-10-13,2025-10-13,1713.0,1250.0,463.0,0.0,successful
REPAY_LN000033_10,LN000033,2025-11-12,2025-11-12,1713.0,1250.0,463.0,0.0,successful
REPAY_LN000033_11,LN000033,2025-12-13,2025-12-13,1713.0,1250.0,463.0,0.0,successful
REPAY_LN000033_12,LN000033,2026-01-13,2026-01-13,1713.0,1250.0,463.0,0.0,successful
REPAY_LN000033_13,LN000033,2026-02-11,2026-02-11,1713.0,1250.0,463.0,0.0,successful
REPAY_LN000033_14,LN000033,2026-03-13,2026-03-13,1713.0,1250.0,463.0,0.0,successful
REPAY_LN000033_15,LN000033,2026-04-11,2026-04-11,1713.0,1250.0,463.0,0.0,successful
REPAY_LN000034_01,LN000034,2025-02-13,2025-02-13,492.86,333.33,159.53,0.0,successful
REPAY_LN000034_02,LN000034,2025-03-13,2025-03-13,492.86,333.33,159.53,0.0,successful
REPAY_LN000034_03,LN000034,2025-04-14,2025-04-14,492.86,333.33,159.53,0.0,successful
REPAY_LN000034_04,LN000034,2025-05-13,2025-05-13,492.86,333.33,159.53,0.0,successful
REPAY_LN000034_05,LN000034,2025-06-14,2025-06-14,492.86,333.33,159.53,0.0,successful
REPAY_LN000034_06,LN000034,2025-07-13,2025-07-13,492.86,333.33,159.53,0.0,successful
REPAY_LN000034_07,LN000034,2025-08-14,2025-08-14,492.86,333.33,159.53,0.0,successful
REPAY_LN000034_08,LN000034,2025-09-14,2025-09-14,492.86,333.33,159.53,0.0,successful
REPAY_LN000034_09,LN000034,2025-10-12,2025-10-12,492.86,333.33,159.53,0.0,successful
REPAY_LN000034_10,LN000034,2025-11-12,2025-11-12,492.86,333.33,159.53,0.0,successful
REPAY_LN000034_11,LN000034,2025-12-12,2025-12-12,492.86,333.33,159.53,0.0,successful
REPAY_LN000034_12,LN000034,2026-01-12,2026-01-12,492.86,333.33,159.53,0.0,successful
REPAY_LN000034_13,LN000034,2026-02-14,2026-02-14,492.86,333.33,159.53,0.0,successful
REPAY_LN000034_14,LN000034,2026-03-13,2026-03-13,492.86,333.33,159.53,0.0,successful
REPAY_LN000034_15,LN000034,2026-04-14,2026-04-14,492.86,333.33,159.53,0.0,successful
REPAY_LN000035_01,LN000035,2025-02-12,2025-02-12,328.99,277.78,51.21,0.0,successful
REPAY_LN000035_02,LN000035,2025-03-12,2025-03-12,328.99,277.78,51.21,0.0,successful
REPAY_LN000035_03,LN000035,2025-04-13,2025-04-13,328.99,277.78,51.21,0.0,successful
REPAY_LN000035_04,LN000035,2025-05-12,2025-05-12,328.99,277.78,51.21,0.0,successful
REPAY_LN000035_05,LN000035,2025-06-14,2025-06-14,328.99,277.78,51.21,0.0,successful
REPAY_LN000035_06,LN000035,2025-07-14,2025-07-14,328.99,277.78,51.21,0.0,successful
REPAY_LN000035_07,LN000035,2025-08-14,2025-08-14,328.99,277.78,51.21,0.0,successful
REPAY_LN000035_08,LN000035,2025-09-14,2025-09-14,328.99,277.78,51.21,0.0,successful
REPAY_LN000035_09,LN000035,2025-10-14,2025-10-14,328.99,277.78,51.21,0.0,successful
REPAY_LN000035_10,LN000035,2025-11-13,2025-11-13,328.99,277.78,51.21,0.0,successful
REPAY_LN000035_11,LN000035,2025-12-14,2025-12-14,328.99,277.78,51.21,0.0,successful
REPAY_LN000035_12,LN000035,2026-01-12,2026-01-12,328.99,277.78,51.21,0.0,successful
REPAY_LN000035_13,LN000035,2026-02-12,2026-02-12,328.99,277.78,51.21,0.0,successful
REPAY_LN000035_14,LN000035,2026-03-12,2026-03-12,328.99,277.78,51.21,0.0,successful
REPAY_LN000035_15,LN000035,2026-04-12,2026-04-12,328.99,277.78,51.21,0.0,successful
REPAY_LN000036_01,LN000036,2025-02-13,2025-02-13,718.88,625.0,93.88,0.0,successful
REPAY_LN000036_02,LN000036,2025-03-12,2025-03-12,718.88,625.0,93.88,0.0,successful
REPAY_LN000036_03,LN000036,2025-04-13,2025-04-13,718.88,625.0,93.88,0.0,successful
REPAY_LN000036_04,LN000036,2025-05-13,2025-05-13,718.88,625.0,93.88,0.0,successful
REPAY_LN000036_05,LN000036,2025-06-13,2025-06-13,718.88,625.0,93.88,0.0,successful
REPAY_LN000036_06,LN000036,2025-07-12,2025-07-12,718.88,625.0,93.88,0.0,successful
REPAY_LN000036_07_FAIL,LN000036,2025-08-16,2025-08-16,718.88,625.0,93.88,0.0,failed
REPAY_LN000036_08_FAIL,LN000036,2025-09-14,2025-09-14,718.88,625.0,93.88,0.0,failed
REPAY_LN000037_01,LN000037,2025-02-15,2025-02-15,442.05,416.67,25.38,0.0,successful
REPAY_LN000037_02,LN000037,2025-03-15,2025-03-15,442.05,416.67,25.38,0.0,successful
REPAY_LN000037_03,LN000037,2025-04-13,2025-04-13,442.05,416.67,25.38,0.0,successful
REPAY_LN000037_04,LN000037,2025-05-15,2025-05-15,442.05,416.67,25.38,0.0,successful
REPAY_LN000037_05,LN000037,2025-06-15,2025-06-15,442.05,416.67,25.38,0.0,successful
REPAY_LN000037_06,LN000037,2025-07-15,2025-07-15,442.05,416.67,25.38,0.0,successful
REPAY_LN000037_07,LN000037,2025-08-13,2025-08-13,442.05,416.67,25.38,0.0,successful
REPAY_LN000037_08,LN000037,2025-09-13,2025-09-13,442.05,416.67,25.38,0.0,successful
REPAY_LN000037_09,LN000037,2025-10-15,2025-10-15,442.05,416.67,25.38,0.0,successful
REPAY_LN000037_10,LN000037,2025-11-13,2025-11-13,442.05,416.67,25.38,0.0,successful
REPAY_LN000037_11,LN000037,2025-12-14,2025-12-14,442.05,416.67,25.38,0.0,successful
REPAY_LN000037_12,LN000037,2026-01-15,2026-01-15,442.01,416.63,25.38,0.0,successful
REPAY_LN000038_01,LN000038,2025-02-13,2025-02-13,246.54,208.33,38.21,0.0,successful
REPAY_LN000038_02,LN000038,2025-03-13,2025-03-13,246.54,208.33,38.21,0.0,successful
REPAY_LN000038_03,LN000038,2025-04-15,2025-04-15,246.54,208.33,38.21,0.0,successful
REPAY_LN000038_04,LN000038,2025-05-13,2025-05-13,246.54,208.33,38.21,0.0,successful
REPAY_LN000038_05,LN000038,2025-06-15,2025-06-15,246.54,208.33,38.21,0.0,successful
REPAY_LN000038_06,LN000038,2025-07-13,2025-07-13,246.54,208.33,38.21,0.0,successful
REPAY_LN000038_07,LN000038,2025-08-14,2025-08-14,246.54,208.33,38.21,0.0,successful
REPAY_LN000038_08,LN000038,2025-09-15,2025-09-15,246.54,208.33,38.21,0.0,successful
REPAY_LN000038_09,LN000038,2025-10-14,2025-10-14,246.54,208.33,38.21,0.0,successful
REPAY_LN000038_10,LN000038,2025-11-15,2025-11-15,246.54,208.33,38.21,0.0,successful
REPAY_LN000038_11,LN000038,2025-12-13,2025-12-13,246.54,208.33,38.21,0.0,successful
REPAY_LN000038_12,LN000038,2026-01-14,2026-01-14,246.54,208.33,38.21,0.0,successful
REPAY_LN000038_13,LN000038,2026-02-13,2026-02-13,246.54,208.33,38.21,0.0,successful
REPAY_LN000038_14,LN000038,2026-03-15,2026-03-15,246.54,208.33,38.21,0.0,successful
REPAY_LN000038_15,LN000038,2026-04-15,2026-04-15,246.54,208.33,38.21,0.0,successful
REPAY_LN000039_01,LN000039,2025-02-16,2025-02-16,1815.34,1666.67,148.67,0.0,successful
REPAY_LN000039_02,LN000039,2025-03-16,2025-03-16,1815.34,1666.67,148.67,0.0,successful
REPAY_LN000039_03,LN000039,2025-04-16,2025-04-16,1815.34,1666.67,148.67,0.0,successful
REPAY_LN000039_04,LN000039,2025-05-15,2025-05-15,1815.34,1666.67,148.67,0.0,successful
REPAY_LN000039_05,LN000039,2025-06-16,2025-06-16,1815.34,1666.67,148.67,0.0,successful
REPAY_LN000039_06,LN000039,2025-07-14,2025-07-14,1815.32,1666.65,148.67,0.0,successful
REPAY_LN000040_01,LN000040,2025-02-15,2025-02-15,1093.08,833.33,259.75,0.0,successful
REPAY_LN000040_02,LN000040,2025-03-14,2025-03-14,1093.08,833.33,259.75,0.0,successful
REPAY_LN000040_03,LN000040,2025-04-16,2025-04-16,1093.08,833.33,259.75,0.0,successful
REPAY_LN000040_04,LN000040,2025-05-14,2025-05-14,1093.08,833.33,259.75,0.0,successful
REPAY_LN000040_05,LN000040,2025-06-15,2025-06-15,1093.08,833.33,259.75,0.0,successful
REPAY_LN000040_06,LN000040,2025-07-15,2025-07-15,1093.08,833.33,259.75,0.0,successful
REPAY_LN000040_07,LN000040,2025-08-15,2025-08-15,1093.08,833.33,259.75,0.0,successful
REPAY_LN000040_08,LN000040,2025-09-14,2025-09-14,1093.08,833.33,259.75,0.0,successful
REPAY_LN000040_09,LN000040,2025-10-15,2025-10-15,1093.08,833.33,259.75,0.0,successful
REPAY_LN000040_10,LN000040,2025-11-14,2025-11-14,1093.08,833.33,259.75,0.0,successful
REPAY_LN000040_11,LN000040,2025-12-16,2025-12-16,1093.08,833.33,259.75,0.0,successful
REPAY_LN000040_12,LN000040,2026-01-16,2026-01-16,1093.08,833.33,259.75,0.0,successful
REPAY_LN000040_13,LN000040,2026-02-14,2026-02-14,1093.08,833.33,259.75,0.0,successful
REPAY_LN000040_14,LN000040,2026-03-15,2026-03-15,1093.08,833.33,259.75,0.0,successful
REPAY_LN000040_15,LN000040,2026-04-14,2026-04-14,1093.08,833.33,259.75,0.0,successful
REPAY_LN000041_01,LN000041,2025-02-14,2025-02-14,1415.33,1333.33,82.0,0.0,successful
REPAY_LN000041_02,LN000041,2025-03-14,2025-03-14,1415.33,1333.33,82.0,0.0,successful
REPAY_LN000041_03,LN000041,2025-04-16,2025-04-16,1415.33,1333.33,82.0,0.0,successful
REPAY_LN000041_04,LN000041,2025-05-14,2025-05-14,1415.33,1333.33,82.0,0.0,successful
REPAY_LN000041_05,LN000041,2025-06-16,2025-06-16,1415.33,1333.33,82.0,0.0,successful
REPAY_LN000041_06,LN000041,2025-07-14,2025-07-14,1415.35,1333.35,82.0,0.0,successful
REPAY_LN000042_01,LN000042,2025-02-17,2025-02-17,1802.5,1666.67,135.83,0.0,successful
REPAY_LN000042_02,LN000042,2025-03-15,2025-03-15,1802.5,1666.67,135.83,0.0,successful
REPAY_LN000042_03,LN000042,2025-04-15,2025-04-15,1802.5,1666.67,135.83,0.0,successful
REPAY_LN000042_04,LN000042,2025-05-16,2025-05-16,1802.5,1666.67,135.83,0.0,successful
REPAY_LN000042_05,LN000042,2025-06-16,2025-06-16,1802.5,1666.67,135.83,0.0,successful
REPAY_LN000042_06,LN000042,2025-07-15,2025-07-15,1802.48,1666.65,135.83,0.0,successful
REPAY_LN000043_01,LN000043,2025-02-15,2025-02-15,2228.42,1666.67,561.75,0.0,successful
REPAY_LN000043_02,LN000043,2025-03-15,2025-03-15,2228.42,1666.67,561.75,0.0,successful
REPAY_LN000043_03,LN000043,2025-04-15,2025-04-15,2228.42,1666.67,561.75,0.0,successful
REPAY_LN000043_04,LN000043,2025-05-16,2025-05-16,2228.42,1666.67,561.75,0.0,successful
REPAY_LN000043_05,LN000043,2025-06-17,2025-06-17,2228.42,1666.67,561.75,0.0,successful
REPAY_LN000043_06,LN000043,2025-07-15,2025-07-15,2228.42,1666.67,561.75,0.0,successful
REPAY_LN000043_07,LN000043,2025-08-16,2025-08-16,2228.42,1666.67,561.75,0.0,successful
REPAY_LN000043_08,LN000043,2025-09-15,2025-09-15,2228.42,1666.67,561.75,0.0,successful
REPAY_LN000043_09,LN000043,2025-10-15,2025-10-15,2228.42,1666.67,561.75,0.0,successful
REPAY_LN000043_10,LN000043,2025-11-17,2025-11-17,2228.42,1666.67,561.75,0.0,successful
REPAY_LN000043_11,LN000043,2025-12-15,2025-12-15,2228.42,1666.67,561.75,0.0,successful
REPAY_LN000043_12,LN000043,2026-01-15,2026-01-15,2228.42,1666.67,561.75,0.0,successful
REPAY_LN000043_13,LN000043,2026-02-17,2026-02-17,2228.42,1666.67,561.75,0.0,successful
REPAY_LN000043_14,LN000043,2026-03-17,2026-03-17,2228.42,1666.67,561.75,0.0,successful
REPAY_LN000043_15,LN000043,2026-04-17,2026-04-17,2228.42,1666.67,561.75,0.0,successful
REPAY_LN000044_01,LN000044,2025-02-16,2025-02-16,344.24,277.78,66.46,0.0,successful
REPAY_LN000044_02,LN000044,2025-03-16,2025-03-16,344.24,277.78,66.46,0.0,successful
REPAY_LN000044_03,LN000044,2025-04-15,2025-04-15,344.24,277.78,66.46,0.0,successful
REPAY_LN000044_04,LN000044,2025-05-17,2025-05-17,344.24,277.78,66.46,0.0,successful
REPAY_LN000044_05,LN000044,2025-06-17,2025-06-17,344.24,277.78,66.46,0.0,successful
REPAY_LN000044_06_FAIL,LN000044,2025-07-17,2025-07-17,344.24,277.78,66.46,0.0,failed
REPAY_LN000044_07_FAIL,LN000044,2025-08-16,2025-08-16,344.24,277.78,66.46,0.0,failed
REPAY_LN000045_01,LN000045,2025-02-15,2025-02-15,3490.66,3333.33,157.33,0.0,successful
REPAY_LN000045_02,LN000045,2025-03-15,2025-03-15,3490.66,3333.33,157.33,0.0,successful
REPAY_LN000045_03,LN000045,2025-04-16,2025-04-16,3490.66,3333.33,157.33,0.0,successful
REPAY_LN000045_04,LN000045,2025-05-15,2025-05-15,3490.66,3333.33,157.33,0.0,successful
REPAY_LN000045_05,LN000045,2025-06-15,2025-06-15,3490.66,3333.33,157.33,0.0,successful
REPAY_LN000045_06,LN000045,2025-07-15,2025-07-15,3490.68,3333.35,157.33,0.0,successful
REPAY_LN000046_01,LN000046,2025-02-18,2025-02-18,2963.25,2500.0,463.25,0.0,successful
REPAY_LN000046_02,LN000046,2025-03-17,2025-03-17,2963.25,2500.0,463.25,0.0,successful
REPAY_LN000046_03,LN000046,2025-04-18,2025-04-18,2963.25,2500.0,463.25,0.0,successful
REPAY_LN000046_04,LN000046,2025-05-18,2025-05-18,2963.25,2500.0,463.25,0.0,successful
REPAY_LN000046_05,LN000046,2025-06-17,2025-06-17,2963.25,2500.0,463.25,0.0,successful
REPAY_LN000046_06,LN000046,2025-07-18,2025-07-18,2963.25,2500.0,463.25,0.0,successful
REPAY_LN000046_07,LN000046,2025-08-16,2025-08-16,2963.25,2500.0,463.25,0.0,successful
REPAY_LN000046_08,LN000046,2025-09-16,2025-09-16,2963.25,2500.0,463.25,0.0,successful
REPAY_LN000046_09,LN000046,2025-10-16,2025-10-16,2963.25,2500.0,463.25,0.0,successful
REPAY_LN000046_10,LN000046,2025-11-16,2025-11-16,2963.25,2500.0,463.25,0.0,successful
REPAY_LN000046_11,LN000046,2025-12-17,2025-12-17,2963.25,2500.0,463.25,0.0,successful
REPAY_LN000046_12,LN000046,2026-01-18,2026-01-18,2963.25,2500.0,463.25,0.0,successful
REPAY_LN000047_01,LN000047,2025-02-18,2025-02-18,1462.2,1333.33,128.87,0.0,successful
REPAY_LN000047_02,LN000047,2025-03-16,2025-03-16,1462.2,1333.33,128.87,0.0,successful
REPAY_LN000047_03,LN000047,2025-04-16,2025-04-16,1462.2,1333.33,128.87,0.0,successful
REPAY_LN000047_04,LN000047,2025-05-18,2025-05-18,1462.2,1333.33,128.87,0.0,successful
REPAY_LN000047_05,LN000047,2025-06-17,2025-06-17,1462.2,1333.33,128.87,0.0,successful
REPAY_LN000047_06,LN000047,2025-07-18,2025-07-18,1462.22,1333.35,128.87,0.0,successful
REPAY_LN000048_01,LN000048,2025-02-16,2025-02-16,1855.67,1666.67,189.0,0.0,successful
REPAY_LN000048_02,LN000048,2025-03-16,2025-03-16,1855.67,1666.67,189.0,0.0,successful
REPAY_LN000048_03,LN000048,2025-04-17,2025-04-17,1855.67,1666.67,189.0,0.0,successful
REPAY_LN000048_04,LN000048,2025-05-18,2025-05-18,1855.67,1666.67,189.0,0.0,successful
REPAY_LN000048_05,LN000048,2025-06-17,2025-06-17,1855.67,1666.67,189.0,0.0,successful
REPAY_LN000048_06,LN000048,2025-07-17,2025-07-17,1855.67,1666.67,189.0,0.0,successful
REPAY_LN000048_07,LN000048,2025-08-16,2025-08-16,1855.67,1666.67,189.0,0.0,successful
REPAY_LN000048_08,LN000048,2025-09-18,2025-09-18,1855.67,1666.67,189.0,0.0,successful
REPAY_LN000048_09,LN000048,2025-10-16,2025-10-16,1855.67,1666.67,189.0,0.0,successful
REPAY_LN000048_10,LN000048,2025-11-18,2025-11-18,1855.67,1666.67,189.0,0.0,successful
REPAY_LN000048_11,LN000048,2025-12-16,2025-12-16,1855.67,1666.67,189.0,0.0,successful
REPAY_LN000048_12,LN000048,2026-01-16,2026-01-16,1855.63,1666.63,189.0,0.0,successful
REPAY_LN000049_01,LN000049,2025-02-19,2025-02-19,373.93,333.33,40.6,0.0,successful
REPAY_LN000049_02,LN000049,2025-03-19,2025-03-19,373.93,333.33,40.6,0.0,successful
REPAY_LN000049_03,LN000049,2025-04-17,2025-04-17,373.93,333.33,40.6,0.0,successful
REPAY_LN000049_04,LN000049,2025-05-19,2025-05-19,373.93,333.33,40.6,0.0,successful
REPAY_LN000049_05,LN000049,2025-06-17,2025-06-17,373.93,333.33,40.6,0.0,successful
REPAY_LN000049_06,LN000049,2025-07-19,2025-07-19,373.93,333.33,40.6,0.0,successful
REPAY_LN000049_07,LN000049,2025-08-17,2025-08-17,373.93,333.33,40.6,0.0,successful
REPAY_LN000049_08,LN000049,2025-09-17,2025-09-17,373.93,333.33,40.6,0.0,successful
REPAY_LN000049_09,LN000049,2025-10-17,2025-10-17,373.93,333.33,40.6,0.0,successful
REPAY_LN000049_10,LN000049,2025-11-18,2025-11-18,373.93,333.33,40.6,0.0,successful
REPAY_LN000049_11,LN000049,2025-12-19,2025-12-19,373.93,333.33,40.6,0.0,successful
REPAY_LN000049_12,LN000049,2026-01-17,2026-01-17,373.93,333.33,40.6,0.0,successful
REPAY_LN000049_13,LN000049,2026-02-18,2026-02-18,373.93,333.33,40.6,0.0,successful
REPAY_LN000049_14,LN000049,2026-03-17,2026-03-17,373.93,333.33,40.6,0.0,successful
REPAY_LN000049_15,LN000049,2026-04-18,2026-04-18,373.93,333.33,40.6,0.0,successful
REPAY_LN000050_01,LN000050,2025-02-17,2025-02-17,1800.5,1250.0,550.5,0.0,successful
REPAY_LN000050_02,LN000050,2025-03-17,2025-03-17,1800.5,1250.0,550.5,0.0,successful
REPAY_LN000050_03,LN000050,2025-04-18,2025-04-18,1800.5,1250.0,550.5,0.0,successful
REPAY_LN000050_04,LN000050,2025-05-18,2025-05-18,1800.5,1250.0,550.5,0.0,successful
REPAY_LN000050_05,LN000050,2025-06-19,2025-06-19,1800.5,1250.0,550.5,0.0,successful
REPAY_LN000050_06,LN000050,2025-07-19,2025-07-19,1800.5,1250.0,550.5,0.0,successful
REPAY_LN000050_07,LN000050,2025-08-18,2025-08-18,1800.5,1250.0,550.5,0.0,successful
REPAY_LN000050_08,LN000050,2025-09-19,2025-09-19,1800.5,1250.0,550.5,0.0,successful
REPAY_LN000050_09,LN000050,2025-10-18,2025-10-18,1800.5,1250.0,550.5,0.0,successful
REPAY_LN000050_10,LN000050,2025-11-19,2025-11-19,1800.5,1250.0,550.5,0.0,successful
REPAY_LN000050_11,LN000050,2025-12-17,2025-12-17,1800.5,1250.0,550.5,0.0,successful
REPAY_LN000050_12,LN000050,2026-01-19,2026-01-19,1800.5,1250.0,550.5,0.0,successful
REPAY_LN000050_13,LN000050,2026-02-17,2026-02-17,1800.5,1250.0,550.5,0.0,successful
REPAY_LN000050_14,LN000050,2026-03-17,2026-03-17,1800.5,1250.0,550.5,0.0,successful
REPAY_LN000050_15,LN000050,2026-04-19,2026-04-19,1800.5,1250.0,550.5,0.0,successful
REPAY_LN000051_01,LN000051,2025-02-18,2025-02-18,2797.75,2500.0,297.75,0.0,successful
REPAY_LN000051_02,LN000051,2025-03-17,2025-03-17,2797.75,2500.0,297.75,0.0,successful
REPAY_LN000051_03,LN000051,2025-04-17,2025-04-17,2797.75,2500.0,297.75,0.0,successful
REPAY_LN000051_04,LN000051,2025-05-19,2025-05-19,2797.75,2500.0,297.75,0.0,successful
REPAY_LN000051_05,LN000051,2025-06-18,2025-06-18,2797.75,2500.0,297.75,0.0,successful
REPAY_LN000051_06,LN000051,2025-07-18,2025-07-18,2797.75,2500.0,297.75,0.0,successful
REPAY_LN000051_07,LN000051,2025-08-19,2025-08-19,2797.75,2500.0,297.75,0.0,successful
REPAY_LN000051_08,LN000051,2025-09-18,2025-09-18,2797.75,2500.0,297.75,0.0,successful
REPAY_LN000051_09,LN000051,2025-10-19,2025-10-19,2797.75,2500.0,297.75,0.0,successful
REPAY_LN000051_10,LN000051,2025-11-19,2025-11-19,2797.75,2500.0,297.75,0.0,successful
REPAY_LN000051_11,LN000051,2025-12-19,2025-12-19,2797.75,2500.0,297.75,0.0,successful
REPAY_LN000051_12,LN000051,2026-01-17,2026-01-17,2797.75,2500.0,297.75,0.0,successful
REPAY_LN000052_01,LN000052,2025-02-17,2025-02-17,305.57,277.78,27.79,0.0,successful
REPAY_LN000052_02,LN000052,2025-03-17,2025-03-17,305.57,277.78,27.79,0.0,successful
REPAY_LN000052_03,LN000052,2025-04-19,2025-04-19,305.57,277.78,27.79,0.0,successful
REPAY_LN000052_04,LN000052,2025-05-17,2025-05-17,305.57,277.78,27.79,0.0,successful
REPAY_LN000052_05,LN000052,2025-06-17,2025-06-17,305.57,277.78,27.79,0.0,successful
REPAY_LN000052_06,LN000052,2025-07-17,2025-07-17,305.57,277.78,27.79,0.0,successful
REPAY_LN000052_07,LN000052,2025-08-19,2025-08-19,305.57,277.78,27.79,0.0,successful
REPAY_LN000052_08,LN000052,2025-09-19,2025-09-19,305.57,277.78,27.79,0.0,successful
REPAY_LN000052_09,LN000052,2025-10-19,2025-10-19,305.57,277.78,27.79,0.0,successful
REPAY_LN000052_10,LN000052,2025-11-17,2025-11-17,305.57,277.78,27.79,0.0,successful
REPAY_LN000052_11,LN000052,2025-12-18,2025-12-18,305.57,277.78,27.79,0.0,successful
REPAY_LN000052_12,LN000052,2026-01-17,2026-01-17,305.57,277.78,27.79,0.0,successful
REPAY_LN000052_13,LN000052,2026-02-17,2026-02-17,305.57,277.78,27.79,0.0,successful
REPAY_LN000052_14,LN000052,2026-03-19,2026-03-19,305.57,277.78,27.79,0.0,successful
REPAY_LN000052_15,LN000052,2026-04-19,2026-04-19,305.57,277.78,27.79,0.0,successful
REPAY_LN000053_01,LN000053,2025-02-18,2025-02-18,917.12,625.0,292.12,0.0,successful
REPAY_LN000053_02,LN000053,2025-03-18,2025-03-18,917.12,625.0,292.12,0.0,successful
REPAY_LN000053_03,LN000053,2025-04-19,2025-04-19,917.12,625.0,292.12,0.0,successful
REPAY_LN000053_04,LN000053,2025-05-19,2025-05-19,917.12,625.0,292.12,0.0,successful
REPAY_LN000053_05,LN000053,2025-06-20,2025-06-20,917.12,625.0,292.12,0.0,successful
REPAY_LN000053_06,LN000053,2025-07-19,2025-07-19,917.12,625.0,292.12,0.0,successful
REPAY_LN000053_07,LN000053,2025-08-19,2025-08-19,917.12,625.0,292.12,0.0,successful
REPAY_LN000053_08,LN000053,2025-09-20,2025-09-20,917.12,625.0,292.12,0.0,successful
REPAY_LN000053_09,LN000053,2025-10-19,2025-10-19,917.12,625.0,292.12,0.0,successful
REPAY_LN000053_10,LN000053,2025-11-18,2025-11-18,917.12,625.0,292.12,0.0,successful
REPAY_LN000053_11,LN000053,2025-12-19,2025-12-19,917.12,625.0,292.12,0.0,successful
REPAY_LN000053_12,LN000053,2026-01-20,2026-01-20,917.12,625.0,292.12,0.0,successful
REPAY_LN000053_13,LN000053,2026-02-18,2026-02-18,917.12,625.0,292.12,0.0,successful
REPAY_LN000053_14,LN000053,2026-03-19,2026-03-19,917.12,625.0,292.12,0.0,successful
REPAY_LN000053_15,LN000053,2026-04-18,2026-04-18,917.12,625.0,292.12,0.0,successful
REPAY_LN000054_01,LN000054,2025-02-18,2025-02-18,562.25,416.67,145.58,0.0,successful
REPAY_LN000054_02,LN000054,2025-03-19,2025-03-19,562.25,416.67,145.58,0.0,successful
REPAY_LN000054_03,LN000054,2025-04-19,2025-04-19,562.25,416.67,145.58,0.0,successful
REPAY_LN000054_04,LN000054,2025-05-20,2025-05-20,562.25,416.67,145.58,0.0,successful
REPAY_LN000054_05,LN000054,2025-06-20,2025-06-20,562.25,416.67,145.58,0.0,successful
REPAY_LN000054_06,LN000054,2025-07-18,2025-07-18,562.25,416.67,145.58,0.0,successful
REPAY_LN000054_07,LN000054,2025-08-20,2025-08-20,562.25,416.67,145.58,0.0,successful
REPAY_LN000054_08,LN000054,2025-09-18,2025-09-18,562.25,416.67,145.58,0.0,successful
REPAY_LN000054_09,LN000054,2025-10-18,2025-10-18,562.25,416.67,145.58,0.0,successful
REPAY_LN000054_10,LN000054,2025-11-20,2025-11-20,562.25,416.67,145.58,0.0,successful
REPAY_LN000054_11,LN000054,2025-12-20,2025-12-20,562.25,416.67,145.58,0.0,successful
REPAY_LN000054_12,LN000054,2026-01-20,2026-01-20,562.25,416.67,145.58,0.0,successful
REPAY_LN000054_13,LN000054,2026-02-19,2026-02-19,562.25,416.67,145.58,0.0,successful
REPAY_LN000054_14,LN000054,2026-03-18,2026-03-18,562.25,416.67,145.58,0.0,successful
REPAY_LN000054_15,LN000054,2026-04-18,2026-04-18,562.25,416.67,145.58,0.0,successful
REPAY_LN000055_01,LN000055,2025-02-20,2025-02-20,724.81,555.56,169.25,0.0,successful
REPAY_LN000055_02,LN000055,2025-03-20,2025-03-20,724.81,555.56,169.25,0.0,successful
REPAY_LN000055_03,LN000055,2025-04-20,2025-04-20,724.81,555.56,169.25,0.0,successful
REPAY_LN000055_04,LN000055,2025-05-20,2025-05-20,724.81,555.56,169.25,0.0,successful
REPAY_LN000055_05,LN000055,2025-06-19,2025-06-19,724.81,555.56,169.25,0.0,successful
REPAY_LN000055_06_FAIL,LN000055,2025-07-22,2025-07-22,724.81,555.56,169.25,0.0,failed
REPAY_LN000055_07_FAIL,LN000055,2025-08-22,2025-08-22,724.81,555.56,169.25,0.0,failed
REPAY_LN000056_01,LN000056,2025-02-20,2025-02-20,1488.86,1333.33,155.53,0.0,successful
REPAY_LN000056_02,LN000056,2025-03-18,2025-03-18,1488.86,1333.33,155.53,0.0,successful
REPAY_LN000056_03_FAIL,LN000056,2025-04-21,2025-04-21,1488.86,1333.33,155.53,0.0,failed
REPAY_LN000056_04_FAIL,LN000056,2025-05-21,2025-05-21,1488.86,1333.33,155.53,0.0,failed
REPAY_LN000057_01,LN000057,2025-02-19,2025-02-19,1402.13,1333.33,68.8,0.0,successful
REPAY_LN000057_02,LN000057,2025-03-19,2025-03-19,1402.13,1333.33,68.8,0.0,successful
REPAY_LN000057_03,LN000057,2025-04-19,2025-04-19,1402.13,1333.33,68.8,0.0,successful
REPAY_LN000057_04,LN000057,2025-05-19,2025-05-19,1402.13,1333.33,68.8,0.0,successful
REPAY_LN000057_05,LN000057,2025-06-20,2025-06-20,1402.13,1333.33,68.8,0.0,successful
REPAY_LN000057_06,LN000057,2025-07-19,2025-07-19,1402.15,1333.35,68.8,0.0,successful
REPAY_LN000058_01,LN000058,2025-02-21,2025-02-21,1394.61,1111.11,283.5,0.0,successful
REPAY_LN000058_02,LN000058,2025-03-21,2025-03-21,1394.61,1111.11,283.5,0.0,successful
REPAY_LN000058_03,LN000058,2025-04-20,2025-04-20,1394.61,1111.11,283.5,0.0,successful
REPAY_LN000058_04,LN000058,2025-05-19,2025-05-19,1394.61,1111.11,283.5,0.0,successful
REPAY_LN000058_05,LN000058,2025-06-21,2025-06-21,1394.61,1111.11,283.5,0.0,successful
REPAY_LN000058_06,LN000058,2025-07-20,2025-07-20,1394.61,1111.11,283.5,0.0,successful
REPAY_LN000058_07,LN000058,2025-08-21,2025-08-21,1394.61,1111.11,283.5,0.0,successful
REPAY_LN000058_08,LN000058,2025-09-20,2025-09-20,1394.61,1111.11,283.5,0.0,successful
REPAY_LN000058_09,LN000058,2025-10-20,2025-10-20,1394.61,1111.11,283.5,0.0,successful
REPAY_LN000058_10,LN000058,2025-11-19,2025-11-19,1394.61,1111.11,283.5,0.0,successful
REPAY_LN000058_11,LN000058,2025-12-20,2025-12-20,1394.61,1111.11,283.5,0.0,successful
REPAY_LN000058_12,LN000058,2026-01-21,2026-01-21,1394.61,1111.11,283.5,0.0,successful
REPAY_LN000058_13,LN000058,2026-02-21,2026-02-21,1394.61,1111.11,283.5,0.0,successful
REPAY_LN000058_14,LN000058,2026-03-19,2026-03-19,1394.61,1111.11,283.5,0.0,successful
REPAY_LN000058_15,LN000058,2026-04-19,2026-04-19,1394.61,1111.11,283.5,0.0,successful
REPAY_LN000059_01,LN000059,2025-02-19,2025-02-19,1406.5,1250.0,156.5,0.0,successful
REPAY_LN000059_02,LN000059,2025-03-21,2025-03-21,1406.5,1250.0,156.5,0.0,successful
REPAY_LN000059_03,LN000059,2025-04-21,2025-04-21,1406.5,1250.0,156.5,0.0,successful
REPAY_LN000059_04,LN000059,2025-05-19,2025-05-19,1406.5,1250.0,156.5,0.0,successful
REPAY_LN000059_05,LN000059,2025-06-19,2025-06-19,1406.5,1250.0,156.5,0.0,successful
REPAY_LN000059_06_FAIL,LN000059,2025-07-20,2025-07-20,1406.5,1250.0,156.5,0.0,failed
REPAY_LN000059_07_FAIL,LN000059,2025-08-21,2025-08-21,1406.5,1250.0,156.5,0.0,failed
REPAY_LN000060_01,LN000060,2025-02-21,2025-02-21,1328.88,1250.0,78.88,0.0,successful
REPAY_LN000060_02,LN000060,2025-03-22,2025-03-22,1328.88,1250.0,78.88,0.0,successful
REPAY_LN000060_03,LN000060,2025-04-21,2025-04-21,1328.88,1250.0,78.88,0.0,successful
REPAY_LN000060_04,LN000060,2025-05-21,2025-05-21,1328.88,1250.0,78.88,0.0,successful
REPAY_LN000060_05,LN000060,2025-06-21,2025-06-21,1328.88,1250.0,78.88,0.0,successful
REPAY_LN000060_06,LN000060,2025-07-21,2025-07-21,1328.88,1250.0,78.88,0.0,successful
REPAY_LN000060_07,LN000060,2025-08-22,2025-08-22,1328.88,1250.0,78.88,0.0,successful
REPAY_LN000060_08,LN000060,2025-09-20,2025-09-20,1328.88,1250.0,78.88,0.0,successful
REPAY_LN000060_09,LN000060,2025-10-22,2025-10-22,1328.88,1250.0,78.88,0.0,successful
REPAY_LN000060_10,LN000060,2025-11-21,2025-11-21,1328.88,1250.0,78.88,0.0,successful
REPAY_LN000060_11,LN000060,2025-12-20,2025-12-20,1328.88,1250.0,78.88,0.0,successful
REPAY_LN000060_12,LN000060,2026-01-20,2026-01-20,1328.88,1250.0,78.88,0.0,successful
REPAY_LN000061_01,LN000061,2025-02-20,2025-02-20,2942.5,2500.0,442.5,0.0,successful
REPAY_LN000061_02,LN000061,2025-03-22,2025-03-22,2942.5,2500.0,442.5,0.0,successful
REPAY_LN000061_03,LN000061,2025-04-20,2025-04-20,2942.5,2500.0,442.5,0.0,successful
REPAY_LN000061_04,LN000061,2025-05-22,2025-05-22,2942.5,2500.0,442.5,0.0,successful
REPAY_LN000061_05,LN000061,2025-06-22,2025-06-22,2942.5,2500.0,442.5,0.0,successful
REPAY_LN000061_06,LN000061,2025-07-21,2025-07-21,2942.5,2500.0,442.5,0.0,successful
REPAY_LN000061_07,LN000061,2025-08-21,2025-08-21,2942.5,2500.0,442.5,0.0,successful
REPAY_LN000061_08,LN000061,2025-09-20,2025-09-20,2942.5,2500.0,442.5,0.0,successful
REPAY_LN000061_09,LN000061,2025-10-20,2025-10-20,2942.5,2500.0,442.5,0.0,successful
REPAY_LN000061_10,LN000061,2025-11-21,2025-11-21,2942.5,2500.0,442.5,0.0,successful
REPAY_LN000061_11,LN000061,2025-12-22,2025-12-22,2942.5,2500.0,442.5,0.0,successful
REPAY_LN000061_12,LN000061,2026-01-22,2026-01-22,2942.5,2500.0,442.5,0.0,successful
REPAY_LN000062_01,LN000062,2025-02-21,2025-02-21,1409.25,1250.0,159.25,0.0,successful
REPAY_LN000062_02,LN000062,2025-03-22,2025-03-22,1409.25,1250.0,159.25,0.0,successful
REPAY_LN000062_03,LN000062,2025-04-21,2025-04-21,1409.25,1250.0,159.25,0.0,successful
REPAY_LN000062_04,LN000062,2025-05-21,2025-05-21,1409.25,1250.0,159.25,0.0,successful
REPAY_LN000062_05,LN000062,2025-06-20,2025-06-20,1409.25,1250.0,159.25,0.0,successful
REPAY_LN000062_06,LN000062,2025-07-20,2025-07-20,1409.25,1250.0,159.25,0.0,successful
REPAY_LN000062_07,LN000062,2025-08-21,2025-08-21,1409.25,1250.0,159.25,0.0,successful
REPAY_LN000062_08,LN000062,2025-09-20,2025-09-20,1409.25,1250.0,159.25,0.0,successful
REPAY_LN000062_09,LN000062,2025-10-21,2025-10-21,1409.25,1250.0,159.25,0.0,successful
REPAY_LN000062_10,LN000062,2025-11-22,2025-11-22,1409.25,1250.0,159.25,0.0,successful
REPAY_LN000062_11,LN000062,2025-12-22,2025-12-22,1409.25,1250.0,159.25,0.0,successful
REPAY_LN000062_12,LN000062,2026-01-22,2026-01-22,1409.25,1250.0,159.25,0.0,successful
REPAY_LN000063_01,LN000063,2025-02-23,2025-02-23,1463.62,1250.0,213.62,0.0,successful
REPAY_LN000063_02,LN000063,2025-03-22,2025-03-22,1463.62,1250.0,213.62,0.0,successful
REPAY_LN000063_03,LN000063,2025-04-23,2025-04-23,1463.62,1250.0,213.62,0.0,successful
REPAY_LN000063_04,LN000063,2025-05-23,2025-05-23,1463.62,1250.0,213.62,0.0,successful
REPAY_LN000063_05,LN000063,2025-06-23,2025-06-23,1463.62,1250.0,213.62,0.0,successful
REPAY_LN000063_06,LN000063,2025-07-23,2025-07-23,1463.62,1250.0,213.62,0.0,successful
REPAY_LN000063_07,LN000063,2025-08-22,2025-08-22,1463.62,1250.0,213.62,0.0,successful
REPAY_LN000063_08,LN000063,2025-09-23,2025-09-23,1463.62,1250.0,213.62,0.0,successful
REPAY_LN000063_09,LN000063,2025-10-21,2025-10-21,1463.62,1250.0,213.62,0.0,successful
REPAY_LN000063_10,LN000063,2025-11-21,2025-11-21,1463.62,1250.0,213.62,0.0,successful
REPAY_LN000063_11,LN000063,2025-12-21,2025-12-21,1463.62,1250.0,213.62,0.0,successful
REPAY_LN000063_12,LN000063,2026-01-21,2026-01-21,1463.62,1250.0,213.62,0.0,successful
REPAY_LN000064_01,LN000064,2025-02-22,2025-02-22,1454.5,1250.0,204.5,0.0,successful
REPAY_LN000064_02,LN000064,2025-03-21,2025-03-21,1454.5,1250.0,204.5,0.0,successful
REPAY_LN000064_03,LN000064,2025-04-23,2025-04-23,1454.5,1250.0,204.5,0.0,successful
REPAY_LN000064_04_FAIL,LN000064,2025-05-22,2025-05-22,1454.5,1250.0,204.5,0.0,failed
REPAY_LN000064_05_FAIL,LN000064,2025-06-25,2025-06-25,1454.5,1250.0,204.5,0.0,failed
REPAY_LN000065_01,LN000065,2025-02-22,2025-02-22,589.75,416.67,173.08,0.0,successful
REPAY_LN000065_02,LN000065,2025-03-21,2025-03-21,589.75,416.67,173.08,0.0,successful
REPAY_LN000065_03,LN000065,2025-04-23,2025-04-23,589.75,416.67,173.08,0.0,successful
REPAY_LN000065_04,LN000065,2025-05-23,2025-05-23,589.75,416.67,173.08,0.0,successful
REPAY_LN000065_05,LN000065,2025-06-22,2025-06-22,589.75,416.67,173.08,0.0,successful
REPAY_LN000065_06,LN000065,2025-07-22,2025-07-22,589.75,416.67,173.08,0.0,successful
REPAY_LN000065_07,LN000065,2025-08-22,2025-08-22,589.75,416.67,173.08,0.0,successful
REPAY_LN000065_08,LN000065,2025-09-22,2025-09-22,589.75,416.67,173.08,0.0,successful
REPAY_LN000065_09,LN000065,2025-10-21,2025-10-21,589.75,416.67,173.08,0.0,successful
REPAY_LN000065_10,LN000065,2025-11-21,2025-11-21,589.75,416.67,173.08,0.0,successful
REPAY_LN000065_11,LN000065,2025-12-23,2025-12-23,589.75,416.67,173.08,0.0,successful
REPAY_LN000065_12,LN000065,2026-01-22,2026-01-22,589.75,416.67,173.08,0.0,successful
REPAY_LN000065_13,LN000065,2026-02-22,2026-02-22,589.75,416.67,173.08,0.0,successful
REPAY_LN000065_14,LN000065,2026-03-21,2026-03-21,589.75,416.67,173.08,0.0,successful
REPAY_LN000065_15,LN000065,2026-04-22,2026-04-22,589.75,416.67,173.08,0.0,successful
REPAY_LN000066_01,LN000066,2025-02-23,2025-02-23,357.11,277.78,79.33,0.0,successful
REPAY_LN000066_02,LN000066,2025-03-23,2025-03-23,357.11,277.78,79.33,0.0,successful
REPAY_LN000066_03,LN000066,2025-04-22,2025-04-22,357.11,277.78,79.33,0.0,successful
REPAY_LN000066_04,LN000066,2025-05-23,2025-05-23,357.11,277.78,79.33,0.0,successful
REPAY_LN000066_05,LN000066,2025-06-23,2025-06-23,357.11,277.78,79.33,0.0,successful
REPAY_LN000066_06,LN000066,2025-07-21,2025-07-21,357.11,277.78,79.33,0.0,successful
REPAY_LN000066_07,LN000066,2025-08-23,2025-08-23,357.11,277.78,79.33,0.0,successful
REPAY_LN000066_08,LN000066,2025-09-22,2025-09-22,357.11,277.78,79.33,0.0,successful
REPAY_LN000066_09,LN000066,2025-10-22,2025-10-22,357.11,277.78,79.33,0.0,successful
REPAY_LN000066_10,LN000066,2025-11-23,2025-11-23,357.11,277.78,79.33,0.0,successful
REPAY_LN000066_11,LN000066,2025-12-22,2025-12-22,357.11,277.78,79.33,0.0,successful
REPAY_LN000066_12,LN000066,2026-01-21,2026-01-21,357.11,277.78,79.33,0.0,successful
REPAY_LN000066_13,LN000066,2026-02-23,2026-02-23,357.11,277.78,79.33,0.0,successful
REPAY_LN000066_14,LN000066,2026-03-23,2026-03-23,357.11,277.78,79.33,0.0,successful
REPAY_LN000066_15,LN000066,2026-04-23,2026-04-23,357.11,277.78,79.33,0.0,successful
REPAY_LN000067_01,LN000067,2025-02-23,2025-02-23,1455.26,1333.33,121.93,0.0,successful
REPAY_LN000067_02,LN000067,2025-03-23,2025-03-23,1455.26,1333.33,121.93,0.0,successful
REPAY_LN000067_03,LN000067,2025-04-24,2025-04-24,1455.26,1333.33,121.93,0.0,successful
REPAY_LN000067_04,LN000067,2025-05-23,2025-05-23,1455.26,1333.33,121.93,0.0,successful
REPAY_LN000067_05,LN000067,2025-06-23,2025-06-23,1455.26,1333.33,121.93,0.0,successful
REPAY_LN000067_06,LN000067,2025-07-24,2025-07-24,1455.28,1333.35,121.93,0.0,successful
REPAY_LN000068_01,LN000068,2025-02-23,2025-02-23,525.31,444.44,80.87,0.0,successful
REPAY_LN000068_02,LN000068,2025-03-24,2025-03-24,525.31,444.44,80.87,0.0,successful
REPAY_LN000068_03,LN000068,2025-04-24,2025-04-24,525.31,444.44,80.87,0.0,successful
REPAY_LN000068_04,LN000068,2025-05-24,2025-05-24,525.31,444.44,80.87,0.0,successful
REPAY_LN000068_05,LN000068,2025-06-24,2025-06-24,525.31,444.44,80.87,0.0,successful
REPAY_LN000068_06_FAIL,LN000068,2025-07-24,2025-07-24,525.31,444.44,80.87,0.0,failed
REPAY_LN000068_07_FAIL,LN000068,2025-08-25,2025-08-25,525.31,444.44,80.87,0.0,failed
REPAY_LN000069_01,LN000069,2025-02-22,2025-02-22,1214.33,833.33,381.0,0.0,successful
REPAY_LN000069_02,LN000069,2025-03-24,2025-03-24,1214.33,833.33,381.0,0.0,successful
REPAY_LN000069_03,LN000069,2025-04-22,2025-04-22,1214.33,833.33,381.0,0.0,successful
REPAY_LN000069_04,LN000069,2025-05-24,2025-05-24,1214.33,833.33,381.0,0.0,successful
REPAY_LN000069_05,LN000069,2025-06-22,2025-06-22,1214.33,833.33,381.0,0.0,successful
REPAY_LN000069_06,LN000069,2025-07-22,2025-07-22,1214.33,833.33,381.0,0.0,successful
REPAY_LN000069_07,LN000069,2025-08-24,2025-08-24,1214.33,833.33,381.0,0.0,successful
REPAY_LN000069_08,LN000069,2025-09-24,2025-09-24,1214.33,833.33,381.0,0.0,successful
REPAY_LN000069_09,LN000069,2025-10-24,2025-10-24,1214.33,833.33,381.0,0.0,successful
REPAY_LN000069_10,LN000069,2025-11-22,2025-11-22,1214.33,833.33,381.0,0.0,successful
REPAY_LN000069_11,LN000069,2025-12-23,2025-12-23,1214.33,833.33,381.0,0.0,successful
REPAY_LN000069_12,LN000069,2026-01-23,2026-01-23,1214.33,833.33,381.0,0.0,successful
REPAY_LN000069_13,LN000069,2026-02-24,2026-02-24,1214.33,833.33,381.0,0.0,successful
REPAY_LN000069_14,LN000069,2026-03-23,2026-03-23,1214.33,833.33,381.0,0.0,successful
REPAY_LN000069_15,LN000069,2026-04-23,2026-04-23,1214.33,833.33,381.0,0.0,successful
REPAY_LN000070_01,LN000070,2025-02-24,2025-02-24,535.24,444.44,90.8,0.0,successful
REPAY_LN000070_02,LN000070,2025-03-22,2025-03-22,535.24,444.44,90.8,0.0,successful
REPAY_LN000070_03,LN000070,2025-04-24,2025-04-24,535.24,444.44,90.8,0.0,successful
REPAY_LN000070_04,LN000070,2025-05-23,2025-05-23,535.24,444.44,90.8,0.0,successful
REPAY_LN000070_05,LN000070,2025-06-22,2025-06-22,535.24,444.44,90.8,0.0,successful
REPAY_LN000070_06,LN000070,2025-07-23,2025-07-23,535.24,444.44,90.8,0.0,successful
REPAY_LN000070_07,LN000070,2025-08-22,2025-08-22,535.24,444.44,90.8,0.0,successful
REPAY_LN000070_08,LN000070,2025-09-23,2025-09-23,535.24,444.44,90.8,0.0,successful
REPAY_LN000070_09,LN000070,2025-10-24,2025-10-24,535.24,444.44,90.8,0.0,successful
REPAY_LN000070_10,LN000070,2025-11-23,2025-11-23,535.24,444.44,90.8,0.0,successful
REPAY_LN000070_11,LN000070,2025-12-23,2025-12-23,535.24,444.44,90.8,0.0,successful
REPAY_LN000070_12,LN000070,2026-01-22,2026-01-22,535.24,444.44,90.8,0.0,successful
REPAY_LN000070_13,LN000070,2026-02-23,2026-02-23,535.24,444.44,90.8,0.0,successful
REPAY_LN000070_14,LN000070,2026-03-24,2026-03-24,535.24,444.44,90.8,0.0,successful
REPAY_LN000070_15,LN000070,2026-04-24,2026-04-24,535.24,444.44,90.8,0.0,successful
REPAY_LN000071_01,LN000071,2025-02-25,2025-02-25,1652.75,1250.0,402.75,0.0,successful
REPAY_LN000071_02,LN000071,2025-03-23,2025-03-23,1652.75,1250.0,402.75,0.0,successful
REPAY_LN000071_03,LN000071,2025-04-23,2025-04-23,1652.75,1250.0,402.75,0.0,successful
REPAY_LN000071_04,LN000071,2025-05-24,2025-05-24,1652.75,1250.0,402.75,0.0,successful
REPAY_LN000071_05,LN000071,2025-06-24,2025-06-24,1652.75,1250.0,402.75,0.0,successful
REPAY_LN000071_06,LN000071,2025-07-24,2025-07-24,1652.75,1250.0,402.75,0.0,successful
REPAY_LN000071_07,LN000071,2025-08-23,2025-08-23,1652.75,1250.0,402.75,0.0,successful
REPAY_LN000071_08,LN000071,2025-09-23,2025-09-23,1652.75,1250.0,402.75,0.0,successful
REPAY_LN000071_09,LN000071,2025-10-24,2025-10-24,1652.75,1250.0,402.75,0.0,successful
REPAY_LN000071_10,LN000071,2025-11-23,2025-11-23,1652.75,1250.0,402.75,0.0,successful
REPAY_LN000071_11,LN000071,2025-12-23,2025-12-23,1652.75,1250.0,402.75,0.0,successful
REPAY_LN000071_12,LN000071,2026-01-25,2026-01-25,1652.75,1250.0,402.75,0.0,successful
REPAY_LN000071_13,LN000071,2026-02-25,2026-02-25,1652.75,1250.0,402.75,0.0,successful
REPAY_LN000071_14,LN000071,2026-03-24,2026-03-24,1652.75,1250.0,402.75,0.0,successful
REPAY_LN000071_15,LN000071,2026-04-24,2026-04-24,1652.75,1250.0,402.75,0.0,successful
REPAY_LN000072_01,LN000072,2025-02-25,2025-02-25,1732.17,1666.67,65.5,0.0,successful
REPAY_LN000072_02,LN000072,2025-03-23,2025-03-23,1732.17,1666.67,65.5,0.0,successful
REPAY_LN000072_03,LN000072,2025-04-24,2025-04-24,1732.17,1666.67,65.5,0.0,successful
REPAY_LN000072_04,LN000072,2025-05-24,2025-05-24,1732.17,1666.67,65.5,0.0,successful
REPAY_LN000072_05,LN000072,2025-06-24,2025-06-24,1732.17,1666.67,65.5,0.0,successful
REPAY_LN000072_06,LN000072,2025-07-23,2025-07-23,1732.15,1666.65,65.5,0.0,successful
REPAY_LN000073_01,LN000073,2025-02-25,2025-02-25,1950.67,1666.67,284.0,0.0,successful
REPAY_LN000073_02,LN000073,2025-03-25,2025-03-25,1950.67,1666.67,284.0,0.0,successful
REPAY_LN000073_03,LN000073,2025-04-23,2025-04-23,1950.67,1666.67,284.0,0.0,successful
REPAY_LN000073_04,LN000073,2025-05-23,2025-05-23,1950.67,1666.67,284.0,0.0,successful
REPAY_LN000073_05,LN000073,2025-06-23,2025-06-23,1950.67,1666.67,284.0,0.0,successful
REPAY_LN000073_06,LN000073,2025-07-23,2025-07-23,1950.67,1666.67,284.0,0.0,successful
REPAY_LN000073_07_FAIL,LN000073,2025-08-27,2025-08-27,1950.67,1666.67,284.0,0.0,failed
REPAY_LN000073_08_FAIL,LN000073,2025-09-24,2025-09-24,1950.67,1666.67,284.0,0.0,failed
REPAY_LN000074_01,LN000074,2025-02-24,2025-02-24,779.88,625.0,154.88,0.0,successful
REPAY_LN000074_02,LN000074,2025-03-25,2025-03-25,779.88,625.0,154.88,0.0,successful
REPAY_LN000074_03,LN000074,2025-04-26,2025-04-26,779.88,625.0,154.88,0.0,successful
REPAY_LN000074_04,LN000074,2025-05-24,2025-05-24,779.88,625.0,154.88,0.0,successful
REPAY_LN000074_05,LN000074,2025-06-25,2025-06-25,779.88,625.0,154.88,0.0,successful
REPAY_LN000074_06,LN000074,2025-07-26,2025-07-26,779.88,625.0,154.88,0.0,successful
REPAY_LN000074_07,LN000074,2025-08-24,2025-08-24,779.88,625.0,154.88,0.0,successful
REPAY_LN000074_08,LN000074,2025-09-24,2025-09-24,779.88,625.0,154.88,0.0,successful
REPAY_LN000074_09,LN000074,2025-10-25,2025-10-25,779.88,625.0,154.88,0.0,successful
REPAY_LN000074_10,LN000074,2025-11-26,2025-11-26,779.88,625.0,154.88,0.0,successful
REPAY_LN000074_11,LN000074,2025-12-24,2025-12-24,779.88,625.0,154.88,0.0,successful
REPAY_LN000074_12,LN000074,2026-01-26,2026-01-26,779.88,625.0,154.88,0.0,successful
REPAY_LN000074_13,LN000074,2026-02-25,2026-02-25,779.88,625.0,154.88,0.0,successful
REPAY_LN000074_14,LN000074,2026-03-24,2026-03-24,779.88,625.0,154.88,0.0,successful
REPAY_LN000074_15,LN000074,2026-04-26,2026-04-26,779.88,625.0,154.88,0.0,successful
REPAY_LN000075_01,LN000075,2025-02-25,2025-02-25,960.83,833.33,127.5,0.0,successful
REPAY_LN000075_02,LN000075,2025-03-25,2025-03-25,960.83,833.33,127.5,0.0,successful
REPAY_LN000075_03,LN000075,2025-04-24,2025-04-24,960.83,833.33,127.5,0.0,successful
REPAY_LN000075_04,LN000075,2025-05-26,2025-05-26,960.83,833.33,127.5,0.0,successful
REPAY_LN000075_05,LN000075,2025-06-24,2025-06-24,960.83,833.33,127.5,0.0,successful
REPAY_LN000075_06,LN000075,2025-07-24,2025-07-24,960.83,833.33,127.5,0.0,successful
REPAY_LN000075_07,LN000075,2025-08-26,2025-08-26,960.83,833.33,127.5,0.0,successful
REPAY_LN000075_08,LN000075,2025-09-26,2025-09-26,960.83,833.33,127.5,0.0,successful
REPAY_LN000075_09,LN000075,2025-10-26,2025-10-26,960.83,833.33,127.5,0.0,successful
REPAY_LN000075_10,LN000075,2025-11-25,2025-11-25,960.83,833.33,127.5,0.0,successful
REPAY_LN000075_11,LN000075,2025-12-25,2025-12-25,960.83,833.33,127.5,0.0,successful
REPAY_LN000075_12,LN000075,2026-01-26,2026-01-26,960.83,833.33,127.5,0.0,successful
REPAY_LN000075_13,LN000075,2026-02-25,2026-02-25,960.83,833.33,127.5,0.0,successful
REPAY_LN000075_14,LN000075,2026-03-24,2026-03-24,960.83,833.33,127.5,0.0,successful
REPAY_LN000075_15,LN000075,2026-04-26,2026-04-26,960.83,833.33,127.5,0.0,successful
REPAY_LN000076_01,LN000076,2025-02-25,2025-02-25,172.39,138.89,33.5,0.0,successful
REPAY_LN000076_02,LN000076,2025-03-27,2025-03-27,172.39,138.89,33.5,0.0,successful
REPAY_LN000076_03,LN000076,2025-04-25,2025-04-25,172.39,138.89,33.5,0.0,successful
REPAY_LN000076_04,LN000076,2025-05-27,2025-05-27,172.39,138.89,33.5,0.0,successful
REPAY_LN000076_05,LN000076,2025-06-25,2025-06-25,172.39,138.89,33.5,0.0,successful
REPAY_LN000076_06,LN000076,2025-07-27,2025-07-27,172.39,138.89,33.5,0.0,successful
REPAY_LN000076_07,LN000076,2025-08-27,2025-08-27,172.39,138.89,33.5,0.0,successful
REPAY_LN000076_08_FAIL,LN000076,2025-09-27,2025-09-27,172.39,138.89,33.5,0.0,failed
REPAY_LN000076_09_FAIL,LN000076,2025-10-29,2025-10-29,172.39,138.89,33.5,0.0,failed
REPAY_LN000077_01,LN000077,2025-02-26,2025-02-26,315.22,222.22,93.0,0.0,successful
REPAY_LN000077_02,LN000077,2025-03-25,2025-03-25,315.22,222.22,93.0,0.0,successful
REPAY_LN000077_03,LN000077,2025-04-26,2025-04-26,315.22,222.22,93.0,0.0,successful
REPAY_LN000077_04,LN000077,2025-05-27,2025-05-27,315.22,222.22,93.0,0.0,successful
REPAY_LN000077_05,LN000077,2025-06-26,2025-06-26,315.22,222.22,93.0,0.0,successful
REPAY_LN000077_06,LN000077,2025-07-26,2025-07-26,315.22,222.22,93.0,0.0,successful
REPAY_LN000077_07,LN000077,2025-08-27,2025-08-27,315.22,222.22,93.0,0.0,successful
REPAY_LN000077_08,LN000077,2025-09-26,2025-09-26,315.22,222.22,93.0,0.0,successful
REPAY_LN000077_09_FAIL,LN000077,2025-10-29,2025-10-29,315.22,222.22,93.0,0.0,failed
REPAY_LN000077_10_FAIL,LN000077,2025-11-28,2025-11-28,315.22,222.22,93.0,0.0,failed
REPAY_LN000078_01,LN000078,2025-02-25,2025-02-25,290.45,208.33,82.12,0.0,successful
REPAY_LN000078_02,LN000078,2025-03-26,2025-03-26,290.45,208.33,82.12,0.0,successful
REPAY_LN000078_03,LN000078,2025-04-27,2025-04-27,290.45,208.33,82.12,0.0,successful
REPAY_LN000078_04,LN000078,2025-05-27,2025-05-27,290.45,208.33,82.12,0.0,successful
REPAY_LN000078_05,LN000078,2025-06-26,2025-06-26,290.45,208.33,82.12,0.0,successful
REPAY_LN000078_06,LN000078,2025-07-25,2025-07-25,290.45,208.33,82.12,0.0,successful
REPAY_LN000078_07,LN000078,2025-08-26,2025-08-26,290.45,208.33,82.12,0.0,successful
REPAY_LN000078_08,LN000078,2025-09-27,2025-09-27,290.45,208.33,82.12,0.0,successful
REPAY_LN000078_09,LN000078,2025-10-25,2025-10-25,290.45,208.33,82.12,0.0,successful
REPAY_LN000078_10,LN000078,2025-11-26,2025-11-26,290.45,208.33,82.12,0.0,successful
REPAY_LN000078_11,LN000078,2025-12-27,2025-12-27,290.45,208.33,82.12,0.0,successful
REPAY_LN000078_12,LN000078,2026-01-26,2026-01-26,290.45,208.33,82.12,0.0,successful
REPAY_LN000078_13,LN000078,2026-02-25,2026-02-25,290.45,208.33,82.12,0.0,successful
REPAY_LN000078_14,LN000078,2026-03-25,2026-03-25,290.45,208.33,82.12,0.0,successful
REPAY_LN000078_15,LN000078,2026-04-25,2026-04-25,290.45,208.33,82.12,0.0,successful
REPAY_LN000079_01,LN000079,2025-02-27,2025-02-27,532.04,444.44,87.6,0.0,successful
REPAY_LN000079_02,LN000079,2025-03-26,2025-03-26,532.04,444.44,87.6,0.0,successful
REPAY_LN000079_03,LN000079,2025-04-26,2025-04-26,532.04,444.44,87.6,0.0,successful
REPAY_LN000079_04,LN000079,2025-05-28,2025-05-28,532.04,444.44,87.6,0.0,successful
REPAY_LN000079_05_FAIL,LN000079,2025-06-27,2025-06-27,532.04,444.44,87.6,0.0,failed
REPAY_LN000079_06_FAIL,LN000079,2025-07-29,2025-07-29,532.04,444.44,87.6,0.0,failed
REPAY_LN000080_01,LN000080,2025-02-28,2025-02-28,1427.33,833.33,594.0,0.0,successful
REPAY_LN000080_02,LN000080,2025-03-28,2025-03-28,1427.33,833.33,594.0,0.0,successful
REPAY_LN000080_03,LN000080,2025-04-27,2025-04-27,1427.33,833.33,594.0,0.0,successful
REPAY_LN000080_04,LN000080,2025-05-27,2025-05-27,1427.33,833.33,594.0,0.0,successful
REPAY_LN000080_05,LN000080,2025-06-28,2025-06-28,1427.33,833.33,594.0,0.0,successful
REPAY_LN000080_06,LN000080,2025-07-27,2025-07-27,1427.33,833.33,594.0,0.0,successful
REPAY_LN000080_07,LN000080,2025-08-26,2025-08-26,1427.33,833.33,594.0,0.0,successful
REPAY_LN000080_08,LN000080,2025-09-27,2025-09-27,1427.33,833.33,594.0,0.0,successful
REPAY_LN000080_09,LN000080,2025-10-26,2025-10-26,1427.33,833.33,594.0,0.0,successful
REPAY_LN000080_10,LN000080,2025-11-26,2025-11-26,1427.33,833.33,594.0,0.0,successful
REPAY_LN000080_11,LN000080,2025-12-27,2025-12-27,1427.33,833.33,594.0,0.0,successful
REPAY_LN000080_12,LN000080,2026-01-27,2026-01-27,1427.33,833.33,594.0,0.0,successful
REPAY_LN000080_13,LN000080,2026-02-28,2026-02-28,1427.33,833.33,594.0,0.0,successful
REPAY_LN000080_14,LN000080,2026-03-27,2026-03-27,1427.33,833.33,594.0,0.0,successful
REPAY_LN000080_15,LN000080,2026-04-27,2026-04-27,1427.33,833.33,594.0,0.0,successful
REPAY_LN000081_01,LN000081,2025-02-27,2025-02-27,277.71,208.33,69.38,0.0,successful
REPAY_LN000081_02,LN000081,2025-03-26,2025-03-26,277.71,208.33,69.38,0.0,successful
REPAY_LN000081_03,LN000081,2025-04-26,2025-04-26,277.71,208.33,69.38,0.0,successful
REPAY_LN000081_04,LN000081,2025-05-26,2025-05-26,277.71,208.33,69.38,0.0,successful
REPAY_LN000081_05,LN000081,2025-06-28,2025-06-28,277.71,208.33,69.38,0.0,successful
REPAY_LN000081_06,LN000081,2025-07-28,2025-07-28,277.71,208.33,69.38,0.0,successful
REPAY_LN000081_07,LN000081,2025-08-28,2025-08-28,277.71,208.33,69.38,0.0,successful
REPAY_LN000081_08,LN000081,2025-09-26,2025-09-26,277.71,208.33,69.38,0.0,successful
REPAY_LN000081_09,LN000081,2025-10-27,2025-10-27,277.71,208.33,69.38,0.0,successful
REPAY_LN000081_10,LN000081,2025-11-28,2025-11-28,277.71,208.33,69.38,0.0,successful
REPAY_LN000081_11,LN000081,2025-12-28,2025-12-28,277.71,208.33,69.38,0.0,successful
REPAY_LN000081_12,LN000081,2026-01-26,2026-01-26,277.71,208.33,69.38,0.0,successful
REPAY_LN000081_13,LN000081,2026-02-28,2026-02-28,277.71,208.33,69.38,0.0,successful
REPAY_LN000081_14,LN000081,2026-03-27,2026-03-27,277.71,208.33,69.38,0.0,successful
REPAY_LN000081_15,LN000081,2026-04-26,2026-04-26,277.71,208.33,69.38,0.0,successful
REPAY_LN000082_01,LN000082,2025-02-27,2025-02-27,2967.25,2500.0,467.25,0.0,successful
REPAY_LN000082_02,LN000082,2025-03-27,2025-03-27,2967.25,2500.0,467.25,0.0,successful
REPAY_LN000082_03,LN000082,2025-04-27,2025-04-27,2967.25,2500.0,467.25,0.0,successful
REPAY_LN000082_04,LN000082,2025-05-28,2025-05-28,2967.25,2500.0,467.25,0.0,successful
REPAY_LN000082_05_FAIL,LN000082,2025-06-28,2025-06-28,2967.25,2500.0,467.25,0.0,failed
REPAY_LN000082_06_FAIL,LN000082,2025-07-27,2025-07-27,2967.25,2500.0,467.25,0.0,failed
REPAY_LN000083_01,LN000083,2025-02-28,2025-02-28,1888.17,1666.67,221.5,0.0,successful
REPAY_LN000083_02,LN000083,2025-03-27,2025-03-27,1888.17,1666.67,221.5,0.0,successful
REPAY_LN000083_03,LN000083,2025-04-27,2025-04-27,1888.17,1666.67,221.5,0.0,successful
REPAY_LN000083_04,LN000083,2025-05-29,2025-05-29,1888.17,1666.67,221.5,0.0,successful
REPAY_LN000083_05,LN000083,2025-06-28,2025-06-28,1888.17,1666.67,221.5,0.0,successful
REPAY_LN000083_06,LN000083,2025-07-29,2025-07-29,1888.17,1666.67,221.5,0.0,successful
REPAY_LN000083_07,LN000083,2025-08-28,2025-08-28,1888.17,1666.67,221.5,0.0,successful
REPAY_LN000083_08,LN000083,2025-09-28,2025-09-28,1888.17,1666.67,221.5,0.0,successful
REPAY_LN000083_09,LN000083,2025-10-28,2025-10-28,1888.17,1666.67,221.5,0.0,successful
REPAY_LN000083_10,LN000083,2025-11-28,2025-11-28,1888.17,1666.67,221.5,0.0,successful
REPAY_LN000083_11,LN000083,2025-12-28,2025-12-28,1888.17,1666.67,221.5,0.0,successful
REPAY_LN000083_12,LN000083,2026-01-27,2026-01-27,1888.13,1666.63,221.5,0.0,successful
REPAY_LN000084_01,LN000084,2025-02-27,2025-02-27,358.61,277.78,80.83,0.0,successful
REPAY_LN000084_02,LN000084,2025-03-28,2025-03-28,358.61,277.78,80.83,0.0,successful
REPAY_LN000084_03,LN000084,2025-04-27,2025-04-27,358.61,277.78,80.83,0.0,successful
REPAY_LN000084_04,LN000084,2025-05-29,2025-05-29,358.61,277.78,80.83,0.0,successful
REPAY_LN000084_05,LN000084,2025-06-29,2025-06-29,358.61,277.78,80.83,0.0,successful
REPAY_LN000084_06,LN000084,2025-07-29,2025-07-29,358.61,277.78,80.83,0.0,successful
REPAY_LN000084_07,LN000084,2025-08-28,2025-08-28,358.61,277.78,80.83,0.0,successful
REPAY_LN000084_08,LN000084,2025-09-28,2025-09-28,358.61,277.78,80.83,0.0,successful
REPAY_LN000084_09,LN000084,2025-10-27,2025-10-27,358.61,277.78,80.83,0.0,successful
REPAY_LN000084_10,LN000084,2025-11-27,2025-11-27,358.61,277.78,80.83,0.0,successful
REPAY_LN000084_11,LN000084,2025-12-27,2025-12-27,358.61,277.78,80.83,0.0,successful
REPAY_LN000084_12,LN000084,2026-01-29,2026-01-29,358.61,277.78,80.83,0.0,successful
REPAY_LN000084_13,LN000084,2026-03-01,2026-03-01,358.61,277.78,80.83,0.0,successful
REPAY_LN000084_14,LN000084,2026-03-29,2026-03-29,358.61,277.78,80.83,0.0,successful
REPAY_LN000084_15,LN000084,2026-04-29,2026-04-29,358.61,277.78,80.83,0.0,successful
REPAY_LN000085_01,LN000085,2025-02-27,2025-02-27,2639.25,2500.0,139.25,0.0,successful
REPAY_LN000085_02,LN000085,2025-03-28,2025-03-28,2639.25,2500.0,139.25,0.0,successful
REPAY_LN000085_03,LN000085,2025-04-28,2025-04-28,2639.25,2500.0,139.25,0.0,successful
REPAY_LN000085_04,LN000085,2025-05-29,2025-05-29,2639.25,2500.0,139.25,0.0,successful
REPAY_LN000085_05,LN000085,2025-06-28,2025-06-28,2639.25,2500.0,139.25,0.0,successful
REPAY_LN000085_06,LN000085,2025-07-28,2025-07-28,2639.25,2500.0,139.25,0.0,successful
REPAY_LN000086_01,LN000086,2025-03-01,2025-03-01,668.56,555.56,113.0,0.0,successful
REPAY_LN000086_02,LN000086,2025-03-30,2025-03-30,668.56,555.56,113.0,0.0,successful
REPAY_LN000086_03,LN000086,2025-04-28,2025-04-28,668.56,555.56,113.0,0.0,successful
REPAY_LN000086_04,LN000086,2025-05-28,2025-05-28,668.56,555.56,113.0,0.0,successful
REPAY_LN000086_05,LN000086,2025-06-29,2025-06-29,668.56,555.56,113.0,0.0,successful
REPAY_LN000086_06,LN000086,2025-07-28,2025-07-28,668.56,555.56,113.0,0.0,successful
REPAY_LN000086_07,LN000086,2025-08-28,2025-08-28,668.56,555.56,113.0,0.0,successful
REPAY_LN000086_08,LN000086,2025-09-30,2025-09-30,668.56,555.56,113.0,0.0,successful
REPAY_LN000086_09,LN000086,2025-10-30,2025-10-30,668.56,555.56,113.0,0.0,successful
REPAY_LN000086_10,LN000086,2025-11-29,2025-11-29,668.56,555.56,113.0,0.0,successful
REPAY_LN000086_11,LN000086,2025-12-29,2025-12-29,668.56,555.56,113.0,0.0,successful
REPAY_LN000086_12,LN000086,2026-01-29,2026-01-29,668.56,555.56,113.0,0.0,successful
REPAY_LN000086_13,LN000086,2026-03-02,2026-03-02,668.56,555.56,113.0,0.0,successful
REPAY_LN000086_14,LN000086,2026-03-28,2026-03-28,668.56,555.56,113.0,0.0,successful
REPAY_LN000086_15,LN000086,2026-04-30,2026-04-30,668.56,555.56,113.0,0.0,successful
REPAY_LN000087_01,LN000087,2025-03-02,2025-03-02,1821.0,1666.67,154.33,0.0,successful
REPAY_LN000087_02,LN000087,2025-03-28,2025-03-28,1821.0,1666.67,154.33,0.0,successful
REPAY_LN000087_03,LN000087,2025-04-28,2025-04-28,1821.0,1666.67,154.33,0.0,successful
REPAY_LN000087_04,LN000087,2025-05-29,2025-05-29,1821.0,1666.67,154.33,0.0,successful
REPAY_LN000087_05,LN000087,2025-06-28,2025-06-28,1821.0,1666.67,154.33,0.0,successful
REPAY_LN000087_06,LN000087,2025-07-28,2025-07-28,1820.98,1666.65,154.33,0.0,successful
REPAY_LN000088_01,LN000088,2025-02-28,2025-02-28,349.86,277.78,72.08,0.0,successful
REPAY_LN000088_02,LN000088,2025-03-28,2025-03-28,349.86,277.78,72.08,0.0,successful
REPAY_LN000088_03,LN000088,2025-04-29,2025-04-29,349.86,277.78,72.08,0.0,successful
REPAY_LN000088_04,LN000088,2025-05-29,2025-05-29,349.86,277.78,72.08,0.0,successful
REPAY_LN000088_05,LN000088,2025-06-28,2025-06-28,349.86,277.78,72.08,0.0,successful
REPAY_LN000088_06,LN000088,2025-07-28,2025-07-28,349.86,277.78,72.08,0.0,successful
REPAY_LN000088_07,LN000088,2025-08-29,2025-08-29,349.86,277.78,72.08,0.0,successful
REPAY_LN000088_08,LN000088,2025-09-29,2025-09-29,349.86,277.78,72.08,0.0,successful
REPAY_LN000088_09,LN000088,2025-10-28,2025-10-28,349.86,277.78,72.08,0.0,successful
REPAY_LN000088_10,LN000088,2025-11-30,2025-11-30,349.86,277.78,72.08,0.0,successful
REPAY_LN000088_11,LN000088,2025-12-29,2025-12-29,349.86,277.78,72.08,0.0,successful
REPAY_LN000088_12,LN000088,2026-01-29,2026-01-29,349.86,277.78,72.08,0.0,successful
REPAY_LN000088_13,LN000088,2026-03-01,2026-03-01,349.86,277.78,72.08,0.0,successful
REPAY_LN000088_14,LN000088,2026-03-28,2026-03-28,349.86,277.78,72.08,0.0,successful
REPAY_LN000088_15,LN000088,2026-04-28,2026-04-28,349.86,277.78,72.08,0.0,successful
REPAY_LN000089_01,LN000089,2025-02-28,2025-02-28,1605.0,1250.0,355.0,0.0,successful
REPAY_LN000089_02,LN000089,2025-03-29,2025-03-29,1605.0,1250.0,355.0,0.0,successful
REPAY_LN000089_03,LN000089,2025-04-28,2025-04-28,1605.0,1250.0,355.0,0.0,successful
REPAY_LN000089_04,LN000089,2025-05-30,2025-05-30,1605.0,1250.0,355.0,0.0,successful
REPAY_LN000089_05,LN000089,2025-06-28,2025-06-28,1605.0,1250.0,355.0,0.0,successful
REPAY_LN000089_06_FAIL,LN000089,2025-07-29,2025-07-29,1605.0,1250.0,355.0,0.0,failed
REPAY_LN000089_07_FAIL,LN000089,2025-09-01,2025-09-01,1605.0,1250.0,355.0,0.0,failed
REPAY_LN000090_01,LN000090,2025-03-01,2025-03-01,400.86,333.33,67.53,0.0,successful
REPAY_LN000090_02,LN000090,2025-03-30,2025-03-30,400.86,333.33,67.53,0.0,successful
REPAY_LN000090_03,LN000090,2025-05-01,2025-05-01,400.86,333.33,67.53,0.0,successful
REPAY_LN000090_04,LN000090,2025-05-29,2025-05-29,400.86,333.33,67.53,0.0,successful
REPAY_LN000090_05,LN000090,2025-07-01,2025-07-01,400.86,333.33,67.53,0.0,successful
REPAY_LN000090_06,LN000090,2025-07-31,2025-07-31,400.86,333.33,67.53,0.0,successful
REPAY_LN000090_07,LN000090,2025-08-30,2025-08-30,400.86,333.33,67.53,0.0,successful
REPAY_LN000090_08,LN000090,2025-09-29,2025-09-29,400.86,333.33,67.53,0.0,successful
REPAY_LN000090_09,LN000090,2025-10-30,2025-10-30,400.86,333.33,67.53,0.0,successful
REPAY_LN000090_10,LN000090,2025-12-01,2025-12-01,400.86,333.33,67.53,0.0,successful
REPAY_LN000090_11,LN000090,2025-12-31,2025-12-31,400.86,333.33,67.53,0.0,successful
REPAY_LN000090_12,LN000090,2026-01-30,2026-01-30,400.86,333.33,67.53,0.0,successful
REPAY_LN000090_13,LN000090,2026-03-01,2026-03-01,400.86,333.33,67.53,0.0,successful
REPAY_LN000090_14,LN000090,2026-03-30,2026-03-30,400.86,333.33,67.53,0.0,successful
REPAY_LN000090_15,LN000090,2026-04-30,2026-04-30,400.86,333.33,67.53,0.0,successful
REPAY_LN000091_01,LN000091,2025-03-01,2025-03-01,1821.42,1666.67,154.75,0.0,successful
REPAY_LN000091_02,LN000091,2025-03-31,2025-03-31,1821.42,1666.67,154.75,0.0,successful
REPAY_LN000091_03,LN000091,2025-04-30,2025-04-30,1821.42,1666.67,154.75,0.0,successful
REPAY_LN000091_04,LN000091,2025-05-29,2025-05-29,1821.42,1666.67,154.75,0.0,successful
REPAY_LN000091_05,LN000091,2025-07-01,2025-07-01,1821.42,1666.67,154.75,0.0,successful
REPAY_LN000091_06,LN000091,2025-07-31,2025-07-31,1821.4,1666.65,154.75,0.0,successful
REPAY_LN000092_01,LN000092,2025-02-28,2025-02-28,552.67,416.67,136.0,0.0,successful
REPAY_LN000092_02,LN000092,2025-03-29,2025-03-29,552.67,416.67,136.0,0.0,successful
REPAY_LN000092_03,LN000092,2025-05-01,2025-05-01,552.67,416.67,136.0,0.0,successful
REPAY_LN000092_04,LN000092,2025-05-30,2025-05-30,552.67,416.67,136.0,0.0,successful
REPAY_LN000092_05,LN000092,2025-07-01,2025-07-01,552.67,416.67,136.0,0.0,successful
REPAY_LN000092_06,LN000092,2025-07-31,2025-07-31,552.67,416.67,136.0,0.0,successful
REPAY_LN000092_07,LN000092,2025-08-29,2025-08-29,552.67,416.67,136.0,0.0,successful
REPAY_LN000092_08,LN000092,2025-10-01,2025-10-01,552.67,416.67,136.0,0.0,successful
REPAY_LN000092_09,LN000092,2025-10-30,2025-10-30,552.67,416.67,136.0,0.0,successful
REPAY_LN000092_10,LN000092,2025-11-29,2025-11-29,552.67,416.67,136.0,0.0,successful
REPAY_LN000092_11,LN000092,2025-12-31,2025-12-31,552.67,416.67,136.0,0.0,successful
REPAY_LN000092_12,LN000092,2026-01-31,2026-01-31,552.67,416.67,136.0,0.0,successful
REPAY_LN000092_13,LN000092,2026-03-01,2026-03-01,552.67,416.67,136.0,0.0,successful
REPAY_LN000092_14,LN000092,2026-03-31,2026-03-31,552.67,416.67,136.0,0.0,successful
REPAY_LN000092_15,LN000092,2026-05-01,2026-05-01,552.67,416.67,136.0,0.0,successful
REPAY_LN000093_01,LN000093,2025-03-02,2025-03-02,1950.67,1666.67,284.0,0.0,successful
REPAY_LN000093_02,LN000093,2025-04-01,2025-04-01,1950.67,1666.67,284.0,0.0,successful
REPAY_LN000093_03,LN000093,2025-05-01,2025-05-01,1950.67,1666.67,284.0,0.0,successful
REPAY_LN000093_04,LN000093,2025-06-01,2025-06-01,1950.67,1666.67,284.0,0.0,successful
REPAY_LN000093_05,LN000093,2025-07-02,2025-07-02,1950.67,1666.67,284.0,0.0,successful
REPAY_LN000093_06,LN000093,2025-08-01,2025-08-01,1950.67,1666.67,284.0,0.0,successful
REPAY_LN000093_07,LN000093,2025-08-30,2025-08-30,1950.67,1666.67,284.0,0.0,successful
REPAY_LN000093_08,LN000093,2025-10-01,2025-10-01,1950.67,1666.67,284.0,0.0,successful
REPAY_LN000093_09,LN000093,2025-10-30,2025-10-30,1950.67,1666.67,284.0,0.0,successful
REPAY_LN000093_10,LN000093,2025-11-30,2025-11-30,1950.67,1666.67,284.0,0.0,successful
REPAY_LN000093_11,LN000093,2025-12-31,2025-12-31,1950.67,1666.67,284.0,0.0,successful
REPAY_LN000093_12,LN000093,2026-01-30,2026-01-30,1950.63,1666.63,284.0,0.0,successful
REPAY_LN000094_01,LN000094,2025-02-28,2025-02-28,3482.83,3333.33,149.5,0.0,successful
REPAY_LN000094_02,LN000094,2025-03-30,2025-03-30,3482.83,3333.33,149.5,0.0,successful
REPAY_LN000094_03,LN000094,2025-05-01,2025-05-01,3482.83,3333.33,149.5,0.0,successful
REPAY_LN000094_04,LN000094,2025-06-01,2025-06-01,3482.83,3333.33,149.5,0.0,successful
REPAY_LN000094_05,LN000094,2025-07-01,2025-07-01,3482.83,3333.33,149.5,0.0,successful
REPAY_LN000094_06,LN000094,2025-07-31,2025-07-31,3482.85,3333.35,149.5,0.0,successful
REPAY_LN000095_01,LN000095,2025-03-01,2025-03-01,1805.75,1666.67,139.08,0.0,successful
REPAY_LN000095_02,LN000095,2025-03-30,2025-03-30,1805.75,1666.67,139.08,0.0,successful
REPAY_LN000095_03,LN000095,2025-05-02,2025-05-02,1805.75,1666.67,139.08,0.0,successful
REPAY_LN000095_04,LN000095,2025-05-31,2025-05-31,1805.75,1666.67,139.08,0.0,successful
REPAY_LN000095_05,LN000095,2025-07-01,2025-07-01,1805.75,1666.67,139.08,0.0,successful
REPAY_LN000095_06,LN000095,2025-08-01,2025-08-01,1805.73,1666.65,139.08,0.0,successful
REPAY_LN000096_01,LN000096,2025-03-02,2025-03-02,889.45,833.33,56.12,0.0,successful
REPAY_LN000096_02,LN000096,2025-03-31,2025-03-31,889.45,833.33,56.12,0.0,successful
REPAY_LN000096_03_FAIL,LN000096,2025-05-03,2025-05-03,889.45,833.33,56.12,0.0,failed
REPAY_LN000096_04_FAIL,LN000096,2025-06-01,2025-06-01,889.45,833.33,56.12,0.0,failed
REPAY_LN000097_01,LN000097,2025-03-01,2025-03-01,203.97,138.89,65.08,0.0,successful
REPAY_LN000097_02,LN000097,2025-03-31,2025-03-31,203.97,138.89,65.08,0.0,successful
REPAY_LN000097_03,LN000097,2025-05-02,2025-05-02,203.97,138.89,65.08,0.0,successful
REPAY_LN000097_04,LN000097,2025-05-31,2025-05-31,203.97,138.89,65.08,0.0,successful
REPAY_LN000097_05,LN000097,2025-07-02,2025-07-02,203.97,138.89,65.08,0.0,successful
REPAY_LN000097_06,LN000097,2025-07-31,2025-07-31,203.97,138.89,65.08,0.0,successful
REPAY_LN000097_07,LN000097,2025-09-01,2025-09-01,203.97,138.89,65.08,0.0,successful
REPAY_LN000097_08,LN000097,2025-09-30,2025-09-30,203.97,138.89,65.08,0.0,successful
REPAY_LN000097_09,LN000097,2025-11-01,2025-11-01,203.97,138.89,65.08,0.0,successful
REPAY_LN000097_10,LN000097,2025-12-02,2025-12-02,203.97,138.89,65.08,0.0,successful
REPAY_LN000097_11,LN000097,2026-01-01,2026-01-01,203.97,138.89,65.08,0.0,successful
REPAY_LN000097_12,LN000097,2026-02-02,2026-02-02,203.97,138.89,65.08,0.0,successful
REPAY_LN000097_13,LN000097,2026-03-02,2026-03-02,203.97,138.89,65.08,0.0,successful
REPAY_LN000097_14,LN000097,2026-04-01,2026-04-01,203.97,138.89,65.08,0.0,successful
REPAY_LN000097_15,LN000097,2026-05-01,2026-05-01,203.97,138.89,65.08,0.0,successful
REPAY_LN000098_01,LN000098,2025-03-01,2025-03-01,1475.26,1333.33,141.93,0.0,successful
REPAY_LN000098_02,LN000098,2025-04-02,2025-04-02,1475.26,1333.33,141.93,0.0,successful
REPAY_LN000098_03_FAIL,LN000098,2025-05-03,2025-05-03,1475.26,1333.33,141.93,0.0,failed
REPAY_LN000098_04_FAIL,LN000098,2025-06-03,2025-06-03,1475.26,1333.33,141.93,0.0,failed
REPAY_LN000099_01,LN000099,2025-03-02,2025-03-02,507.92,416.67,91.25,0.0,successful
REPAY_LN000099_02,LN000099,2025-04-03,2025-04-03,507.92,416.67,91.25,0.0,successful
REPAY_LN000099_03,LN000099,2025-05-02,2025-05-02,507.92,416.67,91.25,0.0,successful
REPAY_LN000099_04,LN000099,2025-06-02,2025-06-02,507.92,416.67,91.25,0.0,successful
REPAY_LN000099_05,LN000099,2025-07-02,2025-07-02,507.92,416.67,91.25,0.0,successful
REPAY_LN000099_06,LN000099,2025-08-02,2025-08-02,507.92,416.67,91.25,0.0,successful
REPAY_LN000099_07,LN000099,2025-09-03,2025-09-03,507.92,416.67,91.25,0.0,successful
REPAY_LN000099_08,LN000099,2025-10-01,2025-10-01,507.92,416.67,91.25,0.0,successful
REPAY_LN000099_09,LN000099,2025-11-01,2025-11-01,507.92,416.67,91.25,0.0,successful
REPAY_LN000099_10,LN000099,2025-12-01,2025-12-01,507.92,416.67,91.25,0.0,successful
REPAY_LN000099_11,LN000099,2026-01-01,2026-01-01,507.92,416.67,91.25,0.0,successful
REPAY_LN000099_12,LN000099,2026-02-01,2026-02-01,507.92,416.67,91.25,0.0,successful
REPAY_LN000099_13,LN000099,2026-03-03,2026-03-03,507.92,416.67,91.25,0.0,successful
REPAY_LN000099_14,LN000099,2026-04-01,2026-04-01,507.92,416.67,91.25,0.0,successful
REPAY_LN000099_15,LN000099,2026-05-03,2026-05-03,507.92,416.67,91.25,0.0,successful
REPAY_LN000100_01,LN000100,2025-03-03,2025-03-03,1385.5,1250.0,135.5,0.0,successful
REPAY_LN000100_02,LN000100,2025-04-01,2025-04-01,1385.5,1250.0,135.5,0.0,successful
REPAY_LN000100_03,LN000100,2025-05-01,2025-05-01,1385.5,1250.0,135.5,0.0,successful
REPAY_LN000100_04,LN000100,2025-06-01,2025-06-01,1385.5,1250.0,135.5,0.0,successful
REPAY_LN000100_05,LN000100,2025-07-02,2025-07-02,1385.5,1250.0,135.5,0.0,successful
REPAY_LN000100_06,LN000100,2025-08-03,2025-08-03,1385.5,1250.0,135.5,0.0,successful
REPAY_LN000100_07,LN000100,2025-09-01,2025-09-01,1385.5,1250.0,135.5,0.0,successful
REPAY_LN000100_08,LN000100,2025-10-02,2025-10-02,1385.5,1250.0,135.5,0.0,successful
REPAY_LN000100_09,LN000100,2025-11-03,2025-11-03,1385.5,1250.0,135.5,0.0,successful
REPAY_LN000100_10,LN000100,2025-12-02,2025-12-02,1385.5,1250.0,135.5,0.0,successful
REPAY_LN000100_11,LN000100,2026-01-02,2026-01-02,1385.5,1250.0,135.5,0.0,successful
REPAY_LN000100_12,LN000100,2026-02-01,2026-02-01,1385.5,1250.0,135.5,0.0,successful
REPAY_LN000101_01,LN000101,2025-03-03,2025-03-03,1762.84,1666.67,96.17,0.0,successful
REPAY_LN000101_02_FAIL,LN000101,2025-04-05,2025-04-05,1762.84,1666.67,96.17,0.0,failed
REPAY_LN000101_03_FAIL,LN000101,2025-05-02,2025-05-02,1762.84,1666.67,96.17,0.0,failed
REPAY_LN000102_01,LN000102,2025-03-04,2025-03-04,173.93,138.89,35.04,0.0,successful
REPAY_LN000102_02,LN000102,2025-04-03,2025-04-03,173.93,138.89,35.04,0.0,successful
REPAY_LN000102_03,LN000102,2025-05-03,2025-05-03,173.93,138.89,35.04,0.0,successful
REPAY_LN000102_04,LN000102,2025-06-04,2025-06-04,173.93,138.89,35.04,0.0,successful
REPAY_LN000102_05,LN000102,2025-07-03,2025-07-03,173.93,138.89,35.04,0.0,successful
REPAY_LN000102_06,LN000102,2025-08-03,2025-08-03,173.93,138.89,35.04,0.0,successful
REPAY_LN000102_07,LN000102,2025-09-03,2025-09-03,173.93,138.89,35.04,0.0,successful
REPAY_LN000102_08,LN000102,2025-10-02,2025-10-02,173.93,138.89,35.04,0.0,successful
REPAY_LN000102_09,LN000102,2025-11-02,2025-11-02,173.93,138.89,35.04,0.0,successful
REPAY_LN000102_10,LN000102,2025-12-03,2025-12-03,173.93,138.89,35.04,0.0,successful
REPAY_LN000102_11,LN000102,2026-01-04,2026-01-04,173.93,138.89,35.04,0.0,successful
REPAY_LN000102_12,LN000102,2026-02-02,2026-02-02,173.93,138.89,35.04,0.0,successful
REPAY_LN000102_13,LN000102,2026-03-04,2026-03-04,173.93,138.89,35.04,0.0,successful
REPAY_LN000102_14,LN000102,2026-04-03,2026-04-03,173.93,138.89,35.04,0.0,successful
REPAY_LN000102_15,LN000102,2026-05-03,2026-05-03,173.93,138.89,35.04,0.0,successful
REPAY_LN000103_01,LN000103,2025-03-04,2025-03-04,2927.75,2500.0,427.75,0.0,successful
REPAY_LN000103_02,LN000103,2025-04-02,2025-04-02,2927.75,2500.0,427.75,0.0,successful
REPAY_LN000103_03,LN000103,2025-05-04,2025-05-04,2927.75,2500.0,427.75,0.0,successful
REPAY_LN000103_04,LN000103,2025-06-04,2025-06-04,2927.75,2500.0,427.75,0.0,successful
REPAY_LN000103_05,LN000103,2025-07-03,2025-07-03,2927.75,2500.0,427.75,0.0,successful
REPAY_LN000103_06,LN000103,2025-08-02,2025-08-02,2927.75,2500.0,427.75,0.0,successful
REPAY_LN000103_07,LN000103,2025-09-04,2025-09-04,2927.75,2500.0,427.75,0.0,successful
REPAY_LN000103_08,LN000103,2025-10-02,2025-10-02,2927.75,2500.0,427.75,0.0,successful
REPAY_LN000103_09,LN000103,2025-11-03,2025-11-03,2927.75,2500.0,427.75,0.0,successful
REPAY_LN000103_10,LN000103,2025-12-02,2025-12-02,2927.75,2500.0,427.75,0.0,successful
REPAY_LN000103_11,LN000103,2026-01-03,2026-01-03,2927.75,2500.0,427.75,0.0,successful
REPAY_LN000103_12,LN000103,2026-02-02,2026-02-02,2927.75,2500.0,427.75,0.0,successful
REPAY_LN000104_01,LN000104,2025-03-04,2025-03-04,897.0,833.33,63.67,0.0,successful
REPAY_LN000104_02,LN000104,2025-04-03,2025-04-03,897.0,833.33,63.67,0.0,successful
REPAY_LN000104_03,LN000104,2025-05-04,2025-05-04,897.0,833.33,63.67,0.0,successful
REPAY_LN000104_04,LN000104,2025-06-03,2025-06-03,897.0,833.33,63.67,0.0,successful
REPAY_LN000104_05,LN000104,2025-07-02,2025-07-02,897.0,833.33,63.67,0.0,successful
REPAY_LN000104_06,LN000104,2025-08-02,2025-08-02,897.0,833.33,63.67,0.0,successful
REPAY_LN000104_07,LN000104,2025-09-03,2025-09-03,897.0,833.33,63.67,0.0,successful
REPAY_LN000104_08,LN000104,2025-10-03,2025-10-03,897.0,833.33,63.67,0.0,successful
REPAY_LN000104_09,LN000104,2025-11-03,2025-11-03,897.0,833.33,63.67,0.0,successful
REPAY_LN000104_10,LN000104,2025-12-02,2025-12-02,897.0,833.33,63.67,0.0,successful
REPAY_LN000104_11,LN000104,2026-01-03,2026-01-03,897.0,833.33,63.67,0.0,successful
REPAY_LN000104_12,LN000104,2026-02-03,2026-02-03,897.04,833.37,63.67,0.0,successful
REPAY_LN000105_01,LN000105,2025-03-05,2025-03-05,365.69,222.22,143.47,0.0,successful
REPAY_LN000105_02,LN000105,2025-04-04,2025-04-04,365.69,222.22,143.47,0.0,successful
REPAY_LN000105_03,LN000105,2025-05-05,2025-05-05,365.69,222.22,143.47,0.0,successful
REPAY_LN000105_04,LN000105,2025-06-05,2025-06-05,365.69,222.22,143.47,0.0,successful
REPAY_LN000105_05,LN000105,2025-07-05,2025-07-05,365.69,222.22,143.47,0.0,successful
REPAY_LN000105_06,LN000105,2025-08-03,2025-08-03,365.69,222.22,143.47,0.0,successful
REPAY_LN000105_07,LN000105,2025-09-05,2025-09-05,365.69,222.22,143.47,0.0,successful
REPAY_LN000105_08,LN000105,2025-10-04,2025-10-04,365.69,222.22,143.47,0.0,successful
REPAY_LN000105_09,LN000105,2025-11-03,2025-11-03,365.69,222.22,143.47,0.0,successful
REPAY_LN000105_10,LN000105,2025-12-03,2025-12-03,365.69,222.22,143.47,0.0,successful
REPAY_LN000105_11,LN000105,2026-01-03,2026-01-03,365.69,222.22,143.47,0.0,successful
REPAY_LN000105_12,LN000105,2026-02-03,2026-02-03,365.69,222.22,143.47,0.0,successful
REPAY_LN000105_13,LN000105,2026-03-03,2026-03-03,365.69,222.22,143.47,0.0,successful
REPAY_LN000105_14,LN000105,2026-04-03,2026-04-03,365.69,222.22,143.47,0.0,successful
REPAY_LN000105_15,LN000105,2026-05-03,2026-05-03,365.69,222.22,143.47,0.0,successful
REPAY_LN000106_01,LN000106,2025-03-05,2025-03-05,465.6,333.33,132.27,0.0,successful
REPAY_LN000106_02,LN000106,2025-04-04,2025-04-04,465.6,333.33,132.27,0.0,successful
REPAY_LN000106_03,LN000106,2025-05-04,2025-05-04,465.6,333.33,132.27,0.0,successful
REPAY_LN000106_04,LN000106,2025-06-05,2025-06-05,465.6,333.33,132.27,0.0,successful
REPAY_LN000106_05,LN000106,2025-07-05,2025-07-05,465.6,333.33,132.27,0.0,successful
REPAY_LN000106_06,LN000106,2025-08-03,2025-08-03,465.6,333.33,132.27,0.0,successful
REPAY_LN000106_07,LN000106,2025-09-03,2025-09-03,465.6,333.33,132.27,0.0,successful
REPAY_LN000106_08,LN000106,2025-10-05,2025-10-05,465.6,333.33,132.27,0.0,successful
REPAY_LN000106_09,LN000106,2025-11-03,2025-11-03,465.6,333.33,132.27,0.0,successful
REPAY_LN000106_10,LN000106,2025-12-04,2025-12-04,465.6,333.33,132.27,0.0,successful
REPAY_LN000106_11,LN000106,2026-01-04,2026-01-04,465.6,333.33,132.27,0.0,successful
REPAY_LN000106_12,LN000106,2026-02-03,2026-02-03,465.6,333.33,132.27,0.0,successful
REPAY_LN000106_13,LN000106,2026-03-03,2026-03-03,465.6,333.33,132.27,0.0,successful
REPAY_LN000106_14,LN000106,2026-04-03,2026-04-03,465.6,333.33,132.27,0.0,successful
REPAY_LN000106_15,LN000106,2026-05-04,2026-05-04,465.6,333.33,132.27,0.0,successful
REPAY_LN000107_01,LN000107,2025-03-03,2025-03-03,1273.78,1111.11,162.67,0.0,successful
REPAY_LN000107_02,LN000107,2025-04-05,2025-04-05,1273.78,1111.11,162.67,0.0,successful
REPAY_LN000107_03,LN000107,2025-05-03,2025-05-03,1273.78,1111.11,162.67,0.0,successful
REPAY_LN000107_04,LN000107,2025-06-05,2025-06-05,1273.78,1111.11,162.67,0.0,successful
REPAY_LN000107_05,LN000107,2025-07-03,2025-07-03,1273.78,1111.11,162.67,0.0,successful
REPAY_LN000107_06,LN000107,2025-08-03,2025-08-03,1273.78,1111.11,162.67,0.0,successful
REPAY_LN000107_07,LN000107,2025-09-04,2025-09-04,1273.78,1111.11,162.67,0.0,successful
REPAY_LN000107_08,LN000107,2025-10-05,2025-10-05,1273.78,1111.11,162.67,0.0,successful
REPAY_LN000107_09,LN000107,2025-11-05,2025-11-05,1273.78,1111.11,162.67,0.0,successful
REPAY_LN000107_10,LN000107,2025-12-05,2025-12-05,1273.78,1111.11,162.67,0.0,successful
REPAY_LN000107_11,LN000107,2026-01-04,2026-01-04,1273.78,1111.11,162.67,0.0,successful
REPAY_LN000107_12,LN000107,2026-02-05,2026-02-05,1273.78,1111.11,162.67,0.0,successful
REPAY_LN000107_13,LN000107,2026-03-04,2026-03-04,1273.78,1111.11,162.67,0.0,successful
REPAY_LN000107_14,LN000107,2026-04-03,2026-04-03,1273.78,1111.11,162.67,0.0,successful
REPAY_LN000107_15,LN000107,2026-05-03,2026-05-03,1273.78,1111.11,162.67,0.0,successful
REPAY_LN000108_01,LN000108,2025-03-06,2025-03-06,2615.88,2500.0,115.88,0.0,successful
REPAY_LN000108_02,LN000108,2025-04-04,2025-04-04,2615.88,2500.0,115.88,0.0,successful
REPAY_LN000108_03,LN000108,2025-05-04,2025-05-04,2615.88,2500.0,115.88,0.0,successful
REPAY_LN000108_04,LN000108,2025-06-06,2025-06-06,2615.88,2500.0,115.88,0.0,successful
REPAY_LN000108_05,LN000108,2025-07-04,2025-07-04,2615.88,2500.0,115.88,0.0,successful
REPAY_LN000108_06,LN000108,2025-08-06,2025-08-06,2615.88,2500.0,115.88,0.0,successful
REPAY_LN000109_01,LN000109,2025-03-06,2025-03-06,556.64,444.44,112.2,0.0,successful
REPAY_LN000109_02,LN000109,2025-04-04,2025-04-04,556.64,444.44,112.2,0.0,successful
REPAY_LN000109_03,LN000109,2025-05-04,2025-05-04,556.64,444.44,112.2,0.0,successful
REPAY_LN000109_04,LN000109,2025-06-04,2025-06-04,556.64,444.44,112.2,0.0,successful
REPAY_LN000109_05,LN000109,2025-07-04,2025-07-04,556.64,444.44,112.2,0.0,successful
REPAY_LN000109_06_FAIL,LN000109,2025-08-08,2025-08-08,556.64,444.44,112.2,0.0,failed
REPAY_LN000109_07_FAIL,LN000109,2025-09-05,2025-09-05,556.64,444.44,112.2,0.0,failed
REPAY_LN000110_01,LN000110,2025-03-05,2025-03-05,283.49,222.22,61.27,0.0,successful
REPAY_LN000110_02,LN000110,2025-04-04,2025-04-04,283.49,222.22,61.27,0.0,successful
REPAY_LN000110_03,LN000110,2025-05-05,2025-05-05,283.49,222.22,61.27,0.0,successful
REPAY_LN000110_04,LN000110,2025-06-06,2025-06-06,283.49,222.22,61.27,0.0,successful
REPAY_LN000110_05,LN000110,2025-07-04,2025-07-04,283.49,222.22,61.27,0.0,successful
REPAY_LN000110_06,LN000110,2025-08-04,2025-08-04,283.49,222.22,61.27,0.0,successful
REPAY_LN000110_07,LN000110,2025-09-04,2025-09-04,283.49,222.22,61.27,0.0,successful
REPAY_LN000110_08,LN000110,2025-10-06,2025-10-06,283.49,222.22,61.27,0.0,successful
REPAY_LN000110_09,LN000110,2025-11-05,2025-11-05,283.49,222.22,61.27,0.0,successful
REPAY_LN000110_10,LN000110,2025-12-05,2025-12-05,283.49,222.22,61.27,0.0,successful
REPAY_LN000110_11,LN000110,2026-01-04,2026-01-04,283.49,222.22,61.27,0.0,successful
REPAY_LN000110_12,LN000110,2026-02-04,2026-02-04,283.49,222.22,61.27,0.0,successful
REPAY_LN000110_13,LN000110,2026-03-04,2026-03-04,283.49,222.22,61.27,0.0,successful
REPAY_LN000110_14,LN000110,2026-04-04,2026-04-04,283.49,222.22,61.27,0.0,successful
REPAY_LN000110_15,LN000110,2026-05-06,2026-05-06,283.49,222.22,61.27,0.0,successful
REPAY_LN000111_01,LN000111,2025-03-05,2025-03-05,722.14,666.67,55.47,0.0,successful
REPAY_LN000111_02,LN000111,2025-04-06,2025-04-06,722.14,666.67,55.47,0.0,successful
REPAY_LN000111_03_FAIL,LN000111,2025-05-09,2025-05-09,722.14,666.67,55.47,0.0,failed
REPAY_LN000111_04_FAIL,LN000111,2025-06-07,2025-06-07,722.14,666.67,55.47,0.0,failed
REPAY_LN000112_01,LN000112,2025-03-05,2025-03-05,354.36,277.78,76.58,0.0,successful
REPAY_LN000112_02,LN000112,2025-04-05,2025-04-05,354.36,277.78,76.58,0.0,successful
REPAY_LN000112_03,LN000112,2025-05-07,2025-05-07,354.36,277.78,76.58,0.0,successful
REPAY_LN000112_04,LN000112,2025-06-05,2025-06-05,354.36,277.78,76.58,0.0,successful
REPAY_LN000112_05,LN000112,2025-07-05,2025-07-05,354.36,277.78,76.58,0.0,successful
REPAY_LN000112_06,LN000112,2025-08-05,2025-08-05,354.36,277.78,76.58,0.0,successful
REPAY_LN000112_07,LN000112,2025-09-06,2025-09-06,354.36,277.78,76.58,0.0,successful
REPAY_LN000112_08,LN000112,2025-10-07,2025-10-07,354.36,277.78,76.58,0.0,successful
REPAY_LN000112_09,LN000112,2025-11-06,2025-11-06,354.36,277.78,76.58,0.0,successful
REPAY_LN000112_10,LN000112,2025-12-07,2025-12-07,354.36,277.78,76.58,0.0,successful
REPAY_LN000112_11,LN000112,2026-01-06,2026-01-06,354.36,277.78,76.58,0.0,successful
REPAY_LN000112_12,LN000112,2026-02-05,2026-02-05,354.36,277.78,76.58,0.0,successful
REPAY_LN000112_13,LN000112,2026-03-06,2026-03-06,354.36,277.78,76.58,0.0,successful
REPAY_LN000112_14,LN000112,2026-04-06,2026-04-06,354.36,277.78,76.58,0.0,successful
REPAY_LN000113_01,LN000113,2025-03-07,2025-03-07,278.12,208.33,69.79,0.0,successful
REPAY_LN000113_02,LN000113,2025-04-07,2025-04-07,278.12,208.33,69.79,0.0,successful
REPAY_LN000113_03,LN000113,2025-05-06,2025-05-06,278.12,208.33,69.79,0.0,successful
REPAY_LN000113_04,LN000113,2025-06-07,2025-06-07,278.12,208.33,69.79,0.0,successful
REPAY_LN000113_05,LN000113,2025-07-07,2025-07-07,278.12,208.33,69.79,0.0,successful
REPAY_LN000113_06,LN000113,2025-08-07,2025-08-07,278.12,208.33,69.79,0.0,successful
REPAY_LN000113_07,LN000113,2025-09-07,2025-09-07,278.12,208.33,69.79,0.0,successful
REPAY_LN000113_08,LN000113,2025-10-07,2025-10-07,278.12,208.33,69.79,0.0,successful
REPAY_LN000113_09,LN000113,2025-11-06,2025-11-06,278.12,208.33,69.79,0.0,successful
REPAY_LN000113_10,LN000113,2025-12-07,2025-12-07,278.12,208.33,69.79,0.0,successful
REPAY_LN000113_11,LN000113,2026-01-05,2026-01-05,278.12,208.33,69.79,0.0,successful
REPAY_LN000113_12,LN000113,2026-02-06,2026-02-06,278.12,208.33,69.79,0.0,successful
REPAY_LN000113_13,LN000113,2026-03-06,2026-03-06,278.12,208.33,69.79,0.0,successful
REPAY_LN000113_14,LN000113,2026-04-06,2026-04-06,278.12,208.33,69.79,0.0,successful
REPAY_LN000114_01,LN000114,2025-03-08,2025-03-08,488.84,444.44,44.4,0.0,successful
REPAY_LN000114_02,LN000114,2025-04-06,2025-04-06,488.84,444.44,44.4,0.0,successful
REPAY_LN000114_03,LN000114,2025-05-08,2025-05-08,488.84,444.44,44.4,0.0,successful
REPAY_LN000114_04,LN000114,2025-06-07,2025-06-07,488.84,444.44,44.4,0.0,successful
REPAY_LN000114_05,LN000114,2025-07-07,2025-07-07,488.84,444.44,44.4,0.0,successful
REPAY_LN000114_06,LN000114,2025-08-07,2025-08-07,488.84,444.44,44.4,0.0,successful
REPAY_LN000114_07,LN000114,2025-09-07,2025-09-07,488.84,444.44,44.4,0.0,successful
REPAY_LN000114_08,LN000114,2025-10-08,2025-10-08,488.84,444.44,44.4,0.0,successful
REPAY_LN000114_09,LN000114,2025-11-06,2025-11-06,488.84,444.44,44.4,0.0,successful
REPAY_LN000114_10,LN000114,2025-12-06,2025-12-06,488.84,444.44,44.4,0.0,successful
REPAY_LN000114_11,LN000114,2026-01-07,2026-01-07,488.84,444.44,44.4,0.0,successful
REPAY_LN000114_12,LN000114,2026-02-06,2026-02-06,488.84,444.44,44.4,0.0,successful
REPAY_LN000114_13,LN000114,2026-03-07,2026-03-07,488.84,444.44,44.4,0.0,successful
REPAY_LN000114_14,LN000114,2026-04-07,2026-04-07,488.84,444.44,44.4,0.0,successful
REPAY_LN000115_01,LN000115,2025-03-06,2025-03-06,1349.12,1250.0,99.12,0.0,successful
REPAY_LN000115_02,LN000115,2025-04-07,2025-04-07,1349.12,1250.0,99.12,0.0,successful
REPAY_LN000115_03,LN000115,2025-05-06,2025-05-06,1349.12,1250.0,99.12,0.0,successful
REPAY_LN000115_04,LN000115,2025-06-07,2025-06-07,1349.12,1250.0,99.12,0.0,successful
REPAY_LN000115_05,LN000115,2025-07-06,2025-07-06,1349.12,1250.0,99.12,0.0,successful
REPAY_LN000115_06,LN000115,2025-08-07,2025-08-07,1349.12,1250.0,99.12,0.0,successful
REPAY_LN000115_07,LN000115,2025-09-06,2025-09-06,1349.12,1250.0,99.12,0.0,successful
REPAY_LN000115_08,LN000115,2025-10-07,2025-10-07,1349.12,1250.0,99.12,0.0,successful
REPAY_LN000115_09,LN000115,2025-11-07,2025-11-07,1349.12,1250.0,99.12,0.0,successful
REPAY_LN000115_10,LN000115,2025-12-07,2025-12-07,1349.12,1250.0,99.12,0.0,successful
REPAY_LN000115_11,LN000115,2026-01-06,2026-01-06,1349.12,1250.0,99.12,0.0,successful
REPAY_LN000115_12,LN000115,2026-02-08,2026-02-08,1349.12,1250.0,99.12,0.0,successful
REPAY_LN000116_01,LN000116,2025-03-06,2025-03-06,3488.0,3333.33,154.67,0.0,successful
REPAY_LN000116_02_FAIL,LN000116,2025-04-08,2025-04-08,3488.0,3333.33,154.67,0.0,failed
REPAY_LN000116_03_FAIL,LN000116,2025-05-10,2025-05-10,3488.0,3333.33,154.67,0.0,failed
REPAY_LN000117_01,LN000117,2025-03-08,2025-03-08,884.04,833.33,50.71,0.0,successful
REPAY_LN000117_02,LN000117,2025-04-08,2025-04-08,884.04,833.33,50.71,0.0,successful
REPAY_LN000117_03,LN000117,2025-05-08,2025-05-08,884.04,833.33,50.71,0.0,successful
REPAY_LN000117_04,LN000117,2025-06-09,2025-06-09,884.04,833.33,50.71,0.0,successful
REPAY_LN000117_05,LN000117,2025-07-09,2025-07-09,884.04,833.33,50.71,0.0,successful
REPAY_LN000117_06,LN000117,2025-08-08,2025-08-08,884.06,833.35,50.71,0.0,successful
REPAY_LN000118_01,LN000118,2025-03-08,2025-03-08,717.07,666.67,50.4,0.0,successful
REPAY_LN000118_02,LN000118,2025-04-08,2025-04-08,717.07,666.67,50.4,0.0,successful
REPAY_LN000118_03,LN000118,2025-05-09,2025-05-09,717.07,666.67,50.4,0.0,successful
REPAY_LN000118_04,LN000118,2025-06-09,2025-06-09,717.07,666.67,50.4,0.0,successful
REPAY_LN000118_05,LN000118,2025-07-07,2025-07-07,717.07,666.67,50.4,0.0,successful
REPAY_LN000118_06,LN000118,2025-08-07,2025-08-07,717.07,666.67,50.4,0.0,successful
REPAY_LN000118_07,LN000118,2025-09-08,2025-09-08,717.07,666.67,50.4,0.0,successful
REPAY_LN000118_08,LN000118,2025-10-08,2025-10-08,717.07,666.67,50.4,0.0,successful
REPAY_LN000118_09,LN000118,2025-11-09,2025-11-09,717.07,666.67,50.4,0.0,successful
REPAY_LN000118_10,LN000118,2025-12-08,2025-12-08,717.07,666.67,50.4,0.0,successful
REPAY_LN000118_11,LN000118,2026-01-08,2026-01-08,717.07,666.67,50.4,0.0,successful
REPAY_LN000118_12,LN000118,2026-02-09,2026-02-09,717.03,666.63,50.4,0.0,successful
REPAY_LN000119_01,LN000119,2025-03-09,2025-03-09,1875.67,1666.67,209.0,0.0,successful
REPAY_LN000119_02,LN000119,2025-04-09,2025-04-09,1875.67,1666.67,209.0,0.0,successful
REPAY_LN000119_03,LN000119,2025-05-09,2025-05-09,1875.67,1666.67,209.0,0.0,successful
REPAY_LN000119_04,LN000119,2025-06-07,2025-06-07,1875.67,1666.67,209.0,0.0,successful
REPAY_LN000119_05,LN000119,2025-07-09,2025-07-09,1875.67,1666.67,209.0,0.0,successful
REPAY_LN000119_06,LN000119,2025-08-09,2025-08-09,1875.67,1666.67,209.0,0.0,successful
REPAY_LN000119_07,LN000119,2025-09-08,2025-09-08,1875.67,1666.67,209.0,0.0,successful
REPAY_LN000119_08,LN000119,2025-10-08,2025-10-08,1875.67,1666.67,209.0,0.0,successful
REPAY_LN000119_09,LN000119,2025-11-08,2025-11-08,1875.67,1666.67,209.0,0.0,successful
REPAY_LN000119_10,LN000119,2025-12-07,2025-12-07,1875.67,1666.67,209.0,0.0,successful
REPAY_LN000119_11,LN000119,2026-01-09,2026-01-09,1875.67,1666.67,209.0,0.0,successful
REPAY_LN000119_12,LN000119,2026-02-09,2026-02-09,1875.63,1666.63,209.0,0.0,successful
REPAY_LN000120_01,LN000120,2025-03-08,2025-03-08,935.73,555.56,380.17,0.0,successful
REPAY_LN000120_02,LN000120,2025-04-10,2025-04-10,935.73,555.56,380.17,0.0,successful
REPAY_LN000120_03,LN000120,2025-05-09,2025-05-09,935.73,555.56,380.17,0.0,successful
REPAY_LN000120_04,LN000120,2025-06-08,2025-06-08,935.73,555.56,380.17,0.0,successful
REPAY_LN000120_05,LN000120,2025-07-10,2025-07-10,935.73,555.56,380.17,0.0,successful
REPAY_LN000120_06,LN000120,2025-08-08,2025-08-08,935.73,555.56,380.17,0.0,successful
REPAY_LN000120_07,LN000120,2025-09-08,2025-09-08,935.73,555.56,380.17,0.0,successful
REPAY_LN000120_08,LN000120,2025-10-10,2025-10-10,935.73,555.56,380.17,0.0,successful
REPAY_LN000120_09,LN000120,2025-11-09,2025-11-09,935.73,555.56,380.17,0.0,successful
REPAY_LN000120_10,LN000120,2025-12-10,2025-12-10,935.73,555.56,380.17,0.0,successful
REPAY_LN000120_11,LN000120,2026-01-10,2026-01-10,935.73,555.56,380.17,0.0,successful
REPAY_LN000120_12,LN000120,2026-02-09,2026-02-09,935.73,555.56,380.17,0.0,successful
REPAY_LN000120_13,LN000120,2026-03-10,2026-03-10,935.73,555.56,380.17,0.0,successful
REPAY_LN000120_14,LN000120,2026-04-10,2026-04-10,935.73,555.56,380.17,0.0,successful
REPAY_LN000121_01,LN000121,2025-03-08,2025-03-08,2766.38,2500.0,266.38,0.0,successful
REPAY_LN000121_02,LN000121,2025-04-08,2025-04-08,2766.38,2500.0,266.38,0.0,successful
REPAY_LN000121_03_FAIL,LN000121,2025-05-11,2025-05-11,2766.38,2500.0,266.38,0.0,failed
REPAY_LN000121_04_FAIL,LN000121,2025-06-10,2025-06-10,2766.38,2500.0,266.38,0.0,failed
REPAY_LN000122_01,LN000122,2025-03-08,2025-03-08,1549.38,1250.0,299.38,0.0,successful
REPAY_LN000122_02,LN000122,2025-04-09,2025-04-09,1549.38,1250.0,299.38,0.0,successful
REPAY_LN000122_03,LN000122,2025-05-10,2025-05-10,1549.38,1250.0,299.38,0.0,successful
REPAY_LN000122_04,LN000122,2025-06-08,2025-06-08,1549.38,1250.0,299.38,0.0,successful
REPAY_LN000122_05,LN000122,2025-07-10,2025-07-10,1549.38,1250.0,299.38,0.0,successful
REPAY_LN000122_06,LN000122,2025-08-09,2025-08-09,1549.38,1250.0,299.38,0.0,successful
REPAY_LN000122_07,LN000122,2025-09-08,2025-09-08,1549.38,1250.0,299.38,0.0,successful
REPAY_LN000122_08,LN000122,2025-10-08,2025-10-08,1549.38,1250.0,299.38,0.0,successful
REPAY_LN000122_09,LN000122,2025-11-08,2025-11-08,1549.38,1250.0,299.38,0.0,successful
REPAY_LN000122_10,LN000122,2025-12-08,2025-12-08,1549.38,1250.0,299.38,0.0,successful
REPAY_LN000122_11,LN000122,2026-01-09,2026-01-09,1549.38,1250.0,299.38,0.0,successful
REPAY_LN000122_12,LN000122,2026-02-08,2026-02-08,1549.38,1250.0,299.38,0.0,successful
REPAY_LN000123_01,LN000123,2025-03-10,2025-03-10,2255.42,1666.67,588.75,0.0,successful
REPAY_LN000123_02,LN000123,2025-04-08,2025-04-08,2255.42,1666.67,588.75,0.0,successful
REPAY_LN000123_03,LN000123,2025-05-09,2025-05-09,2255.42,1666.67,588.75,0.0,successful
REPAY_LN000123_04,LN000123,2025-06-08,2025-06-08,2255.42,1666.67,588.75,0.0,successful
REPAY_LN000123_05,LN000123,2025-07-09,2025-07-09,2255.42,1666.67,588.75,0.0,successful
REPAY_LN000123_06,LN000123,2025-08-09,2025-08-09,2255.42,1666.67,588.75,0.0,successful
REPAY_LN000123_07,LN000123,2025-09-10,2025-09-10,2255.42,1666.67,588.75,0.0,successful
REPAY_LN000123_08,LN000123,2025-10-08,2025-10-08,2255.42,1666.67,588.75,0.0,successful
REPAY_LN000123_09,LN000123,2025-11-08,2025-11-08,2255.42,1666.67,588.75,0.0,successful
REPAY_LN000123_10,LN000123,2025-12-08,2025-12-08,2255.42,1666.67,588.75,0.0,successful
REPAY_LN000123_11,LN000123,2026-01-10,2026-01-10,2255.42,1666.67,588.75,0.0,successful
REPAY_LN000123_12,LN000123,2026-02-10,2026-02-10,2255.42,1666.67,588.75,0.0,successful
REPAY_LN000123_13,LN000123,2026-03-09,2026-03-09,2255.42,1666.67,588.75,0.0,successful
REPAY_LN000123_14,LN000123,2026-04-09,2026-04-09,2255.42,1666.67,588.75,0.0,successful
REPAY_LN000124_01,LN000124,2025-03-11,2025-03-11,1997.5,1666.67,330.83,0.0,successful
REPAY_LN000124_02,LN000124,2025-04-11,2025-04-11,1997.5,1666.67,330.83,0.0,successful
REPAY_LN000124_03,LN000124,2025-05-11,2025-05-11,1997.5,1666.67,330.83,0.0,successful
REPAY_LN000124_04_FAIL,LN000124,2025-06-11,2025-06-11,1997.5,1666.67,330.83,0.0,failed
REPAY_LN000124_05_FAIL,LN000124,2025-07-12,2025-07-12,1997.5,1666.67,330.83,0.0,failed
REPAY_LN000125_01,LN000125,2025-03-10,2025-03-10,898.08,833.33,64.75,0.0,successful
REPAY_LN000125_02,LN000125,2025-04-10,2025-04-10,898.08,833.33,64.75,0.0,successful
REPAY_LN000125_03,LN000125,2025-05-09,2025-05-09,898.08,833.33,64.75,0.0,successful
REPAY_LN000125_04,LN000125,2025-06-09,2025-06-09,898.08,833.33,64.75,0.0,successful
REPAY_LN000125_05,LN000125,2025-07-09,2025-07-09,898.08,833.33,64.75,0.0,successful
REPAY_LN000125_06,LN000125,2025-08-10,2025-08-10,898.1,833.35,64.75,0.0,successful
REPAY_LN000126_01,LN000126,2025-03-09,2025-03-09,1469.5,1250.0,219.5,0.0,successful
REPAY_LN000126_02,LN000126,2025-04-09,2025-04-09,1469.5,1250.0,219.5,0.0,successful
REPAY_LN000126_03,LN000126,2025-05-09,2025-05-09,1469.5,1250.0,219.5,0.0,successful
REPAY_LN000126_04,LN000126,2025-06-11,2025-06-11,1469.5,1250.0,219.5,0.0,successful
REPAY_LN000126_05,LN000126,2025-07-10,2025-07-10,1469.5,1250.0,219.5,0.0,successful
REPAY_LN000126_06,LN000126,2025-08-09,2025-08-09,1469.5,1250.0,219.5,0.0,successful
REPAY_LN000126_07,LN000126,2025-09-11,2025-09-11,1469.5,1250.0,219.5,0.0,successful
REPAY_LN000126_08,LN000126,2025-10-11,2025-10-11,1469.5,1250.0,219.5,0.0,successful
REPAY_LN000126_09,LN000126,2025-11-11,2025-11-11,1469.5,1250.0,219.5,0.0,successful
REPAY_LN000126_10,LN000126,2025-12-09,2025-12-09,1469.5,1250.0,219.5,0.0,successful
REPAY_LN000126_11,LN000126,2026-01-11,2026-01-11,1469.5,1250.0,219.5,0.0,successful
REPAY_LN000126_12,LN000126,2026-02-10,2026-02-10,1469.5,1250.0,219.5,0.0,successful
REPAY_LN000126_13,LN000126,2026-03-11,2026-03-11,1469.5,1250.0,219.5,0.0,successful
REPAY_LN000126_14,LN000126,2026-04-11,2026-04-11,1469.5,1250.0,219.5,0.0,successful
REPAY_LN000127_01,LN000127,2025-03-12,2025-03-12,952.33,833.33,119.0,0.0,successful
REPAY_LN000127_02,LN000127,2025-04-12,2025-04-12,952.33,833.33,119.0,0.0,successful
REPAY_LN000127_03,LN000127,2025-05-11,2025-05-11,952.33,833.33,119.0,0.0,successful
REPAY_LN000127_04,LN000127,2025-06-10,2025-06-10,952.33,833.33,119.0,0.0,successful
REPAY_LN000127_05,LN000127,2025-07-11,2025-07-11,952.33,833.33,119.0,0.0,successful
REPAY_LN000127_06,LN000127,2025-08-11,2025-08-11,952.33,833.33,119.0,0.0,successful
REPAY_LN000127_07,LN000127,2025-09-10,2025-09-10,952.33,833.33,119.0,0.0,successful
REPAY_LN000127_08,LN000127,2025-10-12,2025-10-12,952.33,833.33,119.0,0.0,successful
REPAY_LN000127_09,LN000127,2025-11-10,2025-11-10,952.33,833.33,119.0,0.0,successful
REPAY_LN000127_10,LN000127,2025-12-10,2025-12-10,952.33,833.33,119.0,0.0,successful
REPAY_LN000127_11,LN000127,2026-01-11,2026-01-11,952.33,833.33,119.0,0.0,successful
REPAY_LN000127_12,LN000127,2026-02-10,2026-02-10,952.33,833.33,119.0,0.0,successful
REPAY_LN000127_13,LN000127,2026-03-12,2026-03-12,952.33,833.33,119.0,0.0,successful
REPAY_LN000127_14,LN000127,2026-04-11,2026-04-11,952.33,833.33,119.0,0.0,successful
REPAY_LN000128_01,LN000128,2025-03-12,2025-03-12,868.75,833.33,35.42,0.0,successful
REPAY_LN000128_02,LN000128,2025-04-11,2025-04-11,868.75,833.33,35.42,0.0,successful
REPAY_LN000128_03,LN000128,2025-05-12,2025-05-12,868.75,833.33,35.42,0.0,successful
REPAY_LN000128_04,LN000128,2025-06-10,2025-06-10,868.75,833.33,35.42,0.0,successful
REPAY_LN000128_05,LN000128,2025-07-10,2025-07-10,868.75,833.33,35.42,0.0,successful
REPAY_LN000128_06,LN000128,2025-08-10,2025-08-10,868.77,833.35,35.42,0.0,successful
REPAY_LN000129_01,LN000129,2025-03-12,2025-03-12,5335.25,5000.0,335.25,0.0,successful
REPAY_LN000129_02,LN000129,2025-04-11,2025-04-11,5335.25,5000.0,335.25,0.0,successful
REPAY_LN000129_03,LN000129,2025-05-11,2025-05-11,5335.25,5000.0,335.25,0.0,successful
REPAY_LN000129_04,LN000129,2025-06-11,2025-06-11,5335.25,5000.0,335.25,0.0,successful
REPAY_LN000129_05,LN000129,2025-07-10,2025-07-10,5335.25,5000.0,335.25,0.0,successful
REPAY_LN000129_06,LN000129,2025-08-12,2025-08-12,5335.25,5000.0,335.25,0.0,successful
REPAY_LN000130_01,LN000130,2025-03-12,2025-03-12,3652.66,3333.33,319.33,0.0,successful
REPAY_LN000130_02,LN000130,2025-04-13,2025-04-13,3652.66,3333.33,319.33,0.0,successful
REPAY_LN000130_03,LN000130,2025-05-12,2025-05-12,3652.66,3333.33,319.33,0.0,successful
REPAY_LN000130_04,LN000130,2025-06-11,2025-06-11,3652.66,3333.33,319.33,0.0,successful
REPAY_LN000130_05,LN000130,2025-07-13,2025-07-13,3652.66,3333.33,319.33,0.0,successful
REPAY_LN000130_06,LN000130,2025-08-12,2025-08-12,3652.68,3333.35,319.33,0.0,successful
REPAY_LN000131_01,LN000131,2025-03-12,2025-03-12,1005.08,833.33,171.75,0.0,successful
REPAY_LN000131_02,LN000131,2025-04-12,2025-04-12,1005.08,833.33,171.75,0.0,successful
REPAY_LN000131_03,LN000131,2025-05-12,2025-05-12,1005.08,833.33,171.75,0.0,successful
REPAY_LN000131_04,LN000131,2025-06-11,2025-06-11,1005.08,833.33,171.75,0.0,successful
REPAY_LN000131_05,LN000131,2025-07-12,2025-07-12,1005.08,833.33,171.75,0.0,successful
REPAY_LN000131_06,LN000131,2025-08-12,2025-08-12,1005.08,833.33,171.75,0.0,successful
REPAY_LN000131_07,LN000131,2025-09-11,2025-09-11,1005.08,833.33,171.75,0.0,successful
REPAY_LN000131_08,LN000131,2025-10-12,2025-10-12,1005.08,833.33,171.75,0.0,successful
REPAY_LN000131_09,LN000131,2025-11-13,2025-11-13,1005.08,833.33,171.75,0.0,successful
REPAY_LN000131_10,LN000131,2025-12-13,2025-12-13,1005.08,833.33,171.75,0.0,successful
REPAY_LN000131_11,LN000131,2026-01-12,2026-01-12,1005.08,833.33,171.75,0.0,successful
REPAY_LN000131_12,LN000131,2026-02-11,2026-02-11,1005.08,833.33,171.75,0.0,successful
REPAY_LN000131_13,LN000131,2026-03-11,2026-03-11,1005.08,833.33,171.75,0.0,successful
REPAY_LN000131_14,LN000131,2026-04-11,2026-04-11,1005.08,833.33,171.75,0.0,successful
REPAY_LN000132_01,LN000132,2025-03-12,2025-03-12,1354.58,833.33,521.25,0.0,successful
REPAY_LN000132_02,LN000132,2025-04-12,2025-04-12,1354.58,833.33,521.25,0.0,successful
REPAY_LN000132_03,LN000132,2025-05-13,2025-05-13,1354.58,833.33,521.25,0.0,successful
REPAY_LN000132_04,LN000132,2025-06-11,2025-06-11,1354.58,833.33,521.25,0.0,successful
REPAY_LN000132_05,LN000132,2025-07-12,2025-07-12,1354.58,833.33,521.25,0.0,successful
REPAY_LN000132_06,LN000132,2025-08-12,2025-08-12,1354.58,833.33,521.25,0.0,successful
REPAY_LN000132_07,LN000132,2025-09-12,2025-09-12,1354.58,833.33,521.25,0.0,successful
REPAY_LN000132_08,LN000132,2025-10-11,2025-10-11,1354.58,833.33,521.25,0.0,successful
REPAY_LN000132_09,LN000132,2025-11-11,2025-11-11,1354.58,833.33,521.25,0.0,successful
REPAY_LN000132_10,LN000132,2025-12-13,2025-12-13,1354.58,833.33,521.25,0.0,successful
REPAY_LN000132_11,LN000132,2026-01-11,2026-01-11,1354.58,833.33,521.25,0.0,successful
REPAY_LN000132_12,LN000132,2026-02-12,2026-02-12,1354.58,833.33,521.25,0.0,successful
REPAY_LN000132_13,LN000132,2026-03-13,2026-03-13,1354.58,833.33,521.25,0.0,successful
REPAY_LN000132_14,LN000132,2026-04-11,2026-04-11,1354.58,833.33,521.25,0.0,successful
REPAY_LN000133_01,LN000133,2025-03-12,2025-03-12,1396.12,1250.0,146.12,0.0,successful
REPAY_LN000133_02,LN000133,2025-04-12,2025-04-12,1396.12,1250.0,146.12,0.0,successful
REPAY_LN000133_03,LN000133,2025-05-12,2025-05-12,1396.12,1250.0,146.12,0.0,successful
REPAY_LN000133_04,LN000133,2025-06-13,2025-06-13,1396.12,1250.0,146.12,0.0,successful
REPAY_LN000133_05,LN000133,2025-07-12,2025-07-12,1396.12,1250.0,146.12,0.0,successful
REPAY_LN000133_06,LN000133,2025-08-13,2025-08-13,1396.12,1250.0,146.12,0.0,successful
REPAY_LN000133_07,LN000133,2025-09-13,2025-09-13,1396.12,1250.0,146.12,0.0,successful
REPAY_LN000133_08,LN000133,2025-10-13,2025-10-13,1396.12,1250.0,146.12,0.0,successful
REPAY_LN000133_09,LN000133,2025-11-14,2025-11-14,1396.12,1250.0,146.12,0.0,successful
REPAY_LN000133_10,LN000133,2025-12-13,2025-12-13,1396.12,1250.0,146.12,0.0,successful
REPAY_LN000133_11,LN000133,2026-01-12,2026-01-12,1396.12,1250.0,146.12,0.0,successful
REPAY_LN000133_12,LN000133,2026-02-14,2026-02-14,1396.12,1250.0,146.12,0.0,successful
REPAY_LN000134_01,LN000134,2025-03-12,2025-03-12,1388.08,833.33,554.75,0.0,successful
REPAY_LN000134_02,LN000134,2025-04-13,2025-04-13,1388.08,833.33,554.75,0.0,successful
REPAY_LN000134_03,LN000134,2025-05-12,2025-05-12,1388.08,833.33,554.75,0.0,successful
REPAY_LN000134_04,LN000134,2025-06-14,2025-06-14,1388.08,833.33,554.75,0.0,successful
REPAY_LN000134_05,LN000134,2025-07-14,2025-07-14,1388.08,833.33,554.75,0.0,successful
REPAY_LN000134_06,LN000134,2025-08-12,2025-08-12,1388.08,833.33,554.75,0.0,successful
REPAY_LN000134_07,LN000134,2025-09-12,2025-09-12,1388.08,833.33,554.75,0.0,successful
REPAY_LN000134_08,LN000134,2025-10-12,2025-10-12,1388.08,833.33,554.75,0.0,successful
REPAY_LN000134_09,LN000134,2025-11-14,2025-11-14,1388.08,833.33,554.75,0.0,successful
REPAY_LN000134_10,LN000134,2025-12-13,2025-12-13,1388.08,833.33,554.75,0.0,successful
REPAY_LN000134_11,LN000134,2026-01-12,2026-01-12,1388.08,833.33,554.75,0.0,successful
REPAY_LN000134_12,LN000134,2026-02-13,2026-02-13,1388.08,833.33,554.75,0.0,successful
REPAY_LN000134_13,LN000134,2026-03-14,2026-03-14,1388.08,833.33,554.75,0.0,successful
REPAY_LN000134_14,LN000134,2026-04-12,2026-04-12,1388.08,833.33,554.75,0.0,successful
REPAY_LN000135_01,LN000135,2025-03-12,2025-03-12,468.34,416.67,51.67,0.0,successful
REPAY_LN000135_02,LN000135,2025-04-14,2025-04-14,468.34,416.67,51.67,0.0,successful
REPAY_LN000135_03,LN000135,2025-05-12,2025-05-12,468.34,416.67,51.67,0.0,successful
REPAY_LN000135_04,LN000135,2025-06-13,2025-06-13,468.34,416.67,51.67,0.0,successful
REPAY_LN000135_05,LN000135,2025-07-14,2025-07-14,468.34,416.67,51.67,0.0,successful
REPAY_LN000135_06,LN000135,2025-08-14,2025-08-14,468.34,416.67,51.67,0.0,successful
REPAY_LN000135_07,LN000135,2025-09-12,2025-09-12,468.34,416.67,51.67,0.0,successful
REPAY_LN000135_08,LN000135,2025-10-14,2025-10-14,468.34,416.67,51.67,0.0,successful
REPAY_LN000135_09,LN000135,2025-11-12,2025-11-12,468.34,416.67,51.67,0.0,successful
REPAY_LN000135_10,LN000135,2025-12-12,2025-12-12,468.34,416.67,51.67,0.0,successful
REPAY_LN000135_11,LN000135,2026-01-14,2026-01-14,468.34,416.67,51.67,0.0,successful
REPAY_LN000135_12,LN000135,2026-02-12,2026-02-12,468.3,416.63,51.67,0.0,successful
REPAY_LN000136_01,LN000136,2025-03-14,2025-03-14,1966.42,1666.67,299.75,0.0,successful
REPAY_LN000136_02,LN000136,2025-04-14,2025-04-14,1966.42,1666.67,299.75,0.0,successful
REPAY_LN000136_03,LN000136,2025-05-13,2025-05-13,1966.42,1666.67,299.75,0.0,successful
REPAY_LN000136_04,LN000136,2025-06-14,2025-06-14,1966.42,1666.67,299.75,0.0,successful
REPAY_LN000136_05,LN000136,2025-07-13,2025-07-13,1966.42,1666.67,299.75,0.0,successful
REPAY_LN000136_06,LN000136,2025-08-14,2025-08-14,1966.42,1666.67,299.75,0.0,successful
REPAY_LN000136_07,LN000136,2025-09-15,2025-09-15,1966.42,1666.67,299.75,0.0,successful
REPAY_LN000136_08,LN000136,2025-10-13,2025-10-13,1966.42,1666.67,299.75,0.0,successful
REPAY_LN000136_09,LN000136,2025-11-13,2025-11-13,1966.42,1666.67,299.75,0.0,successful
REPAY_LN000136_10,LN000136,2025-12-13,2025-12-13,1966.42,1666.67,299.75,0.0,successful
REPAY_LN000136_11,LN000136,2026-01-13,2026-01-13,1966.42,1666.67,299.75,0.0,successful
REPAY_LN000136_12,LN000136,2026-02-13,2026-02-13,1966.42,1666.67,299.75,0.0,successful
REPAY_LN000136_13,LN000136,2026-03-13,2026-03-13,1966.42,1666.67,299.75,0.0,successful
REPAY_LN000136_14,LN000136,2026-04-15,2026-04-15,1966.42,1666.67,299.75,0.0,successful
REPAY_LN000137_01,LN000137,2025-03-15,2025-03-15,1359.78,1111.11,248.67,0.0,successful
REPAY_LN000137_02,LN000137,2025-04-14,2025-04-14,1359.78,1111.11,248.67,0.0,successful
REPAY_LN000137_03,LN000137,2025-05-13,2025-05-13,1359.78,1111.11,248.67,0.0,successful
REPAY_LN000137_04,LN000137,2025-06-14,2025-06-14,1359.78,1111.11,248.67,0.0,successful
REPAY_LN000137_05,LN000137,2025-07-14,2025-07-14,1359.78,1111.11,248.67,0.0,successful
REPAY_LN000137_06_FAIL,LN000137,2025-08-16,2025-08-16,1359.78,1111.11,248.67,0.0,failed
REPAY_LN000137_07_FAIL,LN000137,2025-09-17,2025-09-17,1359.78,1111.11,248.67,0.0,failed
REPAY_LN000138_01,LN000138,2025-03-14,2025-03-14,3507.83,3333.33,174.5,0.0,successful
REPAY_LN000138_02,LN000138,2025-04-15,2025-04-15,3507.83,3333.33,174.5,0.0,successful
REPAY_LN000138_03,LN000138,2025-05-14,2025-05-14,3507.83,3333.33,174.5,0.0,successful
REPAY_LN000138_04,LN000138,2025-06-13,2025-06-13,3507.83,3333.33,174.5,0.0,successful
REPAY_LN000138_05,LN000138,2025-07-14,2025-07-14,3507.83,3333.33,174.5,0.0,successful
REPAY_LN000138_06,LN000138,2025-08-15,2025-08-15,3507.85,3333.35,174.5,0.0,successful
REPAY_LN000139_01,LN000139,2025-03-15,2025-03-15,303.29,222.22,81.07,0.0,successful
REPAY_LN000139_02,LN000139,2025-04-15,2025-04-15,303.29,222.22,81.07,0.0,successful
REPAY_LN000139_03,LN000139,2025-05-16,2025-05-16,303.29,222.22,81.07,0.0,successful
REPAY_LN000139_04,LN000139,2025-06-14,2025-06-14,303.29,222.22,81.07,0.0,successful
REPAY_LN000139_05,LN000139,2025-07-14,2025-07-14,303.29,222.22,81.07,0.0,successful
REPAY_LN000139_06,LN000139,2025-08-15,2025-08-15,303.29,222.22,81.07,0.0,successful
REPAY_LN000139_07,LN000139,2025-09-15,2025-09-15,303.29,222.22,81.07,0.0,successful
REPAY_LN000139_08,LN000139,2025-10-16,2025-10-16,303.29,222.22,81.07,0.0,successful
REPAY_LN000139_09,LN000139,2025-11-15,2025-11-15,303.29,222.22,81.07,0.0,successful
REPAY_LN000139_10,LN000139,2025-12-15,2025-12-15,303.29,222.22,81.07,0.0,successful
REPAY_LN000139_11,LN000139,2026-01-16,2026-01-16,303.29,222.22,81.07,0.0,successful
REPAY_LN000139_12,LN000139,2026-02-16,2026-02-16,303.29,222.22,81.07,0.0,successful
REPAY_LN000139_13,LN000139,2026-03-15,2026-03-15,303.29,222.22,81.07,0.0,successful
REPAY_LN000139_14_FAIL,LN000139,2026-04-15,2026-04-15,303.29,222.22,81.07,0.0,failed
REPAY_LN000140_01,LN000140,2025-03-15,2025-03-15,817.56,555.56,262.0,0.0,successful
REPAY_LN000140_02,LN000140,2025-04-14,2025-04-14,817.56,555.56,262.0,0.0,successful
REPAY_LN000140_03,LN000140,2025-05-14,2025-05-14,817.56,555.56,262.0,0.0,successful
REPAY_LN000140_04,LN000140,2025-06-14,2025-06-14,817.56,555.56,262.0,0.0,successful
REPAY_LN000140_05,LN000140,2025-07-16,2025-07-16,817.56,555.56,262.0,0.0,successful
REPAY_LN000140_06,LN000140,2025-08-16,2025-08-16,817.56,555.56,262.0,0.0,successful
REPAY_LN000140_07,LN000140,2025-09-16,2025-09-16,817.56,555.56,262.0,0.0,successful
REPAY_LN000140_08,LN000140,2025-10-15,2025-10-15,817.56,555.56,262.0,0.0,successful
REPAY_LN000140_09,LN000140,2025-11-16,2025-11-16,817.56,555.56,262.0,0.0,successful
REPAY_LN000140_10,LN000140,2025-12-16,2025-12-16,817.56,555.56,262.0,0.0,successful
REPAY_LN000140_11,LN000140,2026-01-15,2026-01-15,817.56,555.56,262.0,0.0,successful
REPAY_LN000140_12,LN000140,2026-02-15,2026-02-15,817.56,555.56,262.0,0.0,successful
REPAY_LN000140_13,LN000140,2026-03-14,2026-03-14,817.56,555.56,262.0,0.0,successful
REPAY_LN000140_14,LN000140,2026-04-15,2026-04-15,817.56,555.56,262.0,0.0,successful
REPAY_LN000141_01,LN000141,2025-03-15,2025-03-15,570.75,416.67,154.08,0.0,successful
REPAY_LN000141_02,LN000141,2025-04-16,2025-04-16,570.75,416.67,154.08,0.0,successful
REPAY_LN000141_03,LN000141,2025-05-14,2025-05-14,570.75,416.67,154.08,0.0,successful
REPAY_LN000141_04,LN000141,2025-06-14,2025-06-14,570.75,416.67,154.08,0.0,successful
REPAY_LN000141_05,LN000141,2025-07-15,2025-07-15,570.75,416.67,154.08,0.0,successful
REPAY_LN000141_06,LN000141,2025-08-16,2025-08-16,570.75,416.67,154.08,0.0,successful
REPAY_LN000141_07,LN000141,2025-09-16,2025-09-16,570.75,416.67,154.08,0.0,successful
REPAY_LN000141_08,LN000141,2025-10-16,2025-10-16,570.75,416.67,154.08,0.0,successful
REPAY_LN000141_09,LN000141,2025-11-16,2025-11-16,570.75,416.67,154.08,0.0,successful
REPAY_LN000141_10,LN000141,2025-12-15,2025-12-15,570.75,416.67,154.08,0.0,successful
REPAY_LN000141_11,LN000141,2026-01-16,2026-01-16,570.75,416.67,154.08,0.0,successful
REPAY_LN000141_12,LN000141,2026-02-14,2026-02-14,570.75,416.67,154.08,0.0,successful
REPAY_LN000141_13,LN000141,2026-03-14,2026-03-14,570.75,416.67,154.08,0.0,successful
REPAY_LN000141_14,LN000141,2026-04-15,2026-04-15,570.75,416.67,154.08,0.0,successful
REPAY_LN000142_01,LN000142,2025-03-16,2025-03-16,1027.16,833.33,193.83,0.0,successful
REPAY_LN000142_02,LN000142,2025-04-16,2025-04-16,1027.16,833.33,193.83,0.0,successful
REPAY_LN000142_03,LN000142,2025-05-16,2025-05-16,1027.16,833.33,193.83,0.0,successful
REPAY_LN000142_04,LN000142,2025-06-16,2025-06-16,1027.16,833.33,193.83,0.0,successful
REPAY_LN000142_05,LN000142,2025-07-15,2025-07-15,1027.16,833.33,193.83,0.0,successful
REPAY_LN000142_06,LN000142,2025-08-16,2025-08-16,1027.16,833.33,193.83,0.0,successful
REPAY_LN000142_07,LN000142,2025-09-15,2025-09-15,1027.16,833.33,193.83,0.0,successful
REPAY_LN000142_08,LN000142,2025-10-16,2025-10-16,1027.16,833.33,193.83,0.0,successful
REPAY_LN000142_09,LN000142,2025-11-16,2025-11-16,1027.16,833.33,193.83,0.0,successful
REPAY_LN000142_10,LN000142,2025-12-14,2025-12-14,1027.16,833.33,193.83,0.0,successful
REPAY_LN000142_11,LN000142,2026-01-15,2026-01-15,1027.16,833.33,193.83,0.0,successful
REPAY_LN000142_12,LN000142,2026-02-14,2026-02-14,1027.2,833.37,193.83,0.0,successful
REPAY_LN000143_01,LN000143,2025-03-16,2025-03-16,234.71,208.33,26.38,0.0,successful
REPAY_LN000143_02,LN000143,2025-04-17,2025-04-17,234.71,208.33,26.38,0.0,successful
REPAY_LN000143_03,LN000143,2025-05-17,2025-05-17,234.71,208.33,26.38,0.0,successful
REPAY_LN000143_04,LN000143,2025-06-16,2025-06-16,234.71,208.33,26.38,0.0,successful
REPAY_LN000143_05,LN000143,2025-07-15,2025-07-15,234.71,208.33,26.38,0.0,successful
REPAY_LN000143_06,LN000143,2025-08-16,2025-08-16,234.71,208.33,26.38,0.0,successful
REPAY_LN000143_07,LN000143,2025-09-16,2025-09-16,234.71,208.33,26.38,0.0,successful
REPAY_LN000143_08,LN000143,2025-10-17,2025-10-17,234.71,208.33,26.38,0.0,successful
REPAY_LN000143_09,LN000143,2025-11-15,2025-11-15,234.71,208.33,26.38,0.0,successful
REPAY_LN000143_10,LN000143,2025-12-16,2025-12-16,234.71,208.33,26.38,0.0,successful
REPAY_LN000143_11,LN000143,2026-01-15,2026-01-15,234.71,208.33,26.38,0.0,successful
REPAY_LN000143_12,LN000143,2026-02-15,2026-02-15,234.71,208.33,26.38,0.0,successful
REPAY_LN000143_13,LN000143,2026-03-16,2026-03-16,234.71,208.33,26.38,0.0,successful
REPAY_LN000143_14,LN000143,2026-04-15,2026-04-15,234.71,208.33,26.38,0.0,successful
REPAY_LN000144_01,LN000144,2025-03-17,2025-03-17,669.42,416.67,252.75,0.0,successful
REPAY_LN000144_02,LN000144,2025-04-17,2025-04-17,669.42,416.67,252.75,0.0,successful
REPAY_LN000144_03,LN000144,2025-05-17,2025-05-17,669.42,416.67,252.75,0.0,successful
REPAY_LN000144_04,LN000144,2025-06-17,2025-06-17,669.42,416.67,252.75,0.0,successful
REPAY_LN000144_05,LN000144,2025-07-15,2025-07-15,669.42,416.67,252.75,0.0,successful
REPAY_LN000144_06,LN000144,2025-08-17,2025-08-17,669.42,416.67,252.75,0.0,successful
REPAY_LN000144_07,LN000144,2025-09-16,2025-09-16,669.42,416.67,252.75,0.0,successful
REPAY_LN000144_08,LN000144,2025-10-17,2025-10-17,669.42,416.67,252.75,0.0,successful
REPAY_LN000144_09,LN000144,2025-11-16,2025-11-16,669.42,416.67,252.75,0.0,successful
REPAY_LN000144_10,LN000144,2025-12-16,2025-12-16,669.42,416.67,252.75,0.0,successful
REPAY_LN000144_11,LN000144,2026-01-17,2026-01-17,669.42,416.67,252.75,0.0,successful
REPAY_LN000144_12,LN000144,2026-02-17,2026-02-17,669.42,416.67,252.75,0.0,successful
REPAY_LN000144_13,LN000144,2026-03-15,2026-03-15,669.42,416.67,252.75,0.0,successful
REPAY_LN000144_14,LN000144,2026-04-16,2026-04-16,669.42,416.67,252.75,0.0,successful
REPAY_LN000145_01,LN000145,2025-03-17,2025-03-17,195.68,138.89,56.79,0.0,successful
REPAY_LN000145_02,LN000145,2025-04-15,2025-04-15,195.68,138.89,56.79,0.0,successful
REPAY_LN000145_03,LN000145,2025-05-17,2025-05-17,195.68,138.89,56.79,0.0,successful
REPAY_LN000145_04,LN000145,2025-06-17,2025-06-17,195.68,138.89,56.79,0.0,successful
REPAY_LN000145_05,LN000145,2025-07-17,2025-07-17,195.68,138.89,56.79,0.0,successful
REPAY_LN000145_06,LN000145,2025-08-16,2025-08-16,195.68,138.89,56.79,0.0,successful
REPAY_LN000145_07,LN000145,2025-09-17,2025-09-17,195.68,138.89,56.79,0.0,successful
REPAY_LN000145_08,LN000145,2025-10-15,2025-10-15,195.68,138.89,56.79,0.0,successful
REPAY_LN000145_09,LN000145,2025-11-17,2025-11-17,195.68,138.89,56.79,0.0,successful
REPAY_LN000145_10,LN000145,2025-12-17,2025-12-17,195.68,138.89,56.79,0.0,successful
REPAY_LN000145_11,LN000145,2026-01-15,2026-01-15,195.68,138.89,56.79,0.0,successful
REPAY_LN000145_12,LN000145,2026-02-15,2026-02-15,195.68,138.89,56.79,0.0,successful
REPAY_LN000145_13,LN000145,2026-03-16,2026-03-16,195.68,138.89,56.79,0.0,successful
REPAY_LN000145_14,LN000145,2026-04-16,2026-04-16,195.68,138.89,56.79,0.0,successful
REPAY_LN000146_01,LN000146,2025-03-17,2025-03-17,1228.83,833.33,395.5,0.0,successful
REPAY_LN000146_02,LN000146,2025-04-17,2025-04-17,1228.83,833.33,395.5,0.0,successful
REPAY_LN000146_03,LN000146,2025-05-16,2025-05-16,1228.83,833.33,395.5,0.0,successful
REPAY_LN000146_04,LN000146,2025-06-18,2025-06-18,1228.83,833.33,395.5,0.0,successful
REPAY_LN000146_05,LN000146,2025-07-18,2025-07-18,1228.83,833.33,395.5,0.0,successful
REPAY_LN000146_06,LN000146,2025-08-18,2025-08-18,1228.83,833.33,395.5,0.0,successful
REPAY_LN000146_07,LN000146,2025-09-17,2025-09-17,1228.83,833.33,395.5,0.0,successful
REPAY_LN000146_08,LN000146,2025-10-16,2025-10-16,1228.83,833.33,395.5,0.0,successful
REPAY_LN000146_09,LN000146,2025-11-16,2025-11-16,1228.83,833.33,395.5,0.0,successful
REPAY_LN000146_10,LN000146,2025-12-16,2025-12-16,1228.83,833.33,395.5,0.0,successful
REPAY_LN000146_11,LN000146,2026-01-18,2026-01-18,1228.83,833.33,395.5,0.0,successful
REPAY_LN000146_12,LN000146,2026-02-17,2026-02-17,1228.83,833.33,395.5,0.0,successful
REPAY_LN000146_13,LN000146,2026-03-16,2026-03-16,1228.83,833.33,395.5,0.0,successful
REPAY_LN000146_14,LN000146,2026-04-17,2026-04-17,1228.83,833.33,395.5,0.0,successful
REPAY_LN000147_01,LN000147,2025-03-16,2025-03-16,416.45,277.78,138.67,0.0,successful
REPAY_LN000147_02,LN000147,2025-04-17,2025-04-17,416.45,277.78,138.67,0.0,successful
REPAY_LN000147_03,LN000147,2025-05-16,2025-05-16,416.45,277.78,138.67,0.0,successful
REPAY_LN000147_04,LN000147,2025-06-17,2025-06-17,416.45,277.78,138.67,0.0,successful
REPAY_LN000147_05,LN000147,2025-07-16,2025-07-16,416.45,277.78,138.67,0.0,successful
REPAY_LN000147_06,LN000147,2025-08-16,2025-08-16,416.45,277.78,138.67,0.0,successful
REPAY_LN000147_07,LN000147,2025-09-17,2025-09-17,416.45,277.78,138.67,0.0,successful
REPAY_LN000147_08,LN000147,2025-10-17,2025-10-17,416.45,277.78,138.67,0.0,successful
REPAY_LN000147_09,LN000147,2025-11-18,2025-11-18,416.45,277.78,138.67,0.0,successful
REPAY_LN000147_10,LN000147,2025-12-17,2025-12-17,416.45,277.78,138.67,0.0,successful
REPAY_LN000147_11,LN000147,2026-01-16,2026-01-16,416.45,277.78,138.67,0.0,successful
REPAY_LN000147_12,LN000147,2026-02-16,2026-02-16,416.45,277.78,138.67,0.0,successful
REPAY_LN000147_13,LN000147,2026-03-17,2026-03-17,416.45,277.78,138.67,0.0,successful
REPAY_LN000147_14,LN000147,2026-04-18,2026-04-18,416.45,277.78,138.67,0.0,successful
REPAY_LN000148_01,LN000148,2025-03-18,2025-03-18,1392.28,1111.11,281.17,0.0,successful
REPAY_LN000148_02,LN000148,2025-04-17,2025-04-17,1392.28,1111.11,281.17,0.0,successful
REPAY_LN000148_03,LN000148,2025-05-17,2025-05-17,1392.28,1111.11,281.17,0.0,successful
REPAY_LN000148_04,LN000148,2025-06-19,2025-06-19,1392.28,1111.11,281.17,0.0,successful
REPAY_LN000148_05,LN000148,2025-07-18,2025-07-18,1392.28,1111.11,281.17,0.0,successful
REPAY_LN000148_06,LN000148,2025-08-17,2025-08-17,1392.28,1111.11,281.17,0.0,successful
REPAY_LN000148_07,LN000148,2025-09-17,2025-09-17,1392.28,1111.11,281.17,0.0,successful
REPAY_LN000148_08,LN000148,2025-10-17,2025-10-17,1392.28,1111.11,281.17,0.0,successful
REPAY_LN000148_09,LN000148,2025-11-18,2025-11-18,1392.28,1111.11,281.17,0.0,successful
REPAY_LN000148_10,LN000148,2025-12-18,2025-12-18,1392.28,1111.11,281.17,0.0,successful
REPAY_LN000148_11,LN000148,2026-01-19,2026-01-19,1392.28,1111.11,281.17,0.0,successful
REPAY_LN000148_12,LN000148,2026-02-17,2026-02-17,1392.28,1111.11,281.17,0.0,successful
REPAY_LN000148_13,LN000148,2026-03-17,2026-03-17,1392.28,1111.11,281.17,0.0,successful
REPAY_LN000148_14,LN000148,2026-04-19,2026-04-19,1392.28,1111.11,281.17,0.0,successful
REPAY_LN000149_01,LN000149,2025-03-17,2025-03-17,540.31,444.44,95.87,0.0,successful
REPAY_LN000149_02,LN000149,2025-04-19,2025-04-19,540.31,444.44,95.87,0.0,successful
REPAY_LN000149_03,LN000149,2025-05-19,2025-05-19,540.31,444.44,95.87,0.0,successful
REPAY_LN000149_04,LN000149,2025-06-17,2025-06-17,540.31,444.44,95.87,0.0,successful
REPAY_LN000149_05,LN000149,2025-07-18,2025-07-18,540.31,444.44,95.87,0.0,successful
REPAY_LN000149_06,LN000149,2025-08-18,2025-08-18,540.31,444.44,95.87,0.0,successful
REPAY_LN000149_07,LN000149,2025-09-18,2025-09-18,540.31,444.44,95.87,0.0,successful
REPAY_LN000149_08,LN000149,2025-10-18,2025-10-18,540.31,444.44,95.87,0.0,successful
REPAY_LN000149_09,LN000149,2025-11-17,2025-11-17,540.31,444.44,95.87,0.0,successful
REPAY_LN000149_10,LN000149,2025-12-19,2025-12-19,540.31,444.44,95.87,0.0,successful
REPAY_LN000149_11,LN000149,2026-01-19,2026-01-19,540.31,444.44,95.87,0.0,successful
REPAY_LN000149_12,LN000149,2026-02-17,2026-02-17,540.31,444.44,95.87,0.0,successful
REPAY_LN000149_13,LN000149,2026-03-18,2026-03-18,540.31,444.44,95.87,0.0,successful
REPAY_LN000149_14,LN000149,2026-04-19,2026-04-19,540.31,444.44,95.87,0.0,successful
REPAY_LN000150_01,LN000150,2025-03-18,2025-03-18,673.39,555.56,117.83,0.0,successful
REPAY_LN000150_02,LN000150,2025-04-17,2025-04-17,673.39,555.56,117.83,0.0,successful
REPAY_LN000150_03,LN000150,2025-05-19,2025-05-19,673.39,555.56,117.83,0.0,successful
REPAY_LN000150_04,LN000150,2025-06-19,2025-06-19,673.39,555.56,117.83,0.0,successful
REPAY_LN000150_05,LN000150,2025-07-17,2025-07-17,673.39,555.56,117.83,0.0,successful
REPAY_LN000150_06_FAIL,LN000150,2025-08-21,2025-08-21,673.39,555.56,117.83,0.0,failed
REPAY_LN000150_07_FAIL,LN000150,2025-09-20,2025-09-20,673.39,555.56,117.83,0.0,failed
REPAY_LN000151_01,LN000151,2025-03-18,2025-03-18,329.95,277.78,52.17,0.0,successful
REPAY_LN000151_02,LN000151,2025-04-20,2025-04-20,329.95,277.78,52.17,0.0,successful
REPAY_LN000151_03,LN000151,2025-05-19,2025-05-19,329.95,277.78,52.17,0.0,successful
REPAY_LN000151_04,LN000151,2025-06-20,2025-06-20,329.95,277.78,52.17,0.0,successful
REPAY_LN000151_05,LN000151,2025-07-19,2025-07-19,329.95,277.78,52.17,0.0,successful
REPAY_LN000151_06,LN000151,2025-08-19,2025-08-19,329.95,277.78,52.17,0.0,successful
REPAY_LN000151_07,LN000151,2025-09-18,2025-09-18,329.95,277.78,52.17,0.0,successful
REPAY_LN000151_08,LN000151,2025-10-19,2025-10-19,329.95,277.78,52.17,0.0,successful
REPAY_LN000151_09,LN000151,2025-11-20,2025-11-20,329.95,277.78,52.17,0.0,successful
REPAY_LN000151_10,LN000151,2025-12-20,2025-12-20,329.95,277.78,52.17,0.0,successful
REPAY_LN000151_11,LN000151,2026-01-19,2026-01-19,329.95,277.78,52.17,0.0,successful
REPAY_LN000151_12,LN000151,2026-02-18,2026-02-18,329.95,277.78,52.17,0.0,successful
REPAY_LN000151_13,LN000151,2026-03-19,2026-03-19,329.95,277.78,52.17,0.0,successful
REPAY_LN000151_14,LN000151,2026-04-20,2026-04-20,329.95,277.78,52.17,0.0,successful
REPAY_LN000152_01,LN000152,2025-03-20,2025-03-20,930.41,833.33,97.08,0.0,successful
REPAY_LN000152_02,LN000152,2025-04-19,2025-04-19,930.41,833.33,97.08,0.0,successful
REPAY_LN000152_03,LN000152,2025-05-19,2025-05-19,930.41,833.33,97.08,0.0,successful
REPAY_LN000152_04,LN000152,2025-06-19,2025-06-19,930.41,833.33,97.08,0.0,successful
REPAY_LN000152_05,LN000152,2025-07-20,2025-07-20,930.41,833.33,97.08,0.0,successful
REPAY_LN000152_06,LN000152,2025-08-20,2025-08-20,930.43,833.35,97.08,0.0,successful
REPAY_LN000153_01,LN000153,2025-03-20,2025-03-20,3488.66,3333.33,155.33,0.0,successful
REPAY_LN000153_02,LN000153,2025-04-18,2025-04-18,3488.66,3333.33,155.33,0.0,successful
REPAY_LN000153_03,LN000153,2025-05-20,2025-05-20,3488.66,3333.33,155.33,0.0,successful
REPAY_LN000153_04,LN000153,2025-06-20,2025-06-20,3488.66,3333.33,155.33,0.0,successful
REPAY_LN000153_05,LN000153,2025-07-18,2025-07-18,3488.66,3333.33,155.33,0.0,successful
REPAY_LN000153_06,LN000153,2025-08-18,2025-08-18,3488.68,3333.35,155.33,0.0,successful
REPAY_LN000154_01,LN000154,2025-03-18,2025-03-18,380.2,277.78,102.42,0.0,successful
REPAY_LN000154_02,LN000154,2025-04-18,2025-04-18,380.2,277.78,102.42,0.0,successful
REPAY_LN000154_03,LN000154,2025-05-18,2025-05-18,380.2,277.78,102.42,0.0,successful
REPAY_LN000154_04,LN000154,2025-06-18,2025-06-18,380.2,277.78,102.42,0.0,successful
REPAY_LN000154_05,LN000154,2025-07-19,2025-07-19,380.2,277.78,102.42,0.0,successful
REPAY_LN000154_06,LN000154,2025-08-19,2025-08-19,380.2,277.78,102.42,0.0,successful
REPAY_LN000154_07,LN000154,2025-09-19,2025-09-19,380.2,277.78,102.42,0.0,successful
REPAY_LN000154_08,LN000154,2025-10-19,2025-10-19,380.2,277.78,102.42,0.0,successful
REPAY_LN000154_09,LN000154,2025-11-20,2025-11-20,380.2,277.78,102.42,0.0,successful
REPAY_LN000154_10,LN000154,2025-12-18,2025-12-18,380.2,277.78,102.42,0.0,successful
REPAY_LN000154_11,LN000154,2026-01-20,2026-01-20,380.2,277.78,102.42,0.0,successful
REPAY_LN000154_12,LN000154,2026-02-18,2026-02-18,380.2,277.78,102.42,0.0,successful
REPAY_LN000154_13,LN000154,2026-03-18,2026-03-18,380.2,277.78,102.42,0.0,successful
REPAY_LN000154_14,LN000154,2026-04-20,2026-04-20,380.2,277.78,102.42,0.0,successful
REPAY_LN000155_01,LN000155,2025-03-20,2025-03-20,499.84,416.67,83.17,0.0,successful
REPAY_LN000155_02,LN000155,2025-04-21,2025-04-21,499.84,416.67,83.17,0.0,successful
REPAY_LN000155_03,LN000155,2025-05-21,2025-05-21,499.84,416.67,83.17,0.0,successful
REPAY_LN000155_04,LN000155,2025-06-19,2025-06-19,499.84,416.67,83.17,0.0,successful
REPAY_LN000155_05,LN000155,2025-07-19,2025-07-19,499.84,416.67,83.17,0.0,successful
REPAY_LN000155_06,LN000155,2025-08-19,2025-08-19,499.84,416.67,83.17,0.0,successful
REPAY_LN000155_07,LN000155,2025-09-20,2025-09-20,499.84,416.67,83.17,0.0,successful
REPAY_LN000155_08,LN000155,2025-10-21,2025-10-21,499.84,416.67,83.17,0.0,successful
REPAY_LN000155_09,LN000155,2025-11-21,2025-11-21,499.84,416.67,83.17,0.0,successful
REPAY_LN000155_10,LN000155,2025-12-20,2025-12-20,499.84,416.67,83.17,0.0,successful
REPAY_LN000155_11,LN000155,2026-01-21,2026-01-21,499.84,416.67,83.17,0.0,successful
REPAY_LN000155_12,LN000155,2026-02-21,2026-02-21,499.8,416.63,83.17,0.0,successful
REPAY_LN000156_01,LN000156,2025-03-19,2025-03-19,1651.75,1250.0,401.75,0.0,successful
REPAY_LN000156_02,LN000156,2025-04-20,2025-04-20,1651.75,1250.0,401.75,0.0,successful
REPAY_LN000156_03,LN000156,2025-05-19,2025-05-19,1651.75,1250.0,401.75,0.0,successful
REPAY_LN000156_04,LN000156,2025-06-20,2025-06-20,1651.75,1250.0,401.75,0.0,successful
REPAY_LN000156_05,LN000156,2025-07-19,2025-07-19,1651.75,1250.0,401.75,0.0,successful
REPAY_LN000156_06,LN000156,2025-08-21,2025-08-21,1651.75,1250.0,401.75,0.0,successful
REPAY_LN000156_07,LN000156,2025-09-20,2025-09-20,1651.75,1250.0,401.75,0.0,successful
REPAY_LN000156_08,LN000156,2025-10-20,2025-10-20,1651.75,1250.0,401.75,0.0,successful
REPAY_LN000156_09,LN000156,2025-11-19,2025-11-19,1651.75,1250.0,401.75,0.0,successful
REPAY_LN000156_10,LN000156,2025-12-20,2025-12-20,1651.75,1250.0,401.75,0.0,successful
REPAY_LN000156_11,LN000156,2026-01-21,2026-01-21,1651.75,1250.0,401.75,0.0,successful
REPAY_LN000156_12,LN000156,2026-02-21,2026-02-21,1651.75,1250.0,401.75,0.0,successful
REPAY_LN000156_13,LN000156,2026-03-21,2026-03-21,1651.75,1250.0,401.75,0.0,successful
REPAY_LN000156_14,LN000156,2026-04-19,2026-04-19,1651.75,1250.0,401.75,0.0,successful
REPAY_LN000157_01,LN000157,2025-03-20,2025-03-20,939.33,833.33,106.0,0.0,successful
REPAY_LN000157_02,LN000157,2025-04-19,2025-04-19,939.33,833.33,106.0,0.0,successful
REPAY_LN000157_03,LN000157,2025-05-21,2025-05-21,939.33,833.33,106.0,0.0,successful
REPAY_LN000157_04,LN000157,2025-06-20,2025-06-20,939.33,833.33,106.0,0.0,successful
REPAY_LN000157_05,LN000157,2025-07-21,2025-07-21,939.33,833.33,106.0,0.0,successful
REPAY_LN000157_06,LN000157,2025-08-20,2025-08-20,939.33,833.33,106.0,0.0,successful
REPAY_LN000157_07,LN000157,2025-09-20,2025-09-20,939.33,833.33,106.0,0.0,successful
REPAY_LN000157_08,LN000157,2025-10-19,2025-10-19,939.33,833.33,106.0,0.0,successful
REPAY_LN000157_09,LN000157,2025-11-20,2025-11-20,939.33,833.33,106.0,0.0,successful
REPAY_LN000157_10,LN000157,2025-12-21,2025-12-21,939.33,833.33,106.0,0.0,successful
REPAY_LN000157_11,LN000157,2026-01-20,2026-01-20,939.33,833.33,106.0,0.0,successful
REPAY_LN000157_12,LN000157,2026-02-21,2026-02-21,939.37,833.37,106.0,0.0,successful
REPAY_LN000158_01,LN000158,2025-03-22,2025-03-22,680.67,416.67,264.0,0.0,successful
REPAY_LN000158_02,LN000158,2025-04-21,2025-04-21,680.67,416.67,264.0,0.0,successful
REPAY_LN000158_03,LN000158,2025-05-22,2025-05-22,680.67,416.67,264.0,0.0,successful
REPAY_LN000158_04,LN000158,2025-06-22,2025-06-22,680.67,416.67,264.0,0.0,successful
REPAY_LN000158_05,LN000158,2025-07-21,2025-07-21,680.67,416.67,264.0,0.0,successful
REPAY_LN000158_06,LN000158,2025-08-22,2025-08-22,680.67,416.67,264.0,0.0,successful
REPAY_LN000158_07,LN000158,2025-09-21,2025-09-21,680.67,416.67,264.0,0.0,successful
REPAY_LN000158_08_FAIL,LN000158,2025-10-21,2025-10-21,680.67,416.67,264.0,0.0,failed
REPAY_LN000158_09_FAIL,LN000158,2025-11-24,2025-11-24,680.67,416.67,264.0,0.0,failed
REPAY_LN000159_01,LN000159,2025-03-22,2025-03-22,1792.5,1666.67,125.83,0.0,successful
REPAY_LN000159_02,LN000159,2025-04-20,2025-04-20,1792.5,1666.67,125.83,0.0,successful
REPAY_LN000159_03,LN000159,2025-05-22,2025-05-22,1792.5,1666.67,125.83,0.0,successful
REPAY_LN000159_04,LN000159,2025-06-22,2025-06-22,1792.5,1666.67,125.83,0.0,successful
REPAY_LN000159_05,LN000159,2025-07-20,2025-07-20,1792.5,1666.67,125.83,0.0,successful
REPAY_LN000159_06,LN000159,2025-08-22,2025-08-22,1792.48,1666.65,125.83,0.0,successful
REPAY_LN000160_01,LN000160,2025-03-23,2025-03-23,581.11,444.44,136.67,0.0,successful
REPAY_LN000160_02,LN000160,2025-04-21,2025-04-21,581.11,444.44,136.67,0.0,successful
REPAY_LN000160_03,LN000160,2025-05-23,2025-05-23,581.11,444.44,136.67,0.0,successful
REPAY_LN000160_04,LN000160,2025-06-22,2025-06-22,581.11,444.44,136.67,0.0,successful
REPAY_LN000160_05,LN000160,2025-07-23,2025-07-23,581.11,444.44,136.67,0.0,successful
REPAY_LN000160_06,LN000160,2025-08-23,2025-08-23,581.11,444.44,136.67,0.0,successful
REPAY_LN000160_07,LN000160,2025-09-23,2025-09-23,581.11,444.44,136.67,0.0,successful
REPAY_LN000160_08,LN000160,2025-10-21,2025-10-21,581.11,444.44,136.67,0.0,successful
REPAY_LN000160_09,LN000160,2025-11-22,2025-11-22,581.11,444.44,136.67,0.0,successful
REPAY_LN000160_10,LN000160,2025-12-22,2025-12-22,581.11,444.44,136.67,0.0,successful
REPAY_LN000160_11,LN000160,2026-01-23,2026-01-23,581.11,444.44,136.67,0.0,successful
REPAY_LN000160_12,LN000160,2026-02-21,2026-02-21,581.11,444.44,136.67,0.0,successful
REPAY_LN000160_13,LN000160,2026-03-21,2026-03-21,581.11,444.44,136.67,0.0,successful
REPAY_LN000160_14,LN000160,2026-04-22,2026-04-22,581.11,444.44,136.67,0.0,successful
REPAY_LN000161_01,LN000161,2025-03-21,2025-03-21,2782.0,2500.0,282.0,0.0,successful
REPAY_LN000161_02,LN000161,2025-04-23,2025-04-23,2782.0,2500.0,282.0,0.0,successful
REPAY_LN000161_03,LN000161,2025-05-23,2025-05-23,2782.0,2500.0,282.0,0.0,successful
REPAY_LN000161_04,LN000161,2025-06-21,2025-06-21,2782.0,2500.0,282.0,0.0,successful
REPAY_LN000161_05,LN000161,2025-07-23,2025-07-23,2782.0,2500.0,282.0,0.0,successful
REPAY_LN000161_06,LN000161,2025-08-22,2025-08-22,2782.0,2500.0,282.0,0.0,successful
REPAY_LN000161_07,LN000161,2025-09-23,2025-09-23,2782.0,2500.0,282.0,0.0,successful
REPAY_LN000161_08,LN000161,2025-10-21,2025-10-21,2782.0,2500.0,282.0,0.0,successful
REPAY_LN000161_09,LN000161,2025-11-22,2025-11-22,2782.0,2500.0,282.0,0.0,successful
REPAY_LN000161_10,LN000161,2025-12-23,2025-12-23,2782.0,2500.0,282.0,0.0,successful
REPAY_LN000161_11,LN000161,2026-01-22,2026-01-22,2782.0,2500.0,282.0,0.0,successful
REPAY_LN000161_12,LN000161,2026-02-21,2026-02-21,2782.0,2500.0,282.0,0.0,successful
REPAY_LN000162_01,LN000162,2025-03-23,2025-03-23,623.98,555.56,68.42,0.0,successful
REPAY_LN000162_02,LN000162,2025-04-23,2025-04-23,623.98,555.56,68.42,0.0,successful
REPAY_LN000162_03,LN000162,2025-05-22,2025-05-22,623.98,555.56,68.42,0.0,successful
REPAY_LN000162_04,LN000162,2025-06-23,2025-06-23,623.98,555.56,68.42,0.0,successful
REPAY_LN000162_05,LN000162,2025-07-23,2025-07-23,623.98,555.56,68.42,0.0,successful
REPAY_LN000162_06,LN000162,2025-08-23,2025-08-23,623.98,555.56,68.42,0.0,successful
REPAY_LN000162_07,LN000162,2025-09-23,2025-09-23,623.98,555.56,68.42,0.0,successful
REPAY_LN000162_08,LN000162,2025-10-21,2025-10-21,623.98,555.56,68.42,0.0,successful
REPAY_LN000162_09,LN000162,2025-11-23,2025-11-23,623.98,555.56,68.42,0.0,successful
REPAY_LN000162_10,LN000162,2025-12-22,2025-12-22,623.98,555.56,68.42,0.0,successful
REPAY_LN000162_11,LN000162,2026-01-21,2026-01-21,623.98,555.56,68.42,0.0,successful
REPAY_LN000162_12,LN000162,2026-02-22,2026-02-22,623.98,555.56,68.42,0.0,successful
REPAY_LN000162_13,LN000162,2026-03-22,2026-03-22,623.98,555.56,68.42,0.0,successful
REPAY_LN000162_14,LN000162,2026-04-22,2026-04-22,623.98,555.56,68.42,0.0,successful
REPAY_LN000163_01,LN000163,2025-03-22,2025-03-22,1869.17,1666.67,202.5,0.0,successful
REPAY_LN000163_02,LN000163,2025-04-22,2025-04-22,1869.17,1666.67,202.5,0.0,successful
REPAY_LN000163_03,LN000163,2025-05-22,2025-05-22,1869.17,1666.67,202.5,0.0,successful
REPAY_LN000163_04,LN000163,2025-06-24,2025-06-24,1869.17,1666.67,202.5,0.0,successful
REPAY_LN000163_05,LN000163,2025-07-23,2025-07-23,1869.17,1666.67,202.5,0.0,successful
REPAY_LN000163_06,LN000163,2025-08-22,2025-08-22,1869.17,1666.67,202.5,0.0,successful
REPAY_LN000163_07,LN000163,2025-09-23,2025-09-23,1869.17,1666.67,202.5,0.0,successful
REPAY_LN000163_08,LN000163,2025-10-22,2025-10-22,1869.17,1666.67,202.5,0.0,successful
REPAY_LN000163_09,LN000163,2025-11-22,2025-11-22,1869.17,1666.67,202.5,0.0,successful
REPAY_LN000163_10,LN000163,2025-12-22,2025-12-22,1869.17,1666.67,202.5,0.0,successful
REPAY_LN000163_11,LN000163,2026-01-23,2026-01-23,1869.17,1666.67,202.5,0.0,successful
REPAY_LN000163_12,LN000163,2026-02-24,2026-02-24,1869.13,1666.63,202.5,0.0,successful
REPAY_LN000164_01,LN000164,2025-03-22,2025-03-22,2715.38,2500.0,215.38,0.0,successful
REPAY_LN000164_02,LN000164,2025-04-22,2025-04-22,2715.38,2500.0,215.38,0.0,successful
REPAY_LN000164_03,LN000164,2025-05-22,2025-05-22,2715.38,2500.0,215.38,0.0,successful
REPAY_LN000164_04,LN000164,2025-06-24,2025-06-24,2715.38,2500.0,215.38,0.0,successful
REPAY_LN000164_05,LN000164,2025-07-23,2025-07-23,2715.38,2500.0,215.38,0.0,successful
REPAY_LN000164_06,LN000164,2025-08-23,2025-08-23,2715.38,2500.0,215.38,0.0,successful
REPAY_LN000165_01,LN000165,2025-03-23,2025-03-23,1356.5,1250.0,106.5,0.0,successful
REPAY_LN000165_02,LN000165,2025-04-23,2025-04-23,1356.5,1250.0,106.5,0.0,successful
REPAY_LN000165_03,LN000165,2025-05-22,2025-05-22,1356.5,1250.0,106.5,0.0,successful
REPAY_LN000165_04,LN000165,2025-06-24,2025-06-24,1356.5,1250.0,106.5,0.0,successful
REPAY_LN000165_05,LN000165,2025-07-22,2025-07-22,1356.5,1250.0,106.5,0.0,successful
REPAY_LN000165_06,LN000165,2025-08-24,2025-08-24,1356.5,1250.0,106.5,0.0,successful
REPAY_LN000165_07,LN000165,2025-09-23,2025-09-23,1356.5,1250.0,106.5,0.0,successful
REPAY_LN000165_08,LN000165,2025-10-24,2025-10-24,1356.5,1250.0,106.5,0.0,successful
REPAY_LN000165_09,LN000165,2025-11-22,2025-11-22,1356.5,1250.0,106.5,0.0,successful
REPAY_LN000165_10,LN000165,2025-12-22,2025-12-22,1356.5,1250.0,106.5,0.0,successful
REPAY_LN000165_11,LN000165,2026-01-23,2026-01-23,1356.5,1250.0,106.5,0.0,successful
REPAY_LN000165_12,LN000165,2026-02-22,2026-02-22,1356.5,1250.0,106.5,0.0,successful
REPAY_LN000166_01,LN000166,2025-03-23,2025-03-23,1793.5,1666.67,126.83,0.0,successful
REPAY_LN000166_02,LN000166,2025-04-25,2025-04-25,1793.5,1666.67,126.83,0.0,successful
REPAY_LN000166_03,LN000166,2025-05-23,2025-05-23,1793.5,1666.67,126.83,0.0,successful
REPAY_LN000166_04,LN000166,2025-06-24,2025-06-24,1793.5,1666.67,126.83,0.0,successful
REPAY_LN000166_05,LN000166,2025-07-24,2025-07-24,1793.5,1666.67,126.83,0.0,successful
REPAY_LN000166_06,LN000166,2025-08-23,2025-08-23,1793.48,1666.65,126.83,0.0,successful
REPAY_LN000167_01,LN000167,2025-03-24,2025-03-24,1690.25,1250.0,440.25,0.0,successful
REPAY_LN000167_02,LN000167,2025-04-25,2025-04-25,1690.25,1250.0,440.25,0.0,successful
REPAY_LN000167_03,LN000167,2025-05-25,2025-05-25,1690.25,1250.0,440.25,0.0,successful
REPAY_LN000167_04,LN000167,2025-06-23,2025-06-23,1690.25,1250.0,440.25,0.0,successful
REPAY_LN000167_05,LN000167,2025-07-23,2025-07-23,1690.25,1250.0,440.25,0.0,successful
REPAY_LN000167_06,LN000167,2025-08-25,2025-08-25,1690.25,1250.0,440.25,0.0,successful
REPAY_LN000167_07,LN000167,2025-09-24,2025-09-24,1690.25,1250.0,440.25,0.0,successful
REPAY_LN000167_08,LN000167,2025-10-23,2025-10-23,1690.25,1250.0,440.25,0.0,successful
REPAY_LN000167_09,LN000167,2025-11-23,2025-11-23,1690.25,1250.0,440.25,0.0,successful
REPAY_LN000167_10,LN000167,2025-12-24,2025-12-24,1690.25,1250.0,440.25,0.0,successful
REPAY_LN000167_11,LN000167,2026-01-23,2026-01-23,1690.25,1250.0,440.25,0.0,successful
REPAY_LN000167_12,LN000167,2026-02-24,2026-02-24,1690.25,1250.0,440.25,0.0,successful
REPAY_LN000167_13,LN000167,2026-03-24,2026-03-24,1690.25,1250.0,440.25,0.0,successful
REPAY_LN000167_14,LN000167,2026-04-24,2026-04-24,1690.25,1250.0,440.25,0.0,successful
REPAY_LN000168_01,LN000168,2025-03-25,2025-03-25,1772.17,1666.67,105.5,0.0,successful
REPAY_LN000168_02,LN000168,2025-04-25,2025-04-25,1772.17,1666.67,105.5,0.0,successful
REPAY_LN000168_03,LN000168,2025-05-26,2025-05-26,1772.17,1666.67,105.5,0.0,successful
REPAY_LN000168_04,LN000168,2025-06-25,2025-06-25,1772.17,1666.67,105.5,0.0,successful
REPAY_LN000168_05,LN000168,2025-07-26,2025-07-26,1772.17,1666.67,105.5,0.0,successful
REPAY_LN000168_06,LN000168,2025-08-25,2025-08-25,1772.17,1666.67,105.5,0.0,successful
REPAY_LN000168_07,LN000168,2025-09-24,2025-09-24,1772.17,1666.67,105.5,0.0,successful
REPAY_LN000168_08,LN000168,2025-10-26,2025-10-26,1772.17,1666.67,105.5,0.0,successful
REPAY_LN000168_09,LN000168,2025-11-24,2025-11-24,1772.17,1666.67,105.5,0.0,successful
REPAY_LN000168_10,LN000168,2025-12-25,2025-12-25,1772.17,1666.67,105.5,0.0,successful
REPAY_LN000168_11,LN000168,2026-01-25,2026-01-25,1772.17,1666.67,105.5,0.0,successful
REPAY_LN000168_12,LN000168,2026-02-24,2026-02-24,1772.13,1666.63,105.5,0.0,successful
REPAY_LN000169_01,LN000169,2025-03-25,2025-03-25,1439.86,1333.33,106.53,0.0,successful
REPAY_LN000169_02,LN000169,2025-04-24,2025-04-24,1439.86,1333.33,106.53,0.0,successful
REPAY_LN000169_03,LN000169,2025-05-25,2025-05-25,1439.86,1333.33,106.53,0.0,successful
REPAY_LN000169_04,LN000169,2025-06-25,2025-06-25,1439.86,1333.33,106.53,0.0,successful
REPAY_LN000169_05,LN000169,2025-07-26,2025-07-26,1439.86,1333.33,106.53,0.0,successful
REPAY_LN000169_06,LN000169,2025-08-24,2025-08-24,1439.88,1333.35,106.53,0.0,successful
REPAY_LN000170_01,LN000170,2025-03-25,2025-03-25,5211.5,5000.0,211.5,0.0,successful
REPAY_LN000170_02,LN000170,2025-04-24,2025-04-24,5211.5,5000.0,211.5,0.0,successful
REPAY_LN000170_03,LN000170,2025-05-26,2025-05-26,5211.5,5000.0,211.5,0.0,successful
REPAY_LN000170_04,LN000170,2025-06-24,2025-06-24,5211.5,5000.0,211.5,0.0,successful
REPAY_LN000170_05,LN000170,2025-07-26,2025-07-26,5211.5,5000.0,211.5,0.0,successful
REPAY_LN000170_06,LN000170,2025-08-24,2025-08-24,5211.5,5000.0,211.5,0.0,successful
REPAY_LN000171_01,LN000171,2025-03-25,2025-03-25,816.4,666.67,149.73,0.0,successful
REPAY_LN000171_02,LN000171,2025-04-27,2025-04-27,816.4,666.67,149.73,0.0,successful
REPAY_LN000171_03,LN000171,2025-05-26,2025-05-26,816.4,666.67,149.73,0.0,successful
REPAY_LN000171_04,LN000171,2025-06-26,2025-06-26,816.4,666.67,149.73,0.0,successful
REPAY_LN000171_05,LN000171,2025-07-26,2025-07-26,816.4,666.67,149.73,0.0,successful
REPAY_LN000171_06,LN000171,2025-08-25,2025-08-25,816.4,666.67,149.73,0.0,successful
REPAY_LN000171_07,LN000171,2025-09-25,2025-09-25,816.4,666.67,149.73,0.0,successful
REPAY_LN000171_08,LN000171,2025-10-26,2025-10-26,816.4,666.67,149.73,0.0,successful
REPAY_LN000171_09,LN000171,2025-11-25,2025-11-25,816.4,666.67,149.73,0.0,successful
REPAY_LN000171_10,LN000171,2025-12-25,2025-12-25,816.4,666.67,149.73,0.0,successful
REPAY_LN000171_11,LN000171,2026-01-26,2026-01-26,816.4,666.67,149.73,0.0,successful
REPAY_LN000171_12,LN000171,2026-02-27,2026-02-27,816.36,666.63,149.73,0.0,successful
REPAY_LN000172_01,LN000172,2025-03-25,2025-03-25,504.37,444.44,59.93,0.0,successful
REPAY_LN000172_02,LN000172,2025-04-25,2025-04-25,504.37,444.44,59.93,0.0,successful
REPAY_LN000172_03,LN000172,2025-05-25,2025-05-25,504.37,444.44,59.93,0.0,successful
REPAY_LN000172_04,LN000172,2025-06-27,2025-06-27,504.37,444.44,59.93,0.0,successful
REPAY_LN000172_05,LN000172,2025-07-26,2025-07-26,504.37,444.44,59.93,0.0,successful
REPAY_LN000172_06,LN000172,2025-08-25,2025-08-25,504.37,444.44,59.93,0.0,successful
REPAY_LN000172_07_FAIL,LN000172,2025-09-29,2025-09-29,504.37,444.44,59.93,0.0,failed
REPAY_LN000172_08_FAIL,LN000172,2025-10-29,2025-10-29,504.37,444.44,59.93,0.0,failed
REPAY_LN000173_01,LN000173,2025-03-26,2025-03-26,492.64,444.44,48.2,0.0,successful
REPAY_LN000173_02,LN000173,2025-04-25,2025-04-25,492.64,444.44,48.2,0.0,successful
REPAY_LN000173_03,LN000173,2025-05-27,2025-05-27,492.64,444.44,48.2,0.0,successful
REPAY_LN000173_04,LN000173,2025-06-26,2025-06-26,492.64,444.44,48.2,0.0,successful
REPAY_LN000173_05,LN000173,2025-07-27,2025-07-27,492.64,444.44,48.2,0.0,successful
REPAY_LN000173_06,LN000173,2025-08-25,2025-08-25,492.64,444.44,48.2,0.0,successful
REPAY_LN000173_07,LN000173,2025-09-27,2025-09-27,492.64,444.44,48.2,0.0,successful
REPAY_LN000173_08,LN000173,2025-10-27,2025-10-27,492.64,444.44,48.2,0.0,successful
REPAY_LN000173_09,LN000173,2025-11-25,2025-11-25,492.64,444.44,48.2,0.0,successful
REPAY_LN000173_10,LN000173,2025-12-25,2025-12-25,492.64,444.44,48.2,0.0,successful
REPAY_LN000173_11,LN000173,2026-01-26,2026-01-26,492.64,444.44,48.2,0.0,successful
REPAY_LN000173_12,LN000173,2026-02-25,2026-02-25,492.64,444.44,48.2,0.0,successful
REPAY_LN000173_13,LN000173,2026-03-26,2026-03-26,492.64,444.44,48.2,0.0,successful
REPAY_LN000173_14,LN000173,2026-04-27,2026-04-27,492.64,444.44,48.2,0.0,successful
REPAY_LN000174_01,LN000174,2025-03-26,2025-03-26,470.2,277.78,192.42,0.0,successful
REPAY_LN000174_02,LN000174,2025-04-25,2025-04-25,470.2,277.78,192.42,0.0,successful
REPAY_LN000174_03,LN000174,2025-05-25,2025-05-25,470.2,277.78,192.42,0.0,successful
REPAY_LN000174_04,LN000174,2025-06-27,2025-06-27,470.2,277.78,192.42,0.0,successful
REPAY_LN000174_05,LN000174,2025-07-26,2025-07-26,470.2,277.78,192.42,0.0,successful
REPAY_LN000174_06,LN000174,2025-08-27,2025-08-27,470.2,277.78,192.42,0.0,successful
REPAY_LN000174_07,LN000174,2025-09-27,2025-09-27,470.2,277.78,192.42,0.0,successful
REPAY_LN000174_08,LN000174,2025-10-25,2025-10-25,470.2,277.78,192.42,0.0,successful
REPAY_LN000174_09,LN000174,2025-11-26,2025-11-26,470.2,277.78,192.42,0.0,successful
REPAY_LN000174_10,LN000174,2025-12-27,2025-12-27,470.2,277.78,192.42,0.0,successful
REPAY_LN000174_11,LN000174,2026-01-25,2026-01-25,470.2,277.78,192.42,0.0,successful
REPAY_LN000174_12,LN000174,2026-02-27,2026-02-27,470.2,277.78,192.42,0.0,successful
REPAY_LN000174_13_FAIL,LN000174,2026-03-29,2026-03-29,470.2,277.78,192.42,0.0,failed
REPAY_LN000174_14_FAIL,LN000174,2026-04-29,2026-04-29,470.2,277.78,192.42,0.0,failed
REPAY_LN000175_01,LN000175,2025-03-26,2025-03-26,1842.92,1666.67,176.25,0.0,successful
REPAY_LN000175_02,LN000175,2025-04-27,2025-04-27,1842.92,1666.67,176.25,0.0,successful
REPAY_LN000175_03_FAIL,LN000175,2025-05-30,2025-05-30,1842.92,1666.67,176.25,0.0,failed
REPAY_LN000175_04_FAIL,LN000175,2025-06-29,2025-06-29,1842.92,1666.67,176.25,0.0,failed
REPAY_LN000176_01,LN000176,2025-03-27,2025-03-27,1430.26,1333.33,96.93,0.0,successful
REPAY_LN000176_02,LN000176,2025-04-26,2025-04-26,1430.26,1333.33,96.93,0.0,successful
REPAY_LN000176_03,LN000176,2025-05-26,2025-05-26,1430.26,1333.33,96.93,0.0,successful
REPAY_LN000176_04,LN000176,2025-06-28,2025-06-28,1430.26,1333.33,96.93,0.0,successful
REPAY_LN000176_05,LN000176,2025-07-27,2025-07-27,1430.26,1333.33,96.93,0.0,successful
REPAY_LN000176_06,LN000176,2025-08-27,2025-08-27,1430.28,1333.35,96.93,0.0,successful
REPAY_LN000177_01,LN000177,2025-03-27,2025-03-27,1973.17,1666.67,306.5,0.0,successful
REPAY_LN000177_02,LN000177,2025-04-26,2025-04-26,1973.17,1666.67,306.5,0.0,successful
REPAY_LN000177_03_FAIL,LN000177,2025-05-30,2025-05-30,1973.17,1666.67,306.5,0.0,failed
REPAY_LN000177_04_FAIL,LN000177,2025-06-27,2025-06-27,1973.17,1666.67,306.5,0.0,failed
REPAY_LN000178_01,LN000178,2025-03-29,2025-03-29,1481.25,1250.0,231.25,0.0,successful
REPAY_LN000178_02,LN000178,2025-04-28,2025-04-28,1481.25,1250.0,231.25,0.0,successful
REPAY_LN000178_03,LN000178,2025-05-28,2025-05-28,1481.25,1250.0,231.25,0.0,successful
REPAY_LN000178_04,LN000178,2025-06-28,2025-06-28,1481.25,1250.0,231.25,0.0,successful
REPAY_LN000178_05,LN000178,2025-07-27,2025-07-27,1481.25,1250.0,231.25,0.0,successful
REPAY_LN000178_06,LN000178,2025-08-27,2025-08-27,1481.25,1250.0,231.25,0.0,successful
REPAY_LN000178_07,LN000178,2025-09-28,2025-09-28,1481.25,1250.0,231.25,0.0,successful
REPAY_LN000178_08,LN000178,2025-10-28,2025-10-28,1481.25,1250.0,231.25,0.0,successful
REPAY_LN000178_09,LN000178,2025-11-29,2025-11-29,1481.25,1250.0,231.25,0.0,successful
REPAY_LN000178_10,LN000178,2025-12-29,2025-12-29,1481.25,1250.0,231.25,0.0,successful
REPAY_LN000178_11,LN000178,2026-01-28,2026-01-28,1481.25,1250.0,231.25,0.0,successful
REPAY_LN000178_12,LN000178,2026-02-28,2026-02-28,1481.25,1250.0,231.25,0.0,successful
REPAY_LN000179_01,LN000179,2025-03-27,2025-03-27,1861.0,1666.67,194.33,0.0,successful
REPAY_LN000179_02,LN000179,2025-04-28,2025-04-28,1861.0,1666.67,194.33,0.0,successful
REPAY_LN000179_03,LN000179,2025-05-29,2025-05-29,1861.0,1666.67,194.33,0.0,successful
REPAY_LN000179_04,LN000179,2025-06-27,2025-06-27,1861.0,1666.67,194.33,0.0,successful
REPAY_LN000179_05,LN000179,2025-07-29,2025-07-29,1861.0,1666.67,194.33,0.0,successful
REPAY_LN000179_06,LN000179,2025-08-29,2025-08-29,1860.98,1666.65,194.33,0.0,successful
REPAY_LN000180_01,LN000180,2025-03-27,2025-03-27,1030.21,833.33,196.88,0.0,successful
REPAY_LN000180_02,LN000180,2025-04-29,2025-04-29,1030.21,833.33,196.88,0.0,successful
REPAY_LN000180_03,LN000180,2025-05-28,2025-05-28,1030.21,833.33,196.88,0.0,successful
REPAY_LN000180_04,LN000180,2025-06-29,2025-06-29,1030.21,833.33,196.88,0.0,successful
REPAY_LN000180_05,LN000180,2025-07-27,2025-07-27,1030.21,833.33,196.88,0.0,successful
REPAY_LN000180_06,LN000180,2025-08-27,2025-08-27,1030.21,833.33,196.88,0.0,successful
REPAY_LN000180_07,LN000180,2025-09-27,2025-09-27,1030.21,833.33,196.88,0.0,successful
REPAY_LN000180_08,LN000180,2025-10-29,2025-10-29,1030.21,833.33,196.88,0.0,successful
REPAY_LN000180_09,LN000180,2025-11-28,2025-11-28,1030.21,833.33,196.88,0.0,successful
REPAY_LN000180_10,LN000180,2025-12-27,2025-12-27,1030.21,833.33,196.88,0.0,successful
REPAY_LN000180_11,LN000180,2026-01-28,2026-01-28,1030.21,833.33,196.88,0.0,successful
REPAY_LN000180_12,LN000180,2026-02-27,2026-02-27,1030.21,833.33,196.88,0.0,successful
REPAY_LN000180_13,LN000180,2026-03-28,2026-03-28,1030.21,833.33,196.88,0.0,successful
REPAY_LN000180_14,LN000180,2026-04-28,2026-04-28,1030.21,833.33,196.88,0.0,successful
REPAY_LN000181_01,LN000181,2025-03-29,2025-03-29,351.28,277.78,73.5,0.0,successful
REPAY_LN000181_02,LN000181,2025-04-28,2025-04-28,351.28,277.78,73.5,0.0,successful
REPAY_LN000181_03,LN000181,2025-05-30,2025-05-30,351.28,277.78,73.5,0.0,successful
REPAY_LN000181_04,LN000181,2025-06-30,2025-06-30,351.28,277.78,73.5,0.0,successful
REPAY_LN000181_05,LN000181,2025-07-30,2025-07-30,351.28,277.78,73.5,0.0,successful
REPAY_LN000181_06,LN000181,2025-08-29,2025-08-29,351.28,277.78,73.5,0.0,successful
REPAY_LN000181_07,LN000181,2025-09-28,2025-09-28,351.28,277.78,73.5,0.0,successful
REPAY_LN000181_08,LN000181,2025-10-29,2025-10-29,351.28,277.78,73.5,0.0,successful
REPAY_LN000181_09,LN000181,2025-11-28,2025-11-28,351.28,277.78,73.5,0.0,successful
REPAY_LN000181_10,LN000181,2025-12-29,2025-12-29,351.28,277.78,73.5,0.0,successful
REPAY_LN000181_11,LN000181,2026-01-28,2026-01-28,351.28,277.78,73.5,0.0,successful
REPAY_LN000181_12,LN000181,2026-02-28,2026-02-28,351.28,277.78,73.5,0.0,successful
REPAY_LN000181_13,LN000181,2026-03-28,2026-03-28,351.28,277.78,73.5,0.0,successful
REPAY_LN000181_14,LN000181,2026-04-29,2026-04-29,351.28,277.78,73.5,0.0,successful
REPAY_LN000182_01,LN000182,2025-03-30,2025-03-30,1443.93,1333.33,110.6,0.0,successful
REPAY_LN000182_02,LN000182,2025-04-29,2025-04-29,1443.93,1333.33,110.6,0.0,successful
REPAY_LN000182_03,LN000182,2025-05-29,2025-05-29,1443.93,1333.33,110.6,0.0,successful
REPAY_LN000182_04,LN000182,2025-06-28,2025-06-28,1443.93,1333.33,110.6,0.0,successful
REPAY_LN000182_05,LN000182,2025-07-28,2025-07-28,1443.93,1333.33,110.6,0.0,successful
REPAY_LN000182_06,LN000182,2025-08-30,2025-08-30,1443.95,1333.35,110.6,0.0,successful
REPAY_LN000183_01,LN000183,2025-04-03,2025-04-03,456.13,416.67,39.46,0.0,successful
REPAY_LN000183_02,LN000183,2025-05-01,2025-05-01,456.13,416.67,39.46,0.0,successful
REPAY_LN000183_03,LN000183,2025-06-03,2025-06-03,456.13,416.67,39.46,0.0,successful
REPAY_LN000183_04,LN000183,2025-07-03,2025-07-03,456.13,416.67,39.46,0.0,successful
REPAY_LN000183_05,LN000183,2025-08-01,2025-08-01,456.13,416.67,39.46,0.0,successful
REPAY_LN000183_06,LN000183,2025-09-02,2025-09-02,456.13,416.67,39.46,0.0,successful
REPAY_LN000183_07,LN000183,2025-10-03,2025-10-03,456.13,416.67,39.46,0.0,successful
REPAY_LN000183_08,LN000183,2025-11-01,2025-11-01,456.13,416.67,39.46,0.0,successful
REPAY_LN000183_09,LN000183,2025-12-03,2025-12-03,456.13,416.67,39.46,0.0,successful
REPAY_LN000183_10,LN000183,2026-01-03,2026-01-03,456.13,416.67,39.46,0.0,successful
REPAY_LN000183_11,LN000183,2026-02-01,2026-02-01,456.13,416.67,39.46,0.0,successful
REPAY_LN000183_12,LN000183,2026-03-03,2026-03-03,456.09,416.63,39.46,0.0,successful
REPAY_LN000184_01,LN000184,2025-04-03,2025-04-03,1841.42,1666.67,174.75,0.0,successful
REPAY_LN000184_02,LN000184,2025-05-03,2025-05-03,1841.42,1666.67,174.75,0.0,successful
REPAY_LN000184_03,LN000184,2025-06-02,2025-06-02,1841.42,1666.67,174.75,0.0,successful
REPAY_LN000184_04,LN000184,2025-07-02,2025-07-02,1841.42,1666.67,174.75,0.0,successful
REPAY_LN000184_05,LN000184,2025-08-03,2025-08-03,1841.42,1666.67,174.75,0.0,successful
REPAY_LN000184_06,LN000184,2025-09-01,2025-09-01,1841.42,1666.67,174.75,0.0,successful
REPAY_LN000184_07,LN000184,2025-10-03,2025-10-03,1841.42,1666.67,174.75,0.0,successful
REPAY_LN000184_08,LN000184,2025-11-03,2025-11-03,1841.42,1666.67,174.75,0.0,successful
REPAY_LN000184_09,LN000184,2025-12-02,2025-12-02,1841.42,1666.67,174.75,0.0,successful
REPAY_LN000184_10,LN000184,2026-01-02,2026-01-02,1841.42,1666.67,174.75,0.0,successful
REPAY_LN000184_11,LN000184,2026-02-02,2026-02-02,1841.42,1666.67,174.75,0.0,successful
REPAY_LN000184_12,LN000184,2026-03-03,2026-03-03,1841.42,1666.67,174.75,0.0,successful
REPAY_LN000184_13,LN000184,2026-04-03,2026-04-03,1841.42,1666.67,174.75,0.0,successful
REPAY_LN000184_14,LN000184,2026-05-01,2026-05-01,1841.42,1666.67,174.75,0.0,successful
REPAY_LN000185_01,LN000185,2025-04-03,2025-04-03,2084.92,1666.67,418.25,0.0,successful
REPAY_LN000185_02,LN000185,2025-05-03,2025-05-03,2084.92,1666.67,418.25,0.0,successful
REPAY_LN000185_03,LN000185,2025-06-02,2025-06-02,2084.92,1666.67,418.25,0.0,successful
REPAY_LN000185_04,LN000185,2025-07-02,2025-07-02,2084.92,1666.67,418.25,0.0,successful
REPAY_LN000185_05,LN000185,2025-08-02,2025-08-02,2084.92,1666.67,418.25,0.0,successful
REPAY_LN000185_06,LN000185,2025-09-02,2025-09-02,2084.92,1666.67,418.25,0.0,successful
REPAY_LN000185_07,LN000185,2025-10-02,2025-10-02,2084.92,1666.67,418.25,0.0,successful
REPAY_LN000185_08,LN000185,2025-11-01,2025-11-01,2084.92,1666.67,418.25,0.0,successful
REPAY_LN000185_09,LN000185,2025-12-01,2025-12-01,2084.92,1666.67,418.25,0.0,successful
REPAY_LN000185_10,LN000185,2026-01-01,2026-01-01,2084.92,1666.67,418.25,0.0,successful
REPAY_LN000185_11,LN000185,2026-02-02,2026-02-02,2084.92,1666.67,418.25,0.0,successful
REPAY_LN000185_12,LN000185,2026-03-02,2026-03-02,2084.92,1666.67,418.25,0.0,successful
REPAY_LN000185_13,LN000185,2026-04-02,2026-04-02,2084.92,1666.67,418.25,0.0,successful
REPAY_LN000185_14,LN000185,2026-05-01,2026-05-01,2084.92,1666.67,418.25,0.0,successful
REPAY_LN000186_01,LN000186,2025-04-02,2025-04-02,1925.67,1666.67,259.0,0.0,successful
REPAY_LN000186_02,LN000186,2025-05-01,2025-05-01,1925.67,1666.67,259.0,0.0,successful
REPAY_LN000186_03,LN000186,2025-06-02,2025-06-02,1925.67,1666.67,259.0,0.0,successful
REPAY_LN000186_04,LN000186,2025-07-03,2025-07-03,1925.67,1666.67,259.0,0.0,successful
REPAY_LN000186_05,LN000186,2025-08-01,2025-08-01,1925.67,1666.67,259.0,0.0,successful
REPAY_LN000186_06,LN000186,2025-09-03,2025-09-03,1925.67,1666.67,259.0,0.0,successful
REPAY_LN000186_07,LN000186,2025-10-01,2025-10-01,1925.67,1666.67,259.0,0.0,successful
REPAY_LN000186_08,LN000186,2025-11-02,2025-11-02,1925.67,1666.67,259.0,0.0,successful
REPAY_LN000186_09,LN000186,2025-12-02,2025-12-02,1925.67,1666.67,259.0,0.0,successful
REPAY_LN000186_10,LN000186,2026-01-03,2026-01-03,1925.67,1666.67,259.0,0.0,successful
REPAY_LN000186_11,LN000186,2026-02-02,2026-02-02,1925.67,1666.67,259.0,0.0,successful
REPAY_LN000186_12,LN000186,2026-03-01,2026-03-01,1925.63,1666.63,259.0,0.0,successful
REPAY_LN000187_01,LN000187,2025-04-03,2025-04-03,854.06,555.56,298.5,0.0,successful
REPAY_LN000187_02,LN000187,2025-05-03,2025-05-03,854.06,555.56,298.5,0.0,successful
REPAY_LN000187_03,LN000187,2025-06-02,2025-06-02,854.06,555.56,298.5,0.0,successful
REPAY_LN000187_04,LN000187,2025-07-04,2025-07-04,854.06,555.56,298.5,0.0,successful
REPAY_LN000187_05,LN000187,2025-08-04,2025-08-04,854.06,555.56,298.5,0.0,successful
REPAY_LN000187_06,LN000187,2025-09-03,2025-09-03,854.06,555.56,298.5,0.0,successful
REPAY_LN000187_07,LN000187,2025-10-02,2025-10-02,854.06,555.56,298.5,0.0,successful
REPAY_LN000187_08,LN000187,2025-11-04,2025-11-04,854.06,555.56,298.5,0.0,successful
REPAY_LN000187_09,LN000187,2025-12-04,2025-12-04,854.06,555.56,298.5,0.0,successful
REPAY_LN000187_10,LN000187,2026-01-03,2026-01-03,854.06,555.56,298.5,0.0,successful
REPAY_LN000187_11,LN000187,2026-02-02,2026-02-02,854.06,555.56,298.5,0.0,successful
REPAY_LN000187_12,LN000187,2026-03-04,2026-03-04,854.06,555.56,298.5,0.0,successful
REPAY_LN000187_13,LN000187,2026-04-03,2026-04-03,854.06,555.56,298.5,0.0,successful
REPAY_LN000187_14,LN000187,2026-05-03,2026-05-03,854.06,555.56,298.5,0.0,successful
REPAY_LN000188_01,LN000188,2025-04-04,2025-04-04,960.71,833.33,127.38,0.0,successful
REPAY_LN000188_02,LN000188,2025-05-02,2025-05-02,960.71,833.33,127.38,0.0,successful
REPAY_LN000188_03,LN000188,2025-06-03,2025-06-03,960.71,833.33,127.38,0.0,successful
REPAY_LN000188_04,LN000188,2025-07-03,2025-07-03,960.71,833.33,127.38,0.0,successful
REPAY_LN000188_05,LN000188,2025-08-04,2025-08-04,960.71,833.33,127.38,0.0,successful
REPAY_LN000188_06,LN000188,2025-09-03,2025-09-03,960.71,833.33,127.38,0.0,successful
REPAY_LN000188_07_FAIL,LN000188,2025-10-04,2025-10-04,960.71,833.33,127.38,0.0,failed
REPAY_LN000188_08_FAIL,LN000188,2025-11-03,2025-11-03,960.71,833.33,127.38,0.0,failed
REPAY_LN000189_01,LN000189,2025-04-05,2025-04-05,597.11,444.44,152.67,0.0,successful
REPAY_LN000189_02,LN000189,2025-05-03,2025-05-03,597.11,444.44,152.67,0.0,successful
REPAY_LN000189_03,LN000189,2025-06-05,2025-06-05,597.11,444.44,152.67,0.0,successful
REPAY_LN000189_04,LN000189,2025-07-03,2025-07-03,597.11,444.44,152.67,0.0,successful
REPAY_LN000189_05,LN000189,2025-08-03,2025-08-03,597.11,444.44,152.67,0.0,successful
REPAY_LN000189_06_FAIL,LN000189,2025-09-05,2025-09-05,597.11,444.44,152.67,0.0,failed
REPAY_LN000189_07_FAIL,LN000189,2025-10-05,2025-10-05,597.11,444.44,152.67,0.0,failed
REPAY_LN000190_01,LN000190,2025-04-04,2025-04-04,1023.08,833.33,189.75,0.0,successful
REPAY_LN000190_02,LN000190,2025-05-05,2025-05-05,1023.08,833.33,189.75,0.0,successful
REPAY_LN000190_03,LN000190,2025-06-04,2025-06-04,1023.08,833.33,189.75,0.0,successful
REPAY_LN000190_04,LN000190,2025-07-04,2025-07-04,1023.08,833.33,189.75,0.0,successful
REPAY_LN000190_05,LN000190,2025-08-03,2025-08-03,1023.08,833.33,189.75,0.0,successful
REPAY_LN000190_06,LN000190,2025-09-04,2025-09-04,1023.08,833.33,189.75,0.0,successful
REPAY_LN000190_07,LN000190,2025-10-04,2025-10-04,1023.08,833.33,189.75,0.0,successful
REPAY_LN000190_08,LN000190,2025-11-04,2025-11-04,1023.08,833.33,189.75,0.0,successful
REPAY_LN000190_09,LN000190,2025-12-04,2025-12-04,1023.08,833.33,189.75,0.0,successful
REPAY_LN000190_10,LN000190,2026-01-03,2026-01-03,1023.08,833.33,189.75,0.0,successful
REPAY_LN000190_11,LN000190,2026-02-04,2026-02-04,1023.08,833.33,189.75,0.0,successful
REPAY_LN000190_12,LN000190,2026-03-03,2026-03-03,1023.08,833.33,189.75,0.0,successful
REPAY_LN000190_13,LN000190,2026-04-05,2026-04-05,1023.08,833.33,189.75,0.0,successful
REPAY_LN000190_14,LN000190,2026-05-04,2026-05-04,1023.08,833.33,189.75,0.0,successful
REPAY_LN000191_01,LN000191,2025-04-04,2025-04-04,915.95,833.33,82.62,0.0,successful
REPAY_LN000191_02,LN000191,2025-05-04,2025-05-04,915.95,833.33,82.62,0.0,successful
REPAY_LN000191_03,LN000191,2025-06-03,2025-06-03,915.95,833.33,82.62,0.0,successful
REPAY_LN000191_04,LN000191,2025-07-04,2025-07-04,915.95,833.33,82.62,0.0,successful
REPAY_LN000191_05,LN000191,2025-08-04,2025-08-04,915.95,833.33,82.62,0.0,successful
REPAY_LN000191_06,LN000191,2025-09-05,2025-09-05,915.97,833.35,82.62,0.0,successful
REPAY_LN000192_01,LN000192,2025-04-03,2025-04-03,953.41,833.33,120.08,0.0,successful
REPAY_LN000192_02,LN000192,2025-05-03,2025-05-03,953.41,833.33,120.08,0.0,successful
REPAY_LN000192_03,LN000192,2025-06-05,2025-06-05,953.41,833.33,120.08,0.0,successful
REPAY_LN000192_04,LN000192,2025-07-03,2025-07-03,953.41,833.33,120.08,0.0,successful
REPAY_LN000192_05,LN000192,2025-08-04,2025-08-04,953.41,833.33,120.08,0.0,successful
REPAY_LN000192_06,LN000192,2025-09-04,2025-09-04,953.41,833.33,120.08,0.0,successful
REPAY_LN000192_07,LN000192,2025-10-05,2025-10-05,953.41,833.33,120.08,0.0,successful
REPAY_LN000192_08,LN000192,2025-11-03,2025-11-03,953.41,833.33,120.08,0.0,successful
REPAY_LN000192_09,LN000192,2025-12-03,2025-12-03,953.41,833.33,120.08,0.0,successful
REPAY_LN000192_10,LN000192,2026-01-03,2026-01-03,953.41,833.33,120.08,0.0,successful
REPAY_LN000192_11,LN000192,2026-02-05,2026-02-05,953.41,833.33,120.08,0.0,successful
REPAY_LN000192_12,LN000192,2026-03-04,2026-03-04,953.45,833.37,120.08,0.0,successful
REPAY_LN000193_01,LN000193,2025-04-06,2025-04-06,926.62,833.33,93.29,0.0,successful
REPAY_LN000193_02,LN000193,2025-05-05,2025-05-05,926.62,833.33,93.29,0.0,successful
REPAY_LN000193_03,LN000193,2025-06-06,2025-06-06,926.62,833.33,93.29,0.0,successful
REPAY_LN000193_04,LN000193,2025-07-05,2025-07-05,926.62,833.33,93.29,0.0,successful
REPAY_LN000193_05,LN000193,2025-08-04,2025-08-04,926.62,833.33,93.29,0.0,successful
REPAY_LN000193_06,LN000193,2025-09-04,2025-09-04,926.64,833.35,93.29,0.0,successful
REPAY_LN000194_01,LN000194,2025-04-04,2025-04-04,470.28,277.78,192.5,0.0,successful
REPAY_LN000194_02,LN000194,2025-05-06,2025-05-06,470.28,277.78,192.5,0.0,successful
REPAY_LN000194_03,LN000194,2025-06-06,2025-06-06,470.28,277.78,192.5,0.0,successful
REPAY_LN000194_04,LN000194,2025-07-06,2025-07-06,470.28,277.78,192.5,0.0,successful
REPAY_LN000194_05,LN000194,2025-08-04,2025-08-04,470.28,277.78,192.5,0.0,successful
REPAY_LN000194_06,LN000194,2025-09-05,2025-09-05,470.28,277.78,192.5,0.0,successful
REPAY_LN000194_07,LN000194,2025-10-04,2025-10-04,470.28,277.78,192.5,0.0,successful
REPAY_LN000194_08,LN000194,2025-11-04,2025-11-04,470.28,277.78,192.5,0.0,successful
REPAY_LN000194_09,LN000194,2025-12-05,2025-12-05,470.28,277.78,192.5,0.0,successful
REPAY_LN000194_10,LN000194,2026-01-05,2026-01-05,470.28,277.78,192.5,0.0,successful
REPAY_LN000194_11,LN000194,2026-02-05,2026-02-05,470.28,277.78,192.5,0.0,successful
REPAY_LN000194_12,LN000194,2026-03-05,2026-03-05,470.28,277.78,192.5,0.0,successful
REPAY_LN000194_13,LN000194,2026-04-04,2026-04-04,470.28,277.78,192.5,0.0,successful
REPAY_LN000194_14,LN000194,2026-05-06,2026-05-06,470.28,277.78,192.5,0.0,successful
REPAY_LN000195_01,LN000195,2025-04-05,2025-04-05,1230.16,833.33,396.83,0.0,successful
REPAY_LN000195_02,LN000195,2025-05-06,2025-05-06,1230.16,833.33,396.83,0.0,successful
REPAY_LN000195_03,LN000195,2025-06-07,2025-06-07,1230.16,833.33,396.83,0.0,successful
REPAY_LN000195_04,LN000195,2025-07-07,2025-07-07,1230.16,833.33,396.83,0.0,successful
REPAY_LN000195_05,LN000195,2025-08-05,2025-08-05,1230.16,833.33,396.83,0.0,successful
REPAY_LN000195_06,LN000195,2025-09-05,2025-09-05,1230.16,833.33,396.83,0.0,successful
REPAY_LN000195_07,LN000195,2025-10-05,2025-10-05,1230.16,833.33,396.83,0.0,successful
REPAY_LN000195_08,LN000195,2025-11-07,2025-11-07,1230.16,833.33,396.83,0.0,successful
REPAY_LN000195_09,LN000195,2025-12-07,2025-12-07,1230.16,833.33,396.83,0.0,successful
REPAY_LN000195_10,LN000195,2026-01-07,2026-01-07,1230.16,833.33,396.83,0.0,successful
REPAY_LN000195_11,LN000195,2026-02-06,2026-02-06,1230.16,833.33,396.83,0.0,successful
REPAY_LN000195_12,LN000195,2026-03-06,2026-03-06,1230.16,833.33,396.83,0.0,successful
REPAY_LN000195_13,LN000195,2026-04-05,2026-04-05,1230.16,833.33,396.83,0.0,successful
REPAY_LN000196_01,LN000196,2025-04-05,2025-04-05,1256.83,833.33,423.5,0.0,successful
REPAY_LN000196_02,LN000196,2025-05-07,2025-05-07,1256.83,833.33,423.5,0.0,successful
REPAY_LN000196_03,LN000196,2025-06-05,2025-06-05,1256.83,833.33,423.5,0.0,successful
REPAY_LN000196_04,LN000196,2025-07-06,2025-07-06,1256.83,833.33,423.5,0.0,successful
REPAY_LN000196_05,LN000196,2025-08-07,2025-08-07,1256.83,833.33,423.5,0.0,successful
REPAY_LN000196_06,LN000196,2025-09-06,2025-09-06,1256.83,833.33,423.5,0.0,successful
REPAY_LN000196_07,LN000196,2025-10-07,2025-10-07,1256.83,833.33,423.5,0.0,successful
REPAY_LN000196_08_FAIL,LN000196,2025-11-06,2025-11-06,1256.83,833.33,423.5,0.0,failed
REPAY_LN000196_09_FAIL,LN000196,2025-12-08,2025-12-08,1256.83,833.33,423.5,0.0,failed
REPAY_LN000197_01,LN000197,2025-04-06,2025-04-06,316.78,277.78,39.0,0.0,successful
REPAY_LN000197_02,LN000197,2025-05-07,2025-05-07,316.78,277.78,39.0,0.0,successful
REPAY_LN000197_03,LN000197,2025-06-05,2025-06-05,316.78,277.78,39.0,0.0,successful
REPAY_LN000197_04,LN000197,2025-07-07,2025-07-07,316.78,277.78,39.0,0.0,successful
REPAY_LN000197_05,LN000197,2025-08-06,2025-08-06,316.78,277.78,39.0,0.0,successful
REPAY_LN000197_06,LN000197,2025-09-05,2025-09-05,316.78,277.78,39.0,0.0,successful
REPAY_LN000197_07,LN000197,2025-10-06,2025-10-06,316.78,277.78,39.0,0.0,successful
REPAY_LN000197_08,LN000197,2025-11-07,2025-11-07,316.78,277.78,39.0,0.0,successful
REPAY_LN000197_09,LN000197,2025-12-06,2025-12-06,316.78,277.78,39.0,0.0,successful
REPAY_LN000197_10,LN000197,2026-01-07,2026-01-07,316.78,277.78,39.0,0.0,successful
REPAY_LN000197_11,LN000197,2026-02-05,2026-02-05,316.78,277.78,39.0,0.0,successful
REPAY_LN000197_12,LN000197,2026-03-06,2026-03-06,316.78,277.78,39.0,0.0,successful
REPAY_LN000197_13,LN000197,2026-04-06,2026-04-06,316.78,277.78,39.0,0.0,successful
REPAY_LN000198_01,LN000198,2025-04-08,2025-04-08,1806.25,1666.67,139.58,0.0,successful
REPAY_LN000198_02,LN000198,2025-05-07,2025-05-07,1806.25,1666.67,139.58,0.0,successful
REPAY_LN000198_03,LN000198,2025-06-07,2025-06-07,1806.25,1666.67,139.58,0.0,successful
REPAY_LN000198_04,LN000198,2025-07-06,2025-07-06,1806.25,1666.67,139.58,0.0,successful
REPAY_LN000198_05,LN000198,2025-08-08,2025-08-08,1806.25,1666.67,139.58,0.0,successful
REPAY_LN000198_06,LN000198,2025-09-08,2025-09-08,1806.23,1666.65,139.58,0.0,successful
REPAY_LN000199_01,LN000199,2025-04-06,2025-04-06,567.97,444.44,123.53,0.0,successful
REPAY_LN000199_02,LN000199,2025-05-06,2025-05-06,567.97,444.44,123.53,0.0,successful
REPAY_LN000199_03,LN000199,2025-06-08,2025-06-08,567.97,444.44,123.53,0.0,successful
REPAY_LN000199_04,LN000199,2025-07-06,2025-07-06,567.97,444.44,123.53,0.0,successful
REPAY_LN000199_05,LN000199,2025-08-06,2025-08-06,567.97,444.44,123.53,0.0,successful
REPAY_LN000199_06,LN000199,2025-09-06,2025-09-06,567.97,444.44,123.53,0.0,successful
REPAY_LN000199_07,LN000199,2025-10-08,2025-10-08,567.97,444.44,123.53,0.0,successful
REPAY_LN000199_08,LN000199,2025-11-06,2025-11-06,567.97,444.44,123.53,0.0,successful
REPAY_LN000199_09,LN000199,2025-12-07,2025-12-07,567.97,444.44,123.53,0.0,successful
REPAY_LN000199_10,LN000199,2026-01-07,2026-01-07,567.97,444.44,123.53,0.0,successful
REPAY_LN000199_11,LN000199,2026-02-08,2026-02-08,567.97,444.44,123.53,0.0,successful
REPAY_LN000199_12,LN000199,2026-03-06,2026-03-06,567.97,444.44,123.53,0.0,successful
REPAY_LN000199_13,LN000199,2026-04-07,2026-04-07,567.97,444.44,123.53,0.0,successful
REPAY_LN000200_01,LN000200,2025-04-09,2025-04-09,208.35,138.89,69.46,0.0,successful
REPAY_LN000200_02,LN000200,2025-05-08,2025-05-08,208.35,138.89,69.46,0.0,successful
REPAY_LN000200_03,LN000200,2025-06-07,2025-06-07,208.35,138.89,69.46,0.0,successful
REPAY_LN000200_04,LN000200,2025-07-09,2025-07-09,208.35,138.89,69.46,0.0,successful
REPAY_LN000200_05,LN000200,2025-08-08,2025-08-08,208.35,138.89,69.46,0.0,successful
REPAY_LN000200_06,LN000200,2025-09-09,2025-09-09,208.35,138.89,69.46,0.0,successful
REPAY_LN000200_07,LN000200,2025-10-08,2025-10-08,208.35,138.89,69.46,0.0,successful
REPAY_LN000200_08,LN000200,2025-11-08,2025-11-08,208.35,138.89,69.46,0.0,successful
REPAY_LN000200_09,LN000200,2025-12-07,2025-12-07,208.35,138.89,69.46,0.0,successful
REPAY_LN000200_10,LN000200,2026-01-07,2026-01-07,208.35,138.89,69.46,0.0,successful
REPAY_LN000200_11,LN000200,2026-02-08,2026-02-08,208.35,138.89,69.46,0.0,successful
REPAY_LN000200_12,LN000200,2026-03-09,2026-03-09,208.35,138.89,69.46,0.0,successful
REPAY_LN000200_13,LN000200,2026-04-09,2026-04-09,208.35,138.89,69.46,0.0,successful
REPAY_LN000201_01,LN000201,2025-04-07,2025-04-07,1736.09,1666.67,69.42,0.0,successful
REPAY_LN000201_02,LN000201,2025-05-08,2025-05-08,1736.09,1666.67,69.42,0.0,successful
REPAY_LN000201_03,LN000201,2025-06-07,2025-06-07,1736.09,1666.67,69.42,0.0,successful
REPAY_LN000201_04,LN000201,2025-07-08,2025-07-08,1736.09,1666.67,69.42,0.0,successful
REPAY_LN000201_05,LN000201,2025-08-08,2025-08-08,1736.09,1666.67,69.42,0.0,successful
REPAY_LN000201_06,LN000201,2025-09-07,2025-09-07,1736.07,1666.65,69.42,0.0,successful
REPAY_LN000202_01,LN000202,2025-04-07,2025-04-07,883.0,833.33,49.67,0.0,successful
REPAY_LN000202_02_FAIL,LN000202,2025-05-11,2025-05-11,883.0,833.33,49.67,0.0,failed
REPAY_LN000202_03_FAIL,LN000202,2025-06-09,2025-06-09,883.0,833.33,49.67,0.0,failed
REPAY_LN000203_01,LN000203,2025-04-07,2025-04-07,992.2,833.33,158.87,0.0,successful
REPAY_LN000203_02,LN000203,2025-05-09,2025-05-09,992.2,833.33,158.87,0.0,successful
REPAY_LN000203_03,LN000203,2025-06-09,2025-06-09,992.2,833.33,158.87,0.0,successful
REPAY_LN000203_04,LN000203,2025-07-08,2025-07-08,992.2,833.33,158.87,0.0,successful
REPAY_LN000203_05,LN000203,2025-08-07,2025-08-07,992.2,833.33,158.87,0.0,successful
REPAY_LN000203_06,LN000203,2025-09-09,2025-09-09,992.2,833.33,158.87,0.0,successful
REPAY_LN000203_07,LN000203,2025-10-07,2025-10-07,992.2,833.33,158.87,0.0,successful
REPAY_LN000203_08,LN000203,2025-11-09,2025-11-09,992.2,833.33,158.87,0.0,successful
REPAY_LN000203_09,LN000203,2025-12-08,2025-12-08,992.2,833.33,158.87,0.0,successful
REPAY_LN000203_10,LN000203,2026-01-08,2026-01-08,992.2,833.33,158.87,0.0,successful
REPAY_LN000203_11,LN000203,2026-02-07,2026-02-07,992.2,833.33,158.87,0.0,successful
REPAY_LN000203_12,LN000203,2026-03-08,2026-03-08,992.2,833.33,158.87,0.0,successful
REPAY_LN000203_13,LN000203,2026-04-09,2026-04-09,992.2,833.33,158.87,0.0,successful
REPAY_LN000204_01,LN000204,2025-04-09,2025-04-09,923.89,555.56,368.33,0.0,successful
REPAY_LN000204_02,LN000204,2025-05-10,2025-05-10,923.89,555.56,368.33,0.0,successful
REPAY_LN000204_03,LN000204,2025-06-10,2025-06-10,923.89,555.56,368.33,0.0,successful
REPAY_LN000204_04,LN000204,2025-07-09,2025-07-09,923.89,555.56,368.33,0.0,successful
REPAY_LN000204_05,LN000204,2025-08-10,2025-08-10,923.89,555.56,368.33,0.0,successful
REPAY_LN000204_06,LN000204,2025-09-10,2025-09-10,923.89,555.56,368.33,0.0,successful
REPAY_LN000204_07,LN000204,2025-10-08,2025-10-08,923.89,555.56,368.33,0.0,successful
REPAY_LN000204_08,LN000204,2025-11-08,2025-11-08,923.89,555.56,368.33,0.0,successful
REPAY_LN000204_09,LN000204,2025-12-08,2025-12-08,923.89,555.56,368.33,0.0,successful
REPAY_LN000204_10,LN000204,2026-01-09,2026-01-09,923.89,555.56,368.33,0.0,successful
REPAY_LN000204_11,LN000204,2026-02-08,2026-02-08,923.89,555.56,368.33,0.0,successful
REPAY_LN000204_12,LN000204,2026-03-10,2026-03-10,923.89,555.56,368.33,0.0,successful
REPAY_LN000204_13,LN000204,2026-04-09,2026-04-09,923.89,555.56,368.33,0.0,successful
REPAY_LN000205_01,LN000205,2025-04-09,2025-04-09,2916.5,2500.0,416.5,0.0,successful
REPAY_LN000205_02,LN000205,2025-05-09,2025-05-09,2916.5,2500.0,416.5,0.0,successful
REPAY_LN000205_03,LN000205,2025-06-09,2025-06-09,2916.5,2500.0,416.5,0.0,successful
REPAY_LN000205_04,LN000205,2025-07-10,2025-07-10,2916.5,2500.0,416.5,0.0,successful
REPAY_LN000205_05,LN000205,2025-08-10,2025-08-10,2916.5,2500.0,416.5,0.0,successful
REPAY_LN000205_06,LN000205,2025-09-08,2025-09-08,2916.5,2500.0,416.5,0.0,successful
REPAY_LN000205_07,LN000205,2025-10-09,2025-10-09,2916.5,2500.0,416.5,0.0,successful
REPAY_LN000205_08,LN000205,2025-11-08,2025-11-08,2916.5,2500.0,416.5,0.0,successful
REPAY_LN000205_09,LN000205,2025-12-10,2025-12-10,2916.5,2500.0,416.5,0.0,successful
REPAY_LN000205_10,LN000205,2026-01-09,2026-01-09,2916.5,2500.0,416.5,0.0,successful
REPAY_LN000205_11,LN000205,2026-02-10,2026-02-10,2916.5,2500.0,416.5,0.0,successful
REPAY_LN000205_12,LN000205,2026-03-08,2026-03-08,2916.5,2500.0,416.5,0.0,successful
REPAY_LN000206_01,LN000206,2025-04-10,2025-04-10,1846.34,1666.67,179.67,0.0,successful
REPAY_LN000206_02,LN000206,2025-05-09,2025-05-09,1846.34,1666.67,179.67,0.0,successful
REPAY_LN000206_03,LN000206,2025-06-09,2025-06-09,1846.34,1666.67,179.67,0.0,successful
REPAY_LN000206_04,LN000206,2025-07-08,2025-07-08,1846.34,1666.67,179.67,0.0,successful
REPAY_LN000206_05,LN000206,2025-08-09,2025-08-09,1846.34,1666.67,179.67,0.0,successful
REPAY_LN000206_06,LN000206,2025-09-10,2025-09-10,1846.32,1666.65,179.67,0.0,successful
REPAY_LN000207_01,LN000207,2025-04-10,2025-04-10,1846.75,1666.67,180.08,0.0,successful
REPAY_LN000207_02,LN000207,2025-05-10,2025-05-10,1846.75,1666.67,180.08,0.0,successful
REPAY_LN000207_03_FAIL,LN000207,2025-06-09,2025-06-09,1846.75,1666.67,180.08,0.0,failed
REPAY_LN000207_04_FAIL,LN000207,2025-07-12,2025-07-12,1846.75,1666.67,180.08,0.0,failed
REPAY_LN000208_01,LN000208,2025-04-11,2025-04-11,839.25,625.0,214.25,0.0,successful
REPAY_LN000208_02,LN000208,2025-05-09,2025-05-09,839.25,625.0,214.25,0.0,successful
REPAY_LN000208_03,LN000208,2025-06-11,2025-06-11,839.25,625.0,214.25,0.0,successful
REPAY_LN000208_04,LN000208,2025-07-09,2025-07-09,839.25,625.0,214.25,0.0,successful
REPAY_LN000208_05,LN000208,2025-08-11,2025-08-11,839.25,625.0,214.25,0.0,successful
REPAY_LN000208_06,LN000208,2025-09-11,2025-09-11,839.25,625.0,214.25,0.0,successful
REPAY_LN000208_07,LN000208,2025-10-09,2025-10-09,839.25,625.0,214.25,0.0,successful
REPAY_LN000208_08,LN000208,2025-11-10,2025-11-10,839.25,625.0,214.25,0.0,successful
REPAY_LN000208_09,LN000208,2025-12-10,2025-12-10,839.25,625.0,214.25,0.0,successful
REPAY_LN000208_10,LN000208,2026-01-10,2026-01-10,839.25,625.0,214.25,0.0,successful
REPAY_LN000208_11,LN000208,2026-02-09,2026-02-09,839.25,625.0,214.25,0.0,successful
REPAY_LN000208_12,LN000208,2026-03-10,2026-03-10,839.25,625.0,214.25,0.0,successful
REPAY_LN000208_13,LN000208,2026-04-10,2026-04-10,839.25,625.0,214.25,0.0,successful
REPAY_LN000209_01,LN000209,2025-04-09,2025-04-09,1015.16,833.33,181.83,0.0,successful
REPAY_LN000209_02,LN000209,2025-05-10,2025-05-10,1015.16,833.33,181.83,0.0,successful
REPAY_LN000209_03,LN000209,2025-06-10,2025-06-10,1015.16,833.33,181.83,0.0,successful
REPAY_LN000209_04,LN000209,2025-07-10,2025-07-10,1015.16,833.33,181.83,0.0,successful
REPAY_LN000209_05,LN000209,2025-08-09,2025-08-09,1015.16,833.33,181.83,0.0,successful
REPAY_LN000209_06,LN000209,2025-09-09,2025-09-09,1015.16,833.33,181.83,0.0,successful
REPAY_LN000209_07,LN000209,2025-10-10,2025-10-10,1015.16,833.33,181.83,0.0,successful
REPAY_LN000209_08,LN000209,2025-11-10,2025-11-10,1015.16,833.33,181.83,0.0,successful
REPAY_LN000209_09,LN000209,2025-12-09,2025-12-09,1015.16,833.33,181.83,0.0,successful
REPAY_LN000209_10,LN000209,2026-01-10,2026-01-10,1015.16,833.33,181.83,0.0,successful
REPAY_LN000209_11,LN000209,2026-02-09,2026-02-09,1015.16,833.33,181.83,0.0,successful
REPAY_LN000209_12,LN000209,2026-03-10,2026-03-10,1015.2,833.37,181.83,0.0,successful
REPAY_LN000210_01,LN000210,2025-04-11,2025-04-11,360.35,222.22,138.13,0.0,successful
REPAY_LN000210_02,LN000210,2025-05-09,2025-05-09,360.35,222.22,138.13,0.0,successful
REPAY_LN000210_03,LN000210,2025-06-11,2025-06-11,360.35,222.22,138.13,0.0,successful
REPAY_LN000210_04,LN000210,2025-07-10,2025-07-10,360.35,222.22,138.13,0.0,successful
REPAY_LN000210_05,LN000210,2025-08-09,2025-08-09,360.35,222.22,138.13,0.0,successful
REPAY_LN000210_06,LN000210,2025-09-09,2025-09-09,360.35,222.22,138.13,0.0,successful
REPAY_LN000210_07,LN000210,2025-10-10,2025-10-10,360.35,222.22,138.13,0.0,successful
REPAY_LN000210_08,LN000210,2025-11-10,2025-11-10,360.35,222.22,138.13,0.0,successful
REPAY_LN000210_09_FAIL,LN000210,2025-12-13,2025-12-13,360.35,222.22,138.13,0.0,failed
REPAY_LN000210_10_FAIL,LN000210,2026-01-10,2026-01-10,360.35,222.22,138.13,0.0,failed
REPAY_LN000211_01,LN000211,2025-04-09,2025-04-09,3618.33,3333.33,285.0,0.0,successful
REPAY_LN000211_02_FAIL,LN000211,2025-05-11,2025-05-11,3618.33,3333.33,285.0,0.0,failed
REPAY_LN000211_03_FAIL,LN000211,2025-06-13,2025-06-13,3618.33,3333.33,285.0,0.0,failed
REPAY_LN000212_01,LN000212,2025-04-10,2025-04-10,1445.11,1111.11,334.0,0.0,successful
REPAY_LN000212_02,LN000212,2025-05-11,2025-05-11,1445.11,1111.11,334.0,0.0,successful
REPAY_LN000212_03,LN000212,2025-06-11,2025-06-11,1445.11,1111.11,334.0,0.0,successful
REPAY_LN000212_04,LN000212,2025-07-12,2025-07-12,1445.11,1111.11,334.0,0.0,successful
REPAY_LN000212_05,LN000212,2025-08-12,2025-08-12,1445.11,1111.11,334.0,0.0,successful
REPAY_LN000212_06,LN000212,2025-09-12,2025-09-12,1445.11,1111.11,334.0,0.0,successful
REPAY_LN000212_07,LN000212,2025-10-11,2025-10-11,1445.11,1111.11,334.0,0.0,successful
REPAY_LN000212_08,LN000212,2025-11-10,2025-11-10,1445.11,1111.11,334.0,0.0,successful
REPAY_LN000212_09,LN000212,2025-12-11,2025-12-11,1445.11,1111.11,334.0,0.0,successful
REPAY_LN000212_10,LN000212,2026-01-12,2026-01-12,1445.11,1111.11,334.0,0.0,successful
REPAY_LN000212_11,LN000212,2026-02-11,2026-02-11,1445.11,1111.11,334.0,0.0,successful
REPAY_LN000212_12,LN000212,2026-03-12,2026-03-12,1445.11,1111.11,334.0,0.0,successful
REPAY_LN000212_13,LN000212,2026-04-12,2026-04-12,1445.11,1111.11,334.0,0.0,successful
REPAY_LN000213_01,LN000213,2025-04-10,2025-04-10,634.05,416.67,217.38,0.0,successful
REPAY_LN000213_02,LN000213,2025-05-10,2025-05-10,634.05,416.67,217.38,0.0,successful
REPAY_LN000213_03,LN000213,2025-06-12,2025-06-12,634.05,416.67,217.38,0.0,successful
REPAY_LN000213_04,LN000213,2025-07-12,2025-07-12,634.05,416.67,217.38,0.0,successful
REPAY_LN000213_05,LN000213,2025-08-11,2025-08-11,634.05,416.67,217.38,0.0,successful
REPAY_LN000213_06,LN000213,2025-09-12,2025-09-12,634.05,416.67,217.38,0.0,successful
REPAY_LN000213_07,LN000213,2025-10-11,2025-10-11,634.05,416.67,217.38,0.0,successful
REPAY_LN000213_08,LN000213,2025-11-12,2025-11-12,634.05,416.67,217.38,0.0,successful
REPAY_LN000213_09,LN000213,2025-12-10,2025-12-10,634.05,416.67,217.38,0.0,successful
REPAY_LN000213_10,LN000213,2026-01-10,2026-01-10,634.05,416.67,217.38,0.0,successful
REPAY_LN000213_11,LN000213,2026-02-12,2026-02-12,634.05,416.67,217.38,0.0,successful
REPAY_LN000213_12,LN000213,2026-03-11,2026-03-11,634.05,416.67,217.38,0.0,successful
REPAY_LN000213_13,LN000213,2026-04-11,2026-04-11,634.05,416.67,217.38,0.0,successful
REPAY_LN000214_01,LN000214,2025-04-12,2025-04-12,923.58,833.33,90.25,0.0,successful
REPAY_LN000214_02,LN000214,2025-05-10,2025-05-10,923.58,833.33,90.25,0.0,successful
REPAY_LN000214_03,LN000214,2025-06-10,2025-06-10,923.58,833.33,90.25,0.0,successful
REPAY_LN000214_04,LN000214,2025-07-12,2025-07-12,923.58,833.33,90.25,0.0,successful
REPAY_LN000214_05,LN000214,2025-08-10,2025-08-10,923.58,833.33,90.25,0.0,successful
REPAY_LN000214_06,LN000214,2025-09-11,2025-09-11,923.58,833.33,90.25,0.0,successful
REPAY_LN000214_07_FAIL,LN000214,2025-10-14,2025-10-14,923.58,833.33,90.25,0.0,failed
REPAY_LN000214_08_FAIL,LN000214,2025-11-12,2025-11-12,923.58,833.33,90.25,0.0,failed
REPAY_LN000215_01,LN000215,2025-04-13,2025-04-13,307.11,277.78,29.33,0.0,successful
REPAY_LN000215_02,LN000215,2025-05-12,2025-05-12,307.11,277.78,29.33,0.0,successful
REPAY_LN000215_03,LN000215,2025-06-13,2025-06-13,307.11,277.78,29.33,0.0,successful
REPAY_LN000215_04,LN000215,2025-07-12,2025-07-12,307.11,277.78,29.33,0.0,successful
REPAY_LN000215_05,LN000215,2025-08-13,2025-08-13,307.11,277.78,29.33,0.0,successful
REPAY_LN000215_06,LN000215,2025-09-12,2025-09-12,307.11,277.78,29.33,0.0,successful
REPAY_LN000215_07,LN000215,2025-10-12,2025-10-12,307.11,277.78,29.33,0.0,successful
REPAY_LN000215_08,LN000215,2025-11-11,2025-11-11,307.11,277.78,29.33,0.0,successful
REPAY_LN000215_09,LN000215,2025-12-11,2025-12-11,307.11,277.78,29.33,0.0,successful
REPAY_LN000215_10,LN000215,2026-01-11,2026-01-11,307.11,277.78,29.33,0.0,successful
REPAY_LN000215_11,LN000215,2026-02-11,2026-02-11,307.11,277.78,29.33,0.0,successful
REPAY_LN000215_12,LN000215,2026-03-11,2026-03-11,307.11,277.78,29.33,0.0,successful
REPAY_LN000215_13,LN000215,2026-04-11,2026-04-11,307.11,277.78,29.33,0.0,successful
REPAY_LN000216_01,LN000216,2025-04-13,2025-04-13,1344.94,1111.11,233.83,0.0,successful
REPAY_LN000216_02,LN000216,2025-05-13,2025-05-13,1344.94,1111.11,233.83,0.0,successful
REPAY_LN000216_03,LN000216,2025-06-11,2025-06-11,1344.94,1111.11,233.83,0.0,successful
REPAY_LN000216_04,LN000216,2025-07-13,2025-07-13,1344.94,1111.11,233.83,0.0,successful
REPAY_LN000216_05,LN000216,2025-08-11,2025-08-11,1344.94,1111.11,233.83,0.0,successful
REPAY_LN000216_06,LN000216,2025-09-13,2025-09-13,1344.94,1111.11,233.83,0.0,successful
REPAY_LN000216_07,LN000216,2025-10-12,2025-10-12,1344.94,1111.11,233.83,0.0,successful
REPAY_LN000216_08,LN000216,2025-11-13,2025-11-13,1344.94,1111.11,233.83,0.0,successful
REPAY_LN000216_09,LN000216,2025-12-13,2025-12-13,1344.94,1111.11,233.83,0.0,successful
REPAY_LN000216_10,LN000216,2026-01-13,2026-01-13,1344.94,1111.11,233.83,0.0,successful
REPAY_LN000216_11,LN000216,2026-02-12,2026-02-12,1344.94,1111.11,233.83,0.0,successful
REPAY_LN000216_12,LN000216,2026-03-11,2026-03-11,1344.94,1111.11,233.83,0.0,successful
REPAY_LN000216_13,LN000216,2026-04-13,2026-04-13,1344.94,1111.11,233.83,0.0,successful
REPAY_LN000217_01,LN000217,2025-04-12,2025-04-12,1217.78,1111.11,106.67,0.0,successful
REPAY_LN000217_02,LN000217,2025-05-11,2025-05-11,1217.78,1111.11,106.67,0.0,successful
REPAY_LN000217_03,LN000217,2025-06-13,2025-06-13,1217.78,1111.11,106.67,0.0,successful
REPAY_LN000217_04,LN000217,2025-07-12,2025-07-12,1217.78,1111.11,106.67,0.0,successful
REPAY_LN000217_05_FAIL,LN000217,2025-08-12,2025-08-12,1217.78,1111.11,106.67,0.0,failed
REPAY_LN000217_06_FAIL,LN000217,2025-09-12,2025-09-12,1217.78,1111.11,106.67,0.0,failed
REPAY_LN000218_01,LN000218,2025-04-14,2025-04-14,1493.0,1333.33,159.67,0.0,successful
REPAY_LN000218_02,LN000218,2025-05-14,2025-05-14,1493.0,1333.33,159.67,0.0,successful
REPAY_LN000218_03,LN000218,2025-06-14,2025-06-14,1493.0,1333.33,159.67,0.0,successful
REPAY_LN000218_04,LN000218,2025-07-14,2025-07-14,1493.0,1333.33,159.67,0.0,successful
REPAY_LN000218_05,LN000218,2025-08-13,2025-08-13,1493.0,1333.33,159.67,0.0,successful
REPAY_LN000218_06,LN000218,2025-09-13,2025-09-13,1493.02,1333.35,159.67,0.0,successful
REPAY_LN000219_01,LN000219,2025-04-14,2025-04-14,1141.5,833.33,308.17,0.0,successful
REPAY_LN000219_02,LN000219,2025-05-12,2025-05-12,1141.5,833.33,308.17,0.0,successful
REPAY_LN000219_03,LN000219,2025-06-14,2025-06-14,1141.5,833.33,308.17,0.0,successful
REPAY_LN000219_04,LN000219,2025-07-12,2025-07-12,1141.5,833.33,308.17,0.0,successful
REPAY_LN000219_05,LN000219,2025-08-12,2025-08-12,1141.5,833.33,308.17,0.0,successful
REPAY_LN000219_06,LN000219,2025-09-12,2025-09-12,1141.5,833.33,308.17,0.0,successful
REPAY_LN000219_07,LN000219,2025-10-13,2025-10-13,1141.5,833.33,308.17,0.0,successful
REPAY_LN000219_08,LN000219,2025-11-12,2025-11-12,1141.5,833.33,308.17,0.0,successful
REPAY_LN000219_09,LN000219,2025-12-12,2025-12-12,1141.5,833.33,308.17,0.0,successful
REPAY_LN000219_10,LN000219,2026-01-13,2026-01-13,1141.5,833.33,308.17,0.0,successful
REPAY_LN000219_11,LN000219,2026-02-12,2026-02-12,1141.5,833.33,308.17,0.0,successful
REPAY_LN000219_12,LN000219,2026-03-12,2026-03-12,1141.5,833.33,308.17,0.0,successful
REPAY_LN000219_13,LN000219,2026-04-14,2026-04-14,1141.5,833.33,308.17,0.0,successful
REPAY_LN000220_01,LN000220,2025-04-12,2025-04-12,1757.67,1666.67,91.0,0.0,successful
REPAY_LN000220_02,LN000220,2025-05-12,2025-05-12,1757.67,1666.67,91.0,0.0,successful
REPAY_LN000220_03,LN000220,2025-06-12,2025-06-12,1757.67,1666.67,91.0,0.0,successful
REPAY_LN000220_04,LN000220,2025-07-12,2025-07-12,1757.67,1666.67,91.0,0.0,successful
REPAY_LN000220_05,LN000220,2025-08-12,2025-08-12,1757.67,1666.67,91.0,0.0,successful
REPAY_LN000220_06,LN000220,2025-09-13,2025-09-13,1757.65,1666.65,91.0,0.0,successful
REPAY_LN000221_01,LN000221,2025-04-13,2025-04-13,1402.61,1111.11,291.5,0.0,successful
REPAY_LN000221_02,LN000221,2025-05-13,2025-05-13,1402.61,1111.11,291.5,0.0,successful
REPAY_LN000221_03,LN000221,2025-06-14,2025-06-14,1402.61,1111.11,291.5,0.0,successful
REPAY_LN000221_04,LN000221,2025-07-14,2025-07-14,1402.61,1111.11,291.5,0.0,successful
REPAY_LN000221_05,LN000221,2025-08-13,2025-08-13,1402.61,1111.11,291.5,0.0,successful
REPAY_LN000221_06,LN000221,2025-09-13,2025-09-13,1402.61,1111.11,291.5,0.0,successful
REPAY_LN000221_07,LN000221,2025-10-13,2025-10-13,1402.61,1111.11,291.5,0.0,successful
REPAY_LN000221_08,LN000221,2025-11-15,2025-11-15,1402.61,1111.11,291.5,0.0,successful
REPAY_LN000221_09,LN000221,2025-12-15,2025-12-15,1402.61,1111.11,291.5,0.0,successful
REPAY_LN000221_10,LN000221,2026-01-13,2026-01-13,1402.61,1111.11,291.5,0.0,successful
REPAY_LN000221_11,LN000221,2026-02-14,2026-02-14,1402.61,1111.11,291.5,0.0,successful
REPAY_LN000221_12,LN000221,2026-03-13,2026-03-13,1402.61,1111.11,291.5,0.0,successful
REPAY_LN000221_13,LN000221,2026-04-14,2026-04-14,1402.61,1111.11,291.5,0.0,successful
REPAY_LN000222_01,LN000222,2025-04-14,2025-04-14,813.94,666.67,147.27,0.0,successful
REPAY_LN000222_02,LN000222,2025-05-14,2025-05-14,813.94,666.67,147.27,0.0,successful
REPAY_LN000222_03,LN000222,2025-06-13,2025-06-13,813.94,666.67,147.27,0.0,successful
REPAY_LN000222_04,LN000222,2025-07-13,2025-07-13,813.94,666.67,147.27,0.0,successful
REPAY_LN000222_05_FAIL,LN000222,2025-08-15,2025-08-15,813.94,666.67,147.27,0.0,failed
REPAY_LN000222_06_FAIL,LN000222,2025-09-16,2025-09-16,813.94,666.67,147.27,0.0,failed
REPAY_LN000223_01,LN000223,2025-04-14,2025-04-14,826.62,625.0,201.62,0.0,successful
REPAY_LN000223_02,LN000223,2025-05-13,2025-05-13,826.62,625.0,201.62,0.0,successful
REPAY_LN000223_03,LN000223,2025-06-14,2025-06-14,826.62,625.0,201.62,0.0,successful
REPAY_LN000223_04,LN000223,2025-07-15,2025-07-15,826.62,625.0,201.62,0.0,successful
REPAY_LN000223_05,LN000223,2025-08-13,2025-08-13,826.62,625.0,201.62,0.0,successful
REPAY_LN000223_06,LN000223,2025-09-14,2025-09-14,826.62,625.0,201.62,0.0,successful
REPAY_LN000223_07,LN000223,2025-10-14,2025-10-14,826.62,625.0,201.62,0.0,successful
REPAY_LN000223_08,LN000223,2025-11-15,2025-11-15,826.62,625.0,201.62,0.0,successful
REPAY_LN000223_09_FAIL,LN000223,2025-12-17,2025-12-17,826.62,625.0,201.62,0.0,failed
REPAY_LN000223_10_FAIL,LN000223,2026-01-15,2026-01-15,826.62,625.0,201.62,0.0,failed
REPAY_LN000224_01,LN000224,2025-04-15,2025-04-15,309.61,277.78,31.83,0.0,successful
REPAY_LN000224_02,LN000224,2025-05-13,2025-05-13,309.61,277.78,31.83,0.0,successful
REPAY_LN000224_03,LN000224,2025-06-15,2025-06-15,309.61,277.78,31.83,0.0,successful
REPAY_LN000224_04,LN000224,2025-07-14,2025-07-14,309.61,277.78,31.83,0.0,successful
REPAY_LN000224_05,LN000224,2025-08-14,2025-08-14,309.61,277.78,31.83,0.0,successful
REPAY_LN000224_06,LN000224,2025-09-15,2025-09-15,309.61,277.78,31.83,0.0,successful
REPAY_LN000224_07_FAIL,LN000224,2025-10-17,2025-10-17,309.61,277.78,31.83,0.0,failed
REPAY_LN000224_08_FAIL,LN000224,2025-11-14,2025-11-14,309.61,277.78,31.83,0.0,failed
REPAY_LN000225_01,LN000225,2025-04-15,2025-04-15,707.38,625.0,82.38,0.0,successful
REPAY_LN000225_02,LN000225,2025-05-14,2025-05-14,707.38,625.0,82.38,0.0,successful
REPAY_LN000225_03,LN000225,2025-06-15,2025-06-15,707.38,625.0,82.38,0.0,successful
REPAY_LN000225_04,LN000225,2025-07-15,2025-07-15,707.38,625.0,82.38,0.0,successful
REPAY_LN000225_05,LN000225,2025-08-16,2025-08-16,707.38,625.0,82.38,0.0,successful
REPAY_LN000225_06,LN000225,2025-09-16,2025-09-16,707.38,625.0,82.38,0.0,successful
REPAY_LN000225_07,LN000225,2025-10-14,2025-10-14,707.38,625.0,82.38,0.0,successful
REPAY_LN000225_08,LN000225,2025-11-16,2025-11-16,707.38,625.0,82.38,0.0,successful
REPAY_LN000225_09,LN000225,2025-12-15,2025-12-15,707.38,625.0,82.38,0.0,successful
REPAY_LN000225_10,LN000225,2026-01-15,2026-01-15,707.38,625.0,82.38,0.0,successful
REPAY_LN000225_11,LN000225,2026-02-14,2026-02-14,707.38,625.0,82.38,0.0,successful
REPAY_LN000225_12,LN000225,2026-03-14,2026-03-14,707.38,625.0,82.38,0.0,successful
REPAY_LN000225_13,LN000225,2026-04-15,2026-04-15,707.38,625.0,82.38,0.0,successful
REPAY_LN000226_01,LN000226,2025-04-16,2025-04-16,858.41,833.33,25.08,0.0,successful
REPAY_LN000226_02,LN000226,2025-05-16,2025-05-16,858.41,833.33,25.08,0.0,successful
REPAY_LN000226_03,LN000226,2025-06-14,2025-06-14,858.41,833.33,25.08,0.0,successful
REPAY_LN000226_04,LN000226,2025-07-14,2025-07-14,858.41,833.33,25.08,0.0,successful
REPAY_LN000226_05,LN000226,2025-08-15,2025-08-15,858.41,833.33,25.08,0.0,successful
REPAY_LN000226_06,LN000226,2025-09-15,2025-09-15,858.43,833.35,25.08,0.0,successful
REPAY_LN000227_01,LN000227,2025-04-14,2025-04-14,175.93,138.89,37.04,0.0,successful
REPAY_LN000227_02,LN000227,2025-05-15,2025-05-15,175.93,138.89,37.04,0.0,successful
REPAY_LN000227_03,LN000227,2025-06-14,2025-06-14,175.93,138.89,37.04,0.0,successful
REPAY_LN000227_04,LN000227,2025-07-14,2025-07-14,175.93,138.89,37.04,0.0,successful
REPAY_LN000227_05,LN000227,2025-08-16,2025-08-16,175.93,138.89,37.04,0.0,successful
REPAY_LN000227_06,LN000227,2025-09-14,2025-09-14,175.93,138.89,37.04,0.0,successful
REPAY_LN000227_07,LN000227,2025-10-15,2025-10-15,175.93,138.89,37.04,0.0,successful
REPAY_LN000227_08,LN000227,2025-11-16,2025-11-16,175.93,138.89,37.04,0.0,successful
REPAY_LN000227_09,LN000227,2025-12-16,2025-12-16,175.93,138.89,37.04,0.0,successful
REPAY_LN000227_10,LN000227,2026-01-15,2026-01-15,175.93,138.89,37.04,0.0,successful
REPAY_LN000227_11,LN000227,2026-02-15,2026-02-15,175.93,138.89,37.04,0.0,successful
REPAY_LN000227_12,LN000227,2026-03-15,2026-03-15,175.93,138.89,37.04,0.0,successful
REPAY_LN000227_13,LN000227,2026-04-14,2026-04-14,175.93,138.89,37.04,0.0,successful
REPAY_LN000228_01,LN000228,2025-04-16,2025-04-16,700.39,555.56,144.83,0.0,successful
REPAY_LN000228_02,LN000228,2025-05-14,2025-05-14,700.39,555.56,144.83,0.0,successful
REPAY_LN000228_03,LN000228,2025-06-14,2025-06-14,700.39,555.56,144.83,0.0,successful
REPAY_LN000228_04,LN000228,2025-07-14,2025-07-14,700.39,555.56,144.83,0.0,successful
REPAY_LN000228_05,LN000228,2025-08-14,2025-08-14,700.39,555.56,144.83,0.0,successful
REPAY_LN000228_06,LN000228,2025-09-16,2025-09-16,700.39,555.56,144.83,0.0,successful
REPAY_LN000228_07,LN000228,2025-10-16,2025-10-16,700.39,555.56,144.83,0.0,successful
REPAY_LN000228_08,LN000228,2025-11-14,2025-11-14,700.39,555.56,144.83,0.0,successful
REPAY_LN000228_09,LN000228,2025-12-15,2025-12-15,700.39,555.56,144.83,0.0,successful
REPAY_LN000228_10,LN000228,2026-01-16,2026-01-16,700.39,555.56,144.83,0.0,successful
REPAY_LN000228_11,LN000228,2026-02-14,2026-02-14,700.39,555.56,144.83,0.0,successful
REPAY_LN000228_12,LN000228,2026-03-15,2026-03-15,700.39,555.56,144.83,0.0,successful
REPAY_LN000228_13,LN000228,2026-04-15,2026-04-15,700.39,555.56,144.83,0.0,successful
REPAY_LN000229_01,LN000229,2025-04-15,2025-04-15,922.83,833.33,89.5,0.0,successful
REPAY_LN000229_02,LN000229,2025-05-17,2025-05-17,922.83,833.33,89.5,0.0,successful
REPAY_LN000229_03,LN000229,2025-06-16,2025-06-16,922.83,833.33,89.5,0.0,successful
REPAY_LN000229_04,LN000229,2025-07-17,2025-07-17,922.83,833.33,89.5,0.0,successful
REPAY_LN000229_05,LN000229,2025-08-17,2025-08-17,922.83,833.33,89.5,0.0,successful
REPAY_LN000229_06,LN000229,2025-09-16,2025-09-16,922.85,833.35,89.5,0.0,successful
REPAY_LN000230_01,LN000230,2025-04-15,2025-04-15,241.04,208.33,32.71,0.0,successful
REPAY_LN000230_02,LN000230,2025-05-16,2025-05-16,241.04,208.33,32.71,0.0,successful
REPAY_LN000230_03,LN000230,2025-06-16,2025-06-16,241.04,208.33,32.71,0.0,successful
REPAY_LN000230_04,LN000230,2025-07-17,2025-07-17,241.04,208.33,32.71,0.0,successful
REPAY_LN000230_05,LN000230,2025-08-15,2025-08-15,241.04,208.33,32.71,0.0,successful
REPAY_LN000230_06,LN000230,2025-09-17,2025-09-17,241.04,208.33,32.71,0.0,successful
REPAY_LN000230_07,LN000230,2025-10-16,2025-10-16,241.04,208.33,32.71,0.0,successful
REPAY_LN000230_08,LN000230,2025-11-15,2025-11-15,241.04,208.33,32.71,0.0,successful
REPAY_LN000230_09,LN000230,2025-12-15,2025-12-15,241.04,208.33,32.71,0.0,successful
REPAY_LN000230_10,LN000230,2026-01-15,2026-01-15,241.04,208.33,32.71,0.0,successful
REPAY_LN000230_11,LN000230,2026-02-15,2026-02-15,241.04,208.33,32.71,0.0,successful
REPAY_LN000230_12,LN000230,2026-03-15,2026-03-15,241.04,208.33,32.71,0.0,successful
REPAY_LN000230_13,LN000230,2026-04-16,2026-04-16,241.04,208.33,32.71,0.0,successful
REPAY_LN000231_01,LN000231,2025-04-16,2025-04-16,745.87,666.67,79.2,0.0,successful
REPAY_LN000231_02,LN000231,2025-05-16,2025-05-16,745.87,666.67,79.2,0.0,successful
REPAY_LN000231_03,LN000231,2025-06-17,2025-06-17,745.87,666.67,79.2,0.0,successful
REPAY_LN000231_04,LN000231,2025-07-15,2025-07-15,745.87,666.67,79.2,0.0,successful
REPAY_LN000231_05,LN000231,2025-08-15,2025-08-15,745.87,666.67,79.2,0.0,successful
REPAY_LN000231_06,LN000231,2025-09-16,2025-09-16,745.87,666.67,79.2,0.0,successful
REPAY_LN000231_07,LN000231,2025-10-15,2025-10-15,745.87,666.67,79.2,0.0,successful
REPAY_LN000231_08,LN000231,2025-11-17,2025-11-17,745.87,666.67,79.2,0.0,successful
REPAY_LN000231_09,LN000231,2025-12-15,2025-12-15,745.87,666.67,79.2,0.0,successful
REPAY_LN000231_10,LN000231,2026-01-15,2026-01-15,745.87,666.67,79.2,0.0,successful
REPAY_LN000231_11,LN000231,2026-02-17,2026-02-17,745.87,666.67,79.2,0.0,successful
REPAY_LN000231_12,LN000231,2026-03-16,2026-03-16,745.83,666.63,79.2,0.0,successful
REPAY_LN000232_01,LN000232,2025-04-17,2025-04-17,1405.5,1250.0,155.5,0.0,successful
REPAY_LN000232_02,LN000232,2025-05-16,2025-05-16,1405.5,1250.0,155.5,0.0,successful
REPAY_LN000232_03,LN000232,2025-06-18,2025-06-18,1405.5,1250.0,155.5,0.0,successful
REPAY_LN000232_04,LN000232,2025-07-17,2025-07-17,1405.5,1250.0,155.5,0.0,successful
REPAY_LN000232_05,LN000232,2025-08-17,2025-08-17,1405.5,1250.0,155.5,0.0,successful
REPAY_LN000232_06,LN000232,2025-09-17,2025-09-17,1405.5,1250.0,155.5,0.0,successful
REPAY_LN000232_07,LN000232,2025-10-16,2025-10-16,1405.5,1250.0,155.5,0.0,successful
REPAY_LN000232_08,LN000232,2025-11-18,2025-11-18,1405.5,1250.0,155.5,0.0,successful
REPAY_LN000232_09,LN000232,2025-12-16,2025-12-16,1405.5,1250.0,155.5,0.0,successful
REPAY_LN000232_10,LN000232,2026-01-17,2026-01-17,1405.5,1250.0,155.5,0.0,successful
REPAY_LN000232_11,LN000232,2026-02-18,2026-02-18,1405.5,1250.0,155.5,0.0,successful
REPAY_LN000232_12,LN000232,2026-03-16,2026-03-16,1405.5,1250.0,155.5,0.0,successful
REPAY_LN000233_01,LN000233,2025-04-17,2025-04-17,378.26,333.33,44.93,0.0,successful
REPAY_LN000233_02,LN000233,2025-05-17,2025-05-17,378.26,333.33,44.93,0.0,successful
REPAY_LN000233_03,LN000233,2025-06-16,2025-06-16,378.26,333.33,44.93,0.0,successful
REPAY_LN000233_04,LN000233,2025-07-17,2025-07-17,378.26,333.33,44.93,0.0,successful
REPAY_LN000233_05,LN000233,2025-08-17,2025-08-17,378.26,333.33,44.93,0.0,successful
REPAY_LN000233_06,LN000233,2025-09-18,2025-09-18,378.26,333.33,44.93,0.0,successful
REPAY_LN000233_07,LN000233,2025-10-17,2025-10-17,378.26,333.33,44.93,0.0,successful
REPAY_LN000233_08,LN000233,2025-11-16,2025-11-16,378.26,333.33,44.93,0.0,successful
REPAY_LN000233_09,LN000233,2025-12-18,2025-12-18,378.26,333.33,44.93,0.0,successful
REPAY_LN000233_10,LN000233,2026-01-16,2026-01-16,378.26,333.33,44.93,0.0,successful
REPAY_LN000233_11,LN000233,2026-02-17,2026-02-17,378.26,333.33,44.93,0.0,successful
REPAY_LN000233_12,LN000233,2026-03-18,2026-03-18,378.26,333.33,44.93,0.0,successful
REPAY_LN000233_13,LN000233,2026-04-18,2026-04-18,378.26,333.33,44.93,0.0,successful
REPAY_LN000234_01,LN000234,2025-04-19,2025-04-19,5417.75,5000.0,417.75,0.0,successful
REPAY_LN000234_02,LN000234,2025-05-19,2025-05-19,5417.75,5000.0,417.75,0.0,successful
REPAY_LN000234_03,LN000234,2025-06-17,2025-06-17,5417.75,5000.0,417.75,0.0,successful
REPAY_LN000234_04,LN000234,2025-07-18,2025-07-18,5417.75,5000.0,417.75,0.0,successful
REPAY_LN000234_05,LN000234,2025-08-18,2025-08-18,5417.75,5000.0,417.75,0.0,successful
REPAY_LN000234_06,LN000234,2025-09-19,2025-09-19,5417.75,5000.0,417.75,0.0,successful
REPAY_LN000235_01,LN000235,2025-04-17,2025-04-17,448.4,333.33,115.07,0.0,successful
REPAY_LN000235_02,LN000235,2025-05-18,2025-05-18,448.4,333.33,115.07,0.0,successful
REPAY_LN000235_03,LN000235,2025-06-17,2025-06-17,448.4,333.33,115.07,0.0,successful
REPAY_LN000235_04,LN000235,2025-07-17,2025-07-17,448.4,333.33,115.07,0.0,successful
REPAY_LN000235_05,LN000235,2025-08-18,2025-08-18,448.4,333.33,115.07,0.0,successful
REPAY_LN000235_06,LN000235,2025-09-17,2025-09-17,448.4,333.33,115.07,0.0,successful
REPAY_LN000235_07,LN000235,2025-10-17,2025-10-17,448.4,333.33,115.07,0.0,successful
REPAY_LN000235_08,LN000235,2025-11-17,2025-11-17,448.4,333.33,115.07,0.0,successful
REPAY_LN000235_09_FAIL,LN000235,2025-12-21,2025-12-21,448.4,333.33,115.07,0.0,failed
REPAY_LN000235_10_FAIL,LN000235,2026-01-18,2026-01-18,448.4,333.33,115.07,0.0,failed
REPAY_LN000236_01,LN000236,2025-04-19,2025-04-19,1459.38,1250.0,209.38,0.0,successful
REPAY_LN000236_02,LN000236,2025-05-18,2025-05-18,1459.38,1250.0,209.38,0.0,successful
REPAY_LN000236_03,LN000236,2025-06-19,2025-06-19,1459.38,1250.0,209.38,0.0,successful
REPAY_LN000236_04,LN000236,2025-07-17,2025-07-17,1459.38,1250.0,209.38,0.0,successful
REPAY_LN000236_05,LN000236,2025-08-18,2025-08-18,1459.38,1250.0,209.38,0.0,successful
REPAY_LN000236_06,LN000236,2025-09-17,2025-09-17,1459.38,1250.0,209.38,0.0,successful
REPAY_LN000236_07,LN000236,2025-10-18,2025-10-18,1459.38,1250.0,209.38,0.0,successful
REPAY_LN000236_08,LN000236,2025-11-19,2025-11-19,1459.38,1250.0,209.38,0.0,successful
REPAY_LN000236_09,LN000236,2025-12-18,2025-12-18,1459.38,1250.0,209.38,0.0,successful
REPAY_LN000236_10,LN000236,2026-01-17,2026-01-17,1459.38,1250.0,209.38,0.0,successful
REPAY_LN000236_11,LN000236,2026-02-18,2026-02-18,1459.38,1250.0,209.38,0.0,successful
REPAY_LN000236_12,LN000236,2026-03-18,2026-03-18,1459.38,1250.0,209.38,0.0,successful
REPAY_LN000237_01,LN000237,2025-04-20,2025-04-20,575.42,416.67,158.75,0.0,successful
REPAY_LN000237_02,LN000237,2025-05-18,2025-05-18,575.42,416.67,158.75,0.0,successful
REPAY_LN000237_03,LN000237,2025-06-19,2025-06-19,575.42,416.67,158.75,0.0,successful
REPAY_LN000237_04,LN000237,2025-07-20,2025-07-20,575.42,416.67,158.75,0.0,successful
REPAY_LN000237_05,LN000237,2025-08-19,2025-08-19,575.42,416.67,158.75,0.0,successful
REPAY_LN000237_06,LN000237,2025-09-18,2025-09-18,575.42,416.67,158.75,0.0,successful
REPAY_LN000237_07,LN000237,2025-10-19,2025-10-19,575.42,416.67,158.75,0.0,successful
REPAY_LN000237_08,LN000237,2025-11-19,2025-11-19,575.42,416.67,158.75,0.0,successful
REPAY_LN000237_09,LN000237,2025-12-19,2025-12-19,575.42,416.67,158.75,0.0,successful
REPAY_LN000237_10,LN000237,2026-01-19,2026-01-19,575.42,416.67,158.75,0.0,successful
REPAY_LN000237_11,LN000237,2026-02-18,2026-02-18,575.42,416.67,158.75,0.0,successful
REPAY_LN000237_12,LN000237,2026-03-20,2026-03-20,575.42,416.67,158.75,0.0,successful
REPAY_LN000237_13,LN000237,2026-04-20,2026-04-20,575.42,416.67,158.75,0.0,successful
REPAY_LN000238_01,LN000238,2025-04-19,2025-04-19,412.8,333.33,79.47,0.0,successful
REPAY_LN000238_02,LN000238,2025-05-18,2025-05-18,412.8,333.33,79.47,0.0,successful
REPAY_LN000238_03,LN000238,2025-06-18,2025-06-18,412.8,333.33,79.47,0.0,successful
REPAY_LN000238_04,LN000238,2025-07-18,2025-07-18,412.8,333.33,79.47,0.0,successful
REPAY_LN000238_05,LN000238,2025-08-18,2025-08-18,412.8,333.33,79.47,0.0,successful
REPAY_LN000238_06,LN000238,2025-09-18,2025-09-18,412.8,333.33,79.47,0.0,successful
REPAY_LN000238_07,LN000238,2025-10-18,2025-10-18,412.8,333.33,79.47,0.0,successful
REPAY_LN000238_08,LN000238,2025-11-19,2025-11-19,412.8,333.33,79.47,0.0,successful
REPAY_LN000238_09,LN000238,2025-12-20,2025-12-20,412.8,333.33,79.47,0.0,successful
REPAY_LN000238_10,LN000238,2026-01-20,2026-01-20,412.8,333.33,79.47,0.0,successful
REPAY_LN000238_11,LN000238,2026-02-19,2026-02-19,412.8,333.33,79.47,0.0,successful
REPAY_LN000238_12,LN000238,2026-03-20,2026-03-20,412.8,333.33,79.47,0.0,successful
REPAY_LN000238_13,LN000238,2026-04-18,2026-04-18,412.8,333.33,79.47,0.0,successful
REPAY_LN000239_01,LN000239,2025-04-18,2025-04-18,907.58,833.33,74.25,0.0,successful
REPAY_LN000239_02,LN000239,2025-05-20,2025-05-20,907.58,833.33,74.25,0.0,successful
REPAY_LN000239_03,LN000239,2025-06-18,2025-06-18,907.58,833.33,74.25,0.0,successful
REPAY_LN000239_04,LN000239,2025-07-18,2025-07-18,907.58,833.33,74.25,0.0,successful
REPAY_LN000239_05,LN000239,2025-08-20,2025-08-20,907.58,833.33,74.25,0.0,successful
REPAY_LN000239_06,LN000239,2025-09-19,2025-09-19,907.58,833.33,74.25,0.0,successful
REPAY_LN000239_07,LN000239,2025-10-20,2025-10-20,907.58,833.33,74.25,0.0,successful
REPAY_LN000239_08,LN000239,2025-11-20,2025-11-20,907.58,833.33,74.25,0.0,successful
REPAY_LN000239_09,LN000239,2025-12-20,2025-12-20,907.58,833.33,74.25,0.0,successful
REPAY_LN000239_10,LN000239,2026-01-20,2026-01-20,907.58,833.33,74.25,0.0,successful
REPAY_LN000239_11,LN000239,2026-02-19,2026-02-19,907.58,833.33,74.25,0.0,successful
REPAY_LN000239_12,LN000239,2026-03-19,2026-03-19,907.62,833.37,74.25,0.0,successful
REPAY_LN000240_01,LN000240,2025-04-21,2025-04-21,617.81,555.56,62.25,0.0,successful
REPAY_LN000240_02,LN000240,2025-05-19,2025-05-19,617.81,555.56,62.25,0.0,successful
REPAY_LN000240_03,LN000240,2025-06-20,2025-06-20,617.81,555.56,62.25,0.0,successful
REPAY_LN000240_04,LN000240,2025-07-19,2025-07-19,617.81,555.56,62.25,0.0,successful
REPAY_LN000240_05,LN000240,2025-08-19,2025-08-19,617.81,555.56,62.25,0.0,successful
REPAY_LN000240_06_FAIL,LN000240,2025-09-23,2025-09-23,617.81,555.56,62.25,0.0,failed
REPAY_LN000240_07_FAIL,LN000240,2025-10-23,2025-10-23,617.81,555.56,62.25,0.0,failed
REPAY_LN000241_01,LN000241,2025-04-19,2025-04-19,921.37,833.33,88.04,0.0,successful
REPAY_LN000241_02,LN000241,2025-05-21,2025-05-21,921.37,833.33,88.04,0.0,successful
REPAY_LN000241_03,LN000241,2025-06-19,2025-06-19,921.37,833.33,88.04,0.0,successful
REPAY_LN000241_04,LN000241,2025-07-20,2025-07-20,921.37,833.33,88.04,0.0,successful
REPAY_LN000241_05,LN000241,2025-08-20,2025-08-20,921.37,833.33,88.04,0.0,successful
REPAY_LN000241_06,LN000241,2025-09-20,2025-09-20,921.39,833.35,88.04,0.0,successful
REPAY_LN000242_01,LN000242,2025-04-21,2025-04-21,865.5,625.0,240.5,0.0,successful
REPAY_LN000242_02,LN000242,2025-05-20,2025-05-20,865.5,625.0,240.5,0.0,successful
REPAY_LN000242_03,LN000242,2025-06-22,2025-06-22,865.5,625.0,240.5,0.0,successful
REPAY_LN000242_04,LN000242,2025-07-21,2025-07-21,865.5,625.0,240.5,0.0,successful
REPAY_LN000242_05,LN000242,2025-08-21,2025-08-21,865.5,625.0,240.5,0.0,successful
REPAY_LN000242_06,LN000242,2025-09-22,2025-09-22,865.5,625.0,240.5,0.0,successful
REPAY_LN000242_07,LN000242,2025-10-22,2025-10-22,865.5,625.0,240.5,0.0,successful
REPAY_LN000242_08,LN000242,2025-11-21,2025-11-21,865.5,625.0,240.5,0.0,successful
REPAY_LN000242_09,LN000242,2025-12-21,2025-12-21,865.5,625.0,240.5,0.0,successful
REPAY_LN000242_10,LN000242,2026-01-22,2026-01-22,865.5,625.0,240.5,0.0,successful
REPAY_LN000242_11,LN000242,2026-02-21,2026-02-21,865.5,625.0,240.5,0.0,successful
REPAY_LN000242_12,LN000242,2026-03-21,2026-03-21,865.5,625.0,240.5,0.0,successful
REPAY_LN000242_13,LN000242,2026-04-20,2026-04-20,865.5,625.0,240.5,0.0,successful
REPAY_LN000243_01,LN000243,2025-04-22,2025-04-22,196.81,138.89,57.92,0.0,successful
REPAY_LN000243_02,LN000243,2025-05-20,2025-05-20,196.81,138.89,57.92,0.0,successful
REPAY_LN000243_03,LN000243,2025-06-20,2025-06-20,196.81,138.89,57.92,0.0,successful
REPAY_LN000243_04,LN000243,2025-07-22,2025-07-22,196.81,138.89,57.92,0.0,successful
REPAY_LN000243_05,LN000243,2025-08-20,2025-08-20,196.81,138.89,57.92,0.0,successful
REPAY_LN000243_06,LN000243,2025-09-21,2025-09-21,196.81,138.89,57.92,0.0,successful
REPAY_LN000243_07,LN000243,2025-10-20,2025-10-20,196.81,138.89,57.92,0.0,successful
REPAY_LN000243_08,LN000243,2025-11-22,2025-11-22,196.81,138.89,57.92,0.0,successful
REPAY_LN000243_09,LN000243,2025-12-21,2025-12-21,196.81,138.89,57.92,0.0,successful
REPAY_LN000243_10,LN000243,2026-01-21,2026-01-21,196.81,138.89,57.92,0.0,successful
REPAY_LN000243_11,LN000243,2026-02-21,2026-02-21,196.81,138.89,57.92,0.0,successful
REPAY_LN000243_12,LN000243,2026-03-21,2026-03-21,196.81,138.89,57.92,0.0,successful
REPAY_LN000243_13,LN000243,2026-04-20,2026-04-20,196.81,138.89,57.92,0.0,successful
REPAY_LN000244_01,LN000244,2025-04-20,2025-04-20,801.8,666.67,135.13,0.0,successful
REPAY_LN000244_02,LN000244,2025-05-21,2025-05-21,801.8,666.67,135.13,0.0,successful
REPAY_LN000244_03,LN000244,2025-06-22,2025-06-22,801.8,666.67,135.13,0.0,successful
REPAY_LN000244_04,LN000244,2025-07-21,2025-07-21,801.8,666.67,135.13,0.0,successful
REPAY_LN000244_05,LN000244,2025-08-20,2025-08-20,801.8,666.67,135.13,0.0,successful
REPAY_LN000244_06,LN000244,2025-09-21,2025-09-21,801.8,666.67,135.13,0.0,successful
REPAY_LN000244_07,LN000244,2025-10-20,2025-10-20,801.8,666.67,135.13,0.0,successful
REPAY_LN000244_08,LN000244,2025-11-21,2025-11-21,801.8,666.67,135.13,0.0,successful
REPAY_LN000244_09,LN000244,2025-12-22,2025-12-22,801.8,666.67,135.13,0.0,successful
REPAY_LN000244_10,LN000244,2026-01-21,2026-01-21,801.8,666.67,135.13,0.0,successful
REPAY_LN000244_11,LN000244,2026-02-22,2026-02-22,801.8,666.67,135.13,0.0,successful
REPAY_LN000244_12,LN000244,2026-03-22,2026-03-22,801.76,666.63,135.13,0.0,successful
REPAY_LN000245_01,LN000245,2025-04-22,2025-04-22,421.2,277.78,143.42,0.0,successful
REPAY_LN000245_02,LN000245,2025-05-23,2025-05-23,421.2,277.78,143.42,0.0,successful
REPAY_LN000245_03,LN000245,2025-06-23,2025-06-23,421.2,277.78,143.42,0.0,successful
REPAY_LN000245_04,LN000245,2025-07-21,2025-07-21,421.2,277.78,143.42,0.0,successful
REPAY_LN000245_05,LN000245,2025-08-21,2025-08-21,421.2,277.78,143.42,0.0,successful
REPAY_LN000245_06,LN000245,2025-09-23,2025-09-23,421.2,277.78,143.42,0.0,successful
REPAY_LN000245_07,LN000245,2025-10-22,2025-10-22,421.2,277.78,143.42,0.0,successful
REPAY_LN000245_08,LN000245,2025-11-23,2025-11-23,421.2,277.78,143.42,0.0,successful
REPAY_LN000245_09,LN000245,2025-12-22,2025-12-22,421.2,277.78,143.42,0.0,successful
REPAY_LN000245_10,LN000245,2026-01-21,2026-01-21,421.2,277.78,143.42,0.0,successful
REPAY_LN000245_11,LN000245,2026-02-22,2026-02-22,421.2,277.78,143.42,0.0,successful
REPAY_LN000245_12,LN000245,2026-03-23,2026-03-23,421.2,277.78,143.42,0.0,successful
REPAY_LN000245_13,LN000245,2026-04-23,2026-04-23,421.2,277.78,143.42,0.0,successful
REPAY_LN000246_01,LN000246,2025-04-23,2025-04-23,1480.75,1250.0,230.75,0.0,successful
REPAY_LN000246_02,LN000246,2025-05-23,2025-05-23,1480.75,1250.0,230.75,0.0,successful
REPAY_LN000246_03,LN000246,2025-06-23,2025-06-23,1480.75,1250.0,230.75,0.0,successful
REPAY_LN000246_04,LN000246,2025-07-22,2025-07-22,1480.75,1250.0,230.75,0.0,successful
REPAY_LN000246_05,LN000246,2025-08-23,2025-08-23,1480.75,1250.0,230.75,0.0,successful
REPAY_LN000246_06,LN000246,2025-09-21,2025-09-21,1480.75,1250.0,230.75,0.0,successful
REPAY_LN000246_07,LN000246,2025-10-23,2025-10-23,1480.75,1250.0,230.75,0.0,successful
REPAY_LN000246_08,LN000246,2025-11-22,2025-11-22,1480.75,1250.0,230.75,0.0,successful
REPAY_LN000246_09,LN000246,2025-12-23,2025-12-23,1480.75,1250.0,230.75,0.0,successful
REPAY_LN000246_10,LN000246,2026-01-23,2026-01-23,1480.75,1250.0,230.75,0.0,successful
REPAY_LN000246_11,LN000246,2026-02-22,2026-02-22,1480.75,1250.0,230.75,0.0,successful
REPAY_LN000246_12,LN000246,2026-03-23,2026-03-23,1480.75,1250.0,230.75,0.0,successful
REPAY_LN000246_13,LN000246,2026-04-22,2026-04-22,1480.75,1250.0,230.75,0.0,successful
REPAY_LN000247_01,LN000247,2025-04-23,2025-04-23,1064.5,833.33,231.17,0.0,successful
REPAY_LN000247_02,LN000247,2025-05-21,2025-05-21,1064.5,833.33,231.17,0.0,successful
REPAY_LN000247_03,LN000247,2025-06-23,2025-06-23,1064.5,833.33,231.17,0.0,successful
REPAY_LN000247_04,LN000247,2025-07-22,2025-07-22,1064.5,833.33,231.17,0.0,successful
REPAY_LN000247_05,LN000247,2025-08-21,2025-08-21,1064.5,833.33,231.17,0.0,successful
REPAY_LN000247_06,LN000247,2025-09-22,2025-09-22,1064.5,833.33,231.17,0.0,successful
REPAY_LN000247_07,LN000247,2025-10-23,2025-10-23,1064.5,833.33,231.17,0.0,successful
REPAY_LN000247_08,LN000247,2025-11-21,2025-11-21,1064.5,833.33,231.17,0.0,successful
REPAY_LN000247_09,LN000247,2025-12-22,2025-12-22,1064.5,833.33,231.17,0.0,successful
REPAY_LN000247_10,LN000247,2026-01-21,2026-01-21,1064.5,833.33,231.17,0.0,successful
REPAY_LN000247_11,LN000247,2026-02-21,2026-02-21,1064.5,833.33,231.17,0.0,successful
REPAY_LN000247_12,LN000247,2026-03-22,2026-03-22,1064.5,833.33,231.17,0.0,successful
REPAY_LN000247_13,LN000247,2026-04-21,2026-04-21,1064.5,833.33,231.17,0.0,successful
REPAY_LN000248_01,LN000248,2025-04-22,2025-04-22,908.04,833.33,74.71,0.0,successful
REPAY_LN000248_02,LN000248,2025-05-21,2025-05-21,908.04,833.33,74.71,0.0,successful
REPAY_LN000248_03,LN000248,2025-06-21,2025-06-21,908.04,833.33,74.71,0.0,successful
REPAY_LN000248_04,LN000248,2025-07-21,2025-07-21,908.04,833.33,74.71,0.0,successful
REPAY_LN000248_05,LN000248,2025-08-23,2025-08-23,908.04,833.33,74.71,0.0,successful
REPAY_LN000248_06,LN000248,2025-09-23,2025-09-23,908.06,833.35,74.71,0.0,successful
REPAY_LN000249_01,LN000249,2025-04-23,2025-04-23,3436.0,3333.33,102.67,0.0,successful
REPAY_LN000249_02,LN000249,2025-05-22,2025-05-22,3436.0,3333.33,102.67,0.0,successful
REPAY_LN000249_03,LN000249,2025-06-23,2025-06-23,3436.0,3333.33,102.67,0.0,successful
REPAY_LN000249_04,LN000249,2025-07-24,2025-07-24,3436.0,3333.33,102.67,0.0,successful
REPAY_LN000249_05,LN000249,2025-08-24,2025-08-24,3436.0,3333.33,102.67,0.0,successful
REPAY_LN000249_06,LN000249,2025-09-24,2025-09-24,3436.02,3333.35,102.67,0.0,successful
REPAY_LN000250_01,LN000250,2025-04-24,2025-04-24,1015.91,833.33,182.58,0.0,successful
REPAY_LN000250_02,LN000250,2025-05-23,2025-05-23,1015.91,833.33,182.58,0.0,successful
REPAY_LN000250_03,LN000250,2025-06-22,2025-06-22,1015.91,833.33,182.58,0.0,successful
REPAY_LN000250_04,LN000250,2025-07-23,2025-07-23,1015.91,833.33,182.58,0.0,successful
REPAY_LN000250_05,LN000250,2025-08-22,2025-08-22,1015.91,833.33,182.58,0.0,successful
REPAY_LN000250_06,LN000250,2025-09-24,2025-09-24,1015.91,833.33,182.58,0.0,successful
REPAY_LN000250_07,LN000250,2025-10-22,2025-10-22,1015.91,833.33,182.58,0.0,successful
REPAY_LN000250_08,LN000250,2025-11-24,2025-11-24,1015.91,833.33,182.58,0.0,successful
REPAY_LN000250_09,LN000250,2025-12-23,2025-12-23,1015.91,833.33,182.58,0.0,successful
REPAY_LN000250_10,LN000250,2026-01-22,2026-01-22,1015.91,833.33,182.58,0.0,successful
REPAY_LN000250_11,LN000250,2026-02-23,2026-02-23,1015.91,833.33,182.58,0.0,successful
REPAY_LN000250_12,LN000250,2026-03-24,2026-03-24,1015.95,833.37,182.58,0.0,successful
REPAY_LN000251_01,LN000251,2025-04-23,2025-04-23,336.49,277.78,58.71,0.0,successful
REPAY_LN000251_02,LN000251,2025-05-24,2025-05-24,336.49,277.78,58.71,0.0,successful
REPAY_LN000251_03,LN000251,2025-06-24,2025-06-24,336.49,277.78,58.71,0.0,successful
REPAY_LN000251_04,LN000251,2025-07-24,2025-07-24,336.49,277.78,58.71,0.0,successful
REPAY_LN000251_05,LN000251,2025-08-23,2025-08-23,336.49,277.78,58.71,0.0,successful
REPAY_LN000251_06,LN000251,2025-09-23,2025-09-23,336.49,277.78,58.71,0.0,successful
REPAY_LN000251_07,LN000251,2025-10-22,2025-10-22,336.49,277.78,58.71,0.0,successful
REPAY_LN000251_08,LN000251,2025-11-22,2025-11-22,336.49,277.78,58.71,0.0,successful
REPAY_LN000251_09,LN000251,2025-12-23,2025-12-23,336.49,277.78,58.71,0.0,successful
REPAY_LN000251_10,LN000251,2026-01-23,2026-01-23,336.49,277.78,58.71,0.0,successful
REPAY_LN000251_11,LN000251,2026-02-23,2026-02-23,336.49,277.78,58.71,0.0,successful
REPAY_LN000251_12,LN000251,2026-03-23,2026-03-23,336.49,277.78,58.71,0.0,successful
REPAY_LN000251_13,LN000251,2026-04-24,2026-04-24,336.49,277.78,58.71,0.0,successful
REPAY_LN000252_01,LN000252,2025-04-25,2025-04-25,209.31,138.89,70.42,0.0,successful
REPAY_LN000252_02,LN000252,2025-05-25,2025-05-25,209.31,138.89,70.42,0.0,successful
REPAY_LN000252_03,LN000252,2025-06-24,2025-06-24,209.31,138.89,70.42,0.0,successful
REPAY_LN000252_04,LN000252,2025-07-25,2025-07-25,209.31,138.89,70.42,0.0,successful
REPAY_LN000252_05,LN000252,2025-08-25,2025-08-25,209.31,138.89,70.42,0.0,successful
REPAY_LN000252_06,LN000252,2025-09-23,2025-09-23,209.31,138.89,70.42,0.0,successful
REPAY_LN000252_07,LN000252,2025-10-23,2025-10-23,209.31,138.89,70.42,0.0,successful
REPAY_LN000252_08,LN000252,2025-11-25,2025-11-25,209.31,138.89,70.42,0.0,successful
REPAY_LN000252_09,LN000252,2025-12-25,2025-12-25,209.31,138.89,70.42,0.0,successful
REPAY_LN000252_10,LN000252,2026-01-25,2026-01-25,209.31,138.89,70.42,0.0,successful
REPAY_LN000252_11,LN000252,2026-02-24,2026-02-24,209.31,138.89,70.42,0.0,successful
REPAY_LN000252_12,LN000252,2026-03-23,2026-03-23,209.31,138.89,70.42,0.0,successful
REPAY_LN000252_13,LN000252,2026-04-23,2026-04-23,209.31,138.89,70.42,0.0,successful
REPAY_LN000253_01,LN000253,2025-04-24,2025-04-24,800.38,625.0,175.38,0.0,successful
REPAY_LN000253_02,LN000253,2025-05-23,2025-05-23,800.38,625.0,175.38,0.0,successful
REPAY_LN000253_03,LN000253,2025-06-23,2025-06-23,800.38,625.0,175.38,0.0,successful
REPAY_LN000253_04,LN000253,2025-07-24,2025-07-24,800.38,625.0,175.38,0.0,successful
REPAY_LN000253_05,LN000253,2025-08-25,2025-08-25,800.38,625.0,175.38,0.0,successful
REPAY_LN000253_06,LN000253,2025-09-25,2025-09-25,800.38,625.0,175.38,0.0,successful
REPAY_LN000253_07,LN000253,2025-10-23,2025-10-23,800.38,625.0,175.38,0.0,successful
REPAY_LN000253_08,LN000253,2025-11-23,2025-11-23,800.38,625.0,175.38,0.0,successful
REPAY_LN000253_09,LN000253,2025-12-24,2025-12-24,800.38,625.0,175.38,0.0,successful
REPAY_LN000253_10_FAIL,LN000253,2026-01-24,2026-01-24,800.38,625.0,175.38,0.0,failed
REPAY_LN000253_11_FAIL,LN000253,2026-02-27,2026-02-27,800.38,625.0,175.38,0.0,failed
REPAY_LN000254_01,LN000254,2025-04-23,2025-04-23,276.95,222.22,54.73,0.0,successful
REPAY_LN000254_02,LN000254,2025-05-23,2025-05-23,276.95,222.22,54.73,0.0,successful
REPAY_LN000254_03,LN000254,2025-06-25,2025-06-25,276.95,222.22,54.73,0.0,successful
REPAY_LN000254_04,LN000254,2025-07-24,2025-07-24,276.95,222.22,54.73,0.0,successful
REPAY_LN000254_05,LN000254,2025-08-24,2025-08-24,276.95,222.22,54.73,0.0,successful
REPAY_LN000254_06,LN000254,2025-09-25,2025-09-25,276.95,222.22,54.73,0.0,successful
REPAY_LN000254_07,LN000254,2025-10-25,2025-10-25,276.95,222.22,54.73,0.0,successful
REPAY_LN000254_08,LN000254,2025-11-25,2025-11-25,276.95,222.22,54.73,0.0,successful
REPAY_LN000254_09,LN000254,2025-12-24,2025-12-24,276.95,222.22,54.73,0.0,successful
REPAY_LN000254_10,LN000254,2026-01-23,2026-01-23,276.95,222.22,54.73,0.0,successful
REPAY_LN000254_11_FAIL,LN000254,2026-02-26,2026-02-26,276.95,222.22,54.73,0.0,failed
REPAY_LN000254_12_FAIL,LN000254,2026-03-26,2026-03-26,276.95,222.22,54.73,0.0,failed
REPAY_LN000255_01,LN000255,2025-04-26,2025-04-26,935.73,555.56,380.17,0.0,successful
REPAY_LN000255_02,LN000255,2025-05-24,2025-05-24,935.73,555.56,380.17,0.0,successful
REPAY_LN000255_03,LN000255,2025-06-24,2025-06-24,935.73,555.56,380.17,0.0,successful
REPAY_LN000255_04,LN000255,2025-07-26,2025-07-26,935.73,555.56,380.17,0.0,successful
REPAY_LN000255_05,LN000255,2025-08-24,2025-08-24,935.73,555.56,380.17,0.0,successful
REPAY_LN000255_06,LN000255,2025-09-26,2025-09-26,935.73,555.56,380.17,0.0,successful
REPAY_LN000255_07,LN000255,2025-10-24,2025-10-24,935.73,555.56,380.17,0.0,successful
REPAY_LN000255_08,LN000255,2025-11-25,2025-11-25,935.73,555.56,380.17,0.0,successful
REPAY_LN000255_09,LN000255,2025-12-25,2025-12-25,935.73,555.56,380.17,0.0,successful
REPAY_LN000255_10,LN000255,2026-01-24,2026-01-24,935.73,555.56,380.17,0.0,successful
REPAY_LN000255_11,LN000255,2026-02-25,2026-02-25,935.73,555.56,380.17,0.0,successful
REPAY_LN000255_12,LN000255,2026-03-25,2026-03-25,935.73,555.56,380.17,0.0,successful
REPAY_LN000255_13,LN000255,2026-04-25,2026-04-25,935.73,555.56,380.17,0.0,successful
REPAY_LN000256_01,LN000256,2025-04-24,2025-04-24,754.34,666.67,87.67,0.0,successful
REPAY_LN000256_02,LN000256,2025-05-24,2025-05-24,754.34,666.67,87.67,0.0,successful
REPAY_LN000256_03,LN000256,2025-06-25,2025-06-25,754.34,666.67,87.67,0.0,successful
REPAY_LN000256_04,LN000256,2025-07-26,2025-07-26,754.34,666.67,87.67,0.0,successful
REPAY_LN000256_05_FAIL,LN000256,2025-08-25,2025-08-25,754.34,666.67,87.67,0.0,failed
REPAY_LN000256_06_FAIL,LN000256,2025-09-26,2025-09-26,754.34,666.67,87.67,0.0,failed
REPAY_LN000257_01,LN000257,2025-04-26,2025-04-26,601.24,444.44,156.8,0.0,successful
REPAY_LN000257_02,LN000257,2025-05-26,2025-05-26,601.24,444.44,156.8,0.0,successful
REPAY_LN000257_03,LN000257,2025-06-24,2025-06-24,601.24,444.44,156.8,0.0,successful
REPAY_LN000257_04,LN000257,2025-07-24,2025-07-24,601.24,444.44,156.8,0.0,successful
REPAY_LN000257_05,LN000257,2025-08-25,2025-08-25,601.24,444.44,156.8,0.0,successful
REPAY_LN000257_06,LN000257,2025-09-24,2025-09-24,601.24,444.44,156.8,0.0,successful
REPAY_LN000257_07,LN000257,2025-10-25,2025-10-25,601.24,444.44,156.8,0.0,successful
REPAY_LN000257_08,LN000257,2025-11-26,2025-11-26,601.24,444.44,156.8,0.0,successful
REPAY_LN000257_09,LN000257,2025-12-26,2025-12-26,601.24,444.44,156.8,0.0,successful
REPAY_LN000257_10,LN000257,2026-01-26,2026-01-26,601.24,444.44,156.8,0.0,successful
REPAY_LN000257_11,LN000257,2026-02-26,2026-02-26,601.24,444.44,156.8,0.0,successful
REPAY_LN000257_12,LN000257,2026-03-24,2026-03-24,601.24,444.44,156.8,0.0,successful
REPAY_LN000257_13,LN000257,2026-04-24,2026-04-24,601.24,444.44,156.8,0.0,successful
REPAY_LN000258_01,LN000258,2025-04-26,2025-04-26,2788.5,2500.0,288.5,0.0,successful
REPAY_LN000258_02,LN000258,2025-05-26,2025-05-26,2788.5,2500.0,288.5,0.0,successful
REPAY_LN000258_03,LN000258,2025-06-26,2025-06-26,2788.5,2500.0,288.5,0.0,successful
REPAY_LN000258_04,LN000258,2025-07-26,2025-07-26,2788.5,2500.0,288.5,0.0,successful
REPAY_LN000258_05,LN000258,2025-08-26,2025-08-26,2788.5,2500.0,288.5,0.0,successful
REPAY_LN000258_06,LN000258,2025-09-27,2025-09-27,2788.5,2500.0,288.5,0.0,successful
REPAY_LN000258_07,LN000258,2025-10-27,2025-10-27,2788.5,2500.0,288.5,0.0,successful
REPAY_LN000258_08,LN000258,2025-11-27,2025-11-27,2788.5,2500.0,288.5,0.0,successful
REPAY_LN000258_09,LN000258,2025-12-26,2025-12-26,2788.5,2500.0,288.5,0.0,successful
REPAY_LN000258_10,LN000258,2026-01-27,2026-01-27,2788.5,2500.0,288.5,0.0,successful
REPAY_LN000258_11,LN000258,2026-02-27,2026-02-27,2788.5,2500.0,288.5,0.0,successful
REPAY_LN000258_12,LN000258,2026-03-27,2026-03-27,2788.5,2500.0,288.5,0.0,successful
REPAY_LN000259_01,LN000259,2025-04-27,2025-04-27,683.73,555.56,128.17,0.0,successful
REPAY_LN000259_02,LN000259,2025-05-25,2025-05-25,683.73,555.56,128.17,0.0,successful
REPAY_LN000259_03,LN000259,2025-06-26,2025-06-26,683.73,555.56,128.17,0.0,successful
REPAY_LN000259_04,LN000259,2025-07-26,2025-07-26,683.73,555.56,128.17,0.0,successful
REPAY_LN000259_05,LN000259,2025-08-25,2025-08-25,683.73,555.56,128.17,0.0,successful
REPAY_LN000259_06,LN000259,2025-09-27,2025-09-27,683.73,555.56,128.17,0.0,successful
REPAY_LN000259_07,LN000259,2025-10-27,2025-10-27,683.73,555.56,128.17,0.0,successful
REPAY_LN000259_08,LN000259,2025-11-27,2025-11-27,683.73,555.56,128.17,0.0,successful
REPAY_LN000259_09,LN000259,2025-12-26,2025-12-26,683.73,555.56,128.17,0.0,successful
REPAY_LN000259_10,LN000259,2026-01-26,2026-01-26,683.73,555.56,128.17,0.0,successful
REPAY_LN000259_11,LN000259,2026-02-26,2026-02-26,683.73,555.56,128.17,0.0,successful
REPAY_LN000259_12,LN000259,2026-03-26,2026-03-26,683.73,555.56,128.17,0.0,successful
REPAY_LN000259_13,LN000259,2026-04-26,2026-04-26,683.73,555.56,128.17,0.0,successful
REPAY_LN000260_01,LN000260,2025-04-27,2025-04-27,504.55,416.67,87.88,0.0,successful
REPAY_LN000260_02,LN000260,2025-05-26,2025-05-26,504.55,416.67,87.88,0.0,successful
REPAY_LN000260_03,LN000260,2025-06-25,2025-06-25,504.55,416.67,87.88,0.0,successful
REPAY_LN000260_04_FAIL,LN000260,2025-07-29,2025-07-29,504.55,416.67,87.88,0.0,failed
REPAY_LN000260_05_FAIL,LN000260,2025-08-29,2025-08-29,504.55,416.67,87.88,0.0,failed
REPAY_LN000261_01,LN000261,2025-04-28,2025-04-28,1477.6,1333.33,144.27,0.0,successful
REPAY_LN000261_02,LN000261,2025-05-26,2025-05-26,1477.6,1333.33,144.27,0.0,successful
REPAY_LN000261_03,LN000261,2025-06-28,2025-06-28,1477.6,1333.33,144.27,0.0,successful
REPAY_LN000261_04,LN000261,2025-07-27,2025-07-27,1477.6,1333.33,144.27,0.0,successful
REPAY_LN000261_05,LN000261,2025-08-26,2025-08-26,1477.6,1333.33,144.27,0.0,successful
REPAY_LN000261_06,LN000261,2025-09-28,2025-09-28,1477.62,1333.35,144.27,0.0,successful
REPAY_LN000262_01,LN000262,2025-04-27,2025-04-27,1060.58,833.33,227.25,0.0,successful
REPAY_LN000262_02,LN000262,2025-05-28,2025-05-28,1060.58,833.33,227.25,0.0,successful
REPAY_LN000262_03,LN000262,2025-06-26,2025-06-26,1060.58,833.33,227.25,0.0,successful
REPAY_LN000262_04,LN000262,2025-07-26,2025-07-26,1060.58,833.33,227.25,0.0,successful
REPAY_LN000262_05,LN000262,2025-08-26,2025-08-26,1060.58,833.33,227.25,0.0,successful
REPAY_LN000262_06,LN000262,2025-09-26,2025-09-26,1060.58,833.33,227.25,0.0,successful
REPAY_LN000262_07,LN000262,2025-10-27,2025-10-27,1060.58,833.33,227.25,0.0,successful
REPAY_LN000262_08,LN000262,2025-11-28,2025-11-28,1060.58,833.33,227.25,0.0,successful
REPAY_LN000262_09,LN000262,2025-12-27,2025-12-27,1060.58,833.33,227.25,0.0,successful
REPAY_LN000262_10,LN000262,2026-01-26,2026-01-26,1060.58,833.33,227.25,0.0,successful
REPAY_LN000262_11,LN000262,2026-02-28,2026-02-28,1060.58,833.33,227.25,0.0,successful
REPAY_LN000262_12,LN000262,2026-03-26,2026-03-26,1060.58,833.33,227.25,0.0,successful
REPAY_LN000262_13,LN000262,2026-04-27,2026-04-27,1060.58,833.33,227.25,0.0,successful
REPAY_LN000263_01,LN000263,2025-04-27,2025-04-27,2946.0,2500.0,446.0,0.0,successful
REPAY_LN000263_02,LN000263,2025-05-27,2025-05-27,2946.0,2500.0,446.0,0.0,successful
REPAY_LN000263_03,LN000263,2025-06-28,2025-06-28,2946.0,2500.0,446.0,0.0,successful
REPAY_LN000263_04,LN000263,2025-07-28,2025-07-28,2946.0,2500.0,446.0,0.0,successful
REPAY_LN000263_05,LN000263,2025-08-26,2025-08-26,2946.0,2500.0,446.0,0.0,successful
REPAY_LN000263_06,LN000263,2025-09-28,2025-09-28,2946.0,2500.0,446.0,0.0,successful
REPAY_LN000263_07,LN000263,2025-10-28,2025-10-28,2946.0,2500.0,446.0,0.0,successful
REPAY_LN000263_08,LN000263,2025-11-27,2025-11-27,2946.0,2500.0,446.0,0.0,successful
REPAY_LN000263_09,LN000263,2025-12-26,2025-12-26,2946.0,2500.0,446.0,0.0,successful
REPAY_LN000263_10,LN000263,2026-01-27,2026-01-27,2946.0,2500.0,446.0,0.0,successful
REPAY_LN000263_11,LN000263,2026-02-26,2026-02-26,2946.0,2500.0,446.0,0.0,successful
REPAY_LN000263_12,LN000263,2026-03-26,2026-03-26,2946.0,2500.0,446.0,0.0,successful
REPAY_LN000264_01,LN000264,2025-04-29,2025-04-29,3603.5,3333.33,270.17,0.0,successful
REPAY_LN000264_02,LN000264,2025-05-28,2025-05-28,3603.5,3333.33,270.17,0.0,successful
REPAY_LN000264_03,LN000264,2025-06-29,2025-06-29,3603.5,3333.33,270.17,0.0,successful
REPAY_LN000264_04,LN000264,2025-07-29,2025-07-29,3603.5,3333.33,270.17,0.0,successful
REPAY_LN000264_05,LN000264,2025-08-29,2025-08-29,3603.5,3333.33,270.17,0.0,successful
REPAY_LN000264_06,LN000264,2025-09-27,2025-09-27,3603.52,3333.35,270.17,0.0,successful
REPAY_LN000265_01,LN000265,2025-04-28,2025-04-28,2233.17,1666.67,566.5,0.0,successful
REPAY_LN000265_02,LN000265,2025-05-28,2025-05-28,2233.17,1666.67,566.5,0.0,successful
REPAY_LN000265_03,LN000265,2025-06-29,2025-06-29,2233.17,1666.67,566.5,0.0,successful
REPAY_LN000265_04,LN000265,2025-07-27,2025-07-27,2233.17,1666.67,566.5,0.0,successful
REPAY_LN000265_05,LN000265,2025-08-28,2025-08-28,2233.17,1666.67,566.5,0.0,successful
REPAY_LN000265_06,LN000265,2025-09-28,2025-09-28,2233.17,1666.67,566.5,0.0,successful
REPAY_LN000265_07,LN000265,2025-10-29,2025-10-29,2233.17,1666.67,566.5,0.0,successful
REPAY_LN000265_08,LN000265,2025-11-27,2025-11-27,2233.17,1666.67,566.5,0.0,successful
REPAY_LN000265_09,LN000265,2025-12-29,2025-12-29,2233.17,1666.67,566.5,0.0,successful
REPAY_LN000265_10,LN000265,2026-01-28,2026-01-28,2233.17,1666.67,566.5,0.0,successful
REPAY_LN000265_11,LN000265,2026-02-27,2026-02-27,2233.17,1666.67,566.5,0.0,successful
REPAY_LN000265_12,LN000265,2026-03-29,2026-03-29,2233.17,1666.67,566.5,0.0,successful
REPAY_LN000265_13,LN000265,2026-04-28,2026-04-28,2233.17,1666.67,566.5,0.0,successful
REPAY_LN000266_01,LN000266,2025-04-29,2025-04-29,1847.0,1666.67,180.33,0.0,successful
REPAY_LN000266_02,LN000266,2025-05-29,2025-05-29,1847.0,1666.67,180.33,0.0,successful
REPAY_LN000266_03,LN000266,2025-06-29,2025-06-29,1847.0,1666.67,180.33,0.0,successful
REPAY_LN000266_04,LN000266,2025-07-27,2025-07-27,1847.0,1666.67,180.33,0.0,successful
REPAY_LN000266_05,LN000266,2025-08-28,2025-08-28,1847.0,1666.67,180.33,0.0,successful
REPAY_LN000266_06,LN000266,2025-09-28,2025-09-28,1846.98,1666.65,180.33,0.0,successful
REPAY_LN000267_01,LN000267,2025-04-28,2025-04-28,309.75,222.22,87.53,0.0,successful
REPAY_LN000267_02,LN000267,2025-05-28,2025-05-28,309.75,222.22,87.53,0.0,successful
REPAY_LN000267_03,LN000267,2025-06-27,2025-06-27,309.75,222.22,87.53,0.0,successful
REPAY_LN000267_04,LN000267,2025-07-29,2025-07-29,309.75,222.22,87.53,0.0,successful
REPAY_LN000267_05,LN000267,2025-08-28,2025-08-28,309.75,222.22,87.53,0.0,successful
REPAY_LN000267_06,LN000267,2025-09-27,2025-09-27,309.75,222.22,87.53,0.0,successful
REPAY_LN000267_07,LN000267,2025-10-29,2025-10-29,309.75,222.22,87.53,0.0,successful
REPAY_LN000267_08,LN000267,2025-11-27,2025-11-27,309.75,222.22,87.53,0.0,successful
REPAY_LN000267_09,LN000267,2025-12-27,2025-12-27,309.75,222.22,87.53,0.0,successful
REPAY_LN000267_10,LN000267,2026-01-28,2026-01-28,309.75,222.22,87.53,0.0,successful
REPAY_LN000267_11,LN000267,2026-02-28,2026-02-28,309.75,222.22,87.53,0.0,successful
REPAY_LN000267_12,LN000267,2026-03-29,2026-03-29,309.75,222.22,87.53,0.0,successful
REPAY_LN000267_13,LN000267,2026-04-29,2026-04-29,309.75,222.22,87.53,0.0,successful
REPAY_LN000268_01,LN000268,2025-04-29,2025-04-29,475.0,416.67,58.33,0.0,successful
REPAY_LN000268_02,LN000268,2025-05-30,2025-05-30,475.0,416.67,58.33,0.0,successful
REPAY_LN000268_03_FAIL,LN000268,2025-06-29,2025-06-29,475.0,416.67,58.33,0.0,failed
REPAY_LN000268_04_FAIL,LN000268,2025-08-01,2025-08-01,475.0,416.67,58.33,0.0,failed
REPAY_LN000269_01,LN000269,2025-04-28,2025-04-28,1464.46,1333.33,131.13,0.0,successful
REPAY_LN000269_02,LN000269,2025-05-28,2025-05-28,1464.46,1333.33,131.13,0.0,successful
REPAY_LN000269_03,LN000269,2025-06-29,2025-06-29,1464.46,1333.33,131.13,0.0,successful
REPAY_LN000269_04,LN000269,2025-07-29,2025-07-29,1464.46,1333.33,131.13,0.0,successful
REPAY_LN000269_05,LN000269,2025-08-30,2025-08-30,1464.46,1333.33,131.13,0.0,successful
REPAY_LN000269_06,LN000269,2025-09-28,2025-09-28,1464.48,1333.35,131.13,0.0,successful
REPAY_LN000270_01,LN000270,2025-04-29,2025-04-29,1330.75,1250.0,80.75,0.0,successful
REPAY_LN000270_02,LN000270,2025-05-30,2025-05-30,1330.75,1250.0,80.75,0.0,successful
REPAY_LN000270_03,LN000270,2025-07-01,2025-07-01,1330.75,1250.0,80.75,0.0,successful
REPAY_LN000270_04,LN000270,2025-07-31,2025-07-31,1330.75,1250.0,80.75,0.0,successful
REPAY_LN000270_05,LN000270,2025-08-29,2025-08-29,1330.75,1250.0,80.75,0.0,successful
REPAY_LN000270_06,LN000270,2025-09-30,2025-09-30,1330.75,1250.0,80.75,0.0,successful
REPAY_LN000270_07,LN000270,2025-10-29,2025-10-29,1330.75,1250.0,80.75,0.0,successful
REPAY_LN000270_08,LN000270,2025-11-30,2025-11-30,1330.75,1250.0,80.75,0.0,successful
REPAY_LN000270_09,LN000270,2025-12-31,2025-12-31,1330.75,1250.0,80.75,0.0,successful
REPAY_LN000270_10,LN000270,2026-01-29,2026-01-29,1330.75,1250.0,80.75,0.0,successful
REPAY_LN000270_11,LN000270,2026-02-28,2026-02-28,1330.75,1250.0,80.75,0.0,successful
REPAY_LN000270_12,LN000270,2026-03-29,2026-03-29,1330.75,1250.0,80.75,0.0,successful
REPAY_LN000271_01,LN000271,2025-05-01,2025-05-01,1007.16,833.33,173.83,0.0,successful
REPAY_LN000271_02,LN000271,2025-05-29,2025-05-29,1007.16,833.33,173.83,0.0,successful
REPAY_LN000271_03,LN000271,2025-07-01,2025-07-01,1007.16,833.33,173.83,0.0,successful
REPAY_LN000271_04,LN000271,2025-07-30,2025-07-30,1007.16,833.33,173.83,0.0,successful
REPAY_LN000271_05,LN000271,2025-08-31,2025-08-31,1007.16,833.33,173.83,0.0,successful
REPAY_LN000271_06,LN000271,2025-09-30,2025-09-30,1007.16,833.33,173.83,0.0,successful
REPAY_LN000271_07,LN000271,2025-10-31,2025-10-31,1007.16,833.33,173.83,0.0,successful
REPAY_LN000271_08,LN000271,2025-12-01,2025-12-01,1007.16,833.33,173.83,0.0,successful
REPAY_LN000271_09,LN000271,2025-12-29,2025-12-29,1007.16,833.33,173.83,0.0,successful
REPAY_LN000271_10,LN000271,2026-01-31,2026-01-31,1007.16,833.33,173.83,0.0,successful
REPAY_LN000271_11,LN000271,2026-02-28,2026-02-28,1007.16,833.33,173.83,0.0,successful
REPAY_LN000271_12,LN000271,2026-03-30,2026-03-30,1007.16,833.33,173.83,0.0,successful
REPAY_LN000271_13,LN000271,2026-04-30,2026-04-30,1007.16,833.33,173.83,0.0,successful
REPAY_LN000272_01,LN000272,2025-05-01,2025-05-01,570.31,444.44,125.87,0.0,successful
REPAY_LN000272_02,LN000272,2025-05-29,2025-05-29,570.31,444.44,125.87,0.0,successful
REPAY_LN000272_03,LN000272,2025-06-29,2025-06-29,570.31,444.44,125.87,0.0,successful
REPAY_LN000272_04,LN000272,2025-07-29,2025-07-29,570.31,444.44,125.87,0.0,successful
REPAY_LN000272_05,LN000272,2025-08-30,2025-08-30,570.31,444.44,125.87,0.0,successful
REPAY_LN000272_06_FAIL,LN000272,2025-10-01,2025-10-01,570.31,444.44,125.87,0.0,failed
REPAY_LN000272_07_FAIL,LN000272,2025-11-01,2025-11-01,570.31,444.44,125.87,0.0,failed
REPAY_LN000273_01,LN000273,2025-05-02,2025-05-02,351.86,277.78,74.08,0.0,successful
REPAY_LN000273_02,LN000273,2025-05-30,2025-05-30,351.86,277.78,74.08,0.0,successful
REPAY_LN000273_03,LN000273,2025-07-02,2025-07-02,351.86,277.78,74.08,0.0,successful
REPAY_LN000273_04,LN000273,2025-07-31,2025-07-31,351.86,277.78,74.08,0.0,successful
REPAY_LN000273_05,LN000273,2025-09-01,2025-09-01,351.86,277.78,74.08,0.0,successful
REPAY_LN000273_06,LN000273,2025-10-01,2025-10-01,351.86,277.78,74.08,0.0,successful
REPAY_LN000273_07,LN000273,2025-11-01,2025-11-01,351.86,277.78,74.08,0.0,successful
REPAY_LN000273_08,LN000273,2025-12-01,2025-12-01,351.86,277.78,74.08,0.0,successful
REPAY_LN000273_09,LN000273,2025-12-31,2025-12-31,351.86,277.78,74.08,0.0,successful
REPAY_LN000273_10,LN000273,2026-02-01,2026-02-01,351.86,277.78,74.08,0.0,successful
REPAY_LN000273_11,LN000273,2026-03-02,2026-03-02,351.86,277.78,74.08,0.0,successful
REPAY_LN000273_12,LN000273,2026-03-31,2026-03-31,351.86,277.78,74.08,0.0,successful
REPAY_LN000273_13,LN000273,2026-04-30,2026-04-30,351.86,277.78,74.08,0.0,successful
REPAY_LN000274_01,LN000274,2025-05-02,2025-05-02,393.26,333.33,59.93,0.0,successful
REPAY_LN000274_02,LN000274,2025-05-31,2025-05-31,393.26,333.33,59.93,0.0,successful
REPAY_LN000274_03,LN000274,2025-07-02,2025-07-02,393.26,333.33,59.93,0.0,successful
REPAY_LN000274_04,LN000274,2025-08-01,2025-08-01,393.26,333.33,59.93,0.0,successful
REPAY_LN000274_05,LN000274,2025-09-01,2025-09-01,393.26,333.33,59.93,0.0,successful
REPAY_LN000274_06,LN000274,2025-10-02,2025-10-02,393.26,333.33,59.93,0.0,successful
REPAY_LN000274_07,LN000274,2025-11-01,2025-11-01,393.26,333.33,59.93,0.0,successful
REPAY_LN000274_08,LN000274,2025-11-30,2025-11-30,393.26,333.33,59.93,0.0,successful
REPAY_LN000274_09,LN000274,2025-12-30,2025-12-30,393.26,333.33,59.93,0.0,successful
REPAY_LN000274_10,LN000274,2026-01-30,2026-01-30,393.26,333.33,59.93,0.0,successful
REPAY_LN000274_11,LN000274,2026-03-01,2026-03-01,393.26,333.33,59.93,0.0,successful
REPAY_LN000274_12,LN000274,2026-03-30,2026-03-30,393.26,333.33,59.93,0.0,successful
REPAY_LN000274_13,LN000274,2026-04-30,2026-04-30,393.26,333.33,59.93,0.0,successful
REPAY_LN000275_01,LN000275,2025-05-01,2025-05-01,1446.25,1250.0,196.25,0.0,successful
REPAY_LN000275_02,LN000275,2025-05-30,2025-05-30,1446.25,1250.0,196.25,0.0,successful
REPAY_LN000275_03,LN000275,2025-07-02,2025-07-02,1446.25,1250.0,196.25,0.0,successful
REPAY_LN000275_04,LN000275,2025-07-30,2025-07-30,1446.25,1250.0,196.25,0.0,successful
REPAY_LN000275_05,LN000275,2025-08-30,2025-08-30,1446.25,1250.0,196.25,0.0,successful
REPAY_LN000275_06,LN000275,2025-09-30,2025-09-30,1446.25,1250.0,196.25,0.0,successful
REPAY_LN000275_07,LN000275,2025-11-01,2025-11-01,1446.25,1250.0,196.25,0.0,successful
REPAY_LN000275_08,LN000275,2025-12-02,2025-12-02,1446.25,1250.0,196.25,0.0,successful
REPAY_LN000275_09,LN000275,2026-01-01,2026-01-01,1446.25,1250.0,196.25,0.0,successful
REPAY_LN000275_10,LN000275,2026-02-01,2026-02-01,1446.25,1250.0,196.25,0.0,successful
REPAY_LN000275_11,LN000275,2026-03-01,2026-03-01,1446.25,1250.0,196.25,0.0,successful
REPAY_LN000275_12,LN000275,2026-04-01,2026-04-01,1446.25,1250.0,196.25,0.0,successful
REPAY_LN000276_01,LN000276,2025-05-02,2025-05-02,3557.33,3333.33,224.0,0.0,successful
REPAY_LN000276_02,LN000276,2025-06-01,2025-06-01,3557.33,3333.33,224.0,0.0,successful
REPAY_LN000276_03,LN000276,2025-07-02,2025-07-02,3557.33,3333.33,224.0,0.0,successful
REPAY_LN000276_04,LN000276,2025-07-31,2025-07-31,3557.33,3333.33,224.0,0.0,successful
REPAY_LN000276_05,LN000276,2025-08-30,2025-08-30,3557.33,3333.33,224.0,0.0,successful
REPAY_LN000276_06,LN000276,2025-09-30,2025-09-30,3557.35,3333.35,224.0,0.0,successful
REPAY_LN000277_01,LN000277,2025-05-02,2025-05-02,3488.66,3333.33,155.33,0.0,successful
REPAY_LN000277_02,LN000277,2025-06-02,2025-06-02,3488.66,3333.33,155.33,0.0,successful
REPAY_LN000277_03,LN000277,2025-07-02,2025-07-02,3488.66,3333.33,155.33,0.0,successful
REPAY_LN000277_04,LN000277,2025-07-31,2025-07-31,3488.66,3333.33,155.33,0.0,successful
REPAY_LN000277_05,LN000277,2025-08-31,2025-08-31,3488.66,3333.33,155.33,0.0,successful
REPAY_LN000277_06,LN000277,2025-10-02,2025-10-02,3488.68,3333.35,155.33,0.0,successful
REPAY_LN000278_01,LN000278,2025-04-30,2025-04-30,2683.75,2500.0,183.75,0.0,successful
REPAY_LN000278_02,LN000278,2025-06-01,2025-06-01,2683.75,2500.0,183.75,0.0,successful
REPAY_LN000278_03,LN000278,2025-07-02,2025-07-02,2683.75,2500.0,183.75,0.0,successful
REPAY_LN000278_04,LN000278,2025-08-02,2025-08-02,2683.75,2500.0,183.75,0.0,successful
REPAY_LN000278_05,LN000278,2025-09-01,2025-09-01,2683.75,2500.0,183.75,0.0,successful
REPAY_LN000278_06,LN000278,2025-10-01,2025-10-01,2683.75,2500.0,183.75,0.0,successful
REPAY_LN000279_01,LN000279,2025-04-30,2025-04-30,328.2,277.78,50.42,0.0,successful
REPAY_LN000279_02,LN000279,2025-06-01,2025-06-01,328.2,277.78,50.42,0.0,successful
REPAY_LN000279_03,LN000279,2025-07-02,2025-07-02,328.2,277.78,50.42,0.0,successful
REPAY_LN000279_04,LN000279,2025-07-31,2025-07-31,328.2,277.78,50.42,0.0,successful
REPAY_LN000279_05,LN000279,2025-09-01,2025-09-01,328.2,277.78,50.42,0.0,successful
REPAY_LN000279_06,LN000279,2025-09-30,2025-09-30,328.2,277.78,50.42,0.0,successful
REPAY_LN000279_07,LN000279,2025-10-31,2025-10-31,328.2,277.78,50.42,0.0,successful
REPAY_LN000279_08,LN000279,2025-11-30,2025-11-30,328.2,277.78,50.42,0.0,successful
REPAY_LN000279_09,LN000279,2025-12-31,2025-12-31,328.2,277.78,50.42,0.0,successful
REPAY_LN000279_10,LN000279,2026-02-01,2026-02-01,328.2,277.78,50.42,0.0,successful
REPAY_LN000279_11,LN000279,2026-03-02,2026-03-02,328.2,277.78,50.42,0.0,successful
REPAY_LN000279_12,LN000279,2026-04-02,2026-04-02,328.2,277.78,50.42,0.0,successful
REPAY_LN000279_13,LN000279,2026-05-01,2026-05-01,328.2,277.78,50.42,0.0,successful
REPAY_LN000280_01,LN000280,2025-05-03,2025-05-03,749.94,666.67,83.27,0.0,successful
REPAY_LN000280_02,LN000280,2025-06-01,2025-06-01,749.94,666.67,83.27,0.0,successful
REPAY_LN000280_03,LN000280,2025-07-01,2025-07-01,749.94,666.67,83.27,0.0,successful
REPAY_LN000280_04,LN000280,2025-08-01,2025-08-01,749.94,666.67,83.27,0.0,successful
REPAY_LN000280_05,LN000280,2025-09-02,2025-09-02,749.94,666.67,83.27,0.0,successful
REPAY_LN000280_06,LN000280,2025-10-01,2025-10-01,749.94,666.67,83.27,0.0,successful
REPAY_LN000280_07,LN000280,2025-11-01,2025-11-01,749.94,666.67,83.27,0.0,successful
REPAY_LN000280_08,LN000280,2025-12-02,2025-12-02,749.94,666.67,83.27,0.0,successful
REPAY_LN000280_09,LN000280,2026-01-01,2026-01-01,749.94,666.67,83.27,0.0,successful
REPAY_LN000280_10,LN000280,2026-02-01,2026-02-01,749.94,666.67,83.27,0.0,successful
REPAY_LN000280_11,LN000280,2026-03-03,2026-03-03,749.94,666.67,83.27,0.0,successful
REPAY_LN000280_12,LN000280,2026-04-02,2026-04-02,749.9,666.63,83.27,0.0,successful
REPAY_LN000281_01,LN000281,2025-05-01,2025-05-01,461.2,333.33,127.87,0.0,successful
REPAY_LN000281_02,LN000281,2025-06-01,2025-06-01,461.2,333.33,127.87,0.0,successful
REPAY_LN000281_03,LN000281,2025-07-01,2025-07-01,461.2,333.33,127.87,0.0,successful
REPAY_LN000281_04,LN000281,2025-08-01,2025-08-01,461.2,333.33,127.87,0.0,successful
REPAY_LN000281_05,LN000281,2025-09-03,2025-09-03,461.2,333.33,127.87,0.0,successful
REPAY_LN000281_06,LN000281,2025-10-03,2025-10-03,461.2,333.33,127.87,0.0,successful
REPAY_LN000281_07,LN000281,2025-11-03,2025-11-03,461.2,333.33,127.87,0.0,successful
REPAY_LN000281_08,LN000281,2025-12-03,2025-12-03,461.2,333.33,127.87,0.0,successful
REPAY_LN000281_09,LN000281,2026-01-02,2026-01-02,461.2,333.33,127.87,0.0,successful
REPAY_LN000281_10,LN000281,2026-02-01,2026-02-01,461.2,333.33,127.87,0.0,successful
REPAY_LN000281_11,LN000281,2026-03-03,2026-03-03,461.2,333.33,127.87,0.0,successful
REPAY_LN000281_12,LN000281,2026-04-01,2026-04-01,461.2,333.33,127.87,0.0,successful
REPAY_LN000281_13,LN000281,2026-05-02,2026-05-02,461.2,333.33,127.87,0.0,successful
REPAY_LN000282_01,LN000282,2025-05-01,2025-05-01,1810.25,1666.67,143.58,0.0,successful
REPAY_LN000282_02_FAIL,LN000282,2025-06-04,2025-06-04,1810.25,1666.67,143.58,0.0,failed
REPAY_LN000282_03_FAIL,LN000282,2025-07-04,2025-07-04,1810.25,1666.67,143.58,0.0,failed
REPAY_LN000283_01,LN000283,2025-05-02,2025-05-02,318.95,222.22,96.73,0.0,successful
REPAY_LN000283_02,LN000283,2025-06-04,2025-06-04,318.95,222.22,96.73,0.0,successful
REPAY_LN000283_03,LN000283,2025-07-04,2025-07-04,318.95,222.22,96.73,0.0,successful
REPAY_LN000283_04,LN000283,2025-08-04,2025-08-04,318.95,222.22,96.73,0.0,successful
REPAY_LN000283_05,LN000283,2025-09-03,2025-09-03,318.95,222.22,96.73,0.0,successful
REPAY_LN000283_06,LN000283,2025-10-02,2025-10-02,318.95,222.22,96.73,0.0,successful
REPAY_LN000283_07,LN000283,2025-11-04,2025-11-04,318.95,222.22,96.73,0.0,successful
REPAY_LN000283_08,LN000283,2025-12-02,2025-12-02,318.95,222.22,96.73,0.0,successful
REPAY_LN000283_09,LN000283,2026-01-03,2026-01-03,318.95,222.22,96.73,0.0,successful
REPAY_LN000283_10,LN000283,2026-02-02,2026-02-02,318.95,222.22,96.73,0.0,successful
REPAY_LN000283_11,LN000283,2026-03-04,2026-03-04,318.95,222.22,96.73,0.0,successful
REPAY_LN000283_12_FAIL,LN000283,2026-04-03,2026-04-03,318.95,222.22,96.73,0.0,failed
REPAY_LN000283_13_FAIL,LN000283,2026-05-03,2026-05-03,318.95,222.22,96.73,0.0,failed
REPAY_LN000284_01,LN000284,2025-05-03,2025-05-03,696.64,555.56,141.08,0.0,successful
REPAY_LN000284_02,LN000284,2025-06-03,2025-06-03,696.64,555.56,141.08,0.0,successful
REPAY_LN000284_03,LN000284,2025-07-02,2025-07-02,696.64,555.56,141.08,0.0,successful
REPAY_LN000284_04,LN000284,2025-08-02,2025-08-02,696.64,555.56,141.08,0.0,successful
REPAY_LN000284_05,LN000284,2025-09-02,2025-09-02,696.64,555.56,141.08,0.0,successful
REPAY_LN000284_06,LN000284,2025-10-03,2025-10-03,696.64,555.56,141.08,0.0,successful
REPAY_LN000284_07,LN000284,2025-11-03,2025-11-03,696.64,555.56,141.08,0.0,successful
REPAY_LN000284_08,LN000284,2025-12-02,2025-12-02,696.64,555.56,141.08,0.0,successful
REPAY_LN000284_09,LN000284,2026-01-03,2026-01-03,696.64,555.56,141.08,0.0,successful
REPAY_LN000284_10,LN000284,2026-02-04,2026-02-04,696.64,555.56,141.08,0.0,successful
REPAY_LN000284_11,LN000284,2026-03-03,2026-03-03,696.64,555.56,141.08,0.0,successful
REPAY_LN000284_12,LN000284,2026-04-03,2026-04-03,696.64,555.56,141.08,0.0,successful
REPAY_LN000284_13,LN000284,2026-05-03,2026-05-03,696.64,555.56,141.08,0.0,successful
REPAY_LN000285_01,LN000285,2025-05-04,2025-05-04,1880.42,1666.67,213.75,0.0,successful
REPAY_LN000285_02,LN000285,2025-06-04,2025-06-04,1880.42,1666.67,213.75,0.0,successful
REPAY_LN000285_03,LN000285,2025-07-04,2025-07-04,1880.42,1666.67,213.75,0.0,successful
REPAY_LN000285_04,LN000285,2025-08-02,2025-08-02,1880.42,1666.67,213.75,0.0,successful
REPAY_LN000285_05,LN000285,2025-09-02,2025-09-02,1880.42,1666.67,213.75,0.0,successful
REPAY_LN000285_06,LN000285,2025-10-04,2025-10-04,1880.42,1666.67,213.75,0.0,successful
REPAY_LN000285_07,LN000285,2025-11-02,2025-11-02,1880.42,1666.67,213.75,0.0,successful
REPAY_LN000285_08,LN000285,2025-12-02,2025-12-02,1880.42,1666.67,213.75,0.0,successful
REPAY_LN000285_09,LN000285,2026-01-02,2026-01-02,1880.42,1666.67,213.75,0.0,successful
REPAY_LN000285_10,LN000285,2026-02-04,2026-02-04,1880.42,1666.67,213.75,0.0,successful
REPAY_LN000285_11,LN000285,2026-03-03,2026-03-03,1880.42,1666.67,213.75,0.0,successful
REPAY_LN000285_12,LN000285,2026-04-04,2026-04-04,1880.42,1666.67,213.75,0.0,successful
REPAY_LN000285_13,LN000285,2026-05-04,2026-05-04,1880.42,1666.67,213.75,0.0,successful
REPAY_LN000286_01,LN000286,2025-05-03,2025-05-03,285.25,208.33,76.92,0.0,successful
REPAY_LN000286_02,LN000286,2025-06-03,2025-06-03,285.25,208.33,76.92,0.0,successful
REPAY_LN000286_03,LN000286,2025-07-04,2025-07-04,285.25,208.33,76.92,0.0,successful
REPAY_LN000286_04,LN000286,2025-08-04,2025-08-04,285.25,208.33,76.92,0.0,successful
REPAY_LN000286_05,LN000286,2025-09-04,2025-09-04,285.25,208.33,76.92,0.0,successful
REPAY_LN000286_06,LN000286,2025-10-04,2025-10-04,285.25,208.33,76.92,0.0,successful
REPAY_LN000286_07,LN000286,2025-11-05,2025-11-05,285.25,208.33,76.92,0.0,successful
REPAY_LN000286_08,LN000286,2025-12-04,2025-12-04,285.25,208.33,76.92,0.0,successful
REPAY_LN000286_09,LN000286,2026-01-05,2026-01-05,285.25,208.33,76.92,0.0,successful
REPAY_LN000286_10,LN000286,2026-02-03,2026-02-03,285.25,208.33,76.92,0.0,successful
REPAY_LN000286_11,LN000286,2026-03-04,2026-03-04,285.25,208.33,76.92,0.0,successful
REPAY_LN000286_12,LN000286,2026-04-03,2026-04-03,285.25,208.33,76.92,0.0,successful
REPAY_LN000286_13,LN000286,2026-05-03,2026-05-03,285.25,208.33,76.92,0.0,successful
REPAY_LN000287_01,LN000287,2025-05-05,2025-05-05,679.39,555.56,123.83,0.0,successful
REPAY_LN000287_02,LN000287,2025-06-04,2025-06-04,679.39,555.56,123.83,0.0,successful
REPAY_LN000287_03,LN000287,2025-07-05,2025-07-05,679.39,555.56,123.83,0.0,successful
REPAY_LN000287_04,LN000287,2025-08-03,2025-08-03,679.39,555.56,123.83,0.0,successful
REPAY_LN000287_05,LN000287,2025-09-04,2025-09-04,679.39,555.56,123.83,0.0,successful
REPAY_LN000287_06,LN000287,2025-10-03,2025-10-03,679.39,555.56,123.83,0.0,successful
REPAY_LN000287_07,LN000287,2025-11-03,2025-11-03,679.39,555.56,123.83,0.0,successful
REPAY_LN000287_08,LN000287,2025-12-04,2025-12-04,679.39,555.56,123.83,0.0,successful
REPAY_LN000287_09,LN000287,2026-01-04,2026-01-04,679.39,555.56,123.83,0.0,successful
REPAY_LN000287_10,LN000287,2026-02-04,2026-02-04,679.39,555.56,123.83,0.0,successful
REPAY_LN000287_11,LN000287,2026-03-05,2026-03-05,679.39,555.56,123.83,0.0,successful
REPAY_LN000287_12,LN000287,2026-04-05,2026-04-05,679.39,555.56,123.83,0.0,successful
REPAY_LN000287_13,LN000287,2026-05-03,2026-05-03,679.39,555.56,123.83,0.0,successful
REPAY_LN000288_01,LN000288,2025-05-04,2025-05-04,875.33,833.33,42.0,0.0,successful
REPAY_LN000288_02,LN000288,2025-06-03,2025-06-03,875.33,833.33,42.0,0.0,successful
REPAY_LN000288_03,LN000288,2025-07-03,2025-07-03,875.33,833.33,42.0,0.0,successful
REPAY_LN000288_04,LN000288,2025-08-03,2025-08-03,875.33,833.33,42.0,0.0,successful
REPAY_LN000288_05,LN000288,2025-09-03,2025-09-03,875.33,833.33,42.0,0.0,successful
REPAY_LN000288_06,LN000288,2025-10-03,2025-10-03,875.35,833.35,42.0,0.0,successful
REPAY_LN000289_01,LN000289,2025-05-04,2025-05-04,1088.45,833.33,255.12,0.0,successful
REPAY_LN000289_02,LN000289,2025-06-05,2025-06-05,1088.45,833.33,255.12,0.0,successful
REPAY_LN000289_03,LN000289,2025-07-04,2025-07-04,1088.45,833.33,255.12,0.0,successful
REPAY_LN000289_04,LN000289,2025-08-04,2025-08-04,1088.45,833.33,255.12,0.0,successful
REPAY_LN000289_05,LN000289,2025-09-04,2025-09-04,1088.45,833.33,255.12,0.0,successful
REPAY_LN000289_06,LN000289,2025-10-05,2025-10-05,1088.45,833.33,255.12,0.0,successful
REPAY_LN000289_07,LN000289,2025-11-05,2025-11-05,1088.45,833.33,255.12,0.0,successful
REPAY_LN000289_08,LN000289,2025-12-05,2025-12-05,1088.45,833.33,255.12,0.0,successful
REPAY_LN000289_09,LN000289,2026-01-04,2026-01-04,1088.45,833.33,255.12,0.0,successful
REPAY_LN000289_10,LN000289,2026-02-05,2026-02-05,1088.45,833.33,255.12,0.0,successful
REPAY_LN000289_11,LN000289,2026-03-03,2026-03-03,1088.45,833.33,255.12,0.0,successful
REPAY_LN000289_12,LN000289,2026-04-05,2026-04-05,1088.45,833.33,255.12,0.0,successful
REPAY_LN000289_13,LN000289,2026-05-04,2026-05-04,1088.45,833.33,255.12,0.0,successful
REPAY_LN000290_01,LN000290,2025-05-05,2025-05-05,2753.75,2500.0,253.75,0.0,successful
REPAY_LN000290_02,LN000290,2025-06-04,2025-06-04,2753.75,2500.0,253.75,0.0,successful
REPAY_LN000290_03,LN000290,2025-07-06,2025-07-06,2753.75,2500.0,253.75,0.0,successful
REPAY_LN000290_04,LN000290,2025-08-06,2025-08-06,2753.75,2500.0,253.75,0.0,successful
REPAY_LN000290_05,LN000290,2025-09-04,2025-09-04,2753.75,2500.0,253.75,0.0,successful
REPAY_LN000290_06,LN000290,2025-10-05,2025-10-05,2753.75,2500.0,253.75,0.0,successful
REPAY_LN000290_07,LN000290,2025-11-05,2025-11-05,2753.75,2500.0,253.75,0.0,successful
REPAY_LN000290_08,LN000290,2025-12-06,2025-12-06,2753.75,2500.0,253.75,0.0,successful
REPAY_LN000290_09,LN000290,2026-01-06,2026-01-06,2753.75,2500.0,253.75,0.0,successful
REPAY_LN000290_10,LN000290,2026-02-06,2026-02-06,2753.75,2500.0,253.75,0.0,successful
REPAY_LN000290_11,LN000290,2026-03-06,2026-03-06,2753.75,2500.0,253.75,0.0,successful
REPAY_LN000290_12,LN000290,2026-04-06,2026-04-06,2753.75,2500.0,253.75,0.0,successful
REPAY_LN000291_01,LN000291,2025-05-05,2025-05-05,2723.88,2500.0,223.88,0.0,successful
REPAY_LN000291_02,LN000291,2025-06-05,2025-06-05,2723.88,2500.0,223.88,0.0,successful
REPAY_LN000291_03,LN000291,2025-07-05,2025-07-05,2723.88,2500.0,223.88,0.0,successful
REPAY_LN000291_04,LN000291,2025-08-05,2025-08-05,2723.88,2500.0,223.88,0.0,successful
REPAY_LN000291_05,LN000291,2025-09-04,2025-09-04,2723.88,2500.0,223.88,0.0,successful
REPAY_LN000291_06,LN000291,2025-10-05,2025-10-05,2723.88,2500.0,223.88,0.0,successful
REPAY_LN000292_01,LN000292,2025-05-04,2025-05-04,1653.0,1250.0,403.0,0.0,successful
REPAY_LN000292_02,LN000292,2025-06-05,2025-06-05,1653.0,1250.0,403.0,0.0,successful
REPAY_LN000292_03,LN000292,2025-07-06,2025-07-06,1653.0,1250.0,403.0,0.0,successful
REPAY_LN000292_04,LN000292,2025-08-06,2025-08-06,1653.0,1250.0,403.0,0.0,successful
REPAY_LN000292_05,LN000292,2025-09-06,2025-09-06,1653.0,1250.0,403.0,0.0,successful
REPAY_LN000292_06,LN000292,2025-10-04,2025-10-04,1653.0,1250.0,403.0,0.0,successful
REPAY_LN000292_07,LN000292,2025-11-05,2025-11-05,1653.0,1250.0,403.0,0.0,successful
REPAY_LN000292_08,LN000292,2025-12-05,2025-12-05,1653.0,1250.0,403.0,0.0,successful
REPAY_LN000292_09,LN000292,2026-01-04,2026-01-04,1653.0,1250.0,403.0,0.0,successful
REPAY_LN000292_10,LN000292,2026-02-04,2026-02-04,1653.0,1250.0,403.0,0.0,successful
REPAY_LN000292_11,LN000292,2026-03-04,2026-03-04,1653.0,1250.0,403.0,0.0,successful
REPAY_LN000292_12,LN000292,2026-04-04,2026-04-04,1653.0,1250.0,403.0,0.0,successful
REPAY_LN000292_13,LN000292,2026-05-04,2026-05-04,1653.0,1250.0,403.0,0.0,successful
REPAY_LN000293_01,LN000293,2025-05-07,2025-05-07,1384.93,1333.33,51.6,0.0,successful
REPAY_LN000293_02,LN000293,2025-06-06,2025-06-06,1384.93,1333.33,51.6,0.0,successful
REPAY_LN000293_03,LN000293,2025-07-05,2025-07-05,1384.93,1333.33,51.6,0.0,successful
REPAY_LN000293_04,LN000293,2025-08-07,2025-08-07,1384.93,1333.33,51.6,0.0,successful
REPAY_LN000293_05,LN000293,2025-09-05,2025-09-05,1384.93,1333.33,51.6,0.0,successful
REPAY_LN000293_06,LN000293,2025-10-07,2025-10-07,1384.95,1333.35,51.6,0.0,successful
REPAY_LN000294_01,LN000294,2025-05-05,2025-05-05,598.55,416.67,181.88,0.0,successful
REPAY_LN000294_02,LN000294,2025-06-05,2025-06-05,598.55,416.67,181.88,0.0,successful
REPAY_LN000294_03,LN000294,2025-07-06,2025-07-06,598.55,416.67,181.88,0.0,successful
REPAY_LN000294_04,LN000294,2025-08-06,2025-08-06,598.55,416.67,181.88,0.0,successful
REPAY_LN000294_05,LN000294,2025-09-05,2025-09-05,598.55,416.67,181.88,0.0,successful
REPAY_LN000294_06,LN000294,2025-10-06,2025-10-06,598.55,416.67,181.88,0.0,successful
REPAY_LN000294_07,LN000294,2025-11-06,2025-11-06,598.55,416.67,181.88,0.0,successful
REPAY_LN000294_08,LN000294,2025-12-07,2025-12-07,598.55,416.67,181.88,0.0,successful
REPAY_LN000294_09,LN000294,2026-01-06,2026-01-06,598.55,416.67,181.88,0.0,successful
REPAY_LN000294_10,LN000294,2026-02-06,2026-02-06,598.55,416.67,181.88,0.0,successful
REPAY_LN000294_11_FAIL,LN000294,2026-03-06,2026-03-06,598.55,416.67,181.88,0.0,failed
REPAY_LN000294_12_FAIL,LN000294,2026-04-09,2026-04-09,598.55,416.67,181.88,0.0,failed
REPAY_LN000295_01,LN000295,2025-05-06,2025-05-06,546.55,416.67,129.88,0.0,successful
REPAY_LN000295_02,LN000295,2025-06-08,2025-06-08,546.55,416.67,129.88,0.0,successful
REPAY_LN000295_03,LN000295,2025-07-06,2025-07-06,546.55,416.67,129.88,0.0,successful
REPAY_LN000295_04,LN000295,2025-08-07,2025-08-07,546.55,416.67,129.88,0.0,successful
REPAY_LN000295_05,LN000295,2025-09-07,2025-09-07,546.55,416.67,129.88,0.0,successful
REPAY_LN000295_06,LN000295,2025-10-07,2025-10-07,546.55,416.67,129.88,0.0,successful
REPAY_LN000295_07,LN000295,2025-11-06,2025-11-06,546.55,416.67,129.88,0.0,successful
REPAY_LN000295_08,LN000295,2025-12-07,2025-12-07,546.55,416.67,129.88,0.0,successful
REPAY_LN000295_09,LN000295,2026-01-07,2026-01-07,546.55,416.67,129.88,0.0,successful
REPAY_LN000295_10,LN000295,2026-02-08,2026-02-08,546.55,416.67,129.88,0.0,successful
REPAY_LN000295_11,LN000295,2026-03-08,2026-03-08,546.55,416.67,129.88,0.0,successful
REPAY_LN000295_12,LN000295,2026-04-08,2026-04-08,546.55,416.67,129.88,0.0,successful
REPAY_LN000296_01,LN000296,2025-05-07,2025-05-07,278.96,208.33,70.63,0.0,successful
REPAY_LN000296_02,LN000296,2025-06-07,2025-06-07,278.96,208.33,70.63,0.0,successful
REPAY_LN000296_03,LN000296,2025-07-08,2025-07-08,278.96,208.33,70.63,0.0,successful
REPAY_LN000296_04,LN000296,2025-08-07,2025-08-07,278.96,208.33,70.63,0.0,successful
REPAY_LN000296_05,LN000296,2025-09-07,2025-09-07,278.96,208.33,70.63,0.0,successful
REPAY_LN000296_06,LN000296,2025-10-07,2025-10-07,278.96,208.33,70.63,0.0,successful
REPAY_LN000296_07,LN000296,2025-11-07,2025-11-07,278.96,208.33,70.63,0.0,successful
REPAY_LN000296_08,LN000296,2025-12-07,2025-12-07,278.96,208.33,70.63,0.0,successful
REPAY_LN000296_09,LN000296,2026-01-06,2026-01-06,278.96,208.33,70.63,0.0,successful
REPAY_LN000296_10_FAIL,LN000296,2026-02-08,2026-02-08,278.96,208.33,70.63,0.0,failed
REPAY_LN000296_11_FAIL,LN000296,2026-03-07,2026-03-07,278.96,208.33,70.63,0.0,failed
REPAY_LN000297_01,LN000297,2025-05-06,2025-05-06,180.93,138.89,42.04,0.0,successful
REPAY_LN000297_02,LN000297,2025-06-07,2025-06-07,180.93,138.89,42.04,0.0,successful
REPAY_LN000297_03,LN000297,2025-07-07,2025-07-07,180.93,138.89,42.04,0.0,successful
REPAY_LN000297_04,LN000297,2025-08-07,2025-08-07,180.93,138.89,42.04,0.0,successful
REPAY_LN000297_05,LN000297,2025-09-07,2025-09-07,180.93,138.89,42.04,0.0,successful
REPAY_LN000297_06,LN000297,2025-10-08,2025-10-08,180.93,138.89,42.04,0.0,successful
REPAY_LN000297_07,LN000297,2025-11-07,2025-11-07,180.93,138.89,42.04,0.0,successful
REPAY_LN000297_08,LN000297,2025-12-06,2025-12-06,180.93,138.89,42.04,0.0,successful
REPAY_LN000297_09,LN000297,2026-01-08,2026-01-08,180.93,138.89,42.04,0.0,successful
REPAY_LN000297_10,LN000297,2026-02-08,2026-02-08,180.93,138.89,42.04,0.0,successful
REPAY_LN000297_11,LN000297,2026-03-07,2026-03-07,180.93,138.89,42.04,0.0,successful
REPAY_LN000297_12,LN000297,2026-04-06,2026-04-06,180.93,138.89,42.04,0.0,successful
REPAY_LN000298_01,LN000298,2025-05-06,2025-05-06,344.32,277.78,66.54,0.0,successful
REPAY_LN000298_02,LN000298,2025-06-08,2025-06-08,344.32,277.78,66.54,0.0,successful
REPAY_LN000298_03,LN000298,2025-07-06,2025-07-06,344.32,277.78,66.54,0.0,successful
REPAY_LN000298_04,LN000298,2025-08-07,2025-08-07,344.32,277.78,66.54,0.0,successful
REPAY_LN000298_05,LN000298,2025-09-07,2025-09-07,344.32,277.78,66.54,0.0,successful
REPAY_LN000298_06,LN000298,2025-10-07,2025-10-07,344.32,277.78,66.54,0.0,successful
REPAY_LN000298_07,LN000298,2025-11-07,2025-11-07,344.32,277.78,66.54,0.0,successful
REPAY_LN000298_08,LN000298,2025-12-07,2025-12-07,344.32,277.78,66.54,0.0,successful
REPAY_LN000298_09,LN000298,2026-01-08,2026-01-08,344.32,277.78,66.54,0.0,successful
REPAY_LN000298_10,LN000298,2026-02-07,2026-02-07,344.32,277.78,66.54,0.0,successful
REPAY_LN000298_11,LN000298,2026-03-07,2026-03-07,344.32,277.78,66.54,0.0,successful
REPAY_LN000298_12,LN000298,2026-04-08,2026-04-08,344.32,277.78,66.54,0.0,successful
REPAY_LN000299_01,LN000299,2025-05-09,2025-05-09,546.31,444.44,101.87,0.0,successful
REPAY_LN000299_02,LN000299,2025-06-09,2025-06-09,546.31,444.44,101.87,0.0,successful
REPAY_LN000299_03,LN000299,2025-07-07,2025-07-07,546.31,444.44,101.87,0.0,successful
REPAY_LN000299_04,LN000299,2025-08-07,2025-08-07,546.31,444.44,101.87,0.0,successful
REPAY_LN000299_05,LN000299,2025-09-08,2025-09-08,546.31,444.44,101.87,0.0,successful
REPAY_LN000299_06,LN000299,2025-10-08,2025-10-08,546.31,444.44,101.87,0.0,successful
REPAY_LN000299_07,LN000299,2025-11-08,2025-11-08,546.31,444.44,101.87,0.0,successful
REPAY_LN000299_08,LN000299,2025-12-07,2025-12-07,546.31,444.44,101.87,0.0,successful
REPAY_LN000299_09,LN000299,2026-01-08,2026-01-08,546.31,444.44,101.87,0.0,successful
REPAY_LN000299_10,LN000299,2026-02-08,2026-02-08,546.31,444.44,101.87,0.0,successful
REPAY_LN000299_11,LN000299,2026-03-07,2026-03-07,546.31,444.44,101.87,0.0,successful
REPAY_LN000299_12,LN000299,2026-04-09,2026-04-09,546.31,444.44,101.87,0.0,successful
REPAY_LN000300_01,LN000300,2025-05-07,2025-05-07,2621.88,2500.0,121.88,0.0,successful
REPAY_LN000300_02,LN000300,2025-06-08,2025-06-08,2621.88,2500.0,121.88,0.0,successful
REPAY_LN000300_03,LN000300,2025-07-07,2025-07-07,2621.88,2500.0,121.88,0.0,successful
REPAY_LN000300_04,LN000300,2025-08-09,2025-08-09,2621.88,2500.0,121.88,0.0,successful
REPAY_LN000300_05,LN000300,2025-09-09,2025-09-09,2621.88,2500.0,121.88,0.0,successful
REPAY_LN000300_06,LN000300,2025-10-09,2025-10-09,2621.88,2500.0,121.88,0.0,successful
REPAY_LN000301_01,LN000301,2025-05-09,2025-05-09,2211.67,1666.67,545.0,0.0,successful
REPAY_LN000301_02,LN000301,2025-06-08,2025-06-08,2211.67,1666.67,545.0,0.0,successful
REPAY_LN000301_03,LN000301,2025-07-08,2025-07-08,2211.67,1666.67,545.0,0.0,successful
REPAY_LN000301_04,LN000301,2025-08-07,2025-08-07,2211.67,1666.67,545.0,0.0,successful
REPAY_LN000301_05,LN000301,2025-09-08,2025-09-08,2211.67,1666.67,545.0,0.0,successful
REPAY_LN000301_06_FAIL,LN000301,2025-10-10,2025-10-10,2211.67,1666.67,545.0,0.0,failed
REPAY_LN000301_07_FAIL,LN000301,2025-11-11,2025-11-11,2211.67,1666.67,545.0,0.0,failed
REPAY_LN000302_01,LN000302,2025-05-09,2025-05-09,502.91,444.44,58.47,0.0,successful
REPAY_LN000302_02,LN000302,2025-06-08,2025-06-08,502.91,444.44,58.47,0.0,successful
REPAY_LN000302_03,LN000302,2025-07-10,2025-07-10,502.91,444.44,58.47,0.0,successful
REPAY_LN000302_04,LN000302,2025-08-09,2025-08-09,502.91,444.44,58.47,0.0,successful
REPAY_LN000302_05,LN000302,2025-09-09,2025-09-09,502.91,444.44,58.47,0.0,successful
REPAY_LN000302_06,LN000302,2025-10-08,2025-10-08,502.91,444.44,58.47,0.0,successful
REPAY_LN000302_07,LN000302,2025-11-10,2025-11-10,502.91,444.44,58.47,0.0,successful
REPAY_LN000302_08,LN000302,2025-12-08,2025-12-08,502.91,444.44,58.47,0.0,successful
REPAY_LN000302_09,LN000302,2026-01-10,2026-01-10,502.91,444.44,58.47,0.0,successful
REPAY_LN000302_10,LN000302,2026-02-10,2026-02-10,502.91,444.44,58.47,0.0,successful
REPAY_LN000302_11,LN000302,2026-03-09,2026-03-09,502.91,444.44,58.47,0.0,successful
REPAY_LN000302_12,LN000302,2026-04-08,2026-04-08,502.91,444.44,58.47,0.0,successful
REPAY_LN000303_01,LN000303,2025-05-08,2025-05-08,1472.0,1333.33,138.67,0.0,successful
REPAY_LN000303_02,LN000303,2025-06-08,2025-06-08,1472.0,1333.33,138.67,0.0,successful
REPAY_LN000303_03,LN000303,2025-07-10,2025-07-10,1472.0,1333.33,138.67,0.0,successful
REPAY_LN000303_04,LN000303,2025-08-08,2025-08-08,1472.0,1333.33,138.67,0.0,successful
REPAY_LN000303_05,LN000303,2025-09-10,2025-09-10,1472.0,1333.33,138.67,0.0,successful
REPAY_LN000303_06,LN000303,2025-10-08,2025-10-08,1472.02,1333.35,138.67,0.0,successful
REPAY_LN000304_01,LN000304,2025-05-08,2025-05-08,1046.08,833.33,212.75,0.0,successful
REPAY_LN000304_02,LN000304,2025-06-09,2025-06-09,1046.08,833.33,212.75,0.0,successful
REPAY_LN000304_03,LN000304,2025-07-08,2025-07-08,1046.08,833.33,212.75,0.0,successful
REPAY_LN000304_04,LN000304,2025-08-09,2025-08-09,1046.08,833.33,212.75,0.0,successful
REPAY_LN000304_05,LN000304,2025-09-09,2025-09-09,1046.08,833.33,212.75,0.0,successful
REPAY_LN000304_06,LN000304,2025-10-10,2025-10-10,1046.08,833.33,212.75,0.0,successful
REPAY_LN000304_07,LN000304,2025-11-08,2025-11-08,1046.08,833.33,212.75,0.0,successful
REPAY_LN000304_08,LN000304,2025-12-08,2025-12-08,1046.08,833.33,212.75,0.0,successful
REPAY_LN000304_09,LN000304,2026-01-08,2026-01-08,1046.08,833.33,212.75,0.0,successful
REPAY_LN000304_10,LN000304,2026-02-09,2026-02-09,1046.08,833.33,212.75,0.0,successful
REPAY_LN000304_11,LN000304,2026-03-08,2026-03-08,1046.08,833.33,212.75,0.0,successful
REPAY_LN000304_12,LN000304,2026-04-10,2026-04-10,1046.08,833.33,212.75,0.0,successful
REPAY_LN000305_01,LN000305,2025-05-10,2025-05-10,491.63,416.67,74.96,0.0,successful
REPAY_LN000305_02,LN000305,2025-06-08,2025-06-08,491.63,416.67,74.96,0.0,successful
REPAY_LN000305_03,LN000305,2025-07-09,2025-07-09,491.63,416.67,74.96,0.0,successful
REPAY_LN000305_04,LN000305,2025-08-10,2025-08-10,491.63,416.67,74.96,0.0,successful
REPAY_LN000305_05,LN000305,2025-09-10,2025-09-10,491.63,416.67,74.96,0.0,successful
REPAY_LN000305_06,LN000305,2025-10-09,2025-10-09,491.63,416.67,74.96,0.0,successful
REPAY_LN000305_07,LN000305,2025-11-10,2025-11-10,491.63,416.67,74.96,0.0,successful
REPAY_LN000305_08,LN000305,2025-12-09,2025-12-09,491.63,416.67,74.96,0.0,successful
REPAY_LN000305_09,LN000305,2026-01-10,2026-01-10,491.63,416.67,74.96,0.0,successful
REPAY_LN000305_10,LN000305,2026-02-09,2026-02-09,491.63,416.67,74.96,0.0,successful
REPAY_LN000305_11,LN000305,2026-03-10,2026-03-10,491.63,416.67,74.96,0.0,successful
REPAY_LN000305_12,LN000305,2026-04-08,2026-04-08,491.59,416.63,74.96,0.0,successful
REPAY_LN000306_01,LN000306,2025-05-11,2025-05-11,874.75,625.0,249.75,0.0,successful
REPAY_LN000306_02,LN000306,2025-06-11,2025-06-11,874.75,625.0,249.75,0.0,successful
REPAY_LN000306_03,LN000306,2025-07-09,2025-07-09,874.75,625.0,249.75,0.0,successful
REPAY_LN000306_04,LN000306,2025-08-09,2025-08-09,874.75,625.0,249.75,0.0,successful
REPAY_LN000306_05,LN000306,2025-09-09,2025-09-09,874.75,625.0,249.75,0.0,successful
REPAY_LN000306_06,LN000306,2025-10-09,2025-10-09,874.75,625.0,249.75,0.0,successful
REPAY_LN000306_07,LN000306,2025-11-10,2025-11-10,874.75,625.0,249.75,0.0,successful
REPAY_LN000306_08,LN000306,2025-12-10,2025-12-10,874.75,625.0,249.75,0.0,successful
REPAY_LN000306_09,LN000306,2026-01-11,2026-01-11,874.75,625.0,249.75,0.0,successful
REPAY_LN000306_10,LN000306,2026-02-11,2026-02-11,874.75,625.0,249.75,0.0,successful
REPAY_LN000306_11,LN000306,2026-03-11,2026-03-11,874.75,625.0,249.75,0.0,successful
REPAY_LN000306_12,LN000306,2026-04-10,2026-04-10,874.75,625.0,249.75,0.0,successful
REPAY_LN000307_01,LN000307,2025-05-11,2025-05-11,687.23,555.56,131.67,0.0,successful
REPAY_LN000307_02,LN000307,2025-06-11,2025-06-11,687.23,555.56,131.67,0.0,successful
REPAY_LN000307_03,LN000307,2025-07-10,2025-07-10,687.23,555.56,131.67,0.0,successful
REPAY_LN000307_04,LN000307,2025-08-11,2025-08-11,687.23,555.56,131.67,0.0,successful
REPAY_LN000307_05,LN000307,2025-09-10,2025-09-10,687.23,555.56,131.67,0.0,successful
REPAY_LN000307_06,LN000307,2025-10-10,2025-10-10,687.23,555.56,131.67,0.0,successful
REPAY_LN000307_07,LN000307,2025-11-09,2025-11-09,687.23,555.56,131.67,0.0,successful
REPAY_LN000307_08,LN000307,2025-12-09,2025-12-09,687.23,555.56,131.67,0.0,successful
REPAY_LN000307_09,LN000307,2026-01-10,2026-01-10,687.23,555.56,131.67,0.0,successful
REPAY_LN000307_10,LN000307,2026-02-10,2026-02-10,687.23,555.56,131.67,0.0,successful
REPAY_LN000307_11,LN000307,2026-03-09,2026-03-09,687.23,555.56,131.67,0.0,successful
REPAY_LN000307_12,LN000307,2026-04-11,2026-04-11,687.23,555.56,131.67,0.0,successful
REPAY_LN000308_01,LN000308,2025-05-11,2025-05-11,385.78,277.78,108.0,0.0,successful
REPAY_LN000308_02,LN000308,2025-06-11,2025-06-11,385.78,277.78,108.0,0.0,successful
REPAY_LN000308_03,LN000308,2025-07-10,2025-07-10,385.78,277.78,108.0,0.0,successful
REPAY_LN000308_04,LN000308,2025-08-09,2025-08-09,385.78,277.78,108.0,0.0,successful
REPAY_LN000308_05,LN000308,2025-09-11,2025-09-11,385.78,277.78,108.0,0.0,successful
REPAY_LN000308_06,LN000308,2025-10-09,2025-10-09,385.78,277.78,108.0,0.0,successful
REPAY_LN000308_07,LN000308,2025-11-09,2025-11-09,385.78,277.78,108.0,0.0,successful
REPAY_LN000308_08,LN000308,2025-12-10,2025-12-10,385.78,277.78,108.0,0.0,successful
REPAY_LN000308_09,LN000308,2026-01-11,2026-01-11,385.78,277.78,108.0,0.0,successful
REPAY_LN000308_10,LN000308,2026-02-09,2026-02-09,385.78,277.78,108.0,0.0,successful
REPAY_LN000308_11,LN000308,2026-03-10,2026-03-10,385.78,277.78,108.0,0.0,successful
REPAY_LN000308_12,LN000308,2026-04-10,2026-04-10,385.78,277.78,108.0,0.0,successful
REPAY_LN000309_01,LN000309,2025-05-12,2025-05-12,1829.84,1666.67,163.17,0.0,successful
REPAY_LN000309_02_FAIL,LN000309,2025-06-13,2025-06-13,1829.84,1666.67,163.17,0.0,failed
REPAY_LN000309_03_FAIL,LN000309,2025-07-12,2025-07-12,1829.84,1666.67,163.17,0.0,failed
REPAY_LN000310_01,LN000310,2025-05-12,2025-05-12,976.58,833.33,143.25,0.0,successful
REPAY_LN000310_02,LN000310,2025-06-12,2025-06-12,976.58,833.33,143.25,0.0,successful
REPAY_LN000310_03,LN000310,2025-07-10,2025-07-10,976.58,833.33,143.25,0.0,successful
REPAY_LN000310_04,LN000310,2025-08-11,2025-08-11,976.58,833.33,143.25,0.0,successful
REPAY_LN000310_05,LN000310,2025-09-11,2025-09-11,976.58,833.33,143.25,0.0,successful
REPAY_LN000310_06,LN000310,2025-10-12,2025-10-12,976.58,833.33,143.25,0.0,successful
REPAY_LN000310_07,LN000310,2025-11-11,2025-11-11,976.58,833.33,143.25,0.0,successful
REPAY_LN000310_08,LN000310,2025-12-11,2025-12-11,976.58,833.33,143.25,0.0,successful
REPAY_LN000310_09,LN000310,2026-01-11,2026-01-11,976.58,833.33,143.25,0.0,successful
REPAY_LN000310_10,LN000310,2026-02-12,2026-02-12,976.58,833.33,143.25,0.0,successful
REPAY_LN000310_11,LN000310,2026-03-12,2026-03-12,976.58,833.33,143.25,0.0,successful
REPAY_LN000310_12,LN000310,2026-04-12,2026-04-12,976.58,833.33,143.25,0.0,successful
REPAY_LN000311_01,LN000311,2025-05-10,2025-05-10,250.79,208.33,42.46,0.0,successful
REPAY_LN000311_02,LN000311,2025-06-11,2025-06-11,250.79,208.33,42.46,0.0,successful
REPAY_LN000311_03,LN000311,2025-07-10,2025-07-10,250.79,208.33,42.46,0.0,successful
REPAY_LN000311_04,LN000311,2025-08-12,2025-08-12,250.79,208.33,42.46,0.0,successful
REPAY_LN000311_05,LN000311,2025-09-10,2025-09-10,250.79,208.33,42.46,0.0,successful
REPAY_LN000311_06,LN000311,2025-10-11,2025-10-11,250.79,208.33,42.46,0.0,successful
REPAY_LN000311_07,LN000311,2025-11-11,2025-11-11,250.79,208.33,42.46,0.0,successful
REPAY_LN000311_08,LN000311,2025-12-12,2025-12-12,250.79,208.33,42.46,0.0,successful
REPAY_LN000311_09,LN000311,2026-01-12,2026-01-12,250.79,208.33,42.46,0.0,successful
REPAY_LN000311_10,LN000311,2026-02-10,2026-02-10,250.79,208.33,42.46,0.0,successful
REPAY_LN000311_11,LN000311,2026-03-12,2026-03-12,250.79,208.33,42.46,0.0,successful
REPAY_LN000311_12,LN000311,2026-04-10,2026-04-10,250.79,208.33,42.46,0.0,successful
REPAY_LN000312_01,LN000312,2025-05-12,2025-05-12,389.0,333.33,55.67,0.0,successful
REPAY_LN000312_02,LN000312,2025-06-12,2025-06-12,389.0,333.33,55.67,0.0,successful
REPAY_LN000312_03,LN000312,2025-07-12,2025-07-12,389.0,333.33,55.67,0.0,successful
REPAY_LN000312_04,LN000312,2025-08-12,2025-08-12,389.0,333.33,55.67,0.0,successful
REPAY_LN000312_05,LN000312,2025-09-12,2025-09-12,389.0,333.33,55.67,0.0,successful
REPAY_LN000312_06,LN000312,2025-10-11,2025-10-11,389.0,333.33,55.67,0.0,successful
REPAY_LN000312_07,LN000312,2025-11-12,2025-11-12,389.0,333.33,55.67,0.0,successful
REPAY_LN000312_08,LN000312,2025-12-11,2025-12-11,389.0,333.33,55.67,0.0,successful
REPAY_LN000312_09,LN000312,2026-01-12,2026-01-12,389.0,333.33,55.67,0.0,successful
REPAY_LN000312_10,LN000312,2026-02-11,2026-02-11,389.0,333.33,55.67,0.0,successful
REPAY_LN000312_11,LN000312,2026-03-11,2026-03-11,389.0,333.33,55.67,0.0,successful
REPAY_LN000312_12,LN000312,2026-04-11,2026-04-11,389.0,333.33,55.67,0.0,successful
REPAY_LN000313_01,LN000313,2025-05-13,2025-05-13,1355.83,833.33,522.5,0.0,successful
REPAY_LN000313_02,LN000313,2025-06-11,2025-06-11,1355.83,833.33,522.5,0.0,successful
REPAY_LN000313_03,LN000313,2025-07-11,2025-07-11,1355.83,833.33,522.5,0.0,successful
REPAY_LN000313_04,LN000313,2025-08-12,2025-08-12,1355.83,833.33,522.5,0.0,successful
REPAY_LN000313_05,LN000313,2025-09-11,2025-09-11,1355.83,833.33,522.5,0.0,successful
REPAY_LN000313_06,LN000313,2025-10-11,2025-10-11,1355.83,833.33,522.5,0.0,successful
REPAY_LN000313_07,LN000313,2025-11-13,2025-11-13,1355.83,833.33,522.5,0.0,successful
REPAY_LN000313_08,LN000313,2025-12-12,2025-12-12,1355.83,833.33,522.5,0.0,successful
REPAY_LN000313_09,LN000313,2026-01-13,2026-01-13,1355.83,833.33,522.5,0.0,successful
REPAY_LN000313_10,LN000313,2026-02-13,2026-02-13,1355.83,833.33,522.5,0.0,successful
REPAY_LN000313_11,LN000313,2026-03-13,2026-03-13,1355.83,833.33,522.5,0.0,successful
REPAY_LN000313_12,LN000313,2026-04-11,2026-04-11,1355.83,833.33,522.5,0.0,successful
REPAY_LN000314_01,LN000314,2025-05-13,2025-05-13,278.29,222.22,56.07,0.0,successful
REPAY_LN000314_02,LN000314,2025-06-13,2025-06-13,278.29,222.22,56.07,0.0,successful
REPAY_LN000314_03,LN000314,2025-07-12,2025-07-12,278.29,222.22,56.07,0.0,successful
REPAY_LN000314_04,LN000314,2025-08-12,2025-08-12,278.29,222.22,56.07,0.0,successful
REPAY_LN000314_05,LN000314,2025-09-12,2025-09-12,278.29,222.22,56.07,0.0,successful
REPAY_LN000314_06,LN000314,2025-10-12,2025-10-12,278.29,222.22,56.07,0.0,successful
REPAY_LN000314_07,LN000314,2025-11-13,2025-11-13,278.29,222.22,56.07,0.0,successful
REPAY_LN000314_08,LN000314,2025-12-12,2025-12-12,278.29,222.22,56.07,0.0,successful
REPAY_LN000314_09,LN000314,2026-01-11,2026-01-11,278.29,222.22,56.07,0.0,successful
REPAY_LN000314_10,LN000314,2026-02-13,2026-02-13,278.29,222.22,56.07,0.0,successful
REPAY_LN000314_11,LN000314,2026-03-12,2026-03-12,278.29,222.22,56.07,0.0,successful
REPAY_LN000314_12,LN000314,2026-04-13,2026-04-13,278.29,222.22,56.07,0.0,successful
REPAY_LN000315_01,LN000315,2025-05-13,2025-05-13,1770.34,1666.67,103.67,0.0,successful
REPAY_LN000315_02,LN000315,2025-06-14,2025-06-14,1770.34,1666.67,103.67,0.0,successful
REPAY_LN000315_03,LN000315,2025-07-13,2025-07-13,1770.34,1666.67,103.67,0.0,successful
REPAY_LN000315_04,LN000315,2025-08-12,2025-08-12,1770.34,1666.67,103.67,0.0,successful
REPAY_LN000315_05,LN000315,2025-09-13,2025-09-13,1770.34,1666.67,103.67,0.0,successful
REPAY_LN000315_06,LN000315,2025-10-14,2025-10-14,1770.34,1666.67,103.67,0.0,successful
REPAY_LN000315_07,LN000315,2025-11-14,2025-11-14,1770.34,1666.67,103.67,0.0,successful
REPAY_LN000315_08,LN000315,2025-12-12,2025-12-12,1770.34,1666.67,103.67,0.0,successful
REPAY_LN000315_09,LN000315,2026-01-14,2026-01-14,1770.34,1666.67,103.67,0.0,successful
REPAY_LN000315_10,LN000315,2026-02-12,2026-02-12,1770.34,1666.67,103.67,0.0,successful
REPAY_LN000315_11,LN000315,2026-03-14,2026-03-14,1770.34,1666.67,103.67,0.0,successful
REPAY_LN000315_12,LN000315,2026-04-14,2026-04-14,1770.3,1666.63,103.67,0.0,successful
REPAY_LN000316_01,LN000316,2025-05-12,2025-05-12,3446.16,3333.33,112.83,0.0,successful
REPAY_LN000316_02,LN000316,2025-06-14,2025-06-14,3446.16,3333.33,112.83,0.0,successful
REPAY_LN000316_03,LN000316,2025-07-14,2025-07-14,3446.16,3333.33,112.83,0.0,successful
REPAY_LN000316_04,LN000316,2025-08-12,2025-08-12,3446.16,3333.33,112.83,0.0,successful
REPAY_LN000316_05,LN000316,2025-09-13,2025-09-13,3446.16,3333.33,112.83,0.0,successful
REPAY_LN000316_06,LN000316,2025-10-12,2025-10-12,3446.18,3333.35,112.83,0.0,successful
REPAY_LN000317_01,LN000317,2025-05-13,2025-05-13,908.89,555.56,353.33,0.0,successful
REPAY_LN000317_02,LN000317,2025-06-13,2025-06-13,908.89,555.56,353.33,0.0,successful
REPAY_LN000317_03,LN000317,2025-07-13,2025-07-13,908.89,555.56,353.33,0.0,successful
REPAY_LN000317_04,LN000317,2025-08-12,2025-08-12,908.89,555.56,353.33,0.0,successful
REPAY_LN000317_05,LN000317,2025-09-13,2025-09-13,908.89,555.56,353.33,0.0,successful
REPAY_LN000317_06,LN000317,2025-10-13,2025-10-13,908.89,555.56,353.33,0.0,successful
REPAY_LN000317_07,LN000317,2025-11-13,2025-11-13,908.89,555.56,353.33,0.0,successful
REPAY_LN000317_08,LN000317,2025-12-14,2025-12-14,908.89,555.56,353.33,0.0,successful
REPAY_LN000317_09,LN000317,2026-01-12,2026-01-12,908.89,555.56,353.33,0.0,successful
REPAY_LN000317_10,LN000317,2026-02-12,2026-02-12,908.89,555.56,353.33,0.0,successful
REPAY_LN000317_11,LN000317,2026-03-14,2026-03-14,908.89,555.56,353.33,0.0,successful
REPAY_LN000317_12,LN000317,2026-04-13,2026-04-13,908.89,555.56,353.33,0.0,successful
REPAY_LN000317_13,LN000317,2026-05-14,2026-05-14,908.89,555.56,353.33,0.0,successful
REPAY_LN000318_01,LN000318,2025-05-14,2025-05-14,1054.95,833.33,221.62,0.0,successful
REPAY_LN000318_02,LN000318,2025-06-13,2025-06-13,1054.95,833.33,221.62,0.0,successful
REPAY_LN000318_03,LN000318,2025-07-13,2025-07-13,1054.95,833.33,221.62,0.0,successful
REPAY_LN000318_04,LN000318,2025-08-12,2025-08-12,1054.95,833.33,221.62,0.0,successful
REPAY_LN000318_05,LN000318,2025-09-13,2025-09-13,1054.95,833.33,221.62,0.0,successful
REPAY_LN000318_06,LN000318,2025-10-14,2025-10-14,1054.95,833.33,221.62,0.0,successful
REPAY_LN000318_07,LN000318,2025-11-14,2025-11-14,1054.95,833.33,221.62,0.0,successful
REPAY_LN000318_08,LN000318,2025-12-13,2025-12-13,1054.95,833.33,221.62,0.0,successful
REPAY_LN000318_09,LN000318,2026-01-12,2026-01-12,1054.95,833.33,221.62,0.0,successful
REPAY_LN000318_10,LN000318,2026-02-14,2026-02-14,1054.95,833.33,221.62,0.0,successful
REPAY_LN000318_11,LN000318,2026-03-13,2026-03-13,1054.95,833.33,221.62,0.0,successful
REPAY_LN000318_12,LN000318,2026-04-12,2026-04-12,1054.95,833.33,221.62,0.0,successful
REPAY_LN000319_01,LN000319,2025-05-13,2025-05-13,1480.4,1333.33,147.07,0.0,successful
REPAY_LN000319_02,LN000319,2025-06-15,2025-06-15,1480.4,1333.33,147.07,0.0,successful
REPAY_LN000319_03,LN000319,2025-07-15,2025-07-15,1480.4,1333.33,147.07,0.0,successful
REPAY_LN000319_04,LN000319,2025-08-13,2025-08-13,1480.4,1333.33,147.07,0.0,successful
REPAY_LN000319_05,LN000319,2025-09-13,2025-09-13,1480.4,1333.33,147.07,0.0,successful
REPAY_LN000319_06,LN000319,2025-10-13,2025-10-13,1480.42,1333.35,147.07,0.0,successful
REPAY_LN000320_01,LN000320,2025-05-14,2025-05-14,314.75,222.22,92.53,0.0,successful
REPAY_LN000320_02,LN000320,2025-06-15,2025-06-15,314.75,222.22,92.53,0.0,successful
REPAY_LN000320_03,LN000320,2025-07-13,2025-07-13,314.75,222.22,92.53,0.0,successful
REPAY_LN000320_04,LN000320,2025-08-15,2025-08-15,314.75,222.22,92.53,0.0,successful
REPAY_LN000320_05,LN000320,2025-09-15,2025-09-15,314.75,222.22,92.53,0.0,successful
REPAY_LN000320_06,LN000320,2025-10-15,2025-10-15,314.75,222.22,92.53,0.0,successful
REPAY_LN000320_07,LN000320,2025-11-13,2025-11-13,314.75,222.22,92.53,0.0,successful
REPAY_LN000320_08,LN000320,2025-12-14,2025-12-14,314.75,222.22,92.53,0.0,successful
REPAY_LN000320_09,LN000320,2026-01-13,2026-01-13,314.75,222.22,92.53,0.0,successful
REPAY_LN000320_10,LN000320,2026-02-15,2026-02-15,314.75,222.22,92.53,0.0,successful
REPAY_LN000320_11,LN000320,2026-03-13,2026-03-13,314.75,222.22,92.53,0.0,successful
REPAY_LN000320_12,LN000320,2026-04-13,2026-04-13,314.75,222.22,92.53,0.0,successful
REPAY_LN000321_01,LN000321,2025-05-15,2025-05-15,2014.17,1666.67,347.5,0.0,successful
REPAY_LN000321_02,LN000321,2025-06-15,2025-06-15,2014.17,1666.67,347.5,0.0,successful
REPAY_LN000321_03,LN000321,2025-07-13,2025-07-13,2014.17,1666.67,347.5,0.0,successful
REPAY_LN000321_04,LN000321,2025-08-13,2025-08-13,2014.17,1666.67,347.5,0.0,successful
REPAY_LN000321_05,LN000321,2025-09-13,2025-09-13,2014.17,1666.67,347.5,0.0,successful
REPAY_LN000321_06,LN000321,2025-10-13,2025-10-13,2014.17,1666.67,347.5,0.0,successful
REPAY_LN000321_07,LN000321,2025-11-14,2025-11-14,2014.17,1666.67,347.5,0.0,successful
REPAY_LN000321_08,LN000321,2025-12-13,2025-12-13,2014.17,1666.67,347.5,0.0,successful
REPAY_LN000321_09,LN000321,2026-01-14,2026-01-14,2014.17,1666.67,347.5,0.0,successful
REPAY_LN000321_10,LN000321,2026-02-15,2026-02-15,2014.17,1666.67,347.5,0.0,successful
REPAY_LN000321_11,LN000321,2026-03-14,2026-03-14,2014.17,1666.67,347.5,0.0,successful
REPAY_LN000321_12,LN000321,2026-04-15,2026-04-15,2014.13,1666.63,347.5,0.0,successful
REPAY_LN000322_01,LN000322,2025-05-15,2025-05-15,978.33,833.33,145.0,0.0,successful
REPAY_LN000322_02,LN000322,2025-06-16,2025-06-16,978.33,833.33,145.0,0.0,successful
REPAY_LN000322_03,LN000322,2025-07-14,2025-07-14,978.33,833.33,145.0,0.0,successful
REPAY_LN000322_04,LN000322,2025-08-15,2025-08-15,978.33,833.33,145.0,0.0,successful
REPAY_LN000322_05,LN000322,2025-09-15,2025-09-15,978.33,833.33,145.0,0.0,successful
REPAY_LN000322_06,LN000322,2025-10-16,2025-10-16,978.33,833.33,145.0,0.0,successful
REPAY_LN000322_07,LN000322,2025-11-16,2025-11-16,978.33,833.33,145.0,0.0,successful
REPAY_LN000322_08,LN000322,2025-12-15,2025-12-15,978.33,833.33,145.0,0.0,successful
REPAY_LN000322_09,LN000322,2026-01-16,2026-01-16,978.33,833.33,145.0,0.0,successful
REPAY_LN000322_10,LN000322,2026-02-14,2026-02-14,978.33,833.33,145.0,0.0,successful
REPAY_LN000322_11,LN000322,2026-03-15,2026-03-15,978.33,833.33,145.0,0.0,successful
REPAY_LN000322_12,LN000322,2026-04-14,2026-04-14,978.33,833.33,145.0,0.0,successful
REPAY_LN000323_01,LN000323,2025-05-15,2025-05-15,914.29,833.33,80.96,0.0,successful
REPAY_LN000323_02_FAIL,LN000323,2025-06-18,2025-06-18,914.29,833.33,80.96,0.0,failed
REPAY_LN000323_03_FAIL,LN000323,2025-07-17,2025-07-17,914.29,833.33,80.96,0.0,failed
REPAY_LN000324_01,LN000324,2025-05-16,2025-05-16,1491.0,1250.0,241.0,0.0,successful
REPAY_LN000324_02,LN000324,2025-06-15,2025-06-15,1491.0,1250.0,241.0,0.0,successful
REPAY_LN000324_03,LN000324,2025-07-16,2025-07-16,1491.0,1250.0,241.0,0.0,successful
REPAY_LN000324_04,LN000324,2025-08-15,2025-08-15,1491.0,1250.0,241.0,0.0,successful
REPAY_LN000324_05,LN000324,2025-09-15,2025-09-15,1491.0,1250.0,241.0,0.0,successful
REPAY_LN000324_06,LN000324,2025-10-15,2025-10-15,1491.0,1250.0,241.0,0.0,successful
REPAY_LN000324_07,LN000324,2025-11-17,2025-11-17,1491.0,1250.0,241.0,0.0,successful
REPAY_LN000324_08,LN000324,2025-12-16,2025-12-16,1491.0,1250.0,241.0,0.0,successful
REPAY_LN000324_09,LN000324,2026-01-15,2026-01-15,1491.0,1250.0,241.0,0.0,successful
REPAY_LN000324_10,LN000324,2026-02-17,2026-02-17,1491.0,1250.0,241.0,0.0,successful
REPAY_LN000324_11,LN000324,2026-03-15,2026-03-15,1491.0,1250.0,241.0,0.0,successful
REPAY_LN000324_12,LN000324,2026-04-16,2026-04-16,1491.0,1250.0,241.0,0.0,successful
REPAY_LN000325_01,LN000325,2025-05-17,2025-05-17,633.31,555.56,77.75,0.0,successful
REPAY_LN000325_02,LN000325,2025-06-15,2025-06-15,633.31,555.56,77.75,0.0,successful
REPAY_LN000325_03,LN000325,2025-07-15,2025-07-15,633.31,555.56,77.75,0.0,successful
REPAY_LN000325_04,LN000325,2025-08-15,2025-08-15,633.31,555.56,77.75,0.0,successful
REPAY_LN000325_05,LN000325,2025-09-16,2025-09-16,633.31,555.56,77.75,0.0,successful
REPAY_LN000325_06,LN000325,2025-10-17,2025-10-17,633.31,555.56,77.75,0.0,successful
REPAY_LN000325_07,LN000325,2025-11-17,2025-11-17,633.31,555.56,77.75,0.0,successful
REPAY_LN000325_08,LN000325,2025-12-17,2025-12-17,633.31,555.56,77.75,0.0,successful
REPAY_LN000325_09,LN000325,2026-01-15,2026-01-15,633.31,555.56,77.75,0.0,successful
REPAY_LN000325_10,LN000325,2026-02-17,2026-02-17,633.31,555.56,77.75,0.0,successful
REPAY_LN000325_11,LN000325,2026-03-15,2026-03-15,633.31,555.56,77.75,0.0,successful
REPAY_LN000325_12,LN000325,2026-04-16,2026-04-16,633.31,555.56,77.75,0.0,successful
REPAY_LN000326_01,LN000326,2025-05-18,2025-05-18,2777.25,2500.0,277.25,0.0,successful
REPAY_LN000326_02,LN000326,2025-06-16,2025-06-16,2777.25,2500.0,277.25,0.0,successful
REPAY_LN000326_03,LN000326,2025-07-18,2025-07-18,2777.25,2500.0,277.25,0.0,successful
REPAY_LN000326_04,LN000326,2025-08-18,2025-08-18,2777.25,2500.0,277.25,0.0,successful
REPAY_LN000326_05,LN000326,2025-09-17,2025-09-17,2777.25,2500.0,277.25,0.0,successful
REPAY_LN000326_06,LN000326,2025-10-18,2025-10-18,2777.25,2500.0,277.25,0.0,successful
REPAY_LN000327_01,LN000327,2025-05-17,2025-05-17,252.5,208.33,44.17,0.0,successful
REPAY_LN000327_02,LN000327,2025-06-18,2025-06-18,252.5,208.33,44.17,0.0,successful
REPAY_LN000327_03,LN000327,2025-07-18,2025-07-18,252.5,208.33,44.17,0.0,successful
REPAY_LN000327_04,LN000327,2025-08-18,2025-08-18,252.5,208.33,44.17,0.0,successful
REPAY_LN000327_05,LN000327,2025-09-18,2025-09-18,252.5,208.33,44.17,0.0,successful
REPAY_LN000327_06,LN000327,2025-10-18,2025-10-18,252.5,208.33,44.17,0.0,successful
REPAY_LN000327_07,LN000327,2025-11-18,2025-11-18,252.5,208.33,44.17,0.0,successful
REPAY_LN000327_08,LN000327,2025-12-17,2025-12-17,252.5,208.33,44.17,0.0,successful
REPAY_LN000327_09,LN000327,2026-01-17,2026-01-17,252.5,208.33,44.17,0.0,successful
REPAY_LN000327_10,LN000327,2026-02-16,2026-02-16,252.5,208.33,44.17,0.0,successful
REPAY_LN000327_11,LN000327,2026-03-18,2026-03-18,252.5,208.33,44.17,0.0,successful
REPAY_LN000327_12,LN000327,2026-04-17,2026-04-17,252.5,208.33,44.17,0.0,successful
REPAY_LN000328_01,LN000328,2025-05-18,2025-05-18,3053.0,2500.0,553.0,0.0,successful
REPAY_LN000328_02,LN000328,2025-06-18,2025-06-18,3053.0,2500.0,553.0,0.0,successful
REPAY_LN000328_03,LN000328,2025-07-17,2025-07-17,3053.0,2500.0,553.0,0.0,successful
REPAY_LN000328_04,LN000328,2025-08-18,2025-08-18,3053.0,2500.0,553.0,0.0,successful
REPAY_LN000328_05,LN000328,2025-09-17,2025-09-17,3053.0,2500.0,553.0,0.0,successful
REPAY_LN000328_06,LN000328,2025-10-17,2025-10-17,3053.0,2500.0,553.0,0.0,successful
REPAY_LN000328_07,LN000328,2025-11-16,2025-11-16,3053.0,2500.0,553.0,0.0,successful
REPAY_LN000328_08,LN000328,2025-12-16,2025-12-16,3053.0,2500.0,553.0,0.0,successful
REPAY_LN000328_09,LN000328,2026-01-16,2026-01-16,3053.0,2500.0,553.0,0.0,successful
REPAY_LN000328_10,LN000328,2026-02-16,2026-02-16,3053.0,2500.0,553.0,0.0,successful
REPAY_LN000328_11,LN000328,2026-03-18,2026-03-18,3053.0,2500.0,553.0,0.0,successful
REPAY_LN000328_12,LN000328,2026-04-18,2026-04-18,3053.0,2500.0,553.0,0.0,successful
REPAY_LN000329_01,LN000329,2025-05-18,2025-05-18,1108.0,833.33,274.67,0.0,successful
REPAY_LN000329_02,LN000329,2025-06-18,2025-06-18,1108.0,833.33,274.67,0.0,successful
REPAY_LN000329_03,LN000329,2025-07-18,2025-07-18,1108.0,833.33,274.67,0.0,successful
REPAY_LN000329_04,LN000329,2025-08-18,2025-08-18,1108.0,833.33,274.67,0.0,successful
REPAY_LN000329_05,LN000329,2025-09-19,2025-09-19,1108.0,833.33,274.67,0.0,successful
REPAY_LN000329_06,LN000329,2025-10-18,2025-10-18,1108.0,833.33,274.67,0.0,successful
REPAY_LN000329_07_FAIL,LN000329,2025-11-19,2025-11-19,1108.0,833.33,274.67,0.0,failed
REPAY_LN000329_08_FAIL,LN000329,2025-12-21,2025-12-21,1108.0,833.33,274.67,0.0,failed
REPAY_LN000330_01,LN000330,2025-05-17,2025-05-17,1400.26,1333.33,66.93,0.0,successful
REPAY_LN000330_02,LN000330,2025-06-18,2025-06-18,1400.26,1333.33,66.93,0.0,successful
REPAY_LN000330_03,LN000330,2025-07-19,2025-07-19,1400.26,1333.33,66.93,0.0,successful
REPAY_LN000330_04,LN000330,2025-08-18,2025-08-18,1400.26,1333.33,66.93,0.0,successful
REPAY_LN000330_05,LN000330,2025-09-18,2025-09-18,1400.26,1333.33,66.93,0.0,successful
REPAY_LN000330_06,LN000330,2025-10-19,2025-10-19,1400.28,1333.35,66.93,0.0,successful
REPAY_LN000331_01,LN000331,2025-05-19,2025-05-19,486.53,333.33,153.2,0.0,successful
REPAY_LN000331_02,LN000331,2025-06-17,2025-06-17,486.53,333.33,153.2,0.0,successful
REPAY_LN000331_03,LN000331,2025-07-18,2025-07-18,486.53,333.33,153.2,0.0,successful
REPAY_LN000331_04,LN000331,2025-08-17,2025-08-17,486.53,333.33,153.2,0.0,successful
REPAY_LN000331_05,LN000331,2025-09-17,2025-09-17,486.53,333.33,153.2,0.0,successful
REPAY_LN000331_06,LN000331,2025-10-17,2025-10-17,486.53,333.33,153.2,0.0,successful
REPAY_LN000331_07_FAIL,LN000331,2025-11-19,2025-11-19,486.53,333.33,153.2,0.0,failed
REPAY_LN000331_08_FAIL,LN000331,2025-12-21,2025-12-21,486.53,333.33,153.2,0.0,failed
REPAY_LN000332_01,LN000332,2025-05-18,2025-05-18,3519.16,3333.33,185.83,0.0,successful
REPAY_LN000332_02,LN000332,2025-06-18,2025-06-18,3519.16,3333.33,185.83,0.0,successful
REPAY_LN000332_03,LN000332,2025-07-19,2025-07-19,3519.16,3333.33,185.83,0.0,successful
REPAY_LN000332_04,LN000332,2025-08-20,2025-08-20,3519.16,3333.33,185.83,0.0,successful
REPAY_LN000332_05,LN000332,2025-09-20,2025-09-20,3519.16,3333.33,185.83,0.0,successful
REPAY_LN000332_06,LN000332,2025-10-20,2025-10-20,3519.18,3333.35,185.83,0.0,successful
REPAY_LN000333_01,LN000333,2025-05-19,2025-05-19,999.66,833.33,166.33,0.0,successful
REPAY_LN000333_02,LN000333,2025-06-19,2025-06-19,999.66,833.33,166.33,0.0,successful
REPAY_LN000333_03,LN000333,2025-07-20,2025-07-20,999.66,833.33,166.33,0.0,successful
REPAY_LN000333_04,LN000333,2025-08-18,2025-08-18,999.66,833.33,166.33,0.0,successful
REPAY_LN000333_05,LN000333,2025-09-20,2025-09-20,999.66,833.33,166.33,0.0,successful
REPAY_LN000333_06,LN000333,2025-10-19,2025-10-19,999.66,833.33,166.33,0.0,successful
REPAY_LN000333_07,LN000333,2025-11-18,2025-11-18,999.66,833.33,166.33,0.0,successful
REPAY_LN000333_08,LN000333,2025-12-18,2025-12-18,999.66,833.33,166.33,0.0,successful
REPAY_LN000333_09,LN000333,2026-01-19,2026-01-19,999.66,833.33,166.33,0.0,successful
REPAY_LN000333_10,LN000333,2026-02-18,2026-02-18,999.66,833.33,166.33,0.0,successful
REPAY_LN000333_11,LN000333,2026-03-20,2026-03-20,999.66,833.33,166.33,0.0,successful
REPAY_LN000333_12,LN000333,2026-04-19,2026-04-19,999.66,833.33,166.33,0.0,successful
REPAY_LN000334_01,LN000334,2025-05-20,2025-05-20,1226.08,833.33,392.75,0.0,successful
REPAY_LN000334_02,LN000334,2025-06-20,2025-06-20,1226.08,833.33,392.75,0.0,successful
REPAY_LN000334_03,LN000334,2025-07-19,2025-07-19,1226.08,833.33,392.75,0.0,successful
REPAY_LN000334_04,LN000334,2025-08-20,2025-08-20,1226.08,833.33,392.75,0.0,successful
REPAY_LN000334_05,LN000334,2025-09-20,2025-09-20,1226.08,833.33,392.75,0.0,successful
REPAY_LN000334_06,LN000334,2025-10-19,2025-10-19,1226.08,833.33,392.75,0.0,successful
REPAY_LN000334_07,LN000334,2025-11-20,2025-11-20,1226.08,833.33,392.75,0.0,successful
REPAY_LN000334_08,LN000334,2025-12-19,2025-12-19,1226.08,833.33,392.75,0.0,successful
REPAY_LN000334_09,LN000334,2026-01-19,2026-01-19,1226.08,833.33,392.75,0.0,successful
REPAY_LN000334_10,LN000334,2026-02-20,2026-02-20,1226.08,833.33,392.75,0.0,successful
REPAY_LN000334_11,LN000334,2026-03-21,2026-03-21,1226.08,833.33,392.75,0.0,successful
REPAY_LN000334_12_FAIL,LN000334,2026-04-23,2026-04-23,1226.08,833.33,392.75,0.0,failed
REPAY_LN000335_01,LN000335,2025-05-20,2025-05-20,1092.33,833.33,259.0,0.0,successful
REPAY_LN000335_02,LN000335,2025-06-21,2025-06-21,1092.33,833.33,259.0,0.0,successful
REPAY_LN000335_03,LN000335,2025-07-19,2025-07-19,1092.33,833.33,259.0,0.0,successful
REPAY_LN000335_04,LN000335,2025-08-21,2025-08-21,1092.33,833.33,259.0,0.0,successful
REPAY_LN000335_05,LN000335,2025-09-20,2025-09-20,1092.33,833.33,259.0,0.0,successful
REPAY_LN000335_06,LN000335,2025-10-20,2025-10-20,1092.33,833.33,259.0,0.0,successful
REPAY_LN000335_07,LN000335,2025-11-21,2025-11-21,1092.33,833.33,259.0,0.0,successful
REPAY_LN000335_08,LN000335,2025-12-20,2025-12-20,1092.33,833.33,259.0,0.0,successful
REPAY_LN000335_09,LN000335,2026-01-21,2026-01-21,1092.33,833.33,259.0,0.0,successful
REPAY_LN000335_10,LN000335,2026-02-19,2026-02-19,1092.33,833.33,259.0,0.0,successful
REPAY_LN000335_11,LN000335,2026-03-21,2026-03-21,1092.33,833.33,259.0,0.0,successful
REPAY_LN000335_12,LN000335,2026-04-21,2026-04-21,1092.33,833.33,259.0,0.0,successful
REPAY_LN000336_01,LN000336,2025-05-21,2025-05-21,1434.11,1111.11,323.0,0.0,successful
REPAY_LN000336_02,LN000336,2025-06-21,2025-06-21,1434.11,1111.11,323.0,0.0,successful
REPAY_LN000336_03,LN000336,2025-07-19,2025-07-19,1434.11,1111.11,323.0,0.0,successful
REPAY_LN000336_04,LN000336,2025-08-19,2025-08-19,1434.11,1111.11,323.0,0.0,successful
REPAY_LN000336_05,LN000336,2025-09-19,2025-09-19,1434.11,1111.11,323.0,0.0,successful
REPAY_LN000336_06,LN000336,2025-10-21,2025-10-21,1434.11,1111.11,323.0,0.0,successful
REPAY_LN000336_07,LN000336,2025-11-19,2025-11-19,1434.11,1111.11,323.0,0.0,successful
REPAY_LN000336_08,LN000336,2025-12-20,2025-12-20,1434.11,1111.11,323.0,0.0,successful
REPAY_LN000336_09,LN000336,2026-01-19,2026-01-19,1434.11,1111.11,323.0,0.0,successful
REPAY_LN000336_10,LN000336,2026-02-21,2026-02-21,1434.11,1111.11,323.0,0.0,successful
REPAY_LN000336_11,LN000336,2026-03-20,2026-03-20,1434.11,1111.11,323.0,0.0,successful
REPAY_LN000336_12,LN000336,2026-04-21,2026-04-21,1434.11,1111.11,323.0,0.0,successful
REPAY_LN000337_01,LN000337,2025-05-21,2025-05-21,498.75,416.67,82.08,0.0,successful
REPAY_LN000337_02,LN000337,2025-06-22,2025-06-22,498.75,416.67,82.08,0.0,successful
REPAY_LN000337_03,LN000337,2025-07-22,2025-07-22,498.75,416.67,82.08,0.0,successful
REPAY_LN000337_04,LN000337,2025-08-21,2025-08-21,498.75,416.67,82.08,0.0,successful
REPAY_LN000337_05,LN000337,2025-09-20,2025-09-20,498.75,416.67,82.08,0.0,successful
REPAY_LN000337_06,LN000337,2025-10-21,2025-10-21,498.75,416.67,82.08,0.0,successful
REPAY_LN000337_07,LN000337,2025-11-21,2025-11-21,498.75,416.67,82.08,0.0,successful
REPAY_LN000337_08,LN000337,2025-12-21,2025-12-21,498.75,416.67,82.08,0.0,successful
REPAY_LN000337_09,LN000337,2026-01-21,2026-01-21,498.75,416.67,82.08,0.0,successful
REPAY_LN000337_10,LN000337,2026-02-21,2026-02-21,498.75,416.67,82.08,0.0,successful
REPAY_LN000337_11,LN000337,2026-03-22,2026-03-22,498.75,416.67,82.08,0.0,successful
REPAY_LN000337_12,LN000337,2026-04-22,2026-04-22,498.71,416.63,82.08,0.0,successful
REPAY_LN000338_01,LN000338,2025-05-20,2025-05-20,1197.83,833.33,364.5,0.0,successful
REPAY_LN000338_02,LN000338,2025-06-20,2025-06-20,1197.83,833.33,364.5,0.0,successful
REPAY_LN000338_03,LN000338,2025-07-21,2025-07-21,1197.83,833.33,364.5,0.0,successful
REPAY_LN000338_04,LN000338,2025-08-20,2025-08-20,1197.83,833.33,364.5,0.0,successful
REPAY_LN000338_05,LN000338,2025-09-20,2025-09-20,1197.83,833.33,364.5,0.0,successful
REPAY_LN000338_06,LN000338,2025-10-21,2025-10-21,1197.83,833.33,364.5,0.0,successful
REPAY_LN000338_07,LN000338,2025-11-22,2025-11-22,1197.83,833.33,364.5,0.0,successful
REPAY_LN000338_08,LN000338,2025-12-22,2025-12-22,1197.83,833.33,364.5,0.0,successful
REPAY_LN000338_09,LN000338,2026-01-20,2026-01-20,1197.83,833.33,364.5,0.0,successful
REPAY_LN000338_10,LN000338,2026-02-22,2026-02-22,1197.83,833.33,364.5,0.0,successful
REPAY_LN000338_11,LN000338,2026-03-22,2026-03-22,1197.83,833.33,364.5,0.0,successful
REPAY_LN000338_12,LN000338,2026-04-20,2026-04-20,1197.83,833.33,364.5,0.0,successful
REPAY_LN000339_01,LN000339,2025-05-21,2025-05-21,374.45,277.78,96.67,0.0,successful
REPAY_LN000339_02,LN000339,2025-06-20,2025-06-20,374.45,277.78,96.67,0.0,successful
REPAY_LN000339_03,LN000339,2025-07-20,2025-07-20,374.45,277.78,96.67,0.0,successful
REPAY_LN000339_04,LN000339,2025-08-20,2025-08-20,374.45,277.78,96.67,0.0,successful
REPAY_LN000339_05,LN000339,2025-09-21,2025-09-21,374.45,277.78,96.67,0.0,successful
REPAY_LN000339_06,LN000339,2025-10-21,2025-10-21,374.45,277.78,96.67,0.0,successful
REPAY_LN000339_07,LN000339,2025-11-21,2025-11-21,374.45,277.78,96.67,0.0,successful
REPAY_LN000339_08,LN000339,2025-12-21,2025-12-21,374.45,277.78,96.67,0.0,successful
REPAY_LN000339_09,LN000339,2026-01-20,2026-01-20,374.45,277.78,96.67,0.0,successful
REPAY_LN000339_10,LN000339,2026-02-22,2026-02-22,374.45,277.78,96.67,0.0,successful
REPAY_LN000339_11,LN000339,2026-03-20,2026-03-20,374.45,277.78,96.67,0.0,successful
REPAY_LN000339_12,LN000339,2026-04-21,2026-04-21,374.45,277.78,96.67,0.0,successful
REPAY_LN000340_01,LN000340,2025-05-23,2025-05-23,1442.88,1250.0,192.88,0.0,successful
REPAY_LN000340_02,LN000340,2025-06-22,2025-06-22,1442.88,1250.0,192.88,0.0,successful
REPAY_LN000340_03,LN000340,2025-07-23,2025-07-23,1442.88,1250.0,192.88,0.0,successful
REPAY_LN000340_04,LN000340,2025-08-23,2025-08-23,1442.88,1250.0,192.88,0.0,successful
REPAY_LN000340_05_FAIL,LN000340,2025-09-23,2025-09-23,1442.88,1250.0,192.88,0.0,failed
REPAY_LN000340_06_FAIL,LN000340,2025-10-24,2025-10-24,1442.88,1250.0,192.88,0.0,failed
REPAY_LN000341_01,LN000341,2025-05-21,2025-05-21,2741.0,2500.0,241.0,0.0,successful
REPAY_LN000341_02,LN000341,2025-06-23,2025-06-23,2741.0,2500.0,241.0,0.0,successful
REPAY_LN000341_03,LN000341,2025-07-21,2025-07-21,2741.0,2500.0,241.0,0.0,successful
REPAY_LN000341_04,LN000341,2025-08-23,2025-08-23,2741.0,2500.0,241.0,0.0,successful
REPAY_LN000341_05,LN000341,2025-09-23,2025-09-23,2741.0,2500.0,241.0,0.0,successful
REPAY_LN000341_06,LN000341,2025-10-22,2025-10-22,2741.0,2500.0,241.0,0.0,successful
REPAY_LN000341_07,LN000341,2025-11-22,2025-11-22,2741.0,2500.0,241.0,0.0,successful
REPAY_LN000341_08,LN000341,2025-12-21,2025-12-21,2741.0,2500.0,241.0,0.0,successful
REPAY_LN000341_09,LN000341,2026-01-22,2026-01-22,2741.0,2500.0,241.0,0.0,successful
REPAY_LN000341_10,LN000341,2026-02-22,2026-02-22,2741.0,2500.0,241.0,0.0,successful
REPAY_LN000341_11,LN000341,2026-03-22,2026-03-22,2741.0,2500.0,241.0,0.0,successful
REPAY_LN000341_12,LN000341,2026-04-22,2026-04-22,2741.0,2500.0,241.0,0.0,successful
REPAY_LN000342_01,LN000342,2025-05-22,2025-05-22,731.89,555.56,176.33,0.0,successful
REPAY_LN000342_02,LN000342,2025-06-21,2025-06-21,731.89,555.56,176.33,0.0,successful
REPAY_LN000342_03,LN000342,2025-07-21,2025-07-21,731.89,555.56,176.33,0.0,successful
REPAY_LN000342_04,LN000342,2025-08-22,2025-08-22,731.89,555.56,176.33,0.0,successful
REPAY_LN000342_05,LN000342,2025-09-22,2025-09-22,731.89,555.56,176.33,0.0,successful
REPAY_LN000342_06,LN000342,2025-10-21,2025-10-21,731.89,555.56,176.33,0.0,successful
REPAY_LN000342_07,LN000342,2025-11-23,2025-11-23,731.89,555.56,176.33,0.0,successful
REPAY_LN000342_08,LN000342,2025-12-21,2025-12-21,731.89,555.56,176.33,0.0,successful
REPAY_LN000342_09,LN000342,2026-01-23,2026-01-23,731.89,555.56,176.33,0.0,successful
REPAY_LN000342_10,LN000342,2026-02-22,2026-02-22,731.89,555.56,176.33,0.0,successful
REPAY_LN000342_11,LN000342,2026-03-22,2026-03-22,731.89,555.56,176.33,0.0,successful
REPAY_LN000342_12,LN000342,2026-04-21,2026-04-21,731.89,555.56,176.33,0.0,successful
REPAY_LN000343_01,LN000343,2025-05-22,2025-05-22,1070.83,833.33,237.5,0.0,successful
REPAY_LN000343_02,LN000343,2025-06-23,2025-06-23,1070.83,833.33,237.5,0.0,successful
REPAY_LN000343_03,LN000343,2025-07-23,2025-07-23,1070.83,833.33,237.5,0.0,successful
REPAY_LN000343_04,LN000343,2025-08-21,2025-08-21,1070.83,833.33,237.5,0.0,successful
REPAY_LN000343_05,LN000343,2025-09-23,2025-09-23,1070.83,833.33,237.5,0.0,successful
REPAY_LN000343_06,LN000343,2025-10-21,2025-10-21,1070.83,833.33,237.5,0.0,successful
REPAY_LN000343_07,LN000343,2025-11-21,2025-11-21,1070.83,833.33,237.5,0.0,successful
REPAY_LN000343_08,LN000343,2025-12-23,2025-12-23,1070.83,833.33,237.5,0.0,successful
REPAY_LN000343_09,LN000343,2026-01-23,2026-01-23,1070.83,833.33,237.5,0.0,successful
REPAY_LN000343_10,LN000343,2026-02-23,2026-02-23,1070.83,833.33,237.5,0.0,successful
REPAY_LN000343_11,LN000343,2026-03-23,2026-03-23,1070.83,833.33,237.5,0.0,successful
REPAY_LN000343_12,LN000343,2026-04-23,2026-04-23,1070.83,833.33,237.5,0.0,successful
REPAY_LN000344_01,LN000344,2025-05-24,2025-05-24,1475.0,1250.0,225.0,0.0,successful
REPAY_LN000344_02,LN000344,2025-06-24,2025-06-24,1475.0,1250.0,225.0,0.0,successful
REPAY_LN000344_03,LN000344,2025-07-23,2025-07-23,1475.0,1250.0,225.0,0.0,successful
REPAY_LN000344_04,LN000344,2025-08-22,2025-08-22,1475.0,1250.0,225.0,0.0,successful
REPAY_LN000344_05,LN000344,2025-09-22,2025-09-22,1475.0,1250.0,225.0,0.0,successful
REPAY_LN000344_06,LN000344,2025-10-24,2025-10-24,1475.0,1250.0,225.0,0.0,successful
REPAY_LN000344_07,LN000344,2025-11-22,2025-11-22,1475.0,1250.0,225.0,0.0,successful
REPAY_LN000344_08_FAIL,LN000344,2025-12-25,2025-12-25,1475.0,1250.0,225.0,0.0,failed
REPAY_LN000344_09_FAIL,LN000344,2026-01-26,2026-01-26,1475.0,1250.0,225.0,0.0,failed
REPAY_LN000345_01,LN000345,2025-05-23,2025-05-23,1023.08,833.33,189.75,0.0,successful
REPAY_LN000345_02,LN000345,2025-06-22,2025-06-22,1023.08,833.33,189.75,0.0,successful
REPAY_LN000345_03,LN000345,2025-07-22,2025-07-22,1023.08,833.33,189.75,0.0,successful
REPAY_LN000345_04,LN000345,2025-08-23,2025-08-23,1023.08,833.33,189.75,0.0,successful
REPAY_LN000345_05,LN000345,2025-09-23,2025-09-23,1023.08,833.33,189.75,0.0,successful
REPAY_LN000345_06,LN000345,2025-10-23,2025-10-23,1023.08,833.33,189.75,0.0,successful
REPAY_LN000345_07,LN000345,2025-11-22,2025-11-22,1023.08,833.33,189.75,0.0,successful
REPAY_LN000345_08,LN000345,2025-12-22,2025-12-22,1023.08,833.33,189.75,0.0,successful
REPAY_LN000345_09,LN000345,2026-01-23,2026-01-23,1023.08,833.33,189.75,0.0,successful
REPAY_LN000345_10,LN000345,2026-02-23,2026-02-23,1023.08,833.33,189.75,0.0,successful
REPAY_LN000345_11,LN000345,2026-03-23,2026-03-23,1023.08,833.33,189.75,0.0,successful
REPAY_LN000345_12,LN000345,2026-04-23,2026-04-23,1023.08,833.33,189.75,0.0,successful
REPAY_LN000346_01,LN000346,2025-05-23,2025-05-23,2869.0,2500.0,369.0,0.0,successful
REPAY_LN000346_02,LN000346,2025-06-24,2025-06-24,2869.0,2500.0,369.0,0.0,successful
REPAY_LN000346_03,LN000346,2025-07-22,2025-07-22,2869.0,2500.0,369.0,0.0,successful
REPAY_LN000346_04,LN000346,2025-08-22,2025-08-22,2869.0,2500.0,369.0,0.0,successful
REPAY_LN000346_05_FAIL,LN000346,2025-09-26,2025-09-26,2869.0,2500.0,369.0,0.0,failed
REPAY_LN000346_06_FAIL,LN000346,2025-10-26,2025-10-26,2869.0,2500.0,369.0,0.0,failed
REPAY_LN000347_01,LN000347,2025-05-24,2025-05-24,350.53,277.78,72.75,0.0,successful
REPAY_LN000347_02,LN000347,2025-06-23,2025-06-23,350.53,277.78,72.75,0.0,successful
REPAY_LN000347_03,LN000347,2025-07-22,2025-07-22,350.53,277.78,72.75,0.0,successful
REPAY_LN000347_04,LN000347,2025-08-23,2025-08-23,350.53,277.78,72.75,0.0,successful
REPAY_LN000347_05,LN000347,2025-09-23,2025-09-23,350.53,277.78,72.75,0.0,successful
REPAY_LN000347_06,LN000347,2025-10-24,2025-10-24,350.53,277.78,72.75,0.0,successful
REPAY_LN000347_07,LN000347,2025-11-22,2025-11-22,350.53,277.78,72.75,0.0,successful
REPAY_LN000347_08,LN000347,2025-12-22,2025-12-22,350.53,277.78,72.75,0.0,successful
REPAY_LN000347_09,LN000347,2026-01-24,2026-01-24,350.53,277.78,72.75,0.0,successful
REPAY_LN000347_10,LN000347,2026-02-23,2026-02-23,350.53,277.78,72.75,0.0,successful
REPAY_LN000347_11,LN000347,2026-03-23,2026-03-23,350.53,277.78,72.75,0.0,successful
REPAY_LN000347_12,LN000347,2026-04-22,2026-04-22,350.53,277.78,72.75,0.0,successful
REPAY_LN000348_01,LN000348,2025-05-25,2025-05-25,608.05,416.67,191.38,0.0,successful
REPAY_LN000348_02,LN000348,2025-06-25,2025-06-25,608.05,416.67,191.38,0.0,successful
REPAY_LN000348_03,LN000348,2025-07-24,2025-07-24,608.05,416.67,191.38,0.0,successful
REPAY_LN000348_04,LN000348,2025-08-24,2025-08-24,608.05,416.67,191.38,0.0,successful
REPAY_LN000348_05,LN000348,2025-09-25,2025-09-25,608.05,416.67,191.38,0.0,successful
REPAY_LN000348_06,LN000348,2025-10-23,2025-10-23,608.05,416.67,191.38,0.0,successful
REPAY_LN000348_07,LN000348,2025-11-24,2025-11-24,608.05,416.67,191.38,0.0,successful
REPAY_LN000348_08,LN000348,2025-12-25,2025-12-25,608.05,416.67,191.38,0.0,successful
REPAY_LN000348_09,LN000348,2026-01-25,2026-01-25,608.05,416.67,191.38,0.0,successful
REPAY_LN000348_10,LN000348,2026-02-25,2026-02-25,608.05,416.67,191.38,0.0,successful
REPAY_LN000348_11,LN000348,2026-03-23,2026-03-23,608.05,416.67,191.38,0.0,successful
REPAY_LN000348_12,LN000348,2026-04-24,2026-04-24,608.05,416.67,191.38,0.0,successful
REPAY_LN000349_01,LN000349,2025-05-24,2025-05-24,239.95,208.33,31.62,0.0,successful
REPAY_LN000349_02,LN000349,2025-06-24,2025-06-24,239.95,208.33,31.62,0.0,successful
REPAY_LN000349_03,LN000349,2025-07-23,2025-07-23,239.95,208.33,31.62,0.0,successful
REPAY_LN000349_04,LN000349,2025-08-24,2025-08-24,239.95,208.33,31.62,0.0,successful
REPAY_LN000349_05,LN000349,2025-09-24,2025-09-24,239.95,208.33,31.62,0.0,successful
REPAY_LN000349_06,LN000349,2025-10-24,2025-10-24,239.95,208.33,31.62,0.0,successful
REPAY_LN000349_07,LN000349,2025-11-24,2025-11-24,239.95,208.33,31.62,0.0,successful
REPAY_LN000349_08,LN000349,2025-12-23,2025-12-23,239.95,208.33,31.62,0.0,successful
REPAY_LN000349_09,LN000349,2026-01-25,2026-01-25,239.95,208.33,31.62,0.0,successful
REPAY_LN000349_10,LN000349,2026-02-25,2026-02-25,239.95,208.33,31.62,0.0,successful
REPAY_LN000349_11,LN000349,2026-03-24,2026-03-24,239.95,208.33,31.62,0.0,successful
REPAY_LN000349_12,LN000349,2026-04-24,2026-04-24,239.95,208.33,31.62,0.0,successful
REPAY_LN000350_01,LN000350,2025-05-24,2025-05-24,437.86,277.78,160.08,0.0,successful
REPAY_LN000350_02,LN000350,2025-06-23,2025-06-23,437.86,277.78,160.08,0.0,successful
REPAY_LN000350_03,LN000350,2025-07-24,2025-07-24,437.86,277.78,160.08,0.0,successful
REPAY_LN000350_04,LN000350,2025-08-23,2025-08-23,437.86,277.78,160.08,0.0,successful
REPAY_LN000350_05,LN000350,2025-09-24,2025-09-24,437.86,277.78,160.08,0.0,successful
REPAY_LN000350_06,LN000350,2025-10-24,2025-10-24,437.86,277.78,160.08,0.0,successful
REPAY_LN000350_07,LN000350,2025-11-25,2025-11-25,437.86,277.78,160.08,0.0,successful
REPAY_LN000350_08,LN000350,2025-12-24,2025-12-24,437.86,277.78,160.08,0.0,successful
REPAY_LN000350_09,LN000350,2026-01-23,2026-01-23,437.86,277.78,160.08,0.0,successful
REPAY_LN000350_10,LN000350,2026-02-25,2026-02-25,437.86,277.78,160.08,0.0,successful
REPAY_LN000350_11,LN000350,2026-03-23,2026-03-23,437.86,277.78,160.08,0.0,successful
REPAY_LN000350_12,LN000350,2026-04-25,2026-04-25,437.86,277.78,160.08,0.0,successful
REPAY_LN000351_01,LN000351,2025-05-23,2025-05-23,569.59,416.67,152.92,0.0,successful
REPAY_LN000351_02,LN000351,2025-06-25,2025-06-25,569.59,416.67,152.92,0.0,successful
REPAY_LN000351_03,LN000351,2025-07-23,2025-07-23,569.59,416.67,152.92,0.0,successful
REPAY_LN000351_04,LN000351,2025-08-23,2025-08-23,569.59,416.67,152.92,0.0,successful
REPAY_LN000351_05,LN000351,2025-09-24,2025-09-24,569.59,416.67,152.92,0.0,successful
REPAY_LN000351_06,LN000351,2025-10-25,2025-10-25,569.59,416.67,152.92,0.0,successful
REPAY_LN000351_07,LN000351,2025-11-25,2025-11-25,569.59,416.67,152.92,0.0,successful
REPAY_LN000351_08,LN000351,2025-12-24,2025-12-24,569.59,416.67,152.92,0.0,successful
REPAY_LN000351_09,LN000351,2026-01-23,2026-01-23,569.59,416.67,152.92,0.0,successful
REPAY_LN000351_10,LN000351,2026-02-23,2026-02-23,569.59,416.67,152.92,0.0,successful
REPAY_LN000351_11,LN000351,2026-03-25,2026-03-25,569.59,416.67,152.92,0.0,successful
REPAY_LN000351_12,LN000351,2026-04-23,2026-04-23,569.59,416.67,152.92,0.0,successful
REPAY_LN000352_01,LN000352,2025-05-26,2025-05-26,302.35,222.22,80.13,0.0,successful
REPAY_LN000352_02,LN000352,2025-06-26,2025-06-26,302.35,222.22,80.13,0.0,successful
REPAY_LN000352_03,LN000352,2025-07-24,2025-07-24,302.35,222.22,80.13,0.0,successful
REPAY_LN000352_04,LN000352,2025-08-24,2025-08-24,302.35,222.22,80.13,0.0,successful
REPAY_LN000352_05,LN000352,2025-09-24,2025-09-24,302.35,222.22,80.13,0.0,successful
REPAY_LN000352_06,LN000352,2025-10-25,2025-10-25,302.35,222.22,80.13,0.0,successful
REPAY_LN000352_07,LN000352,2025-11-26,2025-11-26,302.35,222.22,80.13,0.0,successful
REPAY_LN000352_08,LN000352,2025-12-24,2025-12-24,302.35,222.22,80.13,0.0,successful
REPAY_LN000352_09,LN000352,2026-01-25,2026-01-25,302.35,222.22,80.13,0.0,successful
REPAY_LN000352_10,LN000352,2026-02-24,2026-02-24,302.35,222.22,80.13,0.0,successful
REPAY_LN000352_11,LN000352,2026-03-26,2026-03-26,302.35,222.22,80.13,0.0,successful
REPAY_LN000352_12,LN000352,2026-04-25,2026-04-25,302.35,222.22,80.13,0.0,successful
REPAY_LN000353_01,LN000353,2025-05-26,2025-05-26,1420.44,1111.11,309.33,0.0,successful
REPAY_LN000353_02,LN000353,2025-06-24,2025-06-24,1420.44,1111.11,309.33,0.0,successful
REPAY_LN000353_03,LN000353,2025-07-24,2025-07-24,1420.44,1111.11,309.33,0.0,successful
REPAY_LN000353_04,LN000353,2025-08-24,2025-08-24,1420.44,1111.11,309.33,0.0,successful
REPAY_LN000353_05,LN000353,2025-09-25,2025-09-25,1420.44,1111.11,309.33,0.0,successful
REPAY_LN000353_06,LN000353,2025-10-25,2025-10-25,1420.44,1111.11,309.33,0.0,successful
REPAY_LN000353_07,LN000353,2025-11-25,2025-11-25,1420.44,1111.11,309.33,0.0,successful
REPAY_LN000353_08,LN000353,2025-12-25,2025-12-25,1420.44,1111.11,309.33,0.0,successful
REPAY_LN000353_09,LN000353,2026-01-24,2026-01-24,1420.44,1111.11,309.33,0.0,successful
REPAY_LN000353_10,LN000353,2026-02-24,2026-02-24,1420.44,1111.11,309.33,0.0,successful
REPAY_LN000353_11,LN000353,2026-03-24,2026-03-24,1420.44,1111.11,309.33,0.0,successful
REPAY_LN000353_12,LN000353,2026-04-25,2026-04-25,1420.44,1111.11,309.33,0.0,successful
REPAY_LN000354_01,LN000354,2025-05-25,2025-05-25,669.98,555.56,114.42,0.0,successful
REPAY_LN000354_02,LN000354,2025-06-24,2025-06-24,669.98,555.56,114.42,0.0,successful
REPAY_LN000354_03,LN000354,2025-07-24,2025-07-24,669.98,555.56,114.42,0.0,successful
REPAY_LN000354_04,LN000354,2025-08-25,2025-08-25,669.98,555.56,114.42,0.0,successful
REPAY_LN000354_05,LN000354,2025-09-26,2025-09-26,669.98,555.56,114.42,0.0,successful
REPAY_LN000354_06,LN000354,2025-10-24,2025-10-24,669.98,555.56,114.42,0.0,successful
REPAY_LN000354_07,LN000354,2025-11-24,2025-11-24,669.98,555.56,114.42,0.0,successful
REPAY_LN000354_08,LN000354,2025-12-24,2025-12-24,669.98,555.56,114.42,0.0,successful
REPAY_LN000354_09,LN000354,2026-01-25,2026-01-25,669.98,555.56,114.42,0.0,successful
REPAY_LN000354_10,LN000354,2026-02-24,2026-02-24,669.98,555.56,114.42,0.0,successful
REPAY_LN000354_11,LN000354,2026-03-24,2026-03-24,669.98,555.56,114.42,0.0,successful
REPAY_LN000354_12,LN000354,2026-04-24,2026-04-24,669.98,555.56,114.42,0.0,successful
REPAY_LN000355_01,LN000355,2025-05-24,2025-05-24,196.51,138.89,57.62,0.0,successful
REPAY_LN000355_02,LN000355,2025-06-24,2025-06-24,196.51,138.89,57.62,0.0,successful
REPAY_LN000355_03,LN000355,2025-07-26,2025-07-26,196.51,138.89,57.62,0.0,successful
REPAY_LN000355_04,LN000355,2025-08-26,2025-08-26,196.51,138.89,57.62,0.0,successful
REPAY_LN000355_05,LN000355,2025-09-24,2025-09-24,196.51,138.89,57.62,0.0,successful
REPAY_LN000355_06,LN000355,2025-10-24,2025-10-24,196.51,138.89,57.62,0.0,successful
REPAY_LN000355_07,LN000355,2025-11-24,2025-11-24,196.51,138.89,57.62,0.0,successful
REPAY_LN000355_08,LN000355,2025-12-24,2025-12-24,196.51,138.89,57.62,0.0,successful
REPAY_LN000355_09,LN000355,2026-01-25,2026-01-25,196.51,138.89,57.62,0.0,successful
REPAY_LN000355_10,LN000355,2026-02-25,2026-02-25,196.51,138.89,57.62,0.0,successful
REPAY_LN000355_11,LN000355,2026-03-25,2026-03-25,196.51,138.89,57.62,0.0,successful
REPAY_LN000355_12,LN000355,2026-04-26,2026-04-26,196.51,138.89,57.62,0.0,successful
REPAY_LN000356_01,LN000356,2025-05-26,2025-05-26,291.83,208.33,83.5,0.0,successful
REPAY_LN000356_02,LN000356,2025-06-25,2025-06-25,291.83,208.33,83.5,0.0,successful
REPAY_LN000356_03,LN000356,2025-07-25,2025-07-25,291.83,208.33,83.5,0.0,successful
REPAY_LN000356_04,LN000356,2025-08-27,2025-08-27,291.83,208.33,83.5,0.0,successful
REPAY_LN000356_05,LN000356,2025-09-27,2025-09-27,291.83,208.33,83.5,0.0,successful
REPAY_LN000356_06,LN000356,2025-10-26,2025-10-26,291.83,208.33,83.5,0.0,successful
REPAY_LN000356_07,LN000356,2025-11-26,2025-11-26,291.83,208.33,83.5,0.0,successful
REPAY_LN000356_08,LN000356,2025-12-27,2025-12-27,291.83,208.33,83.5,0.0,successful
REPAY_LN000356_09,LN000356,2026-01-27,2026-01-27,291.83,208.33,83.5,0.0,successful
REPAY_LN000356_10_FAIL,LN000356,2026-02-26,2026-02-26,291.83,208.33,83.5,0.0,failed
REPAY_LN000356_11_FAIL,LN000356,2026-03-29,2026-03-29,291.83,208.33,83.5,0.0,failed
REPAY_LN000357_01,LN000357,2025-05-26,2025-05-26,789.75,625.0,164.75,0.0,successful
REPAY_LN000357_02,LN000357,2025-06-26,2025-06-26,789.75,625.0,164.75,0.0,successful
REPAY_LN000357_03,LN000357,2025-07-27,2025-07-27,789.75,625.0,164.75,0.0,successful
REPAY_LN000357_04,LN000357,2025-08-26,2025-08-26,789.75,625.0,164.75,0.0,successful
REPAY_LN000357_05,LN000357,2025-09-25,2025-09-25,789.75,625.0,164.75,0.0,successful
REPAY_LN000357_06_FAIL,LN000357,2025-10-28,2025-10-28,789.75,625.0,164.75,0.0,failed
REPAY_LN000357_07_FAIL,LN000357,2025-11-26,2025-11-26,789.75,625.0,164.75,0.0,failed
REPAY_LN000358_01,LN000358,2025-05-27,2025-05-27,710.0,625.0,85.0,0.0,successful
REPAY_LN000358_02,LN000358,2025-06-27,2025-06-27,710.0,625.0,85.0,0.0,successful
REPAY_LN000358_03,LN000358,2025-07-25,2025-07-25,710.0,625.0,85.0,0.0,successful
REPAY_LN000358_04,LN000358,2025-08-26,2025-08-26,710.0,625.0,85.0,0.0,successful
REPAY_LN000358_05,LN000358,2025-09-26,2025-09-26,710.0,625.0,85.0,0.0,successful
REPAY_LN000358_06,LN000358,2025-10-26,2025-10-26,710.0,625.0,85.0,0.0,successful
REPAY_LN000358_07,LN000358,2025-11-26,2025-11-26,710.0,625.0,85.0,0.0,successful
REPAY_LN000358_08,LN000358,2025-12-25,2025-12-25,710.0,625.0,85.0,0.0,successful
REPAY_LN000358_09,LN000358,2026-01-27,2026-01-27,710.0,625.0,85.0,0.0,successful
REPAY_LN000358_10,LN000358,2026-02-25,2026-02-25,710.0,625.0,85.0,0.0,successful
REPAY_LN000358_11,LN000358,2026-03-26,2026-03-26,710.0,625.0,85.0,0.0,successful
REPAY_LN000358_12,LN000358,2026-04-26,2026-04-26,710.0,625.0,85.0,0.0,successful
REPAY_LN000359_01,LN000359,2025-05-26,2025-05-26,5343.0,5000.0,343.0,0.0,successful
REPAY_LN000359_02_FAIL,LN000359,2025-06-27,2025-06-27,5343.0,5000.0,343.0,0.0,failed
REPAY_LN000359_03_FAIL,LN000359,2025-07-30,2025-07-30,5343.0,5000.0,343.0,0.0,failed
REPAY_LN000360_01,LN000360,2025-05-26,2025-05-26,707.63,625.0,82.63,0.0,successful
REPAY_LN000360_02,LN000360,2025-06-28,2025-06-28,707.63,625.0,82.63,0.0,successful
REPAY_LN000360_03,LN000360,2025-07-26,2025-07-26,707.63,625.0,82.63,0.0,successful
REPAY_LN000360_04,LN000360,2025-08-26,2025-08-26,707.63,625.0,82.63,0.0,successful
REPAY_LN000360_05,LN000360,2025-09-27,2025-09-27,707.63,625.0,82.63,0.0,successful
REPAY_LN000360_06,LN000360,2025-10-26,2025-10-26,707.63,625.0,82.63,0.0,successful
REPAY_LN000360_07,LN000360,2025-11-27,2025-11-27,707.63,625.0,82.63,0.0,successful
REPAY_LN000360_08,LN000360,2025-12-27,2025-12-27,707.63,625.0,82.63,0.0,successful
REPAY_LN000360_09,LN000360,2026-01-27,2026-01-27,707.63,625.0,82.63,0.0,successful
REPAY_LN000360_10,LN000360,2026-02-28,2026-02-28,707.63,625.0,82.63,0.0,successful
REPAY_LN000360_11,LN000360,2026-03-27,2026-03-27,707.63,625.0,82.63,0.0,successful
REPAY_LN000360_12,LN000360,2026-04-26,2026-04-26,707.63,625.0,82.63,0.0,successful
REPAY_LN000361_01,LN000361,2025-05-26,2025-05-26,979.21,833.33,145.88,0.0,successful
REPAY_LN000361_02,LN000361,2025-06-27,2025-06-27,979.21,833.33,145.88,0.0,successful
REPAY_LN000361_03,LN000361,2025-07-27,2025-07-27,979.21,833.33,145.88,0.0,successful
REPAY_LN000361_04,LN000361,2025-08-26,2025-08-26,979.21,833.33,145.88,0.0,successful
REPAY_LN000361_05,LN000361,2025-09-27,2025-09-27,979.21,833.33,145.88,0.0,successful
REPAY_LN000361_06,LN000361,2025-10-28,2025-10-28,979.21,833.33,145.88,0.0,successful
REPAY_LN000361_07,LN000361,2025-11-27,2025-11-27,979.21,833.33,145.88,0.0,successful
REPAY_LN000361_08,LN000361,2025-12-28,2025-12-28,979.21,833.33,145.88,0.0,successful
REPAY_LN000361_09,LN000361,2026-01-28,2026-01-28,979.21,833.33,145.88,0.0,successful
REPAY_LN000361_10,LN000361,2026-02-28,2026-02-28,979.21,833.33,145.88,0.0,successful
REPAY_LN000361_11,LN000361,2026-03-27,2026-03-27,979.21,833.33,145.88,0.0,successful
REPAY_LN000361_12,LN000361,2026-04-28,2026-04-28,979.21,833.33,145.88,0.0,successful
REPAY_LN000362_01,LN000362,2025-05-29,2025-05-29,949.0,833.33,115.67,0.0,successful
REPAY_LN000362_02,LN000362,2025-06-28,2025-06-28,949.0,833.33,115.67,0.0,successful
REPAY_LN000362_03,LN000362,2025-07-29,2025-07-29,949.0,833.33,115.67,0.0,successful
REPAY_LN000362_04,LN000362,2025-08-28,2025-08-28,949.0,833.33,115.67,0.0,successful
REPAY_LN000362_05,LN000362,2025-09-27,2025-09-27,949.0,833.33,115.67,0.0,successful
REPAY_LN000362_06,LN000362,2025-10-29,2025-10-29,949.0,833.33,115.67,0.0,successful
REPAY_LN000362_07,LN000362,2025-11-28,2025-11-28,949.0,833.33,115.67,0.0,successful
REPAY_LN000362_08,LN000362,2025-12-27,2025-12-27,949.0,833.33,115.67,0.0,successful
REPAY_LN000362_09,LN000362,2026-01-29,2026-01-29,949.0,833.33,115.67,0.0,successful
REPAY_LN000362_10,LN000362,2026-03-01,2026-03-01,949.0,833.33,115.67,0.0,successful
REPAY_LN000362_11,LN000362,2026-03-28,2026-03-28,949.0,833.33,115.67,0.0,successful
REPAY_LN000362_12,LN000362,2026-04-27,2026-04-27,949.0,833.33,115.67,0.0,successful
REPAY_LN000363_01,LN000363,2025-05-28,2025-05-28,1963.0,1666.67,296.33,0.0,successful
REPAY_LN000363_02,LN000363,2025-06-29,2025-06-29,1963.0,1666.67,296.33,0.0,successful
REPAY_LN000363_03,LN000363,2025-07-29,2025-07-29,1963.0,1666.67,296.33,0.0,successful
REPAY_LN000363_04,LN000363,2025-08-29,2025-08-29,1963.0,1666.67,296.33,0.0,successful
REPAY_LN000363_05,LN000363,2025-09-29,2025-09-29,1963.0,1666.67,296.33,0.0,successful
REPAY_LN000363_06,LN000363,2025-10-27,2025-10-27,1963.0,1666.67,296.33,0.0,successful
REPAY_LN000363_07,LN000363,2025-11-27,2025-11-27,1963.0,1666.67,296.33,0.0,successful
REPAY_LN000363_08,LN000363,2025-12-28,2025-12-28,1963.0,1666.67,296.33,0.0,successful
REPAY_LN000363_09,LN000363,2026-01-28,2026-01-28,1963.0,1666.67,296.33,0.0,successful
REPAY_LN000363_10,LN000363,2026-02-28,2026-02-28,1963.0,1666.67,296.33,0.0,successful
REPAY_LN000363_11,LN000363,2026-03-29,2026-03-29,1963.0,1666.67,296.33,0.0,successful
REPAY_LN000363_12,LN000363,2026-04-28,2026-04-28,1962.96,1666.63,296.33,0.0,successful
REPAY_LN000364_01,LN000364,2025-05-28,2025-05-28,304.37,208.33,96.04,0.0,successful
REPAY_LN000364_02,LN000364,2025-06-28,2025-06-28,304.37,208.33,96.04,0.0,successful
REPAY_LN000364_03,LN000364,2025-07-27,2025-07-27,304.37,208.33,96.04,0.0,successful
REPAY_LN000364_04,LN000364,2025-08-27,2025-08-27,304.37,208.33,96.04,0.0,successful
REPAY_LN000364_05,LN000364,2025-09-29,2025-09-29,304.37,208.33,96.04,0.0,successful
REPAY_LN000364_06,LN000364,2025-10-27,2025-10-27,304.37,208.33,96.04,0.0,successful
REPAY_LN000364_07,LN000364,2025-11-27,2025-11-27,304.37,208.33,96.04,0.0,successful
REPAY_LN000364_08,LN000364,2025-12-28,2025-12-28,304.37,208.33,96.04,0.0,successful
REPAY_LN000364_09_FAIL,LN000364,2026-01-28,2026-01-28,304.37,208.33,96.04,0.0,failed
REPAY_LN000364_10_FAIL,LN000364,2026-03-02,2026-03-02,304.37,208.33,96.04,0.0,failed
REPAY_LN000365_01,LN000365,2025-05-29,2025-05-29,2669.0,2500.0,169.0,0.0,successful
REPAY_LN000365_02,LN000365,2025-06-30,2025-06-30,2669.0,2500.0,169.0,0.0,successful
REPAY_LN000365_03,LN000365,2025-07-28,2025-07-28,2669.0,2500.0,169.0,0.0,successful
REPAY_LN000365_04,LN000365,2025-08-30,2025-08-30,2669.0,2500.0,169.0,0.0,successful
REPAY_LN000365_05,LN000365,2025-09-30,2025-09-30,2669.0,2500.0,169.0,0.0,successful
REPAY_LN000365_06,LN000365,2025-10-28,2025-10-28,2669.0,2500.0,169.0,0.0,successful
REPAY_LN000366_01,LN000366,2025-05-28,2025-05-28,532.91,444.44,88.47,0.0,successful
REPAY_LN000366_02,LN000366,2025-06-29,2025-06-29,532.91,444.44,88.47,0.0,successful
REPAY_LN000366_03,LN000366,2025-07-29,2025-07-29,532.91,444.44,88.47,0.0,successful
REPAY_LN000366_04,LN000366,2025-08-29,2025-08-29,532.91,444.44,88.47,0.0,successful
REPAY_LN000366_05,LN000366,2025-09-28,2025-09-28,532.91,444.44,88.47,0.0,successful
REPAY_LN000366_06,LN000366,2025-10-30,2025-10-30,532.91,444.44,88.47,0.0,successful
REPAY_LN000366_07,LN000366,2025-11-30,2025-11-30,532.91,444.44,88.47,0.0,successful
REPAY_LN000366_08,LN000366,2025-12-29,2025-12-29,532.91,444.44,88.47,0.0,successful
REPAY_LN000366_09,LN000366,2026-01-29,2026-01-29,532.91,444.44,88.47,0.0,successful
REPAY_LN000366_10,LN000366,2026-02-28,2026-02-28,532.91,444.44,88.47,0.0,successful
REPAY_LN000366_11,LN000366,2026-03-30,2026-03-30,532.91,444.44,88.47,0.0,successful
REPAY_LN000366_12,LN000366,2026-04-29,2026-04-29,532.91,444.44,88.47,0.0,successful
REPAY_LN000367_01,LN000367,2025-05-28,2025-05-28,716.47,666.67,49.8,0.0,successful
REPAY_LN000367_02,LN000367,2025-06-29,2025-06-29,716.47,666.67,49.8,0.0,successful
REPAY_LN000367_03,LN000367,2025-07-28,2025-07-28,716.47,666.67,49.8,0.0,successful
REPAY_LN000367_04,LN000367,2025-08-30,2025-08-30,716.47,666.67,49.8,0.0,successful
REPAY_LN000367_05,LN000367,2025-09-28,2025-09-28,716.47,666.67,49.8,0.0,successful
REPAY_LN000367_06,LN000367,2025-10-29,2025-10-29,716.47,666.67,49.8,0.0,successful
REPAY_LN000367_07,LN000367,2025-11-29,2025-11-29,716.47,666.67,49.8,0.0,successful
REPAY_LN000367_08,LN000367,2025-12-30,2025-12-30,716.47,666.67,49.8,0.0,successful
REPAY_LN000367_09,LN000367,2026-01-30,2026-01-30,716.47,666.67,49.8,0.0,successful
REPAY_LN000367_10,LN000367,2026-03-01,2026-03-01,716.47,666.67,49.8,0.0,successful
REPAY_LN000367_11,LN000367,2026-03-29,2026-03-29,716.47,666.67,49.8,0.0,successful
REPAY_LN000367_12,LN000367,2026-04-29,2026-04-29,716.43,666.63,49.8,0.0,successful
REPAY_LN000368_01,LN000368,2025-05-31,2025-05-31,491.84,416.67,75.17,0.0,successful
REPAY_LN000368_02,LN000368,2025-06-30,2025-06-30,491.84,416.67,75.17,0.0,successful
REPAY_LN000368_03,LN000368,2025-07-31,2025-07-31,491.84,416.67,75.17,0.0,successful
REPAY_LN000368_04,LN000368,2025-08-30,2025-08-30,491.84,416.67,75.17,0.0,successful
REPAY_LN000368_05,LN000368,2025-09-29,2025-09-29,491.84,416.67,75.17,0.0,successful
REPAY_LN000368_06,LN000368,2025-10-29,2025-10-29,491.84,416.67,75.17,0.0,successful
REPAY_LN000368_07,LN000368,2025-11-30,2025-11-30,491.84,416.67,75.17,0.0,successful
REPAY_LN000368_08,LN000368,2025-12-29,2025-12-29,491.84,416.67,75.17,0.0,successful
REPAY_LN000368_09,LN000368,2026-01-31,2026-01-31,491.84,416.67,75.17,0.0,successful
REPAY_LN000368_10,LN000368,2026-02-28,2026-02-28,491.84,416.67,75.17,0.0,successful
REPAY_LN000368_11,LN000368,2026-03-29,2026-03-29,491.84,416.67,75.17,0.0,successful
REPAY_LN000368_12,LN000368,2026-05-01,2026-05-01,491.8,416.63,75.17,0.0,successful
REPAY_LN000369_01,LN000369,2025-05-29,2025-05-29,3013.0,2500.0,513.0,0.0,successful
REPAY_LN000369_02,LN000369,2025-06-29,2025-06-29,3013.0,2500.0,513.0,0.0,successful
REPAY_LN000369_03,LN000369,2025-07-30,2025-07-30,3013.0,2500.0,513.0,0.0,successful
REPAY_LN000369_04,LN000369,2025-08-31,2025-08-31,3013.0,2500.0,513.0,0.0,successful
REPAY_LN000369_05,LN000369,2025-10-01,2025-10-01,3013.0,2500.0,513.0,0.0,successful
REPAY_LN000369_06,LN000369,2025-10-30,2025-10-30,3013.0,2500.0,513.0,0.0,successful
REPAY_LN000369_07,LN000369,2025-11-30,2025-11-30,3013.0,2500.0,513.0,0.0,successful
REPAY_LN000369_08,LN000369,2025-12-29,2025-12-29,3013.0,2500.0,513.0,0.0,successful
REPAY_LN000369_09,LN000369,2026-01-29,2026-01-29,3013.0,2500.0,513.0,0.0,successful
REPAY_LN000369_10,LN000369,2026-02-28,2026-02-28,3013.0,2500.0,513.0,0.0,successful
REPAY_LN000369_11,LN000369,2026-03-30,2026-03-30,3013.0,2500.0,513.0,0.0,successful
REPAY_LN000369_12,LN000369,2026-05-01,2026-05-01,3013.0,2500.0,513.0,0.0,successful
REPAY_LN000370_01,LN000370,2025-05-31,2025-05-31,982.66,833.33,149.33,0.0,successful
REPAY_LN000370_02,LN000370,2025-06-30,2025-06-30,982.66,833.33,149.33,0.0,successful
REPAY_LN000370_03,LN000370,2025-07-29,2025-07-29,982.66,833.33,149.33,0.0,successful
REPAY_LN000370_04,LN000370,2025-08-30,2025-08-30,982.66,833.33,149.33,0.0,successful
REPAY_LN000370_05,LN000370,2025-09-30,2025-09-30,982.66,833.33,149.33,0.0,successful
REPAY_LN000370_06,LN000370,2025-10-30,2025-10-30,982.66,833.33,149.33,0.0,successful
REPAY_LN000370_07,LN000370,2025-11-30,2025-11-30,982.66,833.33,149.33,0.0,successful
REPAY_LN000370_08,LN000370,2025-12-31,2025-12-31,982.66,833.33,149.33,0.0,successful
REPAY_LN000370_09,LN000370,2026-01-29,2026-01-29,982.66,833.33,149.33,0.0,successful
REPAY_LN000370_10_FAIL,LN000370,2026-03-03,2026-03-03,982.66,833.33,149.33,0.0,failed
REPAY_LN000370_11_FAIL,LN000370,2026-04-02,2026-04-02,982.66,833.33,149.33,0.0,failed
REPAY_LN000371_01,LN000371,2025-05-31,2025-05-31,1889.42,1666.67,222.75,0.0,successful
REPAY_LN000371_02,LN000371,2025-07-01,2025-07-01,1889.42,1666.67,222.75,0.0,successful
REPAY_LN000371_03,LN000371,2025-07-30,2025-07-30,1889.42,1666.67,222.75,0.0,successful
REPAY_LN000371_04,LN000371,2025-08-30,2025-08-30,1889.42,1666.67,222.75,0.0,successful
REPAY_LN000371_05,LN000371,2025-10-02,2025-10-02,1889.42,1666.67,222.75,0.0,successful
REPAY_LN000371_06,LN000371,2025-11-01,2025-11-01,1889.42,1666.67,222.75,0.0,successful
REPAY_LN000371_07,LN000371,2025-11-30,2025-11-30,1889.42,1666.67,222.75,0.0,successful
REPAY_LN000371_08,LN000371,2026-01-01,2026-01-01,1889.42,1666.67,222.75,0.0,successful
REPAY_LN000371_09,LN000371,2026-01-31,2026-01-31,1889.42,1666.67,222.75,0.0,successful
REPAY_LN000371_10,LN000371,2026-03-01,2026-03-01,1889.42,1666.67,222.75,0.0,successful
REPAY_LN000371_11,LN000371,2026-03-30,2026-03-30,1889.42,1666.67,222.75,0.0,successful
REPAY_LN000371_12,LN000371,2026-05-02,2026-05-02,1889.42,1666.67,222.75,0.0,successful
REPAY_LN000372_01,LN000372,2025-05-31,2025-05-31,773.6,666.67,106.93,0.0,successful
REPAY_LN000372_02,LN000372,2025-06-30,2025-06-30,773.6,666.67,106.93,0.0,successful
REPAY_LN000372_03,LN000372,2025-08-01,2025-08-01,773.6,666.67,106.93,0.0,successful
REPAY_LN000372_04,LN000372,2025-08-31,2025-08-31,773.6,666.67,106.93,0.0,successful
REPAY_LN000372_05,LN000372,2025-10-02,2025-10-02,773.6,666.67,106.93,0.0,successful
REPAY_LN000372_06,LN000372,2025-11-01,2025-11-01,773.6,666.67,106.93,0.0,successful
REPAY_LN000372_07,LN000372,2025-12-02,2025-12-02,773.6,666.67,106.93,0.0,successful
REPAY_LN000372_08,LN000372,2025-12-30,2025-12-30,773.6,666.67,106.93,0.0,successful
REPAY_LN000372_09,LN000372,2026-01-31,2026-01-31,773.6,666.67,106.93,0.0,successful
REPAY_LN000372_10,LN000372,2026-02-28,2026-02-28,773.6,666.67,106.93,0.0,successful
REPAY_LN000372_11,LN000372,2026-03-31,2026-03-31,773.6,666.67,106.93,0.0,successful
REPAY_LN000372_12,LN000372,2026-05-01,2026-05-01,773.56,666.63,106.93,0.0,successful
REPAY_LN000373_01,LN000373,2025-05-30,2025-05-30,821.25,625.0,196.25,0.0,successful
REPAY_LN000373_02,LN000373,2025-06-30,2025-06-30,821.25,625.0,196.25,0.0,successful
REPAY_LN000373_03,LN000373,2025-07-31,2025-07-31,821.25,625.0,196.25,0.0,successful
REPAY_LN000373_04,LN000373,2025-08-31,2025-08-31,821.25,625.0,196.25,0.0,successful
REPAY_LN000373_05,LN000373,2025-10-01,2025-10-01,821.25,625.0,196.25,0.0,successful
REPAY_LN000373_06,LN000373,2025-11-01,2025-11-01,821.25,625.0,196.25,0.0,successful
REPAY_LN000373_07,LN000373,2025-12-01,2025-12-01,821.25,625.0,196.25,0.0,successful
REPAY_LN000373_08,LN000373,2025-12-30,2025-12-30,821.25,625.0,196.25,0.0,successful
REPAY_LN000373_09,LN000373,2026-01-30,2026-01-30,821.25,625.0,196.25,0.0,successful
REPAY_LN000373_10,LN000373,2026-02-28,2026-02-28,821.25,625.0,196.25,0.0,successful
REPAY_LN000373_11,LN000373,2026-03-31,2026-03-31,821.25,625.0,196.25,0.0,successful
REPAY_LN000373_12,LN000373,2026-05-01,2026-05-01,821.25,625.0,196.25,0.0,successful
REPAY_LN000374_01,LN000374,2025-06-01,2025-06-01,332.57,277.78,54.79,0.0,successful
REPAY_LN000374_02,LN000374,2025-07-02,2025-07-02,332.57,277.78,54.79,0.0,successful
REPAY_LN000374_03,LN000374,2025-07-30,2025-07-30,332.57,277.78,54.79,0.0,successful
REPAY_LN000374_04,LN000374,2025-09-01,2025-09-01,332.57,277.78,54.79,0.0,successful
REPAY_LN000374_05,LN000374,2025-10-02,2025-10-02,332.57,277.78,54.79,0.0,successful
REPAY_LN000374_06,LN000374,2025-10-30,2025-10-30,332.57,277.78,54.79,0.0,successful
REPAY_LN000374_07,LN000374,2025-12-01,2025-12-01,332.57,277.78,54.79,0.0,successful
REPAY_LN000374_08,LN000374,2026-01-01,2026-01-01,332.57,277.78,54.79,0.0,successful
REPAY_LN000374_09,LN000374,2026-01-31,2026-01-31,332.57,277.78,54.79,0.0,successful
REPAY_LN000374_10,LN000374,2026-02-28,2026-02-28,332.57,277.78,54.79,0.0,successful
REPAY_LN000374_11,LN000374,2026-03-30,2026-03-30,332.57,277.78,54.79,0.0,successful
REPAY_LN000374_12,LN000374,2026-05-02,2026-05-02,332.57,277.78,54.79,0.0,successful
REPAY_LN000375_01,LN000375,2025-06-01,2025-06-01,878.38,625.0,253.38,0.0,successful
REPAY_LN000375_02,LN000375,2025-07-01,2025-07-01,878.38,625.0,253.38,0.0,successful
REPAY_LN000375_03,LN000375,2025-08-01,2025-08-01,878.38,625.0,253.38,0.0,successful
REPAY_LN000375_04,LN000375,2025-09-03,2025-09-03,878.38,625.0,253.38,0.0,successful
REPAY_LN000375_05,LN000375,2025-10-03,2025-10-03,878.38,625.0,253.38,0.0,successful
REPAY_LN000375_06,LN000375,2025-11-03,2025-11-03,878.38,625.0,253.38,0.0,successful
REPAY_LN000375_07,LN000375,2025-12-01,2025-12-01,878.38,625.0,253.38,0.0,successful
REPAY_LN000375_08,LN000375,2026-01-02,2026-01-02,878.38,625.0,253.38,0.0,successful
REPAY_LN000375_09,LN000375,2026-02-01,2026-02-01,878.38,625.0,253.38,0.0,successful
REPAY_LN000375_10,LN000375,2026-03-03,2026-03-03,878.38,625.0,253.38,0.0,successful
REPAY_LN000375_11,LN000375,2026-04-02,2026-04-02,878.38,625.0,253.38,0.0,successful
REPAY_LN000375_12,LN000375,2026-05-02,2026-05-02,878.38,625.0,253.38,0.0,successful
REPAY_LN000376_01,LN000376,2025-06-03,2025-06-03,2889.75,2500.0,389.75,0.0,successful
REPAY_LN000376_02,LN000376,2025-07-02,2025-07-02,2889.75,2500.0,389.75,0.0,successful
REPAY_LN000376_03,LN000376,2025-08-02,2025-08-02,2889.75,2500.0,389.75,0.0,successful
REPAY_LN000376_04,LN000376,2025-09-03,2025-09-03,2889.75,2500.0,389.75,0.0,successful
REPAY_LN000376_05,LN000376,2025-10-02,2025-10-02,2889.75,2500.0,389.75,0.0,successful
REPAY_LN000376_06,LN000376,2025-11-02,2025-11-02,2889.75,2500.0,389.75,0.0,successful
REPAY_LN000376_07,LN000376,2025-12-03,2025-12-03,2889.75,2500.0,389.75,0.0,successful
REPAY_LN000376_08,LN000376,2026-01-02,2026-01-02,2889.75,2500.0,389.75,0.0,successful
REPAY_LN000376_09,LN000376,2026-02-02,2026-02-02,2889.75,2500.0,389.75,0.0,successful
REPAY_LN000376_10,LN000376,2026-03-02,2026-03-02,2889.75,2500.0,389.75,0.0,successful
REPAY_LN000376_11,LN000376,2026-04-02,2026-04-02,2889.75,2500.0,389.75,0.0,successful
REPAY_LN000376_12,LN000376,2026-05-03,2026-05-03,2889.75,2500.0,389.75,0.0,successful
REPAY_LN000377_01,LN000377,2025-06-01,2025-06-01,660.06,555.56,104.5,0.0,successful
REPAY_LN000377_02,LN000377,2025-07-01,2025-07-01,660.06,555.56,104.5,0.0,successful
REPAY_LN000377_03,LN000377,2025-08-02,2025-08-02,660.06,555.56,104.5,0.0,successful
REPAY_LN000377_04,LN000377,2025-09-03,2025-09-03,660.06,555.56,104.5,0.0,successful
REPAY_LN000377_05,LN000377,2025-10-03,2025-10-03,660.06,555.56,104.5,0.0,successful
REPAY_LN000377_06,LN000377,2025-11-02,2025-11-02,660.06,555.56,104.5,0.0,successful
REPAY_LN000377_07,LN000377,2025-12-01,2025-12-01,660.06,555.56,104.5,0.0,successful
REPAY_LN000377_08,LN000377,2026-01-02,2026-01-02,660.06,555.56,104.5,0.0,successful
REPAY_LN000377_09,LN000377,2026-02-03,2026-02-03,660.06,555.56,104.5,0.0,successful
REPAY_LN000377_10,LN000377,2026-03-03,2026-03-03,660.06,555.56,104.5,0.0,successful
REPAY_LN000377_11,LN000377,2026-04-01,2026-04-01,660.06,555.56,104.5,0.0,successful
REPAY_LN000377_12,LN000377,2026-05-03,2026-05-03,660.06,555.56,104.5,0.0,successful
REPAY_LN000378_01,LN000378,2025-06-04,2025-06-04,166.39,138.89,27.5,0.0,successful
REPAY_LN000378_02,LN000378,2025-07-04,2025-07-04,166.39,138.89,27.5,0.0,successful
REPAY_LN000378_03,LN000378,2025-08-02,2025-08-02,166.39,138.89,27.5,0.0,successful
REPAY_LN000378_04,LN000378,2025-09-04,2025-09-04,166.39,138.89,27.5,0.0,successful
REPAY_LN000378_05,LN000378,2025-10-03,2025-10-03,166.39,138.89,27.5,0.0,successful
REPAY_LN000378_06,LN000378,2025-11-02,2025-11-02,166.39,138.89,27.5,0.0,successful
REPAY_LN000378_07,LN000378,2025-12-03,2025-12-03,166.39,138.89,27.5,0.0,successful
REPAY_LN000378_08,LN000378,2026-01-03,2026-01-03,166.39,138.89,27.5,0.0,successful
REPAY_LN000378_09,LN000378,2026-02-02,2026-02-02,166.39,138.89,27.5,0.0,successful
REPAY_LN000378_10,LN000378,2026-03-03,2026-03-03,166.39,138.89,27.5,0.0,successful
REPAY_LN000378_11,LN000378,2026-04-02,2026-04-02,166.39,138.89,27.5,0.0,successful
REPAY_LN000378_12,LN000378,2026-05-03,2026-05-03,166.39,138.89,27.5,0.0,successful
REPAY_LN000379_01,LN000379,2025-06-02,2025-06-02,2093.67,1666.67,427.0,0.0,successful
REPAY_LN000379_02,LN000379,2025-07-04,2025-07-04,2093.67,1666.67,427.0,0.0,successful
REPAY_LN000379_03,LN000379,2025-08-04,2025-08-04,2093.67,1666.67,427.0,0.0,successful
REPAY_LN000379_04,LN000379,2025-09-03,2025-09-03,2093.67,1666.67,427.0,0.0,successful
REPAY_LN000379_05,LN000379,2025-10-04,2025-10-04,2093.67,1666.67,427.0,0.0,successful
REPAY_LN000379_06,LN000379,2025-11-02,2025-11-02,2093.67,1666.67,427.0,0.0,successful
REPAY_LN000379_07,LN000379,2025-12-03,2025-12-03,2093.67,1666.67,427.0,0.0,successful
REPAY_LN000379_08,LN000379,2026-01-04,2026-01-04,2093.67,1666.67,427.0,0.0,successful
REPAY_LN000379_09,LN000379,2026-02-04,2026-02-04,2093.67,1666.67,427.0,0.0,successful
REPAY_LN000379_10,LN000379,2026-03-03,2026-03-03,2093.67,1666.67,427.0,0.0,successful
REPAY_LN000379_11,LN000379,2026-04-04,2026-04-04,2093.67,1666.67,427.0,0.0,successful
REPAY_LN000379_12,LN000379,2026-05-04,2026-05-04,2093.67,1666.67,427.0,0.0,successful
REPAY_LN000380_01,LN000380,2025-06-05,2025-06-05,950.73,555.56,395.17,0.0,successful
REPAY_LN000380_02,LN000380,2025-07-05,2025-07-05,950.73,555.56,395.17,0.0,successful
REPAY_LN000380_03,LN000380,2025-08-05,2025-08-05,950.73,555.56,395.17,0.0,successful
REPAY_LN000380_04,LN000380,2025-09-04,2025-09-04,950.73,555.56,395.17,0.0,successful
REPAY_LN000380_05,LN000380,2025-10-03,2025-10-03,950.73,555.56,395.17,0.0,successful
REPAY_LN000380_06,LN000380,2025-11-03,2025-11-03,950.73,555.56,395.17,0.0,successful
REPAY_LN000380_07,LN000380,2025-12-05,2025-12-05,950.73,555.56,395.17,0.0,successful
REPAY_LN000380_08,LN000380,2026-01-05,2026-01-05,950.73,555.56,395.17,0.0,successful
REPAY_LN000380_09,LN000380,2026-02-03,2026-02-03,950.73,555.56,395.17,0.0,successful
REPAY_LN000380_10,LN000380,2026-03-05,2026-03-05,950.73,555.56,395.17,0.0,successful
REPAY_LN000380_11,LN000380,2026-04-03,2026-04-03,950.73,555.56,395.17,0.0,successful
REPAY_LN000380_12,LN000380,2026-05-04,2026-05-04,950.73,555.56,395.17,0.0,successful
REPAY_LN000380_13,LN000380,2026-06-04,2026-06-04,950.73,555.56,395.17,0.0,successful
REPAY_LN000381_01,LN000381,2025-06-04,2025-06-04,535.71,444.44,91.27,0.0,successful
REPAY_LN000381_02,LN000381,2025-07-04,2025-07-04,535.71,444.44,91.27,0.0,successful
REPAY_LN000381_03,LN000381,2025-08-03,2025-08-03,535.71,444.44,91.27,0.0,successful
REPAY_LN000381_04,LN000381,2025-09-05,2025-09-05,535.71,444.44,91.27,0.0,successful
REPAY_LN000381_05,LN000381,2025-10-03,2025-10-03,535.71,444.44,91.27,0.0,successful
REPAY_LN000381_06_FAIL,LN000381,2025-11-07,2025-11-07,535.71,444.44,91.27,0.0,failed
REPAY_LN000381_07_FAIL,LN000381,2025-12-05,2025-12-05,535.71,444.44,91.27,0.0,failed
REPAY_LN000382_01,LN000382,2025-06-06,2025-06-06,691.92,416.67,275.25,0.0,successful
REPAY_LN000382_02,LN000382,2025-07-06,2025-07-06,691.92,416.67,275.25,0.0,successful
REPAY_LN000382_03,LN000382,2025-08-05,2025-08-05,691.92,416.67,275.25,0.0,successful
REPAY_LN000382_04,LN000382,2025-09-05,2025-09-05,691.92,416.67,275.25,0.0,successful
REPAY_LN000382_05,LN000382,2025-10-05,2025-10-05,691.92,416.67,275.25,0.0,successful
REPAY_LN000382_06,LN000382,2025-11-05,2025-11-05,691.92,416.67,275.25,0.0,successful
REPAY_LN000382_07,LN000382,2025-12-05,2025-12-05,691.92,416.67,275.25,0.0,successful
REPAY_LN000382_08,LN000382,2026-01-05,2026-01-05,691.92,416.67,275.25,0.0,successful
REPAY_LN000382_09,LN000382,2026-02-06,2026-02-06,691.92,416.67,275.25,0.0,successful
REPAY_LN000382_10,LN000382,2026-03-05,2026-03-05,691.92,416.67,275.25,0.0,successful
REPAY_LN000382_11,LN000382,2026-04-05,2026-04-05,691.92,416.67,275.25,0.0,successful
REPAY_LN000382_12,LN000382,2026-05-06,2026-05-06,691.92,416.67,275.25,0.0,successful
REPAY_LN000383_01,LN000383,2025-06-04,2025-06-04,1114.95,833.33,281.62,0.0,successful
REPAY_LN000383_02,LN000383,2025-07-05,2025-07-05,1114.95,833.33,281.62,0.0,successful
REPAY_LN000383_03,LN000383,2025-08-06,2025-08-06,1114.95,833.33,281.62,0.0,successful
REPAY_LN000383_04,LN000383,2025-09-06,2025-09-06,1114.95,833.33,281.62,0.0,successful
REPAY_LN000383_05,LN000383,2025-10-04,2025-10-04,1114.95,833.33,281.62,0.0,successful
REPAY_LN000383_06,LN000383,2025-11-05,2025-11-05,1114.95,833.33,281.62,0.0,successful
REPAY_LN000383_07,LN000383,2025-12-05,2025-12-05,1114.95,833.33,281.62,0.0,successful
REPAY_LN000383_08,LN000383,2026-01-05,2026-01-05,1114.95,833.33,281.62,0.0,successful
REPAY_LN000383_09,LN000383,2026-02-06,2026-02-06,1114.95,833.33,281.62,0.0,successful
REPAY_LN000383_10,LN000383,2026-03-05,2026-03-05,1114.95,833.33,281.62,0.0,successful
REPAY_LN000383_11,LN000383,2026-04-05,2026-04-05,1114.95,833.33,281.62,0.0,successful
REPAY_LN000383_12,LN000383,2026-05-05,2026-05-05,1114.95,833.33,281.62,0.0,successful
REPAY_LN000384_01,LN000384,2025-06-05,2025-06-05,595.05,416.67,178.38,0.0,successful
REPAY_LN000384_02,LN000384,2025-07-04,2025-07-04,595.05,416.67,178.38,0.0,successful
REPAY_LN000384_03,LN000384,2025-08-04,2025-08-04,595.05,416.67,178.38,0.0,successful
REPAY_LN000384_04,LN000384,2025-09-04,2025-09-04,595.05,416.67,178.38,0.0,successful
REPAY_LN000384_05,LN000384,2025-10-05,2025-10-05,595.05,416.67,178.38,0.0,successful
REPAY_LN000384_06,LN000384,2025-11-05,2025-11-05,595.05,416.67,178.38,0.0,successful
REPAY_LN000384_07,LN000384,2025-12-06,2025-12-06,595.05,416.67,178.38,0.0,successful
REPAY_LN000384_08,LN000384,2026-01-06,2026-01-06,595.05,416.67,178.38,0.0,successful
REPAY_LN000384_09,LN000384,2026-02-06,2026-02-06,595.05,416.67,178.38,0.0,successful
REPAY_LN000384_10,LN000384,2026-03-05,2026-03-05,595.05,416.67,178.38,0.0,successful
REPAY_LN000384_11,LN000384,2026-04-04,2026-04-04,595.05,416.67,178.38,0.0,successful
REPAY_LN000384_12,LN000384,2026-05-04,2026-05-04,595.05,416.67,178.38,0.0,successful
REPAY_LN000385_01,LN000385,2025-06-05,2025-06-05,402.66,333.33,69.33,0.0,successful
REPAY_LN000385_02,LN000385,2025-07-06,2025-07-06,402.66,333.33,69.33,0.0,successful
REPAY_LN000385_03,LN000385,2025-08-05,2025-08-05,402.66,333.33,69.33,0.0,successful
REPAY_LN000385_04,LN000385,2025-09-07,2025-09-07,402.66,333.33,69.33,0.0,successful
REPAY_LN000385_05,LN000385,2025-10-07,2025-10-07,402.66,333.33,69.33,0.0,successful
REPAY_LN000385_06,LN000385,2025-11-05,2025-11-05,402.66,333.33,69.33,0.0,successful
REPAY_LN000385_07,LN000385,2025-12-07,2025-12-07,402.66,333.33,69.33,0.0,successful
REPAY_LN000385_08,LN000385,2026-01-05,2026-01-05,402.66,333.33,69.33,0.0,successful
REPAY_LN000385_09,LN000385,2026-02-05,2026-02-05,402.66,333.33,69.33,0.0,successful
REPAY_LN000385_10,LN000385,2026-03-07,2026-03-07,402.66,333.33,69.33,0.0,successful
REPAY_LN000385_11,LN000385,2026-04-07,2026-04-07,402.66,333.33,69.33,0.0,successful
REPAY_LN000386_01,LN000386,2025-06-07,2025-06-07,1112.08,833.33,278.75,0.0,successful
REPAY_LN000386_02,LN000386,2025-07-07,2025-07-07,1112.08,833.33,278.75,0.0,successful
REPAY_LN000386_03,LN000386,2025-08-05,2025-08-05,1112.08,833.33,278.75,0.0,successful
REPAY_LN000386_04,LN000386,2025-09-07,2025-09-07,1112.08,833.33,278.75,0.0,successful
REPAY_LN000386_05,LN000386,2025-10-07,2025-10-07,1112.08,833.33,278.75,0.0,successful
REPAY_LN000386_06,LN000386,2025-11-06,2025-11-06,1112.08,833.33,278.75,0.0,successful
REPAY_LN000386_07,LN000386,2025-12-07,2025-12-07,1112.08,833.33,278.75,0.0,successful
REPAY_LN000386_08,LN000386,2026-01-07,2026-01-07,1112.08,833.33,278.75,0.0,successful
REPAY_LN000386_09,LN000386,2026-02-05,2026-02-05,1112.08,833.33,278.75,0.0,successful
REPAY_LN000386_10,LN000386,2026-03-05,2026-03-05,1112.08,833.33,278.75,0.0,successful
REPAY_LN000386_11,LN000386,2026-04-06,2026-04-06,1112.08,833.33,278.75,0.0,successful
REPAY_LN000387_01,LN000387,2025-06-07,2025-06-07,1732.25,1250.0,482.25,0.0,successful
REPAY_LN000387_02,LN000387,2025-07-07,2025-07-07,1732.25,1250.0,482.25,0.0,successful
REPAY_LN000387_03,LN000387,2025-08-07,2025-08-07,1732.25,1250.0,482.25,0.0,successful
REPAY_LN000387_04,LN000387,2025-09-07,2025-09-07,1732.25,1250.0,482.25,0.0,successful
REPAY_LN000387_05,LN000387,2025-10-07,2025-10-07,1732.25,1250.0,482.25,0.0,successful
REPAY_LN000387_06,LN000387,2025-11-07,2025-11-07,1732.25,1250.0,482.25,0.0,successful
REPAY_LN000387_07,LN000387,2025-12-06,2025-12-06,1732.25,1250.0,482.25,0.0,successful
REPAY_LN000387_08,LN000387,2026-01-07,2026-01-07,1732.25,1250.0,482.25,0.0,successful
REPAY_LN000387_09,LN000387,2026-02-07,2026-02-07,1732.25,1250.0,482.25,0.0,successful
REPAY_LN000387_10,LN000387,2026-03-07,2026-03-07,1732.25,1250.0,482.25,0.0,successful
REPAY_LN000387_11,LN000387,2026-04-06,2026-04-06,1732.25,1250.0,482.25,0.0,successful
REPAY_LN000388_01,LN000388,2025-06-08,2025-06-08,1491.38,1250.0,241.38,0.0,successful
REPAY_LN000388_02,LN000388,2025-07-07,2025-07-07,1491.38,1250.0,241.38,0.0,successful
REPAY_LN000388_03,LN000388,2025-08-06,2025-08-06,1491.38,1250.0,241.38,0.0,successful
REPAY_LN000388_04,LN000388,2025-09-08,2025-09-08,1491.38,1250.0,241.38,0.0,successful
REPAY_LN000388_05,LN000388,2025-10-07,2025-10-07,1491.38,1250.0,241.38,0.0,successful
REPAY_LN000388_06,LN000388,2025-11-06,2025-11-06,1491.38,1250.0,241.38,0.0,successful
REPAY_LN000388_07,LN000388,2025-12-07,2025-12-07,1491.38,1250.0,241.38,0.0,successful
REPAY_LN000388_08,LN000388,2026-01-07,2026-01-07,1491.38,1250.0,241.38,0.0,successful
REPAY_LN000388_09,LN000388,2026-02-06,2026-02-06,1491.38,1250.0,241.38,0.0,successful
REPAY_LN000388_10,LN000388,2026-03-08,2026-03-08,1491.38,1250.0,241.38,0.0,successful
REPAY_LN000388_11,LN000388,2026-04-08,2026-04-08,1491.38,1250.0,241.38,0.0,successful
REPAY_LN000389_01,LN000389,2025-06-08,2025-06-08,1785.0,1250.0,535.0,0.0,successful
REPAY_LN000389_02,LN000389,2025-07-07,2025-07-07,1785.0,1250.0,535.0,0.0,successful
REPAY_LN000389_03,LN000389,2025-08-06,2025-08-06,1785.0,1250.0,535.0,0.0,successful
REPAY_LN000389_04,LN000389,2025-09-07,2025-09-07,1785.0,1250.0,535.0,0.0,successful
REPAY_LN000389_05,LN000389,2025-10-06,2025-10-06,1785.0,1250.0,535.0,0.0,successful
REPAY_LN000389_06,LN000389,2025-11-08,2025-11-08,1785.0,1250.0,535.0,0.0,successful
REPAY_LN000389_07,LN000389,2025-12-08,2025-12-08,1785.0,1250.0,535.0,0.0,successful
REPAY_LN000389_08,LN000389,2026-01-07,2026-01-07,1785.0,1250.0,535.0,0.0,successful
REPAY_LN000389_09_FAIL,LN000389,2026-02-09,2026-02-09,1785.0,1250.0,535.0,0.0,failed
REPAY_LN000389_10_FAIL,LN000389,2026-03-09,2026-03-09,1785.0,1250.0,535.0,0.0,failed
REPAY_LN000390_01,LN000390,2025-06-06,2025-06-06,1820.75,1666.67,154.08,0.0,successful
REPAY_LN000390_02,LN000390,2025-07-08,2025-07-08,1820.75,1666.67,154.08,0.0,successful
REPAY_LN000390_03,LN000390,2025-08-06,2025-08-06,1820.75,1666.67,154.08,0.0,successful
REPAY_LN000390_04,LN000390,2025-09-06,2025-09-06,1820.75,1666.67,154.08,0.0,successful
REPAY_LN000390_05,LN000390,2025-10-07,2025-10-07,1820.75,1666.67,154.08,0.0,successful
REPAY_LN000390_06,LN000390,2025-11-06,2025-11-06,1820.73,1666.65,154.08,0.0,successful
REPAY_LN000391_01,LN000391,2025-06-09,2025-06-09,911.12,625.0,286.12,0.0,successful
REPAY_LN000391_02,LN000391,2025-07-07,2025-07-07,911.12,625.0,286.12,0.0,successful
REPAY_LN000391_03,LN000391,2025-08-07,2025-08-07,911.12,625.0,286.12,0.0,successful
REPAY_LN000391_04,LN000391,2025-09-08,2025-09-08,911.12,625.0,286.12,0.0,successful
REPAY_LN000391_05,LN000391,2025-10-09,2025-10-09,911.12,625.0,286.12,0.0,successful
REPAY_LN000391_06,LN000391,2025-11-09,2025-11-09,911.12,625.0,286.12,0.0,successful
REPAY_LN000391_07,LN000391,2025-12-09,2025-12-09,911.12,625.0,286.12,0.0,successful
REPAY_LN000391_08,LN000391,2026-01-07,2026-01-07,911.12,625.0,286.12,0.0,successful
REPAY_LN000391_09,LN000391,2026-02-09,2026-02-09,911.12,625.0,286.12,0.0,successful
REPAY_LN000391_10,LN000391,2026-03-09,2026-03-09,911.12,625.0,286.12,0.0,successful
REPAY_LN000391_11,LN000391,2026-04-07,2026-04-07,911.12,625.0,286.12,0.0,successful
REPAY_LN000392_01,LN000392,2025-06-08,2025-06-08,1480.78,1111.11,369.67,0.0,successful
REPAY_LN000392_02,LN000392,2025-07-08,2025-07-08,1480.78,1111.11,369.67,0.0,successful
REPAY_LN000392_03,LN000392,2025-08-07,2025-08-07,1480.78,1111.11,369.67,0.0,successful
REPAY_LN000392_04,LN000392,2025-09-08,2025-09-08,1480.78,1111.11,369.67,0.0,successful
REPAY_LN000392_05,LN000392,2025-10-08,2025-10-08,1480.78,1111.11,369.67,0.0,successful
REPAY_LN000392_06,LN000392,2025-11-08,2025-11-08,1480.78,1111.11,369.67,0.0,successful
REPAY_LN000392_07,LN000392,2025-12-09,2025-12-09,1480.78,1111.11,369.67,0.0,successful
REPAY_LN000392_08,LN000392,2026-01-08,2026-01-08,1480.78,1111.11,369.67,0.0,successful
REPAY_LN000392_09,LN000392,2026-02-09,2026-02-09,1480.78,1111.11,369.67,0.0,successful
REPAY_LN000392_10,LN000392,2026-03-08,2026-03-08,1480.78,1111.11,369.67,0.0,successful
REPAY_LN000392_11,LN000392,2026-04-09,2026-04-09,1480.78,1111.11,369.67,0.0,successful
REPAY_LN000393_01,LN000393,2025-06-07,2025-06-07,483.34,416.67,66.67,0.0,successful
REPAY_LN000393_02,LN000393,2025-07-07,2025-07-07,483.34,416.67,66.67,0.0,successful
REPAY_LN000393_03,LN000393,2025-08-08,2025-08-08,483.34,416.67,66.67,0.0,successful
REPAY_LN000393_04,LN000393,2025-09-09,2025-09-09,483.34,416.67,66.67,0.0,successful
REPAY_LN000393_05,LN000393,2025-10-07,2025-10-07,483.34,416.67,66.67,0.0,successful
REPAY_LN000393_06,LN000393,2025-11-07,2025-11-07,483.34,416.67,66.67,0.0,successful
REPAY_LN000393_07,LN000393,2025-12-07,2025-12-07,483.34,416.67,66.67,0.0,successful
REPAY_LN000393_08,LN000393,2026-01-07,2026-01-07,483.34,416.67,66.67,0.0,successful
REPAY_LN000393_09,LN000393,2026-02-08,2026-02-08,483.34,416.67,66.67,0.0,successful
REPAY_LN000393_10,LN000393,2026-03-09,2026-03-09,483.34,416.67,66.67,0.0,successful
REPAY_LN000393_11,LN000393,2026-04-07,2026-04-07,483.34,416.67,66.67,0.0,successful
REPAY_LN000394_01,LN000394,2025-06-07,2025-06-07,2177.67,1666.67,511.0,0.0,successful
REPAY_LN000394_02,LN000394,2025-07-07,2025-07-07,2177.67,1666.67,511.0,0.0,successful
REPAY_LN000394_03,LN000394,2025-08-07,2025-08-07,2177.67,1666.67,511.0,0.0,successful
REPAY_LN000394_04_FAIL,LN000394,2025-09-09,2025-09-09,2177.67,1666.67,511.0,0.0,failed
REPAY_LN000394_05_FAIL,LN000394,2025-10-11,2025-10-11,2177.67,1666.67,511.0,0.0,failed
REPAY_LN000395_01,LN000395,2025-06-10,2025-06-10,2202.92,1666.67,536.25,0.0,successful
REPAY_LN000395_02,LN000395,2025-07-09,2025-07-09,2202.92,1666.67,536.25,0.0,successful
REPAY_LN000395_03,LN000395,2025-08-09,2025-08-09,2202.92,1666.67,536.25,0.0,successful
REPAY_LN000395_04,LN000395,2025-09-09,2025-09-09,2202.92,1666.67,536.25,0.0,successful
REPAY_LN000395_05,LN000395,2025-10-08,2025-10-08,2202.92,1666.67,536.25,0.0,successful
REPAY_LN000395_06,LN000395,2025-11-10,2025-11-10,2202.92,1666.67,536.25,0.0,successful
REPAY_LN000395_07,LN000395,2025-12-08,2025-12-08,2202.92,1666.67,536.25,0.0,successful
REPAY_LN000395_08,LN000395,2026-01-09,2026-01-09,2202.92,1666.67,536.25,0.0,successful
REPAY_LN000395_09,LN000395,2026-02-08,2026-02-08,2202.92,1666.67,536.25,0.0,successful
REPAY_LN000395_10,LN000395,2026-03-10,2026-03-10,2202.92,1666.67,536.25,0.0,successful
REPAY_LN000395_11,LN000395,2026-04-10,2026-04-10,2202.92,1666.67,536.25,0.0,successful
REPAY_LN000396_01,LN000396,2025-06-08,2025-06-08,2579.0,2500.0,79.0,0.0,successful
REPAY_LN000396_02,LN000396,2025-07-09,2025-07-09,2579.0,2500.0,79.0,0.0,successful
REPAY_LN000396_03,LN000396,2025-08-08,2025-08-08,2579.0,2500.0,79.0,0.0,successful
REPAY_LN000396_04,LN000396,2025-09-09,2025-09-09,2579.0,2500.0,79.0,0.0,successful
REPAY_LN000396_05,LN000396,2025-10-10,2025-10-10,2579.0,2500.0,79.0,0.0,successful
REPAY_LN000396_06,LN000396,2025-11-08,2025-11-08,2579.0,2500.0,79.0,0.0,successful
REPAY_LN000397_01,LN000397,2025-06-09,2025-06-09,517.05,416.67,100.38,0.0,successful
REPAY_LN000397_02,LN000397,2025-07-08,2025-07-08,517.05,416.67,100.38,0.0,successful
REPAY_LN000397_03,LN000397,2025-08-08,2025-08-08,517.05,416.67,100.38,0.0,successful
REPAY_LN000397_04,LN000397,2025-09-08,2025-09-08,517.05,416.67,100.38,0.0,successful
REPAY_LN000397_05,LN000397,2025-10-10,2025-10-10,517.05,416.67,100.38,0.0,successful
REPAY_LN000397_06,LN000397,2025-11-09,2025-11-09,517.05,416.67,100.38,0.0,successful
REPAY_LN000397_07,LN000397,2025-12-09,2025-12-09,517.05,416.67,100.38,0.0,successful
REPAY_LN000397_08,LN000397,2026-01-10,2026-01-10,517.05,416.67,100.38,0.0,successful
REPAY_LN000397_09,LN000397,2026-02-08,2026-02-08,517.05,416.67,100.38,0.0,successful
REPAY_LN000397_10,LN000397,2026-03-08,2026-03-08,517.05,416.67,100.38,0.0,successful
REPAY_LN000397_11,LN000397,2026-04-10,2026-04-10,517.05,416.67,100.38,0.0,successful
REPAY_LN000398_01,LN000398,2025-06-10,2025-06-10,893.5,833.33,60.17,0.0,successful
REPAY_LN000398_02,LN000398,2025-07-10,2025-07-10,893.5,833.33,60.17,0.0,successful
REPAY_LN000398_03,LN000398,2025-08-10,2025-08-10,893.5,833.33,60.17,0.0,successful
REPAY_LN000398_04,LN000398,2025-09-10,2025-09-10,893.5,833.33,60.17,0.0,successful
REPAY_LN000398_05,LN000398,2025-10-11,2025-10-11,893.5,833.33,60.17,0.0,successful
REPAY_LN000398_06,LN000398,2025-11-10,2025-11-10,893.52,833.35,60.17,0.0,successful
REPAY_LN000399_01,LN000399,2025-06-11,2025-06-11,1734.5,1250.0,484.5,0.0,successful
REPAY_LN000399_02,LN000399,2025-07-09,2025-07-09,1734.5,1250.0,484.5,0.0,successful
REPAY_LN000399_03,LN000399,2025-08-11,2025-08-11,1734.5,1250.0,484.5,0.0,successful
REPAY_LN000399_04,LN000399,2025-09-10,2025-09-10,1734.5,1250.0,484.5,0.0,successful
REPAY_LN000399_05,LN000399,2025-10-09,2025-10-09,1734.5,1250.0,484.5,0.0,successful
REPAY_LN000399_06,LN000399,2025-11-11,2025-11-11,1734.5,1250.0,484.5,0.0,successful
REPAY_LN000399_07,LN000399,2025-12-11,2025-12-11,1734.5,1250.0,484.5,0.0,successful
REPAY_LN000399_08,LN000399,2026-01-11,2026-01-11,1734.5,1250.0,484.5,0.0,successful
REPAY_LN000399_09,LN000399,2026-02-09,2026-02-09,1734.5,1250.0,484.5,0.0,successful
REPAY_LN000399_10,LN000399,2026-03-11,2026-03-11,1734.5,1250.0,484.5,0.0,successful
REPAY_LN000399_11,LN000399,2026-04-10,2026-04-10,1734.5,1250.0,484.5,0.0,successful
REPAY_LN000400_01,LN000400,2025-06-10,2025-06-10,3611.33,3333.33,278.0,0.0,successful
REPAY_LN000400_02,LN000400,2025-07-10,2025-07-10,3611.33,3333.33,278.0,0.0,successful
REPAY_LN000400_03,LN000400,2025-08-12,2025-08-12,3611.33,3333.33,278.0,0.0,successful
REPAY_LN000400_04,LN000400,2025-09-11,2025-09-11,3611.33,3333.33,278.0,0.0,successful
REPAY_LN000400_05,LN000400,2025-10-10,2025-10-10,3611.33,3333.33,278.0,0.0,successful
REPAY_LN000400_06,LN000400,2025-11-12,2025-11-12,3611.35,3333.35,278.0,0.0,successful
REPAY_LN000401_01,LN000401,2025-06-11,2025-06-11,1456.12,1250.0,206.12,0.0,successful
REPAY_LN000401_02,LN000401,2025-07-12,2025-07-12,1456.12,1250.0,206.12,0.0,successful
REPAY_LN000401_03,LN000401,2025-08-12,2025-08-12,1456.12,1250.0,206.12,0.0,successful
REPAY_LN000401_04,LN000401,2025-09-10,2025-09-10,1456.12,1250.0,206.12,0.0,successful
REPAY_LN000401_05,LN000401,2025-10-10,2025-10-10,1456.12,1250.0,206.12,0.0,successful
REPAY_LN000401_06,LN000401,2025-11-12,2025-11-12,1456.12,1250.0,206.12,0.0,successful
REPAY_LN000401_07,LN000401,2025-12-10,2025-12-10,1456.12,1250.0,206.12,0.0,successful
REPAY_LN000401_08,LN000401,2026-01-10,2026-01-10,1456.12,1250.0,206.12,0.0,successful
REPAY_LN000401_09,LN000401,2026-02-11,2026-02-11,1456.12,1250.0,206.12,0.0,successful
REPAY_LN000401_10,LN000401,2026-03-11,2026-03-11,1456.12,1250.0,206.12,0.0,successful
REPAY_LN000401_11,LN000401,2026-04-12,2026-04-12,1456.12,1250.0,206.12,0.0,successful
REPAY_LN000402_01,LN000402,2025-06-12,2025-06-12,749.5,625.0,124.5,0.0,successful
REPAY_LN000402_02,LN000402,2025-07-11,2025-07-11,749.5,625.0,124.5,0.0,successful
REPAY_LN000402_03,LN000402,2025-08-10,2025-08-10,749.5,625.0,124.5,0.0,successful
REPAY_LN000402_04,LN000402,2025-09-11,2025-09-11,749.5,625.0,124.5,0.0,successful
REPAY_LN000402_05,LN000402,2025-10-12,2025-10-12,749.5,625.0,124.5,0.0,successful
REPAY_LN000402_06,LN000402,2025-11-12,2025-11-12,749.5,625.0,124.5,0.0,successful
REPAY_LN000402_07,LN000402,2025-12-11,2025-12-11,749.5,625.0,124.5,0.0,successful
REPAY_LN000402_08_FAIL,LN000402,2026-01-14,2026-01-14,749.5,625.0,124.5,0.0,failed
REPAY_LN000402_09_FAIL,LN000402,2026-02-14,2026-02-14,749.5,625.0,124.5,0.0,failed
REPAY_LN000403_01,LN000403,2025-06-12,2025-06-12,1520.38,1250.0,270.38,0.0,successful
REPAY_LN000403_02,LN000403,2025-07-13,2025-07-13,1520.38,1250.0,270.38,0.0,successful
REPAY_LN000403_03,LN000403,2025-08-11,2025-08-11,1520.38,1250.0,270.38,0.0,successful
REPAY_LN000403_04,LN000403,2025-09-13,2025-09-13,1520.38,1250.0,270.38,0.0,successful
REPAY_LN000403_05,LN000403,2025-10-12,2025-10-12,1520.38,1250.0,270.38,0.0,successful
REPAY_LN000403_06,LN000403,2025-11-13,2025-11-13,1520.38,1250.0,270.38,0.0,successful
REPAY_LN000403_07,LN000403,2025-12-13,2025-12-13,1520.38,1250.0,270.38,0.0,successful
REPAY_LN000403_08,LN000403,2026-01-11,2026-01-11,1520.38,1250.0,270.38,0.0,successful
REPAY_LN000403_09,LN000403,2026-02-13,2026-02-13,1520.38,1250.0,270.38,0.0,successful
REPAY_LN000403_10,LN000403,2026-03-13,2026-03-13,1520.38,1250.0,270.38,0.0,successful
REPAY_LN000403_11,LN000403,2026-04-13,2026-04-13,1520.38,1250.0,270.38,0.0,successful
REPAY_LN000404_01,LN000404,2025-06-12,2025-06-12,2779.88,2500.0,279.88,0.0,successful
REPAY_LN000404_02_FAIL,LN000404,2025-07-12,2025-07-12,2779.88,2500.0,279.88,0.0,failed
REPAY_LN000404_03_FAIL,LN000404,2025-08-15,2025-08-15,2779.88,2500.0,279.88,0.0,failed
REPAY_LN000405_01,LN000405,2025-06-13,2025-06-13,1122.66,833.33,289.33,0.0,successful
REPAY_LN000405_02,LN000405,2025-07-12,2025-07-12,1122.66,833.33,289.33,0.0,successful
REPAY_LN000405_03,LN000405,2025-08-11,2025-08-11,1122.66,833.33,289.33,0.0,successful
REPAY_LN000405_04,LN000405,2025-09-13,2025-09-13,1122.66,833.33,289.33,0.0,successful
REPAY_LN000405_05,LN000405,2025-10-11,2025-10-11,1122.66,833.33,289.33,0.0,successful
REPAY_LN000405_06,LN000405,2025-11-11,2025-11-11,1122.66,833.33,289.33,0.0,successful
REPAY_LN000405_07,LN000405,2025-12-11,2025-12-11,1122.66,833.33,289.33,0.0,successful
REPAY_LN000405_08,LN000405,2026-01-11,2026-01-11,1122.66,833.33,289.33,0.0,successful
REPAY_LN000405_09,LN000405,2026-02-11,2026-02-11,1122.66,833.33,289.33,0.0,successful
REPAY_LN000405_10,LN000405,2026-03-11,2026-03-11,1122.66,833.33,289.33,0.0,successful
REPAY_LN000405_11,LN000405,2026-04-11,2026-04-11,1122.66,833.33,289.33,0.0,successful
REPAY_LN000406_01,LN000406,2025-06-13,2025-06-13,723.5,625.0,98.5,0.0,successful
REPAY_LN000406_02,LN000406,2025-07-13,2025-07-13,723.5,625.0,98.5,0.0,successful
REPAY_LN000406_03,LN000406,2025-08-11,2025-08-11,723.5,625.0,98.5,0.0,successful
REPAY_LN000406_04,LN000406,2025-09-13,2025-09-13,723.5,625.0,98.5,0.0,successful
REPAY_LN000406_05,LN000406,2025-10-11,2025-10-11,723.5,625.0,98.5,0.0,successful
REPAY_LN000406_06,LN000406,2025-11-13,2025-11-13,723.5,625.0,98.5,0.0,successful
REPAY_LN000406_07,LN000406,2025-12-12,2025-12-12,723.5,625.0,98.5,0.0,successful
REPAY_LN000406_08,LN000406,2026-01-11,2026-01-11,723.5,625.0,98.5,0.0,successful
REPAY_LN000406_09,LN000406,2026-02-12,2026-02-12,723.5,625.0,98.5,0.0,successful
REPAY_LN000406_10,LN000406,2026-03-11,2026-03-11,723.5,625.0,98.5,0.0,successful
REPAY_LN000406_11,LN000406,2026-04-11,2026-04-11,723.5,625.0,98.5,0.0,successful
REPAY_LN000407_01,LN000407,2025-06-13,2025-06-13,1430.06,1333.33,96.73,0.0,successful
REPAY_LN000407_02,LN000407,2025-07-13,2025-07-13,1430.06,1333.33,96.73,0.0,successful
REPAY_LN000407_03,LN000407,2025-08-13,2025-08-13,1430.06,1333.33,96.73,0.0,successful
REPAY_LN000407_04,LN000407,2025-09-12,2025-09-12,1430.06,1333.33,96.73,0.0,successful
REPAY_LN000407_05,LN000407,2025-10-13,2025-10-13,1430.06,1333.33,96.73,0.0,successful
REPAY_LN000407_06,LN000407,2025-11-13,2025-11-13,1430.08,1333.35,96.73,0.0,successful
REPAY_LN000408_01,LN000408,2025-06-14,2025-06-14,5264.5,5000.0,264.5,0.0,successful
REPAY_LN000408_02,LN000408,2025-07-14,2025-07-14,5264.5,5000.0,264.5,0.0,successful
REPAY_LN000408_03,LN000408,2025-08-13,2025-08-13,5264.5,5000.0,264.5,0.0,successful
REPAY_LN000408_04,LN000408,2025-09-13,2025-09-13,5264.5,5000.0,264.5,0.0,successful
REPAY_LN000408_05,LN000408,2025-10-13,2025-10-13,5264.5,5000.0,264.5,0.0,successful
REPAY_LN000408_06,LN000408,2025-11-13,2025-11-13,5264.5,5000.0,264.5,0.0,successful
REPAY_LN000409_01,LN000409,2025-06-14,2025-06-14,1758.17,1666.67,91.5,0.0,successful
REPAY_LN000409_02,LN000409,2025-07-12,2025-07-12,1758.17,1666.67,91.5,0.0,successful
REPAY_LN000409_03,LN000409,2025-08-13,2025-08-13,1758.17,1666.67,91.5,0.0,successful
REPAY_LN000409_04,LN000409,2025-09-13,2025-09-13,1758.17,1666.67,91.5,0.0,successful
REPAY_LN000409_05,LN000409,2025-10-14,2025-10-14,1758.17,1666.67,91.5,0.0,successful
REPAY_LN000409_06,LN000409,2025-11-13,2025-11-13,1758.15,1666.65,91.5,0.0,successful
REPAY_LN000410_01,LN000410,2025-06-14,2025-06-14,1258.08,833.33,424.75,0.0,successful
REPAY_LN000410_02,LN000410,2025-07-15,2025-07-15,1258.08,833.33,424.75,0.0,successful
REPAY_LN000410_03,LN000410,2025-08-14,2025-08-14,1258.08,833.33,424.75,0.0,successful
REPAY_LN000410_04,LN000410,2025-09-14,2025-09-14,1258.08,833.33,424.75,0.0,successful
REPAY_LN000410_05,LN000410,2025-10-15,2025-10-15,1258.08,833.33,424.75,0.0,successful
REPAY_LN000410_06,LN000410,2025-11-13,2025-11-13,1258.08,833.33,424.75,0.0,successful
REPAY_LN000410_07,LN000410,2025-12-14,2025-12-14,1258.08,833.33,424.75,0.0,successful
REPAY_LN000410_08,LN000410,2026-01-14,2026-01-14,1258.08,833.33,424.75,0.0,successful
REPAY_LN000410_09,LN000410,2026-02-13,2026-02-13,1258.08,833.33,424.75,0.0,successful
REPAY_LN000410_10,LN000410,2026-03-15,2026-03-15,1258.08,833.33,424.75,0.0,successful
REPAY_LN000410_11,LN000410,2026-04-13,2026-04-13,1258.08,833.33,424.75,0.0,successful
REPAY_LN000411_01,LN000411,2025-06-15,2025-06-15,5534.25,5000.0,534.25,0.0,successful
REPAY_LN000411_02_FAIL,LN000411,2025-07-15,2025-07-15,5534.25,5000.0,534.25,0.0,failed
REPAY_LN000411_03_FAIL,LN000411,2025-08-16,2025-08-16,5534.25,5000.0,534.25,0.0,failed
REPAY_LN000412_01,LN000412,2025-06-15,2025-06-15,1898.17,1666.67,231.5,0.0,successful
REPAY_LN000412_02,LN000412,2025-07-13,2025-07-13,1898.17,1666.67,231.5,0.0,successful
REPAY_LN000412_03,LN000412,2025-08-13,2025-08-13,1898.17,1666.67,231.5,0.0,successful
REPAY_LN000412_04,LN000412,2025-09-15,2025-09-15,1898.17,1666.67,231.5,0.0,successful
REPAY_LN000412_05,LN000412,2025-10-15,2025-10-15,1898.17,1666.67,231.5,0.0,successful
REPAY_LN000412_06,LN000412,2025-11-14,2025-11-14,1898.17,1666.67,231.5,0.0,successful
REPAY_LN000412_07,LN000412,2025-12-15,2025-12-15,1898.17,1666.67,231.5,0.0,successful
REPAY_LN000412_08,LN000412,2026-01-15,2026-01-15,1898.17,1666.67,231.5,0.0,successful
REPAY_LN000412_09,LN000412,2026-02-13,2026-02-13,1898.17,1666.67,231.5,0.0,successful
REPAY_LN000412_10,LN000412,2026-03-15,2026-03-15,1898.17,1666.67,231.5,0.0,successful
REPAY_LN000412_11,LN000412,2026-04-15,2026-04-15,1898.17,1666.67,231.5,0.0,successful
REPAY_LN000413_01,LN000413,2025-06-14,2025-06-14,3518.66,3333.33,185.33,0.0,successful
REPAY_LN000413_02,LN000413,2025-07-15,2025-07-15,3518.66,3333.33,185.33,0.0,successful
REPAY_LN000413_03,LN000413,2025-08-14,2025-08-14,3518.66,3333.33,185.33,0.0,successful
REPAY_LN000413_04,LN000413,2025-09-14,2025-09-14,3518.66,3333.33,185.33,0.0,successful
REPAY_LN000413_05,LN000413,2025-10-16,2025-10-16,3518.66,3333.33,185.33,0.0,successful
REPAY_LN000413_06,LN000413,2025-11-16,2025-11-16,3518.68,3333.35,185.33,0.0,successful
REPAY_LN000414_01,LN000414,2025-06-15,2025-06-15,304.99,277.78,27.21,0.0,successful
REPAY_LN000414_02,LN000414,2025-07-16,2025-07-16,304.99,277.78,27.21,0.0,successful
REPAY_LN000414_03,LN000414,2025-08-15,2025-08-15,304.99,277.78,27.21,0.0,successful
REPAY_LN000414_04,LN000414,2025-09-15,2025-09-15,304.99,277.78,27.21,0.0,successful
REPAY_LN000414_05,LN000414,2025-10-15,2025-10-15,304.99,277.78,27.21,0.0,successful
REPAY_LN000414_06,LN000414,2025-11-15,2025-11-15,304.99,277.78,27.21,0.0,successful
REPAY_LN000414_07,LN000414,2025-12-16,2025-12-16,304.99,277.78,27.21,0.0,successful
REPAY_LN000414_08,LN000414,2026-01-14,2026-01-14,304.99,277.78,27.21,0.0,successful
REPAY_LN000414_09,LN000414,2026-02-14,2026-02-14,304.99,277.78,27.21,0.0,successful
REPAY_LN000414_10,LN000414,2026-03-16,2026-03-16,304.99,277.78,27.21,0.0,successful
REPAY_LN000414_11,LN000414,2026-04-16,2026-04-16,304.99,277.78,27.21,0.0,successful
REPAY_LN000415_01,LN000415,2025-06-16,2025-06-16,655.92,416.67,239.25,0.0,successful
REPAY_LN000415_02,LN000415,2025-07-17,2025-07-17,655.92,416.67,239.25,0.0,successful
REPAY_LN000415_03,LN000415,2025-08-15,2025-08-15,655.92,416.67,239.25,0.0,successful
REPAY_LN000415_04,LN000415,2025-09-17,2025-09-17,655.92,416.67,239.25,0.0,successful
REPAY_LN000415_05,LN000415,2025-10-17,2025-10-17,655.92,416.67,239.25,0.0,successful
REPAY_LN000415_06,LN000415,2025-11-16,2025-11-16,655.92,416.67,239.25,0.0,successful
REPAY_LN000415_07,LN000415,2025-12-16,2025-12-16,655.92,416.67,239.25,0.0,successful
REPAY_LN000415_08,LN000415,2026-01-16,2026-01-16,655.92,416.67,239.25,0.0,successful
REPAY_LN000415_09,LN000415,2026-02-16,2026-02-16,655.92,416.67,239.25,0.0,successful
REPAY_LN000415_10,LN000415,2026-03-15,2026-03-15,655.92,416.67,239.25,0.0,successful
REPAY_LN000415_11,LN000415,2026-04-17,2026-04-17,655.92,416.67,239.25,0.0,successful
REPAY_LN000416_01,LN000416,2025-06-15,2025-06-15,295.12,208.33,86.79,0.0,successful
REPAY_LN000416_02,LN000416,2025-07-15,2025-07-15,295.12,208.33,86.79,0.0,successful
REPAY_LN000416_03,LN000416,2025-08-17,2025-08-17,295.12,208.33,86.79,0.0,successful
REPAY_LN000416_04,LN000416,2025-09-16,2025-09-16,295.12,208.33,86.79,0.0,successful
REPAY_LN000416_05,LN000416,2025-10-17,2025-10-17,295.12,208.33,86.79,0.0,successful
REPAY_LN000416_06,LN000416,2025-11-17,2025-11-17,295.12,208.33,86.79,0.0,successful
REPAY_LN000416_07_FAIL,LN000416,2025-12-16,2025-12-16,295.12,208.33,86.79,0.0,failed
REPAY_LN000416_08_FAIL,LN000416,2026-01-19,2026-01-19,295.12,208.33,86.79,0.0,failed
REPAY_LN000417_01,LN000417,2025-06-15,2025-06-15,1006.33,833.33,173.0,0.0,successful
REPAY_LN000417_02,LN000417,2025-07-17,2025-07-17,1006.33,833.33,173.0,0.0,successful
REPAY_LN000417_03,LN000417,2025-08-16,2025-08-16,1006.33,833.33,173.0,0.0,successful
REPAY_LN000417_04,LN000417,2025-09-16,2025-09-16,1006.33,833.33,173.0,0.0,successful
REPAY_LN000417_05,LN000417,2025-10-17,2025-10-17,1006.33,833.33,173.0,0.0,successful
REPAY_LN000417_06,LN000417,2025-11-17,2025-11-17,1006.33,833.33,173.0,0.0,successful
REPAY_LN000417_07,LN000417,2025-12-16,2025-12-16,1006.33,833.33,173.0,0.0,successful
REPAY_LN000417_08,LN000417,2026-01-16,2026-01-16,1006.33,833.33,173.0,0.0,successful
REPAY_LN000417_09,LN000417,2026-02-16,2026-02-16,1006.33,833.33,173.0,0.0,successful
REPAY_LN000417_10,LN000417,2026-03-17,2026-03-17,1006.33,833.33,173.0,0.0,successful
REPAY_LN000417_11,LN000417,2026-04-15,2026-04-15,1006.33,833.33,173.0,0.0,successful
REPAY_LN000418_01,LN000418,2025-06-16,2025-06-16,1453.2,1333.33,119.87,0.0,successful
REPAY_LN000418_02,LN000418,2025-07-17,2025-07-17,1453.2,1333.33,119.87,0.0,successful
REPAY_LN000418_03_FAIL,LN000418,2025-08-19,2025-08-19,1453.2,1333.33,119.87,0.0,failed
REPAY_LN000418_04_FAIL,LN000418,2025-09-19,2025-09-19,1453.2,1333.33,119.87,0.0,failed
REPAY_LN000419_01,LN000419,2025-06-16,2025-06-16,902.62,625.0,277.62,0.0,successful
REPAY_LN000419_02,LN000419,2025-07-16,2025-07-16,902.62,625.0,277.62,0.0,successful
REPAY_LN000419_03,LN000419,2025-08-17,2025-08-17,902.62,625.0,277.62,0.0,successful
REPAY_LN000419_04,LN000419,2025-09-18,2025-09-18,902.62,625.0,277.62,0.0,successful
REPAY_LN000419_05,LN000419,2025-10-16,2025-10-16,902.62,625.0,277.62,0.0,successful
REPAY_LN000419_06,LN000419,2025-11-18,2025-11-18,902.62,625.0,277.62,0.0,successful
REPAY_LN000419_07,LN000419,2025-12-16,2025-12-16,902.62,625.0,277.62,0.0,successful
REPAY_LN000419_08,LN000419,2026-01-17,2026-01-17,902.62,625.0,277.62,0.0,successful
REPAY_LN000419_09,LN000419,2026-02-18,2026-02-18,902.62,625.0,277.62,0.0,successful
REPAY_LN000419_10,LN000419,2026-03-17,2026-03-17,902.62,625.0,277.62,0.0,successful
REPAY_LN000419_11,LN000419,2026-04-16,2026-04-16,902.62,625.0,277.62,0.0,successful
REPAY_LN000420_01,LN000420,2025-06-16,2025-06-16,1453.53,1333.33,120.2,0.0,successful
REPAY_LN000420_02,LN000420,2025-07-17,2025-07-17,1453.53,1333.33,120.2,0.0,successful
REPAY_LN000420_03,LN000420,2025-08-16,2025-08-16,1453.53,1333.33,120.2,0.0,successful
REPAY_LN000420_04,LN000420,2025-09-17,2025-09-17,1453.53,1333.33,120.2,0.0,successful
REPAY_LN000420_05,LN000420,2025-10-17,2025-10-17,1453.53,1333.33,120.2,0.0,successful
REPAY_LN000420_06,LN000420,2025-11-17,2025-11-17,1453.55,1333.35,120.2,0.0,successful
REPAY_LN000421_01,LN000421,2025-06-17,2025-06-17,544.71,444.44,100.27,0.0,successful
REPAY_LN000421_02,LN000421,2025-07-18,2025-07-18,544.71,444.44,100.27,0.0,successful
REPAY_LN000421_03,LN000421,2025-08-16,2025-08-16,544.71,444.44,100.27,0.0,successful
REPAY_LN000421_04_FAIL,LN000421,2025-09-17,2025-09-17,544.71,444.44,100.27,0.0,failed
REPAY_LN000421_05_FAIL,LN000421,2025-10-19,2025-10-19,544.71,444.44,100.27,0.0,failed
REPAY_LN000422_01,LN000422,2025-06-18,2025-06-18,2704.25,2500.0,204.25,0.0,successful
REPAY_LN000422_02,LN000422,2025-07-17,2025-07-17,2704.25,2500.0,204.25,0.0,successful
REPAY_LN000422_03,LN000422,2025-08-18,2025-08-18,2704.25,2500.0,204.25,0.0,successful
REPAY_LN000422_04,LN000422,2025-09-18,2025-09-18,2704.25,2500.0,204.25,0.0,successful
REPAY_LN000422_05,LN000422,2025-10-19,2025-10-19,2704.25,2500.0,204.25,0.0,successful
REPAY_LN000422_06,LN000422,2025-11-17,2025-11-17,2704.25,2500.0,204.25,0.0,successful
REPAY_LN000422_07,LN000422,2025-12-19,2025-12-19,2704.25,2500.0,204.25,0.0,successful
REPAY_LN000422_08,LN000422,2026-01-17,2026-01-17,2704.25,2500.0,204.25,0.0,successful
REPAY_LN000422_09,LN000422,2026-02-19,2026-02-19,2704.25,2500.0,204.25,0.0,successful
REPAY_LN000422_10,LN000422,2026-03-17,2026-03-17,2704.25,2500.0,204.25,0.0,successful
REPAY_LN000422_11,LN000422,2026-04-17,2026-04-17,2704.25,2500.0,204.25,0.0,successful
REPAY_LN000423_01,LN000423,2025-06-17,2025-06-17,374.73,333.33,41.4,0.0,successful
REPAY_LN000423_02,LN000423,2025-07-18,2025-07-18,374.73,333.33,41.4,0.0,successful
REPAY_LN000423_03,LN000423,2025-08-18,2025-08-18,374.73,333.33,41.4,0.0,successful
REPAY_LN000423_04,LN000423,2025-09-19,2025-09-19,374.73,333.33,41.4,0.0,successful
REPAY_LN000423_05,LN000423,2025-10-19,2025-10-19,374.73,333.33,41.4,0.0,successful
REPAY_LN000423_06,LN000423,2025-11-17,2025-11-17,374.73,333.33,41.4,0.0,successful
REPAY_LN000423_07,LN000423,2025-12-17,2025-12-17,374.73,333.33,41.4,0.0,successful
REPAY_LN000423_08,LN000423,2026-01-18,2026-01-18,374.73,333.33,41.4,0.0,successful
REPAY_LN000423_09,LN000423,2026-02-18,2026-02-18,374.73,333.33,41.4,0.0,successful
REPAY_LN000423_10,LN000423,2026-03-18,2026-03-18,374.73,333.33,41.4,0.0,successful
REPAY_LN000423_11,LN000423,2026-04-19,2026-04-19,374.73,333.33,41.4,0.0,successful
REPAY_LN000424_01,LN000424,2025-06-18,2025-06-18,1482.53,1333.33,149.2,0.0,successful
REPAY_LN000424_02,LN000424,2025-07-19,2025-07-19,1482.53,1333.33,149.2,0.0,successful
REPAY_LN000424_03,LN000424,2025-08-18,2025-08-18,1482.53,1333.33,149.2,0.0,successful
REPAY_LN000424_04,LN000424,2025-09-18,2025-09-18,1482.53,1333.33,149.2,0.0,successful
REPAY_LN000424_05,LN000424,2025-10-17,2025-10-17,1482.53,1333.33,149.2,0.0,successful
REPAY_LN000424_06,LN000424,2025-11-19,2025-11-19,1482.55,1333.35,149.2,0.0,successful
REPAY_LN000425_01,LN000425,2025-06-19,2025-06-19,1783.25,1250.0,533.25,0.0,successful
REPAY_LN000425_02,LN000425,2025-07-18,2025-07-18,1783.25,1250.0,533.25,0.0,successful
REPAY_LN000425_03,LN000425,2025-08-20,2025-08-20,1783.25,1250.0,533.25,0.0,successful
REPAY_LN000425_04,LN000425,2025-09-20,2025-09-20,1783.25,1250.0,533.25,0.0,successful
REPAY_LN000425_05,LN000425,2025-10-19,2025-10-19,1783.25,1250.0,533.25,0.0,successful
REPAY_LN000425_06,LN000425,2025-11-20,2025-11-20,1783.25,1250.0,533.25,0.0,successful
REPAY_LN000425_07,LN000425,2025-12-18,2025-12-18,1783.25,1250.0,533.25,0.0,successful
REPAY_LN000425_08,LN000425,2026-01-18,2026-01-18,1783.25,1250.0,533.25,0.0,successful
REPAY_LN000425_09,LN000425,2026-02-20,2026-02-20,1783.25,1250.0,533.25,0.0,successful
REPAY_LN000425_10,LN000425,2026-03-18,2026-03-18,1783.25,1250.0,533.25,0.0,successful
REPAY_LN000425_11,LN000425,2026-04-20,2026-04-20,1783.25,1250.0,533.25,0.0,successful
REPAY_LN000426_01,LN000426,2025-06-18,2025-06-18,1755.0,1250.0,505.0,0.0,successful
REPAY_LN000426_02,LN000426,2025-07-20,2025-07-20,1755.0,1250.0,505.0,0.0,successful
REPAY_LN000426_03,LN000426,2025-08-20,2025-08-20,1755.0,1250.0,505.0,0.0,successful
REPAY_LN000426_04,LN000426,2025-09-20,2025-09-20,1755.0,1250.0,505.0,0.0,successful
REPAY_LN000426_05,LN000426,2025-10-18,2025-10-18,1755.0,1250.0,505.0,0.0,successful
REPAY_LN000426_06,LN000426,2025-11-20,2025-11-20,1755.0,1250.0,505.0,0.0,successful
REPAY_LN000426_07,LN000426,2025-12-20,2025-12-20,1755.0,1250.0,505.0,0.0,successful
REPAY_LN000426_08,LN000426,2026-01-19,2026-01-19,1755.0,1250.0,505.0,0.0,successful
REPAY_LN000426_09,LN000426,2026-02-19,2026-02-19,1755.0,1250.0,505.0,0.0,successful
REPAY_LN000426_10,LN000426,2026-03-20,2026-03-20,1755.0,1250.0,505.0,0.0,successful
REPAY_LN000426_11,LN000426,2026-04-19,2026-04-19,1755.0,1250.0,505.0,0.0,successful
REPAY_LN000427_01,LN000427,2025-06-18,2025-06-18,2705.38,2500.0,205.38,0.0,successful
REPAY_LN000427_02_FAIL,LN000427,2025-07-19,2025-07-19,2705.38,2500.0,205.38,0.0,failed
REPAY_LN000427_03_FAIL,LN000427,2025-08-22,2025-08-22,2705.38,2500.0,205.38,0.0,failed
REPAY_LN000428_01,LN000428,2025-06-21,2025-06-21,5467.5,5000.0,467.5,0.0,successful
REPAY_LN000428_02_FAIL,LN000428,2025-07-20,2025-07-20,5467.5,5000.0,467.5,0.0,failed
REPAY_LN000428_03_FAIL,LN000428,2025-08-20,2025-08-20,5467.5,5000.0,467.5,0.0,failed
REPAY_LN000429_01,LN000429,2025-06-20,2025-06-20,2585.12,2500.0,85.12,0.0,successful
REPAY_LN000429_02,LN000429,2025-07-21,2025-07-21,2585.12,2500.0,85.12,0.0,successful
REPAY_LN000429_03,LN000429,2025-08-19,2025-08-19,2585.12,2500.0,85.12,0.0,successful
REPAY_LN000429_04,LN000429,2025-09-19,2025-09-19,2585.12,2500.0,85.12,0.0,successful
REPAY_LN000429_05,LN000429,2025-10-21,2025-10-21,2585.12,2500.0,85.12,0.0,successful
REPAY_LN000429_06,LN000429,2025-11-20,2025-11-20,2585.12,2500.0,85.12,0.0,successful
REPAY_LN000430_01,LN000430,2025-06-20,2025-06-20,450.8,333.33,117.47,0.0,successful
REPAY_LN000430_02,LN000430,2025-07-20,2025-07-20,450.8,333.33,117.47,0.0,successful
REPAY_LN000430_03,LN000430,2025-08-20,2025-08-20,450.8,333.33,117.47,0.0,successful
REPAY_LN000430_04,LN000430,2025-09-19,2025-09-19,450.8,333.33,117.47,0.0,successful
REPAY_LN000430_05,LN000430,2025-10-21,2025-10-21,450.8,333.33,117.47,0.0,successful
REPAY_LN000430_06,LN000430,2025-11-21,2025-11-21,450.8,333.33,117.47,0.0,successful
REPAY_LN000430_07,LN000430,2025-12-19,2025-12-19,450.8,333.33,117.47,0.0,successful
REPAY_LN000430_08,LN000430,2026-01-19,2026-01-19,450.8,333.33,117.47,0.0,successful
REPAY_LN000430_09,LN000430,2026-02-19,2026-02-19,450.8,333.33,117.47,0.0,successful
REPAY_LN000430_10,LN000430,2026-03-21,2026-03-21,450.8,333.33,117.47,0.0,successful
REPAY_LN000430_11,LN000430,2026-04-21,2026-04-21,450.8,333.33,117.47,0.0,successful
REPAY_LN000431_01,LN000431,2025-06-22,2025-06-22,374.45,277.78,96.67,0.0,successful
REPAY_LN000431_02,LN000431,2025-07-21,2025-07-21,374.45,277.78,96.67,0.0,successful
REPAY_LN000431_03,LN000431,2025-08-20,2025-08-20,374.45,277.78,96.67,0.0,successful
REPAY_LN000431_04,LN000431,2025-09-20,2025-09-20,374.45,277.78,96.67,0.0,successful
REPAY_LN000431_05,LN000431,2025-10-20,2025-10-20,374.45,277.78,96.67,0.0,successful
REPAY_LN000431_06,LN000431,2025-11-22,2025-11-22,374.45,277.78,96.67,0.0,successful
REPAY_LN000431_07,LN000431,2025-12-20,2025-12-20,374.45,277.78,96.67,0.0,successful
REPAY_LN000431_08,LN000431,2026-01-20,2026-01-20,374.45,277.78,96.67,0.0,successful
REPAY_LN000431_09,LN000431,2026-02-21,2026-02-21,374.45,277.78,96.67,0.0,successful
REPAY_LN000431_10,LN000431,2026-03-22,2026-03-22,374.45,277.78,96.67,0.0,successful
REPAY_LN000431_11,LN000431,2026-04-20,2026-04-20,374.45,277.78,96.67,0.0,successful
REPAY_LN000432_01,LN000432,2025-06-22,2025-06-22,1604.25,1250.0,354.25,0.0,successful
REPAY_LN000432_02,LN000432,2025-07-22,2025-07-22,1604.25,1250.0,354.25,0.0,successful
REPAY_LN000432_03,LN000432,2025-08-22,2025-08-22,1604.25,1250.0,354.25,0.0,successful
REPAY_LN000432_04,LN000432,2025-09-21,2025-09-21,1604.25,1250.0,354.25,0.0,successful
REPAY_LN000432_05,LN000432,2025-10-22,2025-10-22,1604.25,1250.0,354.25,0.0,successful
REPAY_LN000432_06,LN000432,2025-11-22,2025-11-22,1604.25,1250.0,354.25,0.0,successful
REPAY_LN000432_07,LN000432,2025-12-22,2025-12-22,1604.25,1250.0,354.25,0.0,successful
REPAY_LN000432_08,LN000432,2026-01-20,2026-01-20,1604.25,1250.0,354.25,0.0,successful
REPAY_LN000432_09,LN000432,2026-02-21,2026-02-21,1604.25,1250.0,354.25,0.0,successful
REPAY_LN000432_10,LN000432,2026-03-20,2026-03-20,1604.25,1250.0,354.25,0.0,successful
REPAY_LN000432_11,LN000432,2026-04-21,2026-04-21,1604.25,1250.0,354.25,0.0,successful
REPAY_LN000433_01,LN000433,2025-06-22,2025-06-22,407.53,277.78,129.75,0.0,successful
REPAY_LN000433_02,LN000433,2025-07-22,2025-07-22,407.53,277.78,129.75,0.0,successful
REPAY_LN000433_03,LN000433,2025-08-20,2025-08-20,407.53,277.78,129.75,0.0,successful
REPAY_LN000433_04,LN000433,2025-09-21,2025-09-21,407.53,277.78,129.75,0.0,successful
REPAY_LN000433_05,LN000433,2025-10-22,2025-10-22,407.53,277.78,129.75,0.0,successful
REPAY_LN000433_06,LN000433,2025-11-22,2025-11-22,407.53,277.78,129.75,0.0,successful
REPAY_LN000433_07,LN000433,2025-12-22,2025-12-22,407.53,277.78,129.75,0.0,successful
REPAY_LN000433_08,LN000433,2026-01-22,2026-01-22,407.53,277.78,129.75,0.0,successful
REPAY_LN000433_09,LN000433,2026-02-20,2026-02-20,407.53,277.78,129.75,0.0,successful
REPAY_LN000433_10,LN000433,2026-03-20,2026-03-20,407.53,277.78,129.75,0.0,successful
REPAY_LN000433_11,LN000433,2026-04-22,2026-04-22,407.53,277.78,129.75,0.0,successful
REPAY_LN000433_12,LN000433,2026-05-22,2026-05-22,407.53,277.78,129.75,0.0,successful
REPAY_LN000433_13,LN000433,2026-06-22,2026-06-22,407.53,277.78,129.75,0.0,successful
REPAY_LN000434_01,LN000434,2025-06-23,2025-06-23,907.33,833.33,74.0,0.0,successful
REPAY_LN000434_02,LN000434,2025-07-23,2025-07-23,907.33,833.33,74.0,0.0,successful
REPAY_LN000434_03,LN000434,2025-08-22,2025-08-22,907.33,833.33,74.0,0.0,successful
REPAY_LN000434_04,LN000434,2025-09-22,2025-09-22,907.33,833.33,74.0,0.0,successful
REPAY_LN000434_05,LN000434,2025-10-22,2025-10-22,907.33,833.33,74.0,0.0,successful
REPAY_LN000434_06,LN000434,2025-11-22,2025-11-22,907.33,833.33,74.0,0.0,successful
REPAY_LN000434_07,LN000434,2025-12-23,2025-12-23,907.33,833.33,74.0,0.0,successful
REPAY_LN000434_08,LN000434,2026-01-22,2026-01-22,907.33,833.33,74.0,0.0,successful
REPAY_LN000434_09,LN000434,2026-02-22,2026-02-22,907.33,833.33,74.0,0.0,successful
REPAY_LN000434_10,LN000434,2026-03-21,2026-03-21,907.33,833.33,74.0,0.0,successful
REPAY_LN000434_11,LN000434,2026-04-22,2026-04-22,907.33,833.33,74.0,0.0,successful
REPAY_LN000435_01,LN000435,2025-06-22,2025-06-22,370.22,222.22,148.0,0.0,successful
REPAY_LN000435_02,LN000435,2025-07-23,2025-07-23,370.22,222.22,148.0,0.0,successful
REPAY_LN000435_03,LN000435,2025-08-22,2025-08-22,370.22,222.22,148.0,0.0,successful
REPAY_LN000435_04,LN000435,2025-09-22,2025-09-22,370.22,222.22,148.0,0.0,successful
REPAY_LN000435_05,LN000435,2025-10-23,2025-10-23,370.22,222.22,148.0,0.0,successful
REPAY_LN000435_06,LN000435,2025-11-22,2025-11-22,370.22,222.22,148.0,0.0,successful
REPAY_LN000435_07,LN000435,2025-12-23,2025-12-23,370.22,222.22,148.0,0.0,successful
REPAY_LN000435_08,LN000435,2026-01-22,2026-01-22,370.22,222.22,148.0,0.0,successful
REPAY_LN000435_09,LN000435,2026-02-21,2026-02-21,370.22,222.22,148.0,0.0,successful
REPAY_LN000435_10,LN000435,2026-03-21,2026-03-21,370.22,222.22,148.0,0.0,successful
REPAY_LN000435_11,LN000435,2026-04-22,2026-04-22,370.22,222.22,148.0,0.0,successful
REPAY_LN000436_01,LN000436,2025-06-23,2025-06-23,1671.25,1250.0,421.25,0.0,successful
REPAY_LN000436_02,LN000436,2025-07-22,2025-07-22,1671.25,1250.0,421.25,0.0,successful
REPAY_LN000436_03,LN000436,2025-08-23,2025-08-23,1671.25,1250.0,421.25,0.0,successful
REPAY_LN000436_04,LN000436,2025-09-21,2025-09-21,1671.25,1250.0,421.25,0.0,successful
REPAY_LN000436_05,LN000436,2025-10-23,2025-10-23,1671.25,1250.0,421.25,0.0,successful
REPAY_LN000436_06,LN000436,2025-11-21,2025-11-21,1671.25,1250.0,421.25,0.0,successful
REPAY_LN000436_07,LN000436,2025-12-21,2025-12-21,1671.25,1250.0,421.25,0.0,successful
REPAY_LN000436_08_FAIL,LN000436,2026-01-22,2026-01-22,1671.25,1250.0,421.25,0.0,failed
REPAY_LN000436_09_FAIL,LN000436,2026-02-24,2026-02-24,1671.25,1250.0,421.25,0.0,failed
REPAY_LN000437_01,LN000437,2025-06-22,2025-06-22,1158.58,833.33,325.25,0.0,successful
REPAY_LN000437_02,LN000437,2025-07-23,2025-07-23,1158.58,833.33,325.25,0.0,successful
REPAY_LN000437_03,LN000437,2025-08-23,2025-08-23,1158.58,833.33,325.25,0.0,successful
REPAY_LN000437_04,LN000437,2025-09-23,2025-09-23,1158.58,833.33,325.25,0.0,successful
REPAY_LN000437_05,LN000437,2025-10-23,2025-10-23,1158.58,833.33,325.25,0.0,successful
REPAY_LN000437_06,LN000437,2025-11-24,2025-11-24,1158.58,833.33,325.25,0.0,successful
REPAY_LN000437_07,LN000437,2025-12-23,2025-12-23,1158.58,833.33,325.25,0.0,successful
REPAY_LN000437_08,LN000437,2026-01-22,2026-01-22,1158.58,833.33,325.25,0.0,successful
REPAY_LN000437_09,LN000437,2026-02-23,2026-02-23,1158.58,833.33,325.25,0.0,successful
REPAY_LN000437_10,LN000437,2026-03-22,2026-03-22,1158.58,833.33,325.25,0.0,successful
REPAY_LN000437_11,LN000437,2026-04-24,2026-04-24,1158.58,833.33,325.25,0.0,successful
REPAY_LN000438_01,LN000438,2025-06-23,2025-06-23,818.06,555.56,262.5,0.0,successful
REPAY_LN000438_02,LN000438,2025-07-22,2025-07-22,818.06,555.56,262.5,0.0,successful
REPAY_LN000438_03,LN000438,2025-08-24,2025-08-24,818.06,555.56,262.5,0.0,successful
REPAY_LN000438_04,LN000438,2025-09-24,2025-09-24,818.06,555.56,262.5,0.0,successful
REPAY_LN000438_05,LN000438,2025-10-22,2025-10-22,818.06,555.56,262.5,0.0,successful
REPAY_LN000438_06,LN000438,2025-11-23,2025-11-23,818.06,555.56,262.5,0.0,successful
REPAY_LN000438_07,LN000438,2025-12-24,2025-12-24,818.06,555.56,262.5,0.0,successful
REPAY_LN000438_08,LN000438,2026-01-22,2026-01-22,818.06,555.56,262.5,0.0,successful
REPAY_LN000438_09,LN000438,2026-02-23,2026-02-23,818.06,555.56,262.5,0.0,successful
REPAY_LN000438_10,LN000438,2026-03-24,2026-03-24,818.06,555.56,262.5,0.0,successful
REPAY_LN000438_11,LN000438,2026-04-22,2026-04-22,818.06,555.56,262.5,0.0,successful
REPAY_LN000439_01,LN000439,2025-06-24,2025-06-24,515.57,444.44,71.13,0.0,successful
REPAY_LN000439_02,LN000439,2025-07-24,2025-07-24,515.57,444.44,71.13,0.0,successful
REPAY_LN000439_03,LN000439,2025-08-22,2025-08-22,515.57,444.44,71.13,0.0,successful
REPAY_LN000439_04,LN000439,2025-09-24,2025-09-24,515.57,444.44,71.13,0.0,successful
REPAY_LN000439_05,LN000439,2025-10-22,2025-10-22,515.57,444.44,71.13,0.0,successful
REPAY_LN000439_06,LN000439,2025-11-23,2025-11-23,515.57,444.44,71.13,0.0,successful
REPAY_LN000439_07,LN000439,2025-12-22,2025-12-22,515.57,444.44,71.13,0.0,successful
REPAY_LN000439_08,LN000439,2026-01-23,2026-01-23,515.57,444.44,71.13,0.0,successful
REPAY_LN000439_09,LN000439,2026-02-24,2026-02-24,515.57,444.44,71.13,0.0,successful
REPAY_LN000439_10,LN000439,2026-03-22,2026-03-22,515.57,444.44,71.13,0.0,successful
REPAY_LN000439_11,LN000439,2026-04-22,2026-04-22,515.57,444.44,71.13,0.0,successful
REPAY_LN000440_01,LN000440,2025-06-23,2025-06-23,886.88,625.0,261.88,0.0,successful
REPAY_LN000440_02,LN000440,2025-07-23,2025-07-23,886.88,625.0,261.88,0.0,successful
REPAY_LN000440_03,LN000440,2025-08-24,2025-08-24,886.88,625.0,261.88,0.0,successful
REPAY_LN000440_04,LN000440,2025-09-24,2025-09-24,886.88,625.0,261.88,0.0,successful
REPAY_LN000440_05,LN000440,2025-10-25,2025-10-25,886.88,625.0,261.88,0.0,successful
REPAY_LN000440_06,LN000440,2025-11-25,2025-11-25,886.88,625.0,261.88,0.0,successful
REPAY_LN000440_07,LN000440,2025-12-25,2025-12-25,886.88,625.0,261.88,0.0,successful
REPAY_LN000440_08,LN000440,2026-01-25,2026-01-25,886.88,625.0,261.88,0.0,successful
REPAY_LN000440_09,LN000440,2026-02-23,2026-02-23,886.88,625.0,261.88,0.0,successful
REPAY_LN000440_10,LN000440,2026-03-24,2026-03-24,886.88,625.0,261.88,0.0,successful
REPAY_LN000440_11,LN000440,2026-04-24,2026-04-24,886.88,625.0,261.88,0.0,successful
REPAY_LN000441_01,LN000441,2025-06-24,2025-06-24,1899.84,1666.67,233.17,0.0,successful
REPAY_LN000441_02,LN000441,2025-07-24,2025-07-24,1899.84,1666.67,233.17,0.0,successful
REPAY_LN000441_03,LN000441,2025-08-25,2025-08-25,1899.84,1666.67,233.17,0.0,successful
REPAY_LN000441_04,LN000441,2025-09-23,2025-09-23,1899.84,1666.67,233.17,0.0,successful
REPAY_LN000441_05,LN000441,2025-10-24,2025-10-24,1899.84,1666.67,233.17,0.0,successful
REPAY_LN000441_06,LN000441,2025-11-23,2025-11-23,1899.84,1666.67,233.17,0.0,successful
REPAY_LN000441_07,LN000441,2025-12-23,2025-12-23,1899.84,1666.67,233.17,0.0,successful
REPAY_LN000441_08,LN000441,2026-01-23,2026-01-23,1899.84,1666.67,233.17,0.0,successful
REPAY_LN000441_09,LN000441,2026-02-23,2026-02-23,1899.84,1666.67,233.17,0.0,successful
REPAY_LN000441_10,LN000441,2026-03-24,2026-03-24,1899.84,1666.67,233.17,0.0,successful
REPAY_LN000441_11,LN000441,2026-04-24,2026-04-24,1899.84,1666.67,233.17,0.0,successful
REPAY_LN000442_01,LN000442,2025-06-25,2025-06-25,1848.75,1666.67,182.08,0.0,successful
REPAY_LN000442_02_FAIL,LN000442,2025-07-25,2025-07-25,1848.75,1666.67,182.08,0.0,failed
REPAY_LN000442_03_FAIL,LN000442,2025-08-26,2025-08-26,1848.75,1666.67,182.08,0.0,failed
REPAY_LN000443_01,LN000443,2025-06-25,2025-06-25,683.55,416.67,266.88,0.0,successful
REPAY_LN000443_02,LN000443,2025-07-25,2025-07-25,683.55,416.67,266.88,0.0,successful
REPAY_LN000443_03,LN000443,2025-08-25,2025-08-25,683.55,416.67,266.88,0.0,successful
REPAY_LN000443_04,LN000443,2025-09-26,2025-09-26,683.55,416.67,266.88,0.0,successful
REPAY_LN000443_05,LN000443,2025-10-26,2025-10-26,683.55,416.67,266.88,0.0,successful
REPAY_LN000443_06,LN000443,2025-11-24,2025-11-24,683.55,416.67,266.88,0.0,successful
REPAY_LN000443_07,LN000443,2025-12-26,2025-12-26,683.55,416.67,266.88,0.0,successful
REPAY_LN000443_08,LN000443,2026-01-26,2026-01-26,683.55,416.67,266.88,0.0,successful
REPAY_LN000443_09,LN000443,2026-02-25,2026-02-25,683.55,416.67,266.88,0.0,successful
REPAY_LN000443_10,LN000443,2026-03-24,2026-03-24,683.55,416.67,266.88,0.0,successful
REPAY_LN000443_11,LN000443,2026-04-24,2026-04-24,683.55,416.67,266.88,0.0,successful
REPAY_LN000443_12,LN000443,2026-05-24,2026-05-24,683.55,416.67,266.88,0.0,successful
REPAY_LN000444_01,LN000444,2025-06-25,2025-06-25,741.98,555.56,186.42,0.0,successful
REPAY_LN000444_02,LN000444,2025-07-24,2025-07-24,741.98,555.56,186.42,0.0,successful
REPAY_LN000444_03,LN000444,2025-08-24,2025-08-24,741.98,555.56,186.42,0.0,successful
REPAY_LN000444_04,LN000444,2025-09-25,2025-09-25,741.98,555.56,186.42,0.0,successful
REPAY_LN000444_05,LN000444,2025-10-24,2025-10-24,741.98,555.56,186.42,0.0,successful
REPAY_LN000444_06,LN000444,2025-11-26,2025-11-26,741.98,555.56,186.42,0.0,successful
REPAY_LN000444_07,LN000444,2025-12-26,2025-12-26,741.98,555.56,186.42,0.0,successful
REPAY_LN000444_08,LN000444,2026-01-26,2026-01-26,741.98,555.56,186.42,0.0,successful
REPAY_LN000444_09,LN000444,2026-02-26,2026-02-26,741.98,555.56,186.42,0.0,successful
REPAY_LN000444_10,LN000444,2026-03-26,2026-03-26,741.98,555.56,186.42,0.0,successful
REPAY_LN000444_11,LN000444,2026-04-26,2026-04-26,741.98,555.56,186.42,0.0,successful
REPAY_LN000445_01,LN000445,2025-06-26,2025-06-26,1755.75,1250.0,505.75,0.0,successful
REPAY_LN000445_02,LN000445,2025-07-26,2025-07-26,1755.75,1250.0,505.75,0.0,successful
REPAY_LN000445_03,LN000445,2025-08-26,2025-08-26,1755.75,1250.0,505.75,0.0,successful
REPAY_LN000445_04,LN000445,2025-09-25,2025-09-25,1755.75,1250.0,505.75,0.0,successful
REPAY_LN000445_05,LN000445,2025-10-25,2025-10-25,1755.75,1250.0,505.75,0.0,successful
REPAY_LN000445_06,LN000445,2025-11-26,2025-11-26,1755.75,1250.0,505.75,0.0,successful
REPAY_LN000445_07,LN000445,2025-12-25,2025-12-25,1755.75,1250.0,505.75,0.0,successful
REPAY_LN000445_08,LN000445,2026-01-25,2026-01-25,1755.75,1250.0,505.75,0.0,successful
REPAY_LN000445_09,LN000445,2026-02-26,2026-02-26,1755.75,1250.0,505.75,0.0,successful
REPAY_LN000445_10,LN000445,2026-03-26,2026-03-26,1755.75,1250.0,505.75,0.0,successful
REPAY_LN000445_11,LN000445,2026-04-25,2026-04-25,1755.75,1250.0,505.75,0.0,successful
REPAY_LN000446_01,LN000446,2025-06-26,2025-06-26,5165.5,5000.0,165.5,0.0,successful
REPAY_LN000446_02,LN000446,2025-07-26,2025-07-26,5165.5,5000.0,165.5,0.0,successful
REPAY_LN000446_03,LN000446,2025-08-26,2025-08-26,5165.5,5000.0,165.5,0.0,successful
REPAY_LN000446_04,LN000446,2025-09-26,2025-09-26,5165.5,5000.0,165.5,0.0,successful
REPAY_LN000446_05,LN000446,2025-10-25,2025-10-25,5165.5,5000.0,165.5,0.0,successful
REPAY_LN000446_06,LN000446,2025-11-24,2025-11-24,5165.5,5000.0,165.5,0.0,successful
REPAY_LN000447_01,LN000447,2025-06-26,2025-06-26,1519.25,1250.0,269.25,0.0,successful
REPAY_LN000447_02,LN000447,2025-07-25,2025-07-25,1519.25,1250.0,269.25,0.0,successful
REPAY_LN000447_03,LN000447,2025-08-25,2025-08-25,1519.25,1250.0,269.25,0.0,successful
REPAY_LN000447_04,LN000447,2025-09-25,2025-09-25,1519.25,1250.0,269.25,0.0,successful
REPAY_LN000447_05,LN000447,2025-10-26,2025-10-26,1519.25,1250.0,269.25,0.0,successful
REPAY_LN000447_06,LN000447,2025-11-26,2025-11-26,1519.25,1250.0,269.25,0.0,successful
REPAY_LN000447_07,LN000447,2025-12-26,2025-12-26,1519.25,1250.0,269.25,0.0,successful
REPAY_LN000447_08,LN000447,2026-01-26,2026-01-26,1519.25,1250.0,269.25,0.0,successful
REPAY_LN000447_09,LN000447,2026-02-26,2026-02-26,1519.25,1250.0,269.25,0.0,successful
REPAY_LN000447_10,LN000447,2026-03-25,2026-03-25,1519.25,1250.0,269.25,0.0,successful
REPAY_LN000447_11,LN000447,2026-04-26,2026-04-26,1519.25,1250.0,269.25,0.0,successful
REPAY_LN000448_01,LN000448,2025-06-25,2025-06-25,1793.34,1666.67,126.67,0.0,successful
REPAY_LN000448_02,LN000448,2025-07-26,2025-07-26,1793.34,1666.67,126.67,0.0,successful
REPAY_LN000448_03,LN000448,2025-08-26,2025-08-26,1793.34,1666.67,126.67,0.0,successful
REPAY_LN000448_04,LN000448,2025-09-27,2025-09-27,1793.34,1666.67,126.67,0.0,successful
REPAY_LN000448_05,LN000448,2025-10-25,2025-10-25,1793.34,1666.67,126.67,0.0,successful
REPAY_LN000448_06,LN000448,2025-11-26,2025-11-26,1793.32,1666.65,126.67,0.0,successful
REPAY_LN000449_01,LN000449,2025-06-26,2025-06-26,1605.25,1250.0,355.25,0.0,successful
REPAY_LN000449_02,LN000449,2025-07-26,2025-07-26,1605.25,1250.0,355.25,0.0,successful
REPAY_LN000449_03,LN000449,2025-08-27,2025-08-27,1605.25,1250.0,355.25,0.0,successful
REPAY_LN000449_04,LN000449,2025-09-25,2025-09-25,1605.25,1250.0,355.25,0.0,successful
REPAY_LN000449_05,LN000449,2025-10-26,2025-10-26,1605.25,1250.0,355.25,0.0,successful
REPAY_LN000449_06,LN000449,2025-11-26,2025-11-26,1605.25,1250.0,355.25,0.0,successful
REPAY_LN000449_07,LN000449,2025-12-26,2025-12-26,1605.25,1250.0,355.25,0.0,successful
REPAY_LN000449_08,LN000449,2026-01-27,2026-01-27,1605.25,1250.0,355.25,0.0,successful
REPAY_LN000449_09,LN000449,2026-02-26,2026-02-26,1605.25,1250.0,355.25,0.0,successful
REPAY_LN000449_10,LN000449,2026-03-25,2026-03-25,1605.25,1250.0,355.25,0.0,successful
REPAY_LN000449_11,LN000449,2026-04-25,2026-04-25,1605.25,1250.0,355.25,0.0,successful
REPAY_LN000450_01,LN000450,2025-06-26,2025-06-26,3576.33,3333.33,243.0,0.0,successful
REPAY_LN000450_02,LN000450,2025-07-26,2025-07-26,3576.33,3333.33,243.0,0.0,successful
REPAY_LN000450_03,LN000450,2025-08-27,2025-08-27,3576.33,3333.33,243.0,0.0,successful
REPAY_LN000450_04,LN000450,2025-09-28,2025-09-28,3576.33,3333.33,243.0,0.0,successful
REPAY_LN000450_05,LN000450,2025-10-28,2025-10-28,3576.33,3333.33,243.0,0.0,successful
REPAY_LN000450_06,LN000450,2025-11-28,2025-11-28,3576.35,3333.35,243.0,0.0,successful
REPAY_LN000451_01,LN000451,2025-06-26,2025-06-26,369.78,277.78,92.0,0.0,successful
REPAY_LN000451_02,LN000451,2025-07-27,2025-07-27,369.78,277.78,92.0,0.0,successful
REPAY_LN000451_03,LN000451,2025-08-28,2025-08-28,369.78,277.78,92.0,0.0,successful
REPAY_LN000451_04,LN000451,2025-09-26,2025-09-26,369.78,277.78,92.0,0.0,successful
REPAY_LN000451_05_FAIL,LN000451,2025-10-27,2025-10-27,369.78,277.78,92.0,0.0,failed
REPAY_LN000451_06_FAIL,LN000451,2025-11-28,2025-11-28,369.78,277.78,92.0,0.0,failed
REPAY_LN000452_01,LN000452,2025-06-27,2025-06-27,2749.25,2500.0,249.25,0.0,successful
REPAY_LN000452_02,LN000452,2025-07-28,2025-07-28,2749.25,2500.0,249.25,0.0,successful
REPAY_LN000452_03,LN000452,2025-08-28,2025-08-28,2749.25,2500.0,249.25,0.0,successful
REPAY_LN000452_04,LN000452,2025-09-28,2025-09-28,2749.25,2500.0,249.25,0.0,successful
REPAY_LN000452_05,LN000452,2025-10-27,2025-10-27,2749.25,2500.0,249.25,0.0,successful
REPAY_LN000452_06,LN000452,2025-11-28,2025-11-28,2749.25,2500.0,249.25,0.0,successful
REPAY_LN000452_07,LN000452,2025-12-28,2025-12-28,2749.25,2500.0,249.25,0.0,successful
REPAY_LN000452_08,LN000452,2026-01-26,2026-01-26,2749.25,2500.0,249.25,0.0,successful
REPAY_LN000452_09,LN000452,2026-02-26,2026-02-26,2749.25,2500.0,249.25,0.0,successful
REPAY_LN000452_10,LN000452,2026-03-26,2026-03-26,2749.25,2500.0,249.25,0.0,successful
REPAY_LN000452_11,LN000452,2026-04-28,2026-04-28,2749.25,2500.0,249.25,0.0,successful
REPAY_LN000453_01,LN000453,2025-06-28,2025-06-28,1690.0,1250.0,440.0,0.0,successful
REPAY_LN000453_02,LN000453,2025-07-27,2025-07-27,1690.0,1250.0,440.0,0.0,successful
REPAY_LN000453_03,LN000453,2025-08-28,2025-08-28,1690.0,1250.0,440.0,0.0,successful
REPAY_LN000453_04,LN000453,2025-09-29,2025-09-29,1690.0,1250.0,440.0,0.0,successful
REPAY_LN000453_05,LN000453,2025-10-29,2025-10-29,1690.0,1250.0,440.0,0.0,successful
REPAY_LN000453_06,LN000453,2025-11-27,2025-11-27,1690.0,1250.0,440.0,0.0,successful
REPAY_LN000453_07,LN000453,2025-12-28,2025-12-28,1690.0,1250.0,440.0,0.0,successful
REPAY_LN000453_08,LN000453,2026-01-27,2026-01-27,1690.0,1250.0,440.0,0.0,successful
REPAY_LN000453_09,LN000453,2026-03-01,2026-03-01,1690.0,1250.0,440.0,0.0,successful
REPAY_LN000453_10,LN000453,2026-03-28,2026-03-28,1690.0,1250.0,440.0,0.0,successful
REPAY_LN000453_11,LN000453,2026-04-27,2026-04-27,1690.0,1250.0,440.0,0.0,successful
REPAY_LN000454_01,LN000454,2025-06-29,2025-06-29,2247.42,1666.67,580.75,0.0,successful
REPAY_LN000454_02,LN000454,2025-07-27,2025-07-27,2247.42,1666.67,580.75,0.0,successful
REPAY_LN000454_03,LN000454,2025-08-28,2025-08-28,2247.42,1666.67,580.75,0.0,successful
REPAY_LN000454_04,LN000454,2025-09-28,2025-09-28,2247.42,1666.67,580.75,0.0,successful
REPAY_LN000454_05,LN000454,2025-10-28,2025-10-28,2247.42,1666.67,580.75,0.0,successful
REPAY_LN000454_06,LN000454,2025-11-28,2025-11-28,2247.42,1666.67,580.75,0.0,successful
REPAY_LN000454_07,LN000454,2025-12-28,2025-12-28,2247.42,1666.67,580.75,0.0,successful
REPAY_LN000454_08,LN000454,2026-01-27,2026-01-27,2247.42,1666.67,580.75,0.0,successful
REPAY_LN000454_09,LN000454,2026-02-27,2026-02-27,2247.42,1666.67,580.75,0.0,successful
REPAY_LN000454_10,LN000454,2026-03-27,2026-03-27,2247.42,1666.67,580.75,0.0,successful
REPAY_LN000454_11,LN000454,2026-04-27,2026-04-27,2247.42,1666.67,580.75,0.0,successful
REPAY_LN000455_01,LN000455,2025-06-29,2025-06-29,5156.5,5000.0,156.5,0.0,successful
REPAY_LN000455_02,LN000455,2025-07-29,2025-07-29,5156.5,5000.0,156.5,0.0,successful
REPAY_LN000455_03,LN000455,2025-08-27,2025-08-27,5156.5,5000.0,156.5,0.0,successful
REPAY_LN000455_04,LN000455,2025-09-29,2025-09-29,5156.5,5000.0,156.5,0.0,successful
REPAY_LN000455_05,LN000455,2025-10-29,2025-10-29,5156.5,5000.0,156.5,0.0,successful
REPAY_LN000455_06,LN000455,2025-11-28,2025-11-28,5156.5,5000.0,156.5,0.0,successful
REPAY_LN000456_01,LN000456,2025-06-28,2025-06-28,3679.83,3333.33,346.5,0.0,successful
REPAY_LN000456_02,LN000456,2025-07-30,2025-07-30,3679.83,3333.33,346.5,0.0,successful
REPAY_LN000456_03,LN000456,2025-08-30,2025-08-30,3679.83,3333.33,346.5,0.0,successful
REPAY_LN000456_04,LN000456,2025-09-28,2025-09-28,3679.83,3333.33,346.5,0.0,successful
REPAY_LN000456_05,LN000456,2025-10-29,2025-10-29,3679.83,3333.33,346.5,0.0,successful
REPAY_LN000456_06,LN000456,2025-11-28,2025-11-28,3679.85,3333.35,346.5,0.0,successful
REPAY_LN000457_01,LN000457,2025-06-29,2025-06-29,287.58,208.33,79.25,0.0,successful
REPAY_LN000457_02,LN000457,2025-07-30,2025-07-30,287.58,208.33,79.25,0.0,successful
REPAY_LN000457_03,LN000457,2025-08-29,2025-08-29,287.58,208.33,79.25,0.0,successful
REPAY_LN000457_04,LN000457,2025-09-29,2025-09-29,287.58,208.33,79.25,0.0,successful
REPAY_LN000457_05,LN000457,2025-10-28,2025-10-28,287.58,208.33,79.25,0.0,successful
REPAY_LN000457_06,LN000457,2025-11-30,2025-11-30,287.58,208.33,79.25,0.0,successful
REPAY_LN000457_07,LN000457,2025-12-28,2025-12-28,287.58,208.33,79.25,0.0,successful
REPAY_LN000457_08,LN000457,2026-01-28,2026-01-28,287.58,208.33,79.25,0.0,successful
REPAY_LN000457_09,LN000457,2026-03-02,2026-03-02,287.58,208.33,79.25,0.0,successful
REPAY_LN000457_10,LN000457,2026-03-28,2026-03-28,287.58,208.33,79.25,0.0,successful
REPAY_LN000457_11,LN000457,2026-04-28,2026-04-28,287.58,208.33,79.25,0.0,successful
REPAY_LN000458_01,LN000458,2025-06-28,2025-06-28,1454.88,1250.0,204.88,0.0,successful
REPAY_LN000458_02,LN000458,2025-07-30,2025-07-30,1454.88,1250.0,204.88,0.0,successful
REPAY_LN000458_03,LN000458,2025-08-28,2025-08-28,1454.88,1250.0,204.88,0.0,successful
REPAY_LN000458_04_FAIL,LN000458,2025-09-30,2025-09-30,1454.88,1250.0,204.88,0.0,failed
REPAY_LN000458_05_FAIL,LN000458,2025-10-29,2025-10-29,1454.88,1250.0,204.88,0.0,failed
REPAY_LN000459_01,LN000459,2025-06-28,2025-06-28,715.87,666.67,49.2,0.0,successful
REPAY_LN000459_02,LN000459,2025-07-28,2025-07-28,715.87,666.67,49.2,0.0,successful
REPAY_LN000459_03,LN000459,2025-08-29,2025-08-29,715.87,666.67,49.2,0.0,successful
REPAY_LN000459_04,LN000459,2025-09-30,2025-09-30,715.87,666.67,49.2,0.0,successful
REPAY_LN000459_05,LN000459,2025-10-30,2025-10-30,715.87,666.67,49.2,0.0,successful
REPAY_LN000459_06,LN000459,2025-11-29,2025-11-29,715.87,666.67,49.2,0.0,successful
REPAY_LN000459_07,LN000459,2025-12-29,2025-12-29,715.87,666.67,49.2,0.0,successful
REPAY_LN000459_08,LN000459,2026-01-28,2026-01-28,715.87,666.67,49.2,0.0,successful
REPAY_LN000459_09,LN000459,2026-03-02,2026-03-02,715.87,666.67,49.2,0.0,successful
REPAY_LN000459_10,LN000459,2026-03-29,2026-03-29,715.87,666.67,49.2,0.0,successful
REPAY_LN000459_11,LN000459,2026-04-30,2026-04-30,715.87,666.67,49.2,0.0,successful
REPAY_LN000460_01,LN000460,2025-06-29,2025-06-29,458.53,333.33,125.2,0.0,successful
REPAY_LN000460_02,LN000460,2025-07-30,2025-07-30,458.53,333.33,125.2,0.0,successful
REPAY_LN000460_03,LN000460,2025-08-31,2025-08-31,458.53,333.33,125.2,0.0,successful
REPAY_LN000460_04,LN000460,2025-10-01,2025-10-01,458.53,333.33,125.2,0.0,successful
REPAY_LN000460_05,LN000460,2025-10-29,2025-10-29,458.53,333.33,125.2,0.0,successful
REPAY_LN000460_06,LN000460,2025-11-30,2025-11-30,458.53,333.33,125.2,0.0,successful
REPAY_LN000460_07,LN000460,2025-12-31,2025-12-31,458.53,333.33,125.2,0.0,successful
REPAY_LN000460_08,LN000460,2026-01-29,2026-01-29,458.53,333.33,125.2,0.0,successful
REPAY_LN000460_09,LN000460,2026-03-02,2026-03-02,458.53,333.33,125.2,0.0,successful
REPAY_LN000460_10,LN000460,2026-03-29,2026-03-29,458.53,333.33,125.2,0.0,successful
REPAY_LN000460_11,LN000460,2026-05-01,2026-05-01,458.53,333.33,125.2,0.0,successful
REPAY_LN000461_01,LN000461,2025-07-01,2025-07-01,1885.17,1666.67,218.5,0.0,successful
REPAY_LN000461_02,LN000461,2025-07-29,2025-07-29,1885.17,1666.67,218.5,0.0,successful
REPAY_LN000461_03,LN000461,2025-08-30,2025-08-30,1885.17,1666.67,218.5,0.0,successful
REPAY_LN000461_04,LN000461,2025-09-29,2025-09-29,1885.17,1666.67,218.5,0.0,successful
REPAY_LN000461_05,LN000461,2025-10-30,2025-10-30,1885.17,1666.67,218.5,0.0,successful
REPAY_LN000461_06,LN000461,2025-12-01,2025-12-01,1885.17,1666.67,218.5,0.0,successful
REPAY_LN000461_07,LN000461,2025-12-31,2025-12-31,1885.17,1666.67,218.5,0.0,successful
REPAY_LN000461_08,LN000461,2026-01-29,2026-01-29,1885.17,1666.67,218.5,0.0,successful
REPAY_LN000461_09,LN000461,2026-02-28,2026-02-28,1885.17,1666.67,218.5,0.0,successful
REPAY_LN000461_10,LN000461,2026-03-30,2026-03-30,1885.17,1666.67,218.5,0.0,successful
REPAY_LN000461_11,LN000461,2026-04-30,2026-04-30,1885.17,1666.67,218.5,0.0,successful
REPAY_LN000462_01,LN000462,2025-06-29,2025-06-29,211.93,138.89,73.04,0.0,successful
REPAY_LN000462_02,LN000462,2025-07-31,2025-07-31,211.93,138.89,73.04,0.0,successful
REPAY_LN000462_03,LN000462,2025-08-29,2025-08-29,211.93,138.89,73.04,0.0,successful
REPAY_LN000462_04,LN000462,2025-10-01,2025-10-01,211.93,138.89,73.04,0.0,successful
REPAY_LN000462_05,LN000462,2025-10-29,2025-10-29,211.93,138.89,73.04,0.0,successful
REPAY_LN000462_06,LN000462,2025-11-29,2025-11-29,211.93,138.89,73.04,0.0,successful
REPAY_LN000462_07,LN000462,2025-12-30,2025-12-30,211.93,138.89,73.04,0.0,successful
REPAY_LN000462_08,LN000462,2026-01-31,2026-01-31,211.93,138.89,73.04,0.0,successful
REPAY_LN000462_09,LN000462,2026-02-28,2026-02-28,211.93,138.89,73.04,0.0,successful
REPAY_LN000462_10,LN000462,2026-03-29,2026-03-29,211.93,138.89,73.04,0.0,successful
REPAY_LN000462_11_FAIL,LN000462,2026-05-02,2026-05-02,211.93,138.89,73.04,0.0,failed
REPAY_LN000463_01,LN000463,2025-06-30,2025-06-30,867.54,833.33,34.21,0.0,successful
REPAY_LN000463_02,LN000463,2025-08-01,2025-08-01,867.54,833.33,34.21,0.0,successful
REPAY_LN000463_03,LN000463,2025-08-31,2025-08-31,867.54,833.33,34.21,0.0,successful
REPAY_LN000463_04,LN000463,2025-10-01,2025-10-01,867.54,833.33,34.21,0.0,successful
REPAY_LN000463_05,LN000463,2025-11-01,2025-11-01,867.54,833.33,34.21,0.0,successful
REPAY_LN000463_06,LN000463,2025-12-01,2025-12-01,867.56,833.35,34.21,0.0,successful
REPAY_LN000464_01,LN000464,2025-07-02,2025-07-02,1468.38,1250.0,218.38,0.0,successful
REPAY_LN000464_02,LN000464,2025-07-30,2025-07-30,1468.38,1250.0,218.38,0.0,successful
REPAY_LN000464_03,LN000464,2025-08-30,2025-08-30,1468.38,1250.0,218.38,0.0,successful
REPAY_LN000464_04,LN000464,2025-10-02,2025-10-02,1468.38,1250.0,218.38,0.0,successful
REPAY_LN000464_05,LN000464,2025-10-30,2025-10-30,1468.38,1250.0,218.38,0.0,successful
REPAY_LN000464_06,LN000464,2025-12-01,2025-12-01,1468.38,1250.0,218.38,0.0,successful
REPAY_LN000464_07,LN000464,2025-12-30,2025-12-30,1468.38,1250.0,218.38,0.0,successful
REPAY_LN000464_08,LN000464,2026-01-30,2026-01-30,1468.38,1250.0,218.38,0.0,successful
REPAY_LN000464_09,LN000464,2026-03-02,2026-03-02,1468.38,1250.0,218.38,0.0,successful
REPAY_LN000464_10,LN000464,2026-03-31,2026-03-31,1468.38,1250.0,218.38,0.0,successful
REPAY_LN000464_11,LN000464,2026-04-30,2026-04-30,1468.38,1250.0,218.38,0.0,successful
REPAY_LN000465_01,LN000465,2025-06-30,2025-06-30,1653.5,1250.0,403.5,0.0,successful
REPAY_LN000465_02,LN000465,2025-08-01,2025-08-01,1653.5,1250.0,403.5,0.0,successful
REPAY_LN000465_03,LN000465,2025-09-01,2025-09-01,1653.5,1250.0,403.5,0.0,successful
REPAY_LN000465_04,LN000465,2025-10-01,2025-10-01,1653.5,1250.0,403.5,0.0,successful
REPAY_LN000465_05,LN000465,2025-10-30,2025-10-30,1653.5,1250.0,403.5,0.0,successful
REPAY_LN000465_06,LN000465,2025-12-02,2025-12-02,1653.5,1250.0,403.5,0.0,successful
REPAY_LN000465_07,LN000465,2026-01-01,2026-01-01,1653.5,1250.0,403.5,0.0,successful
REPAY_LN000465_08,LN000465,2026-02-01,2026-02-01,1653.5,1250.0,403.5,0.0,successful
REPAY_LN000465_09,LN000465,2026-03-01,2026-03-01,1653.5,1250.0,403.5,0.0,successful
REPAY_LN000465_10,LN000465,2026-04-01,2026-04-01,1653.5,1250.0,403.5,0.0,successful
REPAY_LN000465_11,LN000465,2026-05-01,2026-05-01,1653.5,1250.0,403.5,0.0,successful
REPAY_LN000466_01,LN000466,2025-07-01,2025-07-01,3047.0,2500.0,547.0,0.0,successful
REPAY_LN000466_02,LN000466,2025-07-31,2025-07-31,3047.0,2500.0,547.0,0.0,successful
REPAY_LN000466_03,LN000466,2025-08-31,2025-08-31,3047.0,2500.0,547.0,0.0,successful
REPAY_LN000466_04,LN000466,2025-10-01,2025-10-01,3047.0,2500.0,547.0,0.0,successful
REPAY_LN000466_05,LN000466,2025-10-31,2025-10-31,3047.0,2500.0,547.0,0.0,successful
REPAY_LN000466_06,LN000466,2025-11-30,2025-11-30,3047.0,2500.0,547.0,0.0,successful
REPAY_LN000466_07,LN000466,2026-01-02,2026-01-02,3047.0,2500.0,547.0,0.0,successful
REPAY_LN000466_08,LN000466,2026-01-31,2026-01-31,3047.0,2500.0,547.0,0.0,successful
REPAY_LN000466_09,LN000466,2026-03-01,2026-03-01,3047.0,2500.0,547.0,0.0,successful
REPAY_LN000466_10,LN000466,2026-03-31,2026-03-31,3047.0,2500.0,547.0,0.0,successful
REPAY_LN000466_11,LN000466,2026-05-02,2026-05-02,3047.0,2500.0,547.0,0.0,successful
REPAY_LN000467_01,LN000467,2025-07-01,2025-07-01,441.67,416.67,25.0,0.0,successful
REPAY_LN000467_02,LN000467,2025-07-31,2025-07-31,441.67,416.67,25.0,0.0,successful
REPAY_LN000467_03,LN000467,2025-09-01,2025-09-01,441.67,416.67,25.0,0.0,successful
REPAY_LN000467_04,LN000467,2025-09-30,2025-09-30,441.67,416.67,25.0,0.0,successful
REPAY_LN000467_05,LN000467,2025-11-02,2025-11-02,441.67,416.67,25.0,0.0,successful
REPAY_LN000467_06,LN000467,2025-11-30,2025-11-30,441.67,416.67,25.0,0.0,successful
REPAY_LN000467_07,LN000467,2026-01-01,2026-01-01,441.67,416.67,25.0,0.0,successful
REPAY_LN000467_08,LN000467,2026-02-01,2026-02-01,441.67,416.67,25.0,0.0,successful
REPAY_LN000467_09,LN000467,2026-03-01,2026-03-01,441.67,416.67,25.0,0.0,successful
REPAY_LN000467_10,LN000467,2026-03-31,2026-03-31,441.67,416.67,25.0,0.0,successful
REPAY_LN000467_11,LN000467,2026-04-30,2026-04-30,441.67,416.67,25.0,0.0,successful
REPAY_LN000468_01,LN000468,2025-07-02,2025-07-02,3053.0,2500.0,553.0,0.0,successful
REPAY_LN000468_02,LN000468,2025-08-02,2025-08-02,3053.0,2500.0,553.0,0.0,successful
REPAY_LN000468_03,LN000468,2025-09-01,2025-09-01,3053.0,2500.0,553.0,0.0,successful
REPAY_LN000468_04,LN000468,2025-10-01,2025-10-01,3053.0,2500.0,553.0,0.0,successful
REPAY_LN000468_05_FAIL,LN000468,2025-11-04,2025-11-04,3053.0,2500.0,553.0,0.0,failed
REPAY_LN000468_06_FAIL,LN000468,2025-12-02,2025-12-02,3053.0,2500.0,553.0,0.0,failed
REPAY_LN000469_01,LN000469,2025-07-01,2025-07-01,3712.66,3333.33,379.33,0.0,successful
REPAY_LN000469_02,LN000469,2025-08-02,2025-08-02,3712.66,3333.33,379.33,0.0,successful
REPAY_LN000469_03_FAIL,LN000469,2025-09-02,2025-09-02,3712.66,3333.33,379.33,0.0,failed
REPAY_LN000469_04_FAIL,LN000469,2025-10-04,2025-10-04,3712.66,3333.33,379.33,0.0,failed
REPAY_LN000470_01,LN000470,2025-07-03,2025-07-03,410.93,333.33,77.6,0.0,successful
REPAY_LN000470_02,LN000470,2025-08-03,2025-08-03,410.93,333.33,77.6,0.0,successful
REPAY_LN000470_03,LN000470,2025-09-03,2025-09-03,410.93,333.33,77.6,0.0,successful
REPAY_LN000470_04,LN000470,2025-10-03,2025-10-03,410.93,333.33,77.6,0.0,successful
REPAY_LN000470_05,LN000470,2025-11-02,2025-11-02,410.93,333.33,77.6,0.0,successful
REPAY_LN000470_06,LN000470,2025-12-02,2025-12-02,410.93,333.33,77.6,0.0,successful
REPAY_LN000470_07,LN000470,2026-01-02,2026-01-02,410.93,333.33,77.6,0.0,successful
REPAY_LN000470_08,LN000470,2026-02-03,2026-02-03,410.93,333.33,77.6,0.0,successful
REPAY_LN000470_09,LN000470,2026-03-03,2026-03-03,410.93,333.33,77.6,0.0,successful
REPAY_LN000470_10,LN000470,2026-04-01,2026-04-01,410.93,333.33,77.6,0.0,successful
REPAY_LN000470_11,LN000470,2026-05-02,2026-05-02,410.93,333.33,77.6,0.0,successful
REPAY_LN000471_01,LN000471,2025-07-04,2025-07-04,1569.75,1250.0,319.75,0.0,successful
REPAY_LN000471_02,LN000471,2025-08-04,2025-08-04,1569.75,1250.0,319.75,0.0,successful
REPAY_LN000471_03,LN000471,2025-09-02,2025-09-02,1569.75,1250.0,319.75,0.0,successful
REPAY_LN000471_04,LN000471,2025-10-04,2025-10-04,1569.75,1250.0,319.75,0.0,successful
REPAY_LN000471_05,LN000471,2025-11-02,2025-11-02,1569.75,1250.0,319.75,0.0,successful
REPAY_LN000471_06,LN000471,2025-12-02,2025-12-02,1569.75,1250.0,319.75,0.0,successful
REPAY_LN000471_07,LN000471,2026-01-03,2026-01-03,1569.75,1250.0,319.75,0.0,successful
REPAY_LN000471_08_FAIL,LN000471,2026-02-06,2026-02-06,1569.75,1250.0,319.75,0.0,failed
REPAY_LN000471_09_FAIL,LN000471,2026-03-05,2026-03-05,1569.75,1250.0,319.75,0.0,failed
REPAY_LN000472_01,LN000472,2025-07-02,2025-07-02,441.06,333.33,107.73,0.0,successful
REPAY_LN000472_02,LN000472,2025-08-04,2025-08-04,441.06,333.33,107.73,0.0,successful
REPAY_LN000472_03,LN000472,2025-09-03,2025-09-03,441.06,333.33,107.73,0.0,successful
REPAY_LN000472_04,LN000472,2025-10-03,2025-10-03,441.06,333.33,107.73,0.0,successful
REPAY_LN000472_05,LN000472,2025-11-02,2025-11-02,441.06,333.33,107.73,0.0,successful
REPAY_LN000472_06,LN000472,2025-12-03,2025-12-03,441.06,333.33,107.73,0.0,successful
REPAY_LN000472_07,LN000472,2026-01-03,2026-01-03,441.06,333.33,107.73,0.0,successful
REPAY_LN000472_08,LN000472,2026-02-03,2026-02-03,441.06,333.33,107.73,0.0,successful
REPAY_LN000472_09,LN000472,2026-03-04,2026-03-04,441.06,333.33,107.73,0.0,successful
REPAY_LN000472_10,LN000472,2026-04-04,2026-04-04,441.06,333.33,107.73,0.0,successful
REPAY_LN000472_11,LN000472,2026-05-02,2026-05-02,441.06,333.33,107.73,0.0,successful
REPAY_LN000473_01,LN000473,2025-07-02,2025-07-02,869.39,555.56,313.83,0.0,successful
REPAY_LN000473_02,LN000473,2025-08-03,2025-08-03,869.39,555.56,313.83,0.0,successful
REPAY_LN000473_03,LN000473,2025-09-03,2025-09-03,869.39,555.56,313.83,0.0,successful
REPAY_LN000473_04,LN000473,2025-10-02,2025-10-02,869.39,555.56,313.83,0.0,successful
REPAY_LN000473_05,LN000473,2025-11-03,2025-11-03,869.39,555.56,313.83,0.0,successful
REPAY_LN000473_06,LN000473,2025-12-02,2025-12-02,869.39,555.56,313.83,0.0,successful
REPAY_LN000473_07,LN000473,2026-01-04,2026-01-04,869.39,555.56,313.83,0.0,successful
REPAY_LN000473_08,LN000473,2026-02-03,2026-02-03,869.39,555.56,313.83,0.0,successful
REPAY_LN000473_09,LN000473,2026-03-03,2026-03-03,869.39,555.56,313.83,0.0,successful
REPAY_LN000473_10,LN000473,2026-04-03,2026-04-03,869.39,555.56,313.83,0.0,successful
REPAY_LN000473_11,LN000473,2026-05-04,2026-05-04,869.39,555.56,313.83,0.0,successful
REPAY_LN000474_01,LN000474,2025-07-05,2025-07-05,2733.12,2500.0,233.12,0.0,successful
REPAY_LN000474_02,LN000474,2025-08-04,2025-08-04,2733.12,2500.0,233.12,0.0,successful
REPAY_LN000474_03,LN000474,2025-09-03,2025-09-03,2733.12,2500.0,233.12,0.0,successful
REPAY_LN000474_04,LN000474,2025-10-05,2025-10-05,2733.12,2500.0,233.12,0.0,successful
REPAY_LN000474_05,LN000474,2025-11-04,2025-11-04,2733.12,2500.0,233.12,0.0,successful
REPAY_LN000474_06,LN000474,2025-12-04,2025-12-04,2733.12,2500.0,233.12,0.0,successful
REPAY_LN000475_01,LN000475,2025-07-05,2025-07-05,670.06,555.56,114.5,0.0,successful
REPAY_LN000475_02,LN000475,2025-08-03,2025-08-03,670.06,555.56,114.5,0.0,successful
REPAY_LN000475_03,LN000475,2025-09-04,2025-09-04,670.06,555.56,114.5,0.0,successful
REPAY_LN000475_04,LN000475,2025-10-03,2025-10-03,670.06,555.56,114.5,0.0,successful
REPAY_LN000475_05,LN000475,2025-11-03,2025-11-03,670.06,555.56,114.5,0.0,successful
REPAY_LN000475_06,LN000475,2025-12-05,2025-12-05,670.06,555.56,114.5,0.0,successful
REPAY_LN000475_07,LN000475,2026-01-04,2026-01-04,670.06,555.56,114.5,0.0,successful
REPAY_LN000475_08,LN000475,2026-02-04,2026-02-04,670.06,555.56,114.5,0.0,successful
REPAY_LN000475_09,LN000475,2026-03-03,2026-03-03,670.06,555.56,114.5,0.0,successful
REPAY_LN000475_10,LN000475,2026-04-05,2026-04-05,670.06,555.56,114.5,0.0,successful
REPAY_LN000475_11,LN000475,2026-05-05,2026-05-05,670.06,555.56,114.5,0.0,successful
REPAY_LN000476_01,LN000476,2025-07-03,2025-07-03,560.57,444.44,116.13,0.0,successful
REPAY_LN000476_02,LN000476,2025-08-04,2025-08-04,560.57,444.44,116.13,0.0,successful
REPAY_LN000476_03,LN000476,2025-09-05,2025-09-05,560.57,444.44,116.13,0.0,successful
REPAY_LN000476_04,LN000476,2025-10-03,2025-10-03,560.57,444.44,116.13,0.0,successful
REPAY_LN000476_05,LN000476,2025-11-05,2025-11-05,560.57,444.44,116.13,0.0,successful
REPAY_LN000476_06,LN000476,2025-12-03,2025-12-03,560.57,444.44,116.13,0.0,successful
REPAY_LN000476_07_FAIL,LN000476,2026-01-05,2026-01-05,560.57,444.44,116.13,0.0,failed
REPAY_LN000476_08_FAIL,LN000476,2026-02-06,2026-02-06,560.57,444.44,116.13,0.0,failed
REPAY_LN000477_01,LN000477,2025-07-04,2025-07-04,439.6,333.33,106.27,0.0,successful
REPAY_LN000477_02,LN000477,2025-08-06,2025-08-06,439.6,333.33,106.27,0.0,successful
REPAY_LN000477_03,LN000477,2025-09-04,2025-09-04,439.6,333.33,106.27,0.0,successful
REPAY_LN000477_04,LN000477,2025-10-04,2025-10-04,439.6,333.33,106.27,0.0,successful
REPAY_LN000477_05,LN000477,2025-11-04,2025-11-04,439.6,333.33,106.27,0.0,successful
REPAY_LN000477_06,LN000477,2025-12-06,2025-12-06,439.6,333.33,106.27,0.0,successful
REPAY_LN000477_07,LN000477,2026-01-04,2026-01-04,439.6,333.33,106.27,0.0,successful
REPAY_LN000477_08,LN000477,2026-02-05,2026-02-05,439.6,333.33,106.27,0.0,successful
REPAY_LN000477_09,LN000477,2026-03-06,2026-03-06,439.6,333.33,106.27,0.0,successful
REPAY_LN000477_10,LN000477,2026-04-05,2026-04-05,439.6,333.33,106.27,0.0,successful
REPAY_LN000477_11,LN000477,2026-05-05,2026-05-05,439.6,333.33,106.27,0.0,successful
REPAY_LN000478_01,LN000478,2025-07-06,2025-07-06,1826.25,1666.67,159.58,0.0,successful
REPAY_LN000478_02,LN000478,2025-08-04,2025-08-04,1826.25,1666.67,159.58,0.0,successful
REPAY_LN000478_03,LN000478,2025-09-05,2025-09-05,1826.25,1666.67,159.58,0.0,successful
REPAY_LN000478_04,LN000478,2025-10-06,2025-10-06,1826.25,1666.67,159.58,0.0,successful
REPAY_LN000478_05,LN000478,2025-11-04,2025-11-04,1826.25,1666.67,159.58,0.0,successful
REPAY_LN000478_06,LN000478,2025-12-06,2025-12-06,1826.23,1666.65,159.58,0.0,successful
REPAY_LN000479_01,LN000479,2025-07-07,2025-07-07,243.58,208.33,35.25,0.0,successful
REPAY_LN000479_02,LN000479,2025-08-07,2025-08-07,243.58,208.33,35.25,0.0,successful
REPAY_LN000479_03,LN000479,2025-09-05,2025-09-05,243.58,208.33,35.25,0.0,successful
REPAY_LN000479_04,LN000479,2025-10-06,2025-10-06,243.58,208.33,35.25,0.0,successful
REPAY_LN000479_05,LN000479,2025-11-06,2025-11-06,243.58,208.33,35.25,0.0,successful
REPAY_LN000479_06,LN000479,2025-12-07,2025-12-07,243.58,208.33,35.25,0.0,successful
REPAY_LN000479_07,LN000479,2026-01-07,2026-01-07,243.58,208.33,35.25,0.0,successful
REPAY_LN000479_08,LN000479,2026-02-05,2026-02-05,243.58,208.33,35.25,0.0,successful
REPAY_LN000479_09,LN000479,2026-03-07,2026-03-07,243.58,208.33,35.25,0.0,successful
REPAY_LN000479_10,LN000479,2026-04-07,2026-04-07,243.58,208.33,35.25,0.0,successful
REPAY_LN000480_01,LN000480,2025-07-07,2025-07-07,2663.88,2500.0,163.88,0.0,successful
REPAY_LN000480_02,LN000480,2025-08-06,2025-08-06,2663.88,2500.0,163.88,0.0,successful
REPAY_LN000480_03,LN000480,2025-09-07,2025-09-07,2663.88,2500.0,163.88,0.0,successful
REPAY_LN000480_04,LN000480,2025-10-06,2025-10-06,2663.88,2500.0,163.88,0.0,successful
REPAY_LN000480_05,LN000480,2025-11-05,2025-11-05,2663.88,2500.0,163.88,0.0,successful
REPAY_LN000480_06,LN000480,2025-12-05,2025-12-05,2663.88,2500.0,163.88,0.0,successful
REPAY_LN000481_01,LN000481,2025-07-06,2025-07-06,1784.17,1666.67,117.5,0.0,successful
REPAY_LN000481_02,LN000481,2025-08-06,2025-08-06,1784.17,1666.67,117.5,0.0,successful
REPAY_LN000481_03,LN000481,2025-09-06,2025-09-06,1784.17,1666.67,117.5,0.0,successful
REPAY_LN000481_04,LN000481,2025-10-06,2025-10-06,1784.17,1666.67,117.5,0.0,successful
REPAY_LN000481_05,LN000481,2025-11-07,2025-11-07,1784.17,1666.67,117.5,0.0,successful
REPAY_LN000481_06,LN000481,2025-12-06,2025-12-06,1784.17,1666.67,117.5,0.0,successful
REPAY_LN000481_07,LN000481,2026-01-06,2026-01-06,1784.17,1666.67,117.5,0.0,successful
REPAY_LN000481_08,LN000481,2026-02-06,2026-02-06,1784.17,1666.67,117.5,0.0,successful
REPAY_LN000481_09,LN000481,2026-03-07,2026-03-07,1784.17,1666.67,117.5,0.0,successful
REPAY_LN000481_10,LN000481,2026-04-07,2026-04-07,1784.17,1666.67,117.5,0.0,successful
REPAY_LN000482_01,LN000482,2025-07-07,2025-07-07,2758.75,2500.0,258.75,0.0,successful
REPAY_LN000482_02,LN000482,2025-08-05,2025-08-05,2758.75,2500.0,258.75,0.0,successful
REPAY_LN000482_03,LN000482,2025-09-07,2025-09-07,2758.75,2500.0,258.75,0.0,successful
REPAY_LN000482_04,LN000482,2025-10-06,2025-10-06,2758.75,2500.0,258.75,0.0,successful
REPAY_LN000482_05,LN000482,2025-11-07,2025-11-07,2758.75,2500.0,258.75,0.0,successful
REPAY_LN000482_06,LN000482,2025-12-07,2025-12-07,2758.75,2500.0,258.75,0.0,successful
REPAY_LN000482_07,LN000482,2026-01-06,2026-01-06,2758.75,2500.0,258.75,0.0,successful
REPAY_LN000482_08,LN000482,2026-02-07,2026-02-07,2758.75,2500.0,258.75,0.0,successful
REPAY_LN000482_09,LN000482,2026-03-05,2026-03-05,2758.75,2500.0,258.75,0.0,successful
REPAY_LN000482_10,LN000482,2026-04-07,2026-04-07,2758.75,2500.0,258.75,0.0,successful
REPAY_LN000483_01,LN000483,2025-07-06,2025-07-06,1777.34,1666.67,110.67,0.0,successful
REPAY_LN000483_02,LN000483,2025-08-06,2025-08-06,1777.34,1666.67,110.67,0.0,successful
REPAY_LN000483_03,LN000483,2025-09-06,2025-09-06,1777.34,1666.67,110.67,0.0,successful
REPAY_LN000483_04,LN000483,2025-10-07,2025-10-07,1777.34,1666.67,110.67,0.0,successful
REPAY_LN000483_05,LN000483,2025-11-08,2025-11-08,1777.34,1666.67,110.67,0.0,successful
REPAY_LN000483_06,LN000483,2025-12-06,2025-12-06,1777.32,1666.65,110.67,0.0,successful
REPAY_LN000484_01,LN000484,2025-07-06,2025-07-06,1015.0,833.33,181.67,0.0,successful
REPAY_LN000484_02,LN000484,2025-08-08,2025-08-08,1015.0,833.33,181.67,0.0,successful
REPAY_LN000484_03,LN000484,2025-09-07,2025-09-07,1015.0,833.33,181.67,0.0,successful
REPAY_LN000484_04,LN000484,2025-10-07,2025-10-07,1015.0,833.33,181.67,0.0,successful
REPAY_LN000484_05,LN000484,2025-11-06,2025-11-06,1015.0,833.33,181.67,0.0,successful
REPAY_LN000484_06,LN000484,2025-12-07,2025-12-07,1015.0,833.33,181.67,0.0,successful
REPAY_LN000484_07,LN000484,2026-01-08,2026-01-08,1015.0,833.33,181.67,0.0,successful
REPAY_LN000484_08,LN000484,2026-02-07,2026-02-07,1015.0,833.33,181.67,0.0,successful
REPAY_LN000484_09,LN000484,2026-03-08,2026-03-08,1015.0,833.33,181.67,0.0,successful
REPAY_LN000484_10,LN000484,2026-04-06,2026-04-06,1015.0,833.33,181.67,0.0,successful
REPAY_LN000485_01,LN000485,2025-07-08,2025-07-08,2635.12,2500.0,135.12,0.0,successful
REPAY_LN000485_02,LN000485,2025-08-06,2025-08-06,2635.12,2500.0,135.12,0.0,successful
REPAY_LN000485_03,LN000485,2025-09-08,2025-09-08,2635.12,2500.0,135.12,0.0,successful
REPAY_LN000485_04,LN000485,2025-10-08,2025-10-08,2635.12,2500.0,135.12,0.0,successful
REPAY_LN000485_05,LN000485,2025-11-07,2025-11-07,2635.12,2500.0,135.12,0.0,successful
REPAY_LN000485_06,LN000485,2025-12-08,2025-12-08,2635.12,2500.0,135.12,0.0,successful
REPAY_LN000486_01,LN000486,2025-07-07,2025-07-07,1774.09,1666.67,107.42,0.0,successful
REPAY_LN000486_02,LN000486,2025-08-09,2025-08-09,1774.09,1666.67,107.42,0.0,successful
REPAY_LN000486_03,LN000486,2025-09-07,2025-09-07,1774.09,1666.67,107.42,0.0,successful
REPAY_LN000486_04,LN000486,2025-10-07,2025-10-07,1774.09,1666.67,107.42,0.0,successful
REPAY_LN000486_05,LN000486,2025-11-09,2025-11-09,1774.09,1666.67,107.42,0.0,successful
REPAY_LN000486_06,LN000486,2025-12-08,2025-12-08,1774.07,1666.65,107.42,0.0,successful
REPAY_LN000487_01,LN000487,2025-07-09,2025-07-09,1869.17,1666.67,202.5,0.0,successful
REPAY_LN000487_02,LN000487,2025-08-09,2025-08-09,1869.17,1666.67,202.5,0.0,successful
REPAY_LN000487_03,LN000487,2025-09-08,2025-09-08,1869.17,1666.67,202.5,0.0,successful
REPAY_LN000487_04,LN000487,2025-10-07,2025-10-07,1869.17,1666.67,202.5,0.0,successful
REPAY_LN000487_05,LN000487,2025-11-09,2025-11-09,1869.17,1666.67,202.5,0.0,successful
REPAY_LN000487_06,LN000487,2025-12-08,2025-12-08,1869.17,1666.67,202.5,0.0,successful
REPAY_LN000487_07,LN000487,2026-01-08,2026-01-08,1869.17,1666.67,202.5,0.0,successful
REPAY_LN000487_08,LN000487,2026-02-07,2026-02-07,1869.17,1666.67,202.5,0.0,successful
REPAY_LN000487_09,LN000487,2026-03-08,2026-03-08,1869.17,1666.67,202.5,0.0,successful
REPAY_LN000487_10,LN000487,2026-04-07,2026-04-07,1869.17,1666.67,202.5,0.0,successful
REPAY_LN000488_01,LN000488,2025-07-09,2025-07-09,427.2,277.78,149.42,0.0,successful
REPAY_LN000488_02,LN000488,2025-08-08,2025-08-08,427.2,277.78,149.42,0.0,successful
REPAY_LN000488_03,LN000488,2025-09-09,2025-09-09,427.2,277.78,149.42,0.0,successful
REPAY_LN000488_04,LN000488,2025-10-08,2025-10-08,427.2,277.78,149.42,0.0,successful
REPAY_LN000488_05,LN000488,2025-11-08,2025-11-08,427.2,277.78,149.42,0.0,successful
REPAY_LN000488_06,LN000488,2025-12-09,2025-12-09,427.2,277.78,149.42,0.0,successful
REPAY_LN000488_07,LN000488,2026-01-08,2026-01-08,427.2,277.78,149.42,0.0,successful
REPAY_LN000488_08,LN000488,2026-02-09,2026-02-09,427.2,277.78,149.42,0.0,successful
REPAY_LN000488_09,LN000488,2026-03-09,2026-03-09,427.2,277.78,149.42,0.0,successful
REPAY_LN000488_10,LN000488,2026-04-07,2026-04-07,427.2,277.78,149.42,0.0,successful
REPAY_LN000489_01,LN000489,2025-07-09,2025-07-09,1841.17,1666.67,174.5,0.0,successful
REPAY_LN000489_02_FAIL,LN000489,2025-08-09,2025-08-09,1841.17,1666.67,174.5,0.0,failed
REPAY_LN000489_03_FAIL,LN000489,2025-09-10,2025-09-10,1841.17,1666.67,174.5,0.0,failed
REPAY_LN000490_01,LN000490,2025-07-09,2025-07-09,511.96,416.67,95.29,0.0,successful
REPAY_LN000490_02,LN000490,2025-08-08,2025-08-08,511.96,416.67,95.29,0.0,successful
REPAY_LN000490_03,LN000490,2025-09-09,2025-09-09,511.96,416.67,95.29,0.0,successful
REPAY_LN000490_04,LN000490,2025-10-10,2025-10-10,511.96,416.67,95.29,0.0,successful
REPAY_LN000490_05,LN000490,2025-11-09,2025-11-09,511.96,416.67,95.29,0.0,successful
REPAY_LN000490_06,LN000490,2025-12-08,2025-12-08,511.96,416.67,95.29,0.0,successful
REPAY_LN000490_07,LN000490,2026-01-09,2026-01-09,511.96,416.67,95.29,0.0,successful
REPAY_LN000490_08,LN000490,2026-02-09,2026-02-09,511.96,416.67,95.29,0.0,successful
REPAY_LN000490_09,LN000490,2026-03-10,2026-03-10,511.96,416.67,95.29,0.0,successful
REPAY_LN000490_10,LN000490,2026-04-10,2026-04-10,511.96,416.67,95.29,0.0,successful
REPAY_LN000491_01,LN000491,2025-07-09,2025-07-09,1338.0,1250.0,88.0,0.0,successful
REPAY_LN000491_02,LN000491,2025-08-08,2025-08-08,1338.0,1250.0,88.0,0.0,successful
REPAY_LN000491_03,LN000491,2025-09-09,2025-09-09,1338.0,1250.0,88.0,0.0,successful
REPAY_LN000491_04,LN000491,2025-10-08,2025-10-08,1338.0,1250.0,88.0,0.0,successful
REPAY_LN000491_05,LN000491,2025-11-08,2025-11-08,1338.0,1250.0,88.0,0.0,successful
REPAY_LN000491_06,LN000491,2025-12-08,2025-12-08,1338.0,1250.0,88.0,0.0,successful
REPAY_LN000491_07,LN000491,2026-01-09,2026-01-09,1338.0,1250.0,88.0,0.0,successful
REPAY_LN000491_08,LN000491,2026-02-08,2026-02-08,1338.0,1250.0,88.0,0.0,successful
REPAY_LN000491_09,LN000491,2026-03-09,2026-03-09,1338.0,1250.0,88.0,0.0,successful
REPAY_LN000491_10,LN000491,2026-04-08,2026-04-08,1338.0,1250.0,88.0,0.0,successful
REPAY_LN000492_01,LN000492,2025-07-08,2025-07-08,822.5,625.0,197.5,0.0,successful
REPAY_LN000492_02,LN000492,2025-08-09,2025-08-09,822.5,625.0,197.5,0.0,successful
REPAY_LN000492_03,LN000492,2025-09-10,2025-09-10,822.5,625.0,197.5,0.0,successful
REPAY_LN000492_04,LN000492,2025-10-10,2025-10-10,822.5,625.0,197.5,0.0,successful
REPAY_LN000492_05,LN000492,2025-11-09,2025-11-09,822.5,625.0,197.5,0.0,successful
REPAY_LN000492_06,LN000492,2025-12-09,2025-12-09,822.5,625.0,197.5,0.0,successful
REPAY_LN000492_07,LN000492,2026-01-10,2026-01-10,822.5,625.0,197.5,0.0,successful
REPAY_LN000492_08,LN000492,2026-02-10,2026-02-10,822.5,625.0,197.5,0.0,successful
REPAY_LN000492_09,LN000492,2026-03-10,2026-03-10,822.5,625.0,197.5,0.0,successful
REPAY_LN000492_10,LN000492,2026-04-09,2026-04-09,822.5,625.0,197.5,0.0,successful
REPAY_LN000493_01,LN000493,2025-07-09,2025-07-09,1480.86,1333.33,147.53,0.0,successful
REPAY_LN000493_02,LN000493,2025-08-10,2025-08-10,1480.86,1333.33,147.53,0.0,successful
REPAY_LN000493_03,LN000493,2025-09-11,2025-09-11,1480.86,1333.33,147.53,0.0,successful
REPAY_LN000493_04,LN000493,2025-10-09,2025-10-09,1480.86,1333.33,147.53,0.0,successful
REPAY_LN000493_05,LN000493,2025-11-10,2025-11-10,1480.86,1333.33,147.53,0.0,successful
REPAY_LN000493_06,LN000493,2025-12-11,2025-12-11,1480.88,1333.35,147.53,0.0,successful
REPAY_LN000494_01,LN000494,2025-07-10,2025-07-10,1176.66,833.33,343.33,0.0,successful
REPAY_LN000494_02,LN000494,2025-08-09,2025-08-09,1176.66,833.33,343.33,0.0,successful
REPAY_LN000494_03,LN000494,2025-09-11,2025-09-11,1176.66,833.33,343.33,0.0,successful
REPAY_LN000494_04,LN000494,2025-10-10,2025-10-10,1176.66,833.33,343.33,0.0,successful
REPAY_LN000494_05,LN000494,2025-11-09,2025-11-09,1176.66,833.33,343.33,0.0,successful
REPAY_LN000494_06,LN000494,2025-12-09,2025-12-09,1176.66,833.33,343.33,0.0,successful
REPAY_LN000494_07,LN000494,2026-01-10,2026-01-10,1176.66,833.33,343.33,0.0,successful
REPAY_LN000494_08,LN000494,2026-02-09,2026-02-09,1176.66,833.33,343.33,0.0,successful
REPAY_LN000494_09,LN000494,2026-03-11,2026-03-11,1176.66,833.33,343.33,0.0,successful
REPAY_LN000494_10,LN000494,2026-04-09,2026-04-09,1176.66,833.33,343.33,0.0,successful
REPAY_LN000495_01,LN000495,2025-07-09,2025-07-09,775.88,625.0,150.88,0.0,successful
REPAY_LN000495_02,LN000495,2025-08-09,2025-08-09,775.88,625.0,150.88,0.0,successful
REPAY_LN000495_03,LN000495,2025-09-11,2025-09-11,775.88,625.0,150.88,0.0,successful
REPAY_LN000495_04,LN000495,2025-10-11,2025-10-11,775.88,625.0,150.88,0.0,successful
REPAY_LN000495_05,LN000495,2025-11-09,2025-11-09,775.88,625.0,150.88,0.0,successful
REPAY_LN000495_06,LN000495,2025-12-11,2025-12-11,775.88,625.0,150.88,0.0,successful
REPAY_LN000495_07,LN000495,2026-01-10,2026-01-10,775.88,625.0,150.88,0.0,successful
REPAY_LN000495_08,LN000495,2026-02-09,2026-02-09,775.88,625.0,150.88,0.0,successful
REPAY_LN000495_09,LN000495,2026-03-10,2026-03-10,775.88,625.0,150.88,0.0,successful
REPAY_LN000495_10_FAIL,LN000495,2026-04-10,2026-04-10,775.88,625.0,150.88,0.0,failed
REPAY_LN000496_01,LN000496,2025-07-11,2025-07-11,303.12,208.33,94.79,0.0,successful
REPAY_LN000496_02,LN000496,2025-08-11,2025-08-11,303.12,208.33,94.79,0.0,successful
REPAY_LN000496_03,LN000496,2025-09-12,2025-09-12,303.12,208.33,94.79,0.0,successful
REPAY_LN000496_04,LN000496,2025-10-10,2025-10-10,303.12,208.33,94.79,0.0,successful
REPAY_LN000496_05,LN000496,2025-11-12,2025-11-12,303.12,208.33,94.79,0.0,successful
REPAY_LN000496_06,LN000496,2025-12-12,2025-12-12,303.12,208.33,94.79,0.0,successful
REPAY_LN000496_07,LN000496,2026-01-10,2026-01-10,303.12,208.33,94.79,0.0,successful
REPAY_LN000496_08,LN000496,2026-02-11,2026-02-11,303.12,208.33,94.79,0.0,successful
REPAY_LN000496_09,LN000496,2026-03-10,2026-03-10,303.12,208.33,94.79,0.0,successful
REPAY_LN000496_10,LN000496,2026-04-10,2026-04-10,303.12,208.33,94.79,0.0,successful
REPAY_LN000497_01,LN000497,2025-07-10,2025-07-10,374.61,277.78,96.83,0.0,successful
REPAY_LN000497_02,LN000497,2025-08-12,2025-08-12,374.61,277.78,96.83,0.0,successful
REPAY_LN000497_03,LN000497,2025-09-10,2025-09-10,374.61,277.78,96.83,0.0,successful
REPAY_LN000497_04,LN000497,2025-10-10,2025-10-10,374.61,277.78,96.83,0.0,successful
REPAY_LN000497_05,LN000497,2025-11-10,2025-11-10,374.61,277.78,96.83,0.0,successful
REPAY_LN000497_06,LN000497,2025-12-11,2025-12-11,374.61,277.78,96.83,0.0,successful
REPAY_LN000497_07,LN000497,2026-01-11,2026-01-11,374.61,277.78,96.83,0.0,successful
REPAY_LN000497_08,LN000497,2026-02-11,2026-02-11,374.61,277.78,96.83,0.0,successful
REPAY_LN000497_09,LN000497,2026-03-11,2026-03-11,374.61,277.78,96.83,0.0,successful
REPAY_LN000497_10,LN000497,2026-04-12,2026-04-12,374.61,277.78,96.83,0.0,successful
REPAY_LN000498_01,LN000498,2025-07-12,2025-07-12,2055.34,1666.67,388.67,0.0,successful
REPAY_LN000498_02,LN000498,2025-08-10,2025-08-10,2055.34,1666.67,388.67,0.0,successful
REPAY_LN000498_03,LN000498,2025-09-12,2025-09-12,2055.34,1666.67,388.67,0.0,successful
REPAY_LN000498_04,LN000498,2025-10-11,2025-10-11,2055.34,1666.67,388.67,0.0,successful
REPAY_LN000498_05,LN000498,2025-11-10,2025-11-10,2055.34,1666.67,388.67,0.0,successful
REPAY_LN000498_06,LN000498,2025-12-10,2025-12-10,2055.34,1666.67,388.67,0.0,successful
REPAY_LN000498_07,LN000498,2026-01-11,2026-01-11,2055.34,1666.67,388.67,0.0,successful
REPAY_LN000498_08,LN000498,2026-02-11,2026-02-11,2055.34,1666.67,388.67,0.0,successful
REPAY_LN000498_09,LN000498,2026-03-11,2026-03-11,2055.34,1666.67,388.67,0.0,successful
REPAY_LN000498_10,LN000498,2026-04-12,2026-04-12,2055.34,1666.67,388.67,0.0,successful
REPAY_LN000499_01,LN000499,2025-07-11,2025-07-11,1600.5,1250.0,350.5,0.0,successful
REPAY_LN000499_02,LN000499,2025-08-12,2025-08-12,1600.5,1250.0,350.5,0.0,successful
REPAY_LN000499_03,LN000499,2025-09-11,2025-09-11,1600.5,1250.0,350.5,0.0,successful
REPAY_LN000499_04,LN000499,2025-10-11,2025-10-11,1600.5,1250.0,350.5,0.0,successful
REPAY_LN000499_05,LN000499,2025-11-13,2025-11-13,1600.5,1250.0,350.5,0.0,successful
REPAY_LN000499_06,LN000499,2025-12-11,2025-12-11,1600.5,1250.0,350.5,0.0,successful
REPAY_LN000499_07,LN000499,2026-01-12,2026-01-12,1600.5,1250.0,350.5,0.0,successful
REPAY_LN000499_08,LN000499,2026-02-12,2026-02-12,1600.5,1250.0,350.5,0.0,successful
REPAY_LN000499_09,LN000499,2026-03-11,2026-03-11,1600.5,1250.0,350.5,0.0,successful
REPAY_LN000499_10,LN000499,2026-04-11,2026-04-11,1600.5,1250.0,350.5,0.0,successful
REPAY_LN000500_01,LN000500,2025-07-13,2025-07-13,724.56,555.56,169.0,0.0,successful
REPAY_LN000500_02,LN000500,2025-08-12,2025-08-12,724.56,555.56,169.0,0.0,successful
REPAY_LN000500_03,LN000500,2025-09-12,2025-09-12,724.56,555.56,169.0,0.0,successful
REPAY_LN000500_04,LN000500,2025-10-11,2025-10-11,724.56,555.56,169.0,0.0,successful
REPAY_LN000500_05,LN000500,2025-11-11,2025-11-11,724.56,555.56,169.0,0.0,successful
REPAY_LN000500_06,LN000500,2025-12-11,2025-12-11,724.56,555.56,169.0,0.0,successful
REPAY_LN000500_07,LN000500,2026-01-12,2026-01-12,724.56,555.56,169.0,0.0,successful
REPAY_LN000500_08,LN000500,2026-02-11,2026-02-11,724.56,555.56,169.0,0.0,successful
REPAY_LN000500_09,LN000500,2026-03-13,2026-03-13,724.56,555.56,169.0,0.0,successful
REPAY_LN000500_10,LN000500,2026-04-13,2026-04-13,724.56,555.56,169.0,0.0,successful
REPAY_LN000501_01,LN000501,2025-07-11,2025-07-11,1122.45,833.33,289.12,0.0,successful
REPAY_LN000501_02,LN000501,2025-08-13,2025-08-13,1122.45,833.33,289.12,0.0,successful
REPAY_LN000501_03,LN000501,2025-09-13,2025-09-13,1122.45,833.33,289.12,0.0,successful
REPAY_LN000501_04,LN000501,2025-10-13,2025-10-13,1122.45,833.33,289.12,0.0,successful
REPAY_LN000501_05,LN000501,2025-11-13,2025-11-13,1122.45,833.33,289.12,0.0,successful
REPAY_LN000501_06,LN000501,2025-12-13,2025-12-13,1122.45,833.33,289.12,0.0,successful
REPAY_LN000501_07,LN000501,2026-01-12,2026-01-12,1122.45,833.33,289.12,0.0,successful
REPAY_LN000501_08,LN000501,2026-02-11,2026-02-11,1122.45,833.33,289.12,0.0,successful
REPAY_LN000501_09,LN000501,2026-03-13,2026-03-13,1122.45,833.33,289.12,0.0,successful
REPAY_LN000501_10,LN000501,2026-04-11,2026-04-11,1122.45,833.33,289.12,0.0,successful
REPAY_LN000502_01,LN000502,2025-07-13,2025-07-13,510.63,416.67,93.96,0.0,successful
REPAY_LN000502_02,LN000502,2025-08-14,2025-08-14,510.63,416.67,93.96,0.0,successful
REPAY_LN000502_03,LN000502,2025-09-14,2025-09-14,510.63,416.67,93.96,0.0,successful
REPAY_LN000502_04,LN000502,2025-10-14,2025-10-14,510.63,416.67,93.96,0.0,successful
REPAY_LN000502_05_FAIL,LN000502,2025-11-14,2025-11-14,510.63,416.67,93.96,0.0,failed
REPAY_LN000502_06_FAIL,LN000502,2025-12-14,2025-12-14,510.63,416.67,93.96,0.0,failed
REPAY_LN000503_01,LN000503,2025-07-12,2025-07-12,2039.0,1666.67,372.33,0.0,successful
REPAY_LN000503_02,LN000503,2025-08-13,2025-08-13,2039.0,1666.67,372.33,0.0,successful
REPAY_LN000503_03,LN000503,2025-09-14,2025-09-14,2039.0,1666.67,372.33,0.0,successful
REPAY_LN000503_04,LN000503,2025-10-12,2025-10-12,2039.0,1666.67,372.33,0.0,successful
REPAY_LN000503_05,LN000503,2025-11-13,2025-11-13,2039.0,1666.67,372.33,0.0,successful
REPAY_LN000503_06,LN000503,2025-12-13,2025-12-13,2039.0,1666.67,372.33,0.0,successful
REPAY_LN000503_07,LN000503,2026-01-14,2026-01-14,2039.0,1666.67,372.33,0.0,successful
REPAY_LN000503_08,LN000503,2026-02-12,2026-02-12,2039.0,1666.67,372.33,0.0,successful
REPAY_LN000503_09,LN000503,2026-03-13,2026-03-13,2039.0,1666.67,372.33,0.0,successful
REPAY_LN000503_10,LN000503,2026-04-13,2026-04-13,2039.0,1666.67,372.33,0.0,successful
REPAY_LN000504_01,LN000504,2025-07-14,2025-07-14,378.29,222.22,156.07,0.0,successful
REPAY_LN000504_02,LN000504,2025-08-12,2025-08-12,378.29,222.22,156.07,0.0,successful
REPAY_LN000504_03,LN000504,2025-09-12,2025-09-12,378.29,222.22,156.07,0.0,successful
REPAY_LN000504_04,LN000504,2025-10-12,2025-10-12,378.29,222.22,156.07,0.0,successful
REPAY_LN000504_05,LN000504,2025-11-12,2025-11-12,378.29,222.22,156.07,0.0,successful
REPAY_LN000504_06,LN000504,2025-12-14,2025-12-14,378.29,222.22,156.07,0.0,successful
REPAY_LN000504_07,LN000504,2026-01-13,2026-01-13,378.29,222.22,156.07,0.0,successful
REPAY_LN000504_08,LN000504,2026-02-13,2026-02-13,378.29,222.22,156.07,0.0,successful
REPAY_LN000504_09,LN000504,2026-03-12,2026-03-12,378.29,222.22,156.07,0.0,successful
REPAY_LN000504_10,LN000504,2026-04-12,2026-04-12,378.29,222.22,156.07,0.0,successful
REPAY_LN000505_01,LN000505,2025-07-13,2025-07-13,5438.25,5000.0,438.25,0.0,successful
REPAY_LN000505_02,LN000505,2025-08-14,2025-08-14,5438.25,5000.0,438.25,0.0,successful
REPAY_LN000505_03,LN000505,2025-09-14,2025-09-14,5438.25,5000.0,438.25,0.0,successful
REPAY_LN000505_04,LN000505,2025-10-13,2025-10-13,5438.25,5000.0,438.25,0.0,successful
REPAY_LN000505_05,LN000505,2025-11-15,2025-11-15,5438.25,5000.0,438.25,0.0,successful
REPAY_LN000505_06,LN000505,2025-12-14,2025-12-14,5438.25,5000.0,438.25,0.0,successful
REPAY_LN000506_01,LN000506,2025-07-14,2025-07-14,3583.0,3333.33,249.67,0.0,successful
REPAY_LN000506_02,LN000506,2025-08-13,2025-08-13,3583.0,3333.33,249.67,0.0,successful
REPAY_LN000506_03,LN000506,2025-09-15,2025-09-15,3583.0,3333.33,249.67,0.0,successful
REPAY_LN000506_04,LN000506,2025-10-13,2025-10-13,3583.0,3333.33,249.67,0.0,successful
REPAY_LN000506_05,LN000506,2025-11-13,2025-11-13,3583.0,3333.33,249.67,0.0,successful
REPAY_LN000506_06,LN000506,2025-12-15,2025-12-15,3583.02,3333.35,249.67,0.0,successful
REPAY_LN000507_01,LN000507,2025-07-15,2025-07-15,959.83,833.33,126.5,0.0,successful
REPAY_LN000507_02,LN000507,2025-08-15,2025-08-15,959.83,833.33,126.5,0.0,successful
REPAY_LN000507_03,LN000507,2025-09-14,2025-09-14,959.83,833.33,126.5,0.0,successful
REPAY_LN000507_04,LN000507,2025-10-13,2025-10-13,959.83,833.33,126.5,0.0,successful
REPAY_LN000507_05,LN000507,2025-11-14,2025-11-14,959.83,833.33,126.5,0.0,successful
REPAY_LN000507_06,LN000507,2025-12-15,2025-12-15,959.83,833.33,126.5,0.0,successful
REPAY_LN000507_07,LN000507,2026-01-14,2026-01-14,959.83,833.33,126.5,0.0,successful
REPAY_LN000507_08,LN000507,2026-02-15,2026-02-15,959.83,833.33,126.5,0.0,successful
REPAY_LN000507_09,LN000507,2026-03-15,2026-03-15,959.83,833.33,126.5,0.0,successful
REPAY_LN000507_10,LN000507,2026-04-13,2026-04-13,959.83,833.33,126.5,0.0,successful
REPAY_LN000508_01,LN000508,2025-07-14,2025-07-14,643.64,555.56,88.08,0.0,successful
REPAY_LN000508_02,LN000508,2025-08-14,2025-08-14,643.64,555.56,88.08,0.0,successful
REPAY_LN000508_03,LN000508,2025-09-15,2025-09-15,643.64,555.56,88.08,0.0,successful
REPAY_LN000508_04,LN000508,2025-10-14,2025-10-14,643.64,555.56,88.08,0.0,successful
REPAY_LN000508_05,LN000508,2025-11-16,2025-11-16,643.64,555.56,88.08,0.0,successful
REPAY_LN000508_06,LN000508,2025-12-14,2025-12-14,643.64,555.56,88.08,0.0,successful
REPAY_LN000508_07,LN000508,2026-01-15,2026-01-15,643.64,555.56,88.08,0.0,successful
REPAY_LN000508_08,LN000508,2026-02-14,2026-02-14,643.64,555.56,88.08,0.0,successful
REPAY_LN000508_09,LN000508,2026-03-14,2026-03-14,643.64,555.56,88.08,0.0,successful
REPAY_LN000508_10,LN000508,2026-04-14,2026-04-14,643.64,555.56,88.08,0.0,successful
REPAY_LN000509_01,LN000509,2025-07-15,2025-07-15,3468.83,3333.33,135.5,0.0,successful
REPAY_LN000509_02,LN000509,2025-08-16,2025-08-16,3468.83,3333.33,135.5,0.0,successful
REPAY_LN000509_03,LN000509,2025-09-16,2025-09-16,3468.83,3333.33,135.5,0.0,successful
REPAY_LN000509_04,LN000509,2025-10-16,2025-10-16,3468.83,3333.33,135.5,0.0,successful
REPAY_LN000509_05,LN000509,2025-11-14,2025-11-14,3468.83,3333.33,135.5,0.0,successful
REPAY_LN000509_06,LN000509,2025-12-14,2025-12-14,3468.85,3333.35,135.5,0.0,successful
REPAY_LN000510_01,LN000510,2025-07-14,2025-07-14,915.41,833.33,82.08,0.0,successful
REPAY_LN000510_02_FAIL,LN000510,2025-08-18,2025-08-18,915.41,833.33,82.08,0.0,failed
REPAY_LN000510_03_FAIL,LN000510,2025-09-15,2025-09-15,915.41,833.33,82.08,0.0,failed
REPAY_LN000511_01,LN000511,2025-07-15,2025-07-15,475.0,416.67,58.33,0.0,successful
REPAY_LN000511_02,LN000511,2025-08-16,2025-08-16,475.0,416.67,58.33,0.0,successful
REPAY_LN000511_03,LN000511,2025-09-17,2025-09-17,475.0,416.67,58.33,0.0,successful
REPAY_LN000511_04,LN000511,2025-10-16,2025-10-16,475.0,416.67,58.33,0.0,successful
REPAY_LN000511_05,LN000511,2025-11-17,2025-11-17,475.0,416.67,58.33,0.0,successful
REPAY_LN000511_06,LN000511,2025-12-17,2025-12-17,475.0,416.67,58.33,0.0,successful
REPAY_LN000511_07,LN000511,2026-01-15,2026-01-15,475.0,416.67,58.33,0.0,successful
REPAY_LN000511_08,LN000511,2026-02-15,2026-02-15,475.0,416.67,58.33,0.0,successful
REPAY_LN000511_09,LN000511,2026-03-15,2026-03-15,475.0,416.67,58.33,0.0,successful
REPAY_LN000511_10,LN000511,2026-04-15,2026-04-15,475.0,416.67,58.33,0.0,successful
REPAY_LN000512_01,LN000512,2025-07-15,2025-07-15,1454.12,1250.0,204.12,0.0,successful
REPAY_LN000512_02,LN000512,2025-08-17,2025-08-17,1454.12,1250.0,204.12,0.0,successful
REPAY_LN000512_03,LN000512,2025-09-15,2025-09-15,1454.12,1250.0,204.12,0.0,successful
REPAY_LN000512_04,LN000512,2025-10-15,2025-10-15,1454.12,1250.0,204.12,0.0,successful
REPAY_LN000512_05,LN000512,2025-11-16,2025-11-16,1454.12,1250.0,204.12,0.0,successful
REPAY_LN000512_06,LN000512,2025-12-16,2025-12-16,1454.12,1250.0,204.12,0.0,successful
REPAY_LN000512_07,LN000512,2026-01-17,2026-01-17,1454.12,1250.0,204.12,0.0,successful
REPAY_LN000512_08,LN000512,2026-02-17,2026-02-17,1454.12,1250.0,204.12,0.0,successful
REPAY_LN000512_09,LN000512,2026-03-16,2026-03-16,1454.12,1250.0,204.12,0.0,successful
REPAY_LN000512_10,LN000512,2026-04-16,2026-04-16,1454.12,1250.0,204.12,0.0,successful
REPAY_LN000513_01,LN000513,2025-07-15,2025-07-15,483.53,333.33,150.2,0.0,successful
REPAY_LN000513_02,LN000513,2025-08-17,2025-08-17,483.53,333.33,150.2,0.0,successful
REPAY_LN000513_03,LN000513,2025-09-16,2025-09-16,483.53,333.33,150.2,0.0,successful
REPAY_LN000513_04,LN000513,2025-10-17,2025-10-17,483.53,333.33,150.2,0.0,successful
REPAY_LN000513_05,LN000513,2025-11-15,2025-11-15,483.53,333.33,150.2,0.0,successful
REPAY_LN000513_06,LN000513,2025-12-17,2025-12-17,483.53,333.33,150.2,0.0,successful
REPAY_LN000513_07,LN000513,2026-01-17,2026-01-17,483.53,333.33,150.2,0.0,successful
REPAY_LN000513_08_FAIL,LN000513,2026-02-19,2026-02-19,483.53,333.33,150.2,0.0,failed
REPAY_LN000513_09_FAIL,LN000513,2026-03-18,2026-03-18,483.53,333.33,150.2,0.0,failed
REPAY_LN000514_01,LN000514,2025-07-16,2025-07-16,821.4,666.67,154.73,0.0,successful
REPAY_LN000514_02,LN000514,2025-08-18,2025-08-18,821.4,666.67,154.73,0.0,successful
REPAY_LN000514_03,LN000514,2025-09-16,2025-09-16,821.4,666.67,154.73,0.0,successful
REPAY_LN000514_04,LN000514,2025-10-17,2025-10-17,821.4,666.67,154.73,0.0,successful
REPAY_LN000514_05,LN000514,2025-11-18,2025-11-18,821.4,666.67,154.73,0.0,successful
REPAY_LN000514_06,LN000514,2025-12-18,2025-12-18,821.4,666.67,154.73,0.0,successful
REPAY_LN000514_07,LN000514,2026-01-16,2026-01-16,821.4,666.67,154.73,0.0,successful
REPAY_LN000514_08,LN000514,2026-02-18,2026-02-18,821.4,666.67,154.73,0.0,successful
REPAY_LN000514_09,LN000514,2026-03-16,2026-03-16,821.4,666.67,154.73,0.0,successful
REPAY_LN000514_10,LN000514,2026-04-18,2026-04-18,821.4,666.67,154.73,0.0,successful
REPAY_LN000515_01,LN000515,2025-07-17,2025-07-17,412.28,277.78,134.5,0.0,successful
REPAY_LN000515_02,LN000515,2025-08-17,2025-08-17,412.28,277.78,134.5,0.0,successful
REPAY_LN000515_03,LN000515,2025-09-17,2025-09-17,412.28,277.78,134.5,0.0,successful
REPAY_LN000515_04,LN000515,2025-10-18,2025-10-18,412.28,277.78,134.5,0.0,successful
REPAY_LN000515_05,LN000515,2025-11-18,2025-11-18,412.28,277.78,134.5,0.0,successful
REPAY_LN000515_06,LN000515,2025-12-17,2025-12-17,412.28,277.78,134.5,0.0,successful
REPAY_LN000515_07,LN000515,2026-01-17,2026-01-17,412.28,277.78,134.5,0.0,successful
REPAY_LN000515_08,LN000515,2026-02-16,2026-02-16,412.28,277.78,134.5,0.0,successful
REPAY_LN000515_09,LN000515,2026-03-16,2026-03-16,412.28,277.78,134.5,0.0,successful
REPAY_LN000515_10,LN000515,2026-04-17,2026-04-17,412.28,277.78,134.5,0.0,successful
REPAY_LN000516_01,LN000516,2025-07-18,2025-07-18,1421.75,1250.0,171.75,0.0,successful
REPAY_LN000516_02,LN000516,2025-08-19,2025-08-19,1421.75,1250.0,171.75,0.0,successful
REPAY_LN000516_03,LN000516,2025-09-18,2025-09-18,1421.75,1250.0,171.75,0.0,successful
REPAY_LN000516_04,LN000516,2025-10-17,2025-10-17,1421.75,1250.0,171.75,0.0,successful
REPAY_LN000516_05,LN000516,2025-11-17,2025-11-17,1421.75,1250.0,171.75,0.0,successful
REPAY_LN000516_06,LN000516,2025-12-17,2025-12-17,1421.75,1250.0,171.75,0.0,successful
REPAY_LN000516_07,LN000516,2026-01-17,2026-01-17,1421.75,1250.0,171.75,0.0,successful
REPAY_LN000516_08,LN000516,2026-02-17,2026-02-17,1421.75,1250.0,171.75,0.0,successful
REPAY_LN000516_09,LN000516,2026-03-17,2026-03-17,1421.75,1250.0,171.75,0.0,successful
REPAY_LN000516_10,LN000516,2026-04-18,2026-04-18,1421.75,1250.0,171.75,0.0,successful
REPAY_LN000517_01,LN000517,2025-07-17,2025-07-17,813.34,666.67,146.67,0.0,successful
REPAY_LN000517_02,LN000517,2025-08-17,2025-08-17,813.34,666.67,146.67,0.0,successful
REPAY_LN000517_03,LN000517,2025-09-17,2025-09-17,813.34,666.67,146.67,0.0,successful
REPAY_LN000517_04,LN000517,2025-10-17,2025-10-17,813.34,666.67,146.67,0.0,successful
REPAY_LN000517_05,LN000517,2025-11-18,2025-11-18,813.34,666.67,146.67,0.0,successful
REPAY_LN000517_06,LN000517,2025-12-19,2025-12-19,813.34,666.67,146.67,0.0,successful
REPAY_LN000517_07,LN000517,2026-01-19,2026-01-19,813.34,666.67,146.67,0.0,successful
REPAY_LN000517_08,LN000517,2026-02-19,2026-02-19,813.34,666.67,146.67,0.0,successful
REPAY_LN000517_09,LN000517,2026-03-19,2026-03-19,813.34,666.67,146.67,0.0,successful
REPAY_LN000517_10,LN000517,2026-04-17,2026-04-17,813.34,666.67,146.67,0.0,successful
REPAY_LN000518_01,LN000518,2025-07-19,2025-07-19,555.75,416.67,139.08,0.0,successful
REPAY_LN000518_02,LN000518,2025-08-19,2025-08-19,555.75,416.67,139.08,0.0,successful
REPAY_LN000518_03,LN000518,2025-09-18,2025-09-18,555.75,416.67,139.08,0.0,successful
REPAY_LN000518_04,LN000518,2025-10-18,2025-10-18,555.75,416.67,139.08,0.0,successful
REPAY_LN000518_05,LN000518,2025-11-18,2025-11-18,555.75,416.67,139.08,0.0,successful
REPAY_LN000518_06,LN000518,2025-12-17,2025-12-17,555.75,416.67,139.08,0.0,successful
REPAY_LN000518_07,LN000518,2026-01-17,2026-01-17,555.75,416.67,139.08,0.0,successful
REPAY_LN000518_08,LN000518,2026-02-17,2026-02-17,555.75,416.67,139.08,0.0,successful
REPAY_LN000518_09_FAIL,LN000518,2026-03-21,2026-03-21,555.75,416.67,139.08,0.0,failed
REPAY_LN000518_10_FAIL,LN000518,2026-04-19,2026-04-19,555.75,416.67,139.08,0.0,failed
REPAY_LN000519_01,LN000519,2025-07-20,2025-07-20,333.49,277.78,55.71,0.0,successful
REPAY_LN000519_02,LN000519,2025-08-19,2025-08-19,333.49,277.78,55.71,0.0,successful
REPAY_LN000519_03,LN000519,2025-09-18,2025-09-18,333.49,277.78,55.71,0.0,successful
REPAY_LN000519_04,LN000519,2025-10-19,2025-10-19,333.49,277.78,55.71,0.0,successful
REPAY_LN000519_05,LN000519,2025-11-20,2025-11-20,333.49,277.78,55.71,0.0,successful
REPAY_LN000519_06,LN000519,2025-12-18,2025-12-18,333.49,277.78,55.71,0.0,successful
REPAY_LN000519_07,LN000519,2026-01-20,2026-01-20,333.49,277.78,55.71,0.0,successful
REPAY_LN000519_08,LN000519,2026-02-20,2026-02-20,333.49,277.78,55.71,0.0,successful
REPAY_LN000519_09,LN000519,2026-03-18,2026-03-18,333.49,277.78,55.71,0.0,successful
REPAY_LN000519_10,LN000519,2026-04-20,2026-04-20,333.49,277.78,55.71,0.0,successful
REPAY_LN000520_01,LN000520,2025-07-19,2025-07-19,805.67,666.67,139.0,0.0,successful
REPAY_LN000520_02,LN000520,2025-08-20,2025-08-20,805.67,666.67,139.0,0.0,successful
REPAY_LN000520_03,LN000520,2025-09-20,2025-09-20,805.67,666.67,139.0,0.0,successful
REPAY_LN000520_04,LN000520,2025-10-20,2025-10-20,805.67,666.67,139.0,0.0,successful
REPAY_LN000520_05,LN000520,2025-11-19,2025-11-19,805.67,666.67,139.0,0.0,successful
REPAY_LN000520_06,LN000520,2025-12-20,2025-12-20,805.67,666.67,139.0,0.0,successful
REPAY_LN000520_07,LN000520,2026-01-20,2026-01-20,805.67,666.67,139.0,0.0,successful
REPAY_LN000520_08,LN000520,2026-02-19,2026-02-19,805.67,666.67,139.0,0.0,successful
REPAY_LN000520_09,LN000520,2026-03-18,2026-03-18,805.67,666.67,139.0,0.0,successful
REPAY_LN000520_10,LN000520,2026-04-18,2026-04-18,805.67,666.67,139.0,0.0,successful
REPAY_LN000521_01,LN000521,2025-07-18,2025-07-18,587.3,416.67,170.63,0.0,successful
REPAY_LN000521_02,LN000521,2025-08-20,2025-08-20,587.3,416.67,170.63,0.0,successful
REPAY_LN000521_03,LN000521,2025-09-18,2025-09-18,587.3,416.67,170.63,0.0,successful
REPAY_LN000521_04,LN000521,2025-10-19,2025-10-19,587.3,416.67,170.63,0.0,successful
REPAY_LN000521_05,LN000521,2025-11-20,2025-11-20,587.3,416.67,170.63,0.0,successful
REPAY_LN000521_06,LN000521,2025-12-20,2025-12-20,587.3,416.67,170.63,0.0,successful
REPAY_LN000521_07,LN000521,2026-01-20,2026-01-20,587.3,416.67,170.63,0.0,successful
REPAY_LN000521_08,LN000521,2026-02-18,2026-02-18,587.3,416.67,170.63,0.0,successful
REPAY_LN000521_09,LN000521,2026-03-18,2026-03-18,587.3,416.67,170.63,0.0,successful
REPAY_LN000521_10,LN000521,2026-04-18,2026-04-18,587.3,416.67,170.63,0.0,successful
REPAY_LN000522_01,LN000522,2025-07-21,2025-07-21,609.29,416.67,192.62,0.0,successful
REPAY_LN000522_02,LN000522,2025-08-20,2025-08-20,609.29,416.67,192.62,0.0,successful
REPAY_LN000522_03,LN000522,2025-09-21,2025-09-21,609.29,416.67,192.62,0.0,successful
REPAY_LN000522_04,LN000522,2025-10-20,2025-10-20,609.29,416.67,192.62,0.0,successful
REPAY_LN000522_05,LN000522,2025-11-21,2025-11-21,609.29,416.67,192.62,0.0,successful
REPAY_LN000522_06,LN000522,2025-12-20,2025-12-20,609.29,416.67,192.62,0.0,successful
REPAY_LN000522_07,LN000522,2026-01-21,2026-01-21,609.29,416.67,192.62,0.0,successful
REPAY_LN000522_08,LN000522,2026-02-21,2026-02-21,609.29,416.67,192.62,0.0,successful
REPAY_LN000522_09,LN000522,2026-03-20,2026-03-20,609.29,416.67,192.62,0.0,successful
REPAY_LN000522_10,LN000522,2026-04-20,2026-04-20,609.29,416.67,192.62,0.0,successful
REPAY_LN000523_01,LN000523,2025-07-20,2025-07-20,1404.5,1250.0,154.5,0.0,successful
REPAY_LN000523_02,LN000523,2025-08-20,2025-08-20,1404.5,1250.0,154.5,0.0,successful
REPAY_LN000523_03,LN000523,2025-09-20,2025-09-20,1404.5,1250.0,154.5,0.0,successful
REPAY_LN000523_04,LN000523,2025-10-20,2025-10-20,1404.5,1250.0,154.5,0.0,successful
REPAY_LN000523_05,LN000523,2025-11-21,2025-11-21,1404.5,1250.0,154.5,0.0,successful
REPAY_LN000523_06,LN000523,2025-12-20,2025-12-20,1404.5,1250.0,154.5,0.0,successful
REPAY_LN000523_07,LN000523,2026-01-20,2026-01-20,1404.5,1250.0,154.5,0.0,successful
REPAY_LN000523_08,LN000523,2026-02-21,2026-02-21,1404.5,1250.0,154.5,0.0,successful
REPAY_LN000523_09_FAIL,LN000523,2026-03-22,2026-03-22,1404.5,1250.0,154.5,0.0,failed
REPAY_LN000523_10_FAIL,LN000523,2026-04-20,2026-04-20,1404.5,1250.0,154.5,0.0,failed
REPAY_LN000524_01,LN000524,2025-07-19,2025-07-19,1125.83,833.33,292.5,0.0,successful
REPAY_LN000524_02,LN000524,2025-08-20,2025-08-20,1125.83,833.33,292.5,0.0,successful
REPAY_LN000524_03,LN000524,2025-09-20,2025-09-20,1125.83,833.33,292.5,0.0,successful
REPAY_LN000524_04,LN000524,2025-10-19,2025-10-19,1125.83,833.33,292.5,0.0,successful
REPAY_LN000524_05,LN000524,2025-11-19,2025-11-19,1125.83,833.33,292.5,0.0,successful
REPAY_LN000524_06,LN000524,2025-12-20,2025-12-20,1125.83,833.33,292.5,0.0,successful
REPAY_LN000524_07,LN000524,2026-01-19,2026-01-19,1125.83,833.33,292.5,0.0,successful
REPAY_LN000524_08,LN000524,2026-02-20,2026-02-20,1125.83,833.33,292.5,0.0,successful
REPAY_LN000524_09,LN000524,2026-03-21,2026-03-21,1125.83,833.33,292.5,0.0,successful
REPAY_LN000524_10,LN000524,2026-04-21,2026-04-21,1125.83,833.33,292.5,0.0,successful
REPAY_LN000525_01,LN000525,2025-07-19,2025-07-19,298.55,222.22,76.33,0.0,successful
REPAY_LN000525_02,LN000525,2025-08-21,2025-08-21,298.55,222.22,76.33,0.0,successful
REPAY_LN000525_03,LN000525,2025-09-21,2025-09-21,298.55,222.22,76.33,0.0,successful
REPAY_LN000525_04,LN000525,2025-10-21,2025-10-21,298.55,222.22,76.33,0.0,successful
REPAY_LN000525_05,LN000525,2025-11-21,2025-11-21,298.55,222.22,76.33,0.0,successful
REPAY_LN000525_06,LN000525,2025-12-20,2025-12-20,298.55,222.22,76.33,0.0,successful
REPAY_LN000525_07,LN000525,2026-01-20,2026-01-20,298.55,222.22,76.33,0.0,successful
REPAY_LN000525_08,LN000525,2026-02-19,2026-02-19,298.55,222.22,76.33,0.0,successful
REPAY_LN000525_09,LN000525,2026-03-21,2026-03-21,298.55,222.22,76.33,0.0,successful
REPAY_LN000525_10,LN000525,2026-04-21,2026-04-21,298.55,222.22,76.33,0.0,successful
REPAY_LN000526_01,LN000526,2025-07-22,2025-07-22,616.59,416.67,199.92,0.0,successful
REPAY_LN000526_02,LN000526,2025-08-20,2025-08-20,616.59,416.67,199.92,0.0,successful
REPAY_LN000526_03,LN000526,2025-09-21,2025-09-21,616.59,416.67,199.92,0.0,successful
REPAY_LN000526_04,LN000526,2025-10-22,2025-10-22,616.59,416.67,199.92,0.0,successful
REPAY_LN000526_05,LN000526,2025-11-21,2025-11-21,616.59,416.67,199.92,0.0,successful
REPAY_LN000526_06,LN000526,2025-12-20,2025-12-20,616.59,416.67,199.92,0.0,successful
REPAY_LN000526_07,LN000526,2026-01-21,2026-01-21,616.59,416.67,199.92,0.0,successful
REPAY_LN000526_08,LN000526,2026-02-22,2026-02-22,616.59,416.67,199.92,0.0,successful
REPAY_LN000526_09,LN000526,2026-03-21,2026-03-21,616.59,416.67,199.92,0.0,successful
REPAY_LN000526_10,LN000526,2026-04-21,2026-04-21,616.59,416.67,199.92,0.0,successful
REPAY_LN000527_01,LN000527,2025-07-20,2025-07-20,945.5,833.33,112.17,0.0,successful
REPAY_LN000527_02,LN000527,2025-08-20,2025-08-20,945.5,833.33,112.17,0.0,successful
REPAY_LN000527_03,LN000527,2025-09-20,2025-09-20,945.5,833.33,112.17,0.0,successful
REPAY_LN000527_04,LN000527,2025-10-21,2025-10-21,945.5,833.33,112.17,0.0,successful
REPAY_LN000527_05_FAIL,LN000527,2025-11-22,2025-11-22,945.5,833.33,112.17,0.0,failed
REPAY_LN000527_06_FAIL,LN000527,2025-12-24,2025-12-24,945.5,833.33,112.17,0.0,failed
REPAY_LN000528_01,LN000528,2025-07-21,2025-07-21,1810.92,1666.67,144.25,0.0,successful
REPAY_LN000528_02,LN000528,2025-08-21,2025-08-21,1810.92,1666.67,144.25,0.0,successful
REPAY_LN000528_03,LN000528,2025-09-23,2025-09-23,1810.92,1666.67,144.25,0.0,successful
REPAY_LN000528_04,LN000528,2025-10-23,2025-10-23,1810.92,1666.67,144.25,0.0,successful
REPAY_LN000528_05,LN000528,2025-11-21,2025-11-21,1810.92,1666.67,144.25,0.0,successful
REPAY_LN000528_06,LN000528,2025-12-22,2025-12-22,1810.9,1666.65,144.25,0.0,successful
REPAY_LN000529_01,LN000529,2025-07-21,2025-07-21,173.64,138.89,34.75,0.0,successful
REPAY_LN000529_02,LN000529,2025-08-22,2025-08-22,173.64,138.89,34.75,0.0,successful
REPAY_LN000529_03,LN000529,2025-09-22,2025-09-22,173.64,138.89,34.75,0.0,successful
REPAY_LN000529_04,LN000529,2025-10-23,2025-10-23,173.64,138.89,34.75,0.0,successful
REPAY_LN000529_05,LN000529,2025-11-21,2025-11-21,173.64,138.89,34.75,0.0,successful
REPAY_LN000529_06,LN000529,2025-12-21,2025-12-21,173.64,138.89,34.75,0.0,successful
REPAY_LN000529_07,LN000529,2026-01-22,2026-01-22,173.64,138.89,34.75,0.0,successful
REPAY_LN000529_08,LN000529,2026-02-21,2026-02-21,173.64,138.89,34.75,0.0,successful
REPAY_LN000529_09,LN000529,2026-03-23,2026-03-23,173.64,138.89,34.75,0.0,successful
REPAY_LN000529_10,LN000529,2026-04-23,2026-04-23,173.64,138.89,34.75,0.0,successful
REPAY_LN000530_01,LN000530,2025-07-22,2025-07-22,511.63,416.67,94.96,0.0,successful
REPAY_LN000530_02,LN000530,2025-08-22,2025-08-22,511.63,416.67,94.96,0.0,successful
REPAY_LN000530_03,LN000530,2025-09-24,2025-09-24,511.63,416.67,94.96,0.0,successful
REPAY_LN000530_04,LN000530,2025-10-22,2025-10-22,511.63,416.67,94.96,0.0,successful
REPAY_LN000530_05,LN000530,2025-11-23,2025-11-23,511.63,416.67,94.96,0.0,successful
REPAY_LN000530_06,LN000530,2025-12-22,2025-12-22,511.63,416.67,94.96,0.0,successful
REPAY_LN000530_07,LN000530,2026-01-23,2026-01-23,511.63,416.67,94.96,0.0,successful
REPAY_LN000530_08,LN000530,2026-02-22,2026-02-22,511.63,416.67,94.96,0.0,successful
REPAY_LN000530_09,LN000530,2026-03-22,2026-03-22,511.63,416.67,94.96,0.0,successful
REPAY_LN000530_10,LN000530,2026-04-24,2026-04-24,511.63,416.67,94.96,0.0,successful
REPAY_LN000531_01,LN000531,2025-07-23,2025-07-23,1460.8,1333.33,127.47,0.0,successful
REPAY_LN000531_02,LN000531,2025-08-24,2025-08-24,1460.8,1333.33,127.47,0.0,successful
REPAY_LN000531_03,LN000531,2025-09-22,2025-09-22,1460.8,1333.33,127.47,0.0,successful
REPAY_LN000531_04,LN000531,2025-10-24,2025-10-24,1460.8,1333.33,127.47,0.0,successful
REPAY_LN000531_05,LN000531,2025-11-22,2025-11-22,1460.8,1333.33,127.47,0.0,successful
REPAY_LN000531_06,LN000531,2025-12-22,2025-12-22,1460.82,1333.35,127.47,0.0,successful
REPAY_LN000532_01,LN000532,2025-07-22,2025-07-22,259.25,208.33,50.92,0.0,successful
REPAY_LN000532_02,LN000532,2025-08-23,2025-08-23,259.25,208.33,50.92,0.0,successful
REPAY_LN000532_03,LN000532,2025-09-23,2025-09-23,259.25,208.33,50.92,0.0,successful
REPAY_LN000532_04,LN000532,2025-10-23,2025-10-23,259.25,208.33,50.92,0.0,successful
REPAY_LN000532_05,LN000532,2025-11-24,2025-11-24,259.25,208.33,50.92,0.0,successful
REPAY_LN000532_06,LN000532,2025-12-22,2025-12-22,259.25,208.33,50.92,0.0,successful
REPAY_LN000532_07,LN000532,2026-01-24,2026-01-24,259.25,208.33,50.92,0.0,successful
REPAY_LN000532_08,LN000532,2026-02-24,2026-02-24,259.25,208.33,50.92,0.0,successful
REPAY_LN000532_09,LN000532,2026-03-22,2026-03-22,259.25,208.33,50.92,0.0,successful
REPAY_LN000532_10,LN000532,2026-04-24,2026-04-24,259.25,208.33,50.92,0.0,successful
REPAY_LN000533_01,LN000533,2025-07-23,2025-07-23,3717.5,3333.33,384.17,0.0,successful
REPAY_LN000533_02,LN000533,2025-08-23,2025-08-23,3717.5,3333.33,384.17,0.0,successful
REPAY_LN000533_03,LN000533,2025-09-23,2025-09-23,3717.5,3333.33,384.17,0.0,successful
REPAY_LN000533_04,LN000533,2025-10-23,2025-10-23,3717.5,3333.33,384.17,0.0,successful
REPAY_LN000533_05,LN000533,2025-11-25,2025-11-25,3717.5,3333.33,384.17,0.0,successful
REPAY_LN000533_06,LN000533,2025-12-25,2025-12-25,3717.52,3333.35,384.17,0.0,successful
REPAY_LN000534_01,LN000534,2025-07-24,2025-07-24,994.83,833.33,161.5,0.0,successful
REPAY_LN000534_02,LN000534,2025-08-25,2025-08-25,994.83,833.33,161.5,0.0,successful
REPAY_LN000534_03,LN000534,2025-09-25,2025-09-25,994.83,833.33,161.5,0.0,successful
REPAY_LN000534_04,LN000534,2025-10-24,2025-10-24,994.83,833.33,161.5,0.0,successful
REPAY_LN000534_05,LN000534,2025-11-23,2025-11-23,994.83,833.33,161.5,0.0,successful
REPAY_LN000534_06,LN000534,2025-12-23,2025-12-23,994.83,833.33,161.5,0.0,successful
REPAY_LN000534_07_FAIL,LN000534,2026-01-24,2026-01-24,994.83,833.33,161.5,0.0,failed
REPAY_LN000534_08_FAIL,LN000534,2026-02-27,2026-02-27,994.83,833.33,161.5,0.0,failed
REPAY_LN000535_01,LN000535,2025-07-25,2025-07-25,1779.5,1250.0,529.5,0.0,successful
REPAY_LN000535_02,LN000535,2025-08-26,2025-08-26,1779.5,1250.0,529.5,0.0,successful
REPAY_LN000535_03,LN000535,2025-09-26,2025-09-26,1779.5,1250.0,529.5,0.0,successful
REPAY_LN000535_04,LN000535,2025-10-26,2025-10-26,1779.5,1250.0,529.5,0.0,successful
REPAY_LN000535_05,LN000535,2025-11-26,2025-11-26,1779.5,1250.0,529.5,0.0,successful
REPAY_LN000535_06,LN000535,2025-12-25,2025-12-25,1779.5,1250.0,529.5,0.0,successful
REPAY_LN000535_07,LN000535,2026-01-26,2026-01-26,1779.5,1250.0,529.5,0.0,successful
REPAY_LN000535_08,LN000535,2026-02-24,2026-02-24,1779.5,1250.0,529.5,0.0,successful
REPAY_LN000535_09,LN000535,2026-03-25,2026-03-25,1779.5,1250.0,529.5,0.0,successful
REPAY_LN000535_10,LN000535,2026-04-25,2026-04-25,1779.5,1250.0,529.5,0.0,successful
REPAY_LN000536_01,LN000536,2025-07-24,2025-07-24,375.32,277.78,97.54,0.0,successful
REPAY_LN000536_02,LN000536,2025-08-24,2025-08-24,375.32,277.78,97.54,0.0,successful
REPAY_LN000536_03,LN000536,2025-09-26,2025-09-26,375.32,277.78,97.54,0.0,successful
REPAY_LN000536_04,LN000536,2025-10-24,2025-10-24,375.32,277.78,97.54,0.0,successful
REPAY_LN000536_05,LN000536,2025-11-25,2025-11-25,375.32,277.78,97.54,0.0,successful
REPAY_LN000536_06,LN000536,2025-12-25,2025-12-25,375.32,277.78,97.54,0.0,successful
REPAY_LN000536_07,LN000536,2026-01-25,2026-01-25,375.32,277.78,97.54,0.0,successful
REPAY_LN000536_08,LN000536,2026-02-26,2026-02-26,375.32,277.78,97.54,0.0,successful
REPAY_LN000536_09,LN000536,2026-03-26,2026-03-26,375.32,277.78,97.54,0.0,successful
REPAY_LN000536_10,LN000536,2026-04-24,2026-04-24,375.32,277.78,97.54,0.0,successful
REPAY_LN000537_01,LN000537,2025-07-26,2025-07-26,1869.92,1666.67,203.25,0.0,successful
REPAY_LN000537_02,LN000537,2025-08-26,2025-08-26,1869.92,1666.67,203.25,0.0,successful
REPAY_LN000537_03,LN000537,2025-09-25,2025-09-25,1869.92,1666.67,203.25,0.0,successful
REPAY_LN000537_04,LN000537,2025-10-25,2025-10-25,1869.92,1666.67,203.25,0.0,successful
REPAY_LN000537_05,LN000537,2025-11-24,2025-11-24,1869.92,1666.67,203.25,0.0,successful
REPAY_LN000537_06,LN000537,2025-12-25,2025-12-25,1869.92,1666.67,203.25,0.0,successful
REPAY_LN000537_07,LN000537,2026-01-26,2026-01-26,1869.92,1666.67,203.25,0.0,successful
REPAY_LN000537_08,LN000537,2026-02-24,2026-02-24,1869.92,1666.67,203.25,0.0,successful
REPAY_LN000537_09,LN000537,2026-03-24,2026-03-24,1869.92,1666.67,203.25,0.0,successful
REPAY_LN000537_10,LN000537,2026-04-25,2026-04-25,1869.92,1666.67,203.25,0.0,successful
REPAY_LN000538_01,LN000538,2025-07-26,2025-07-26,245.12,208.33,36.79,0.0,successful
REPAY_LN000538_02,LN000538,2025-08-26,2025-08-26,245.12,208.33,36.79,0.0,successful
REPAY_LN000538_03,LN000538,2025-09-25,2025-09-25,245.12,208.33,36.79,0.0,successful
REPAY_LN000538_04,LN000538,2025-10-26,2025-10-26,245.12,208.33,36.79,0.0,successful
REPAY_LN000538_05,LN000538,2025-11-27,2025-11-27,245.12,208.33,36.79,0.0,successful
REPAY_LN000538_06,LN000538,2025-12-25,2025-12-25,245.12,208.33,36.79,0.0,successful
REPAY_LN000538_07,LN000538,2026-01-26,2026-01-26,245.12,208.33,36.79,0.0,successful
REPAY_LN000538_08,LN000538,2026-02-27,2026-02-27,245.12,208.33,36.79,0.0,successful
REPAY_LN000538_09,LN000538,2026-03-27,2026-03-27,245.12,208.33,36.79,0.0,successful
REPAY_LN000538_10,LN000538,2026-04-26,2026-04-26,245.12,208.33,36.79,0.0,successful
REPAY_LN000539_01,LN000539,2025-07-27,2025-07-27,680.81,555.56,125.25,0.0,successful
REPAY_LN000539_02,LN000539,2025-08-25,2025-08-25,680.81,555.56,125.25,0.0,successful
REPAY_LN000539_03,LN000539,2025-09-25,2025-09-25,680.81,555.56,125.25,0.0,successful
REPAY_LN000539_04,LN000539,2025-10-27,2025-10-27,680.81,555.56,125.25,0.0,successful
REPAY_LN000539_05,LN000539,2025-11-25,2025-11-25,680.81,555.56,125.25,0.0,successful
REPAY_LN000539_06,LN000539,2025-12-26,2025-12-26,680.81,555.56,125.25,0.0,successful
REPAY_LN000539_07,LN000539,2026-01-27,2026-01-27,680.81,555.56,125.25,0.0,successful
REPAY_LN000539_08,LN000539,2026-02-25,2026-02-25,680.81,555.56,125.25,0.0,successful
REPAY_LN000539_09,LN000539,2026-03-26,2026-03-26,680.81,555.56,125.25,0.0,successful
REPAY_LN000539_10,LN000539,2026-04-26,2026-04-26,680.81,555.56,125.25,0.0,successful
REPAY_LN000540_01,LN000540,2025-07-26,2025-07-26,403.06,333.33,69.73,0.0,successful
REPAY_LN000540_02,LN000540,2025-08-26,2025-08-26,403.06,333.33,69.73,0.0,successful
REPAY_LN000540_03,LN000540,2025-09-26,2025-09-26,403.06,333.33,69.73,0.0,successful
REPAY_LN000540_04,LN000540,2025-10-26,2025-10-26,403.06,333.33,69.73,0.0,successful
REPAY_LN000540_05,LN000540,2025-11-27,2025-11-27,403.06,333.33,69.73,0.0,successful
REPAY_LN000540_06,LN000540,2025-12-25,2025-12-25,403.06,333.33,69.73,0.0,successful
REPAY_LN000540_07,LN000540,2026-01-25,2026-01-25,403.06,333.33,69.73,0.0,successful
REPAY_LN000540_08,LN000540,2026-02-25,2026-02-25,403.06,333.33,69.73,0.0,successful
REPAY_LN000540_09_FAIL,LN000540,2026-03-27,2026-03-27,403.06,333.33,69.73,0.0,failed
REPAY_LN000540_10_FAIL,LN000540,2026-04-29,2026-04-29,403.06,333.33,69.73,0.0,failed
REPAY_LN000541_01,LN000541,2025-07-28,2025-07-28,3539.16,3333.33,205.83,0.0,successful
REPAY_LN000541_02,LN000541,2025-08-26,2025-08-26,3539.16,3333.33,205.83,0.0,successful
REPAY_LN000541_03,LN000541,2025-09-28,2025-09-28,3539.16,3333.33,205.83,0.0,successful
REPAY_LN000541_04,LN000541,2025-10-26,2025-10-26,3539.16,3333.33,205.83,0.0,successful
REPAY_LN000541_05,LN000541,2025-11-27,2025-11-27,3539.16,3333.33,205.83,0.0,successful
REPAY_LN000541_06,LN000541,2025-12-26,2025-12-26,3539.18,3333.35,205.83,0.0,successful
REPAY_LN000542_01,LN000542,2025-07-26,2025-07-26,1231.61,1111.11,120.5,0.0,successful
REPAY_LN000542_02,LN000542,2025-08-28,2025-08-28,1231.61,1111.11,120.5,0.0,successful
REPAY_LN000542_03,LN000542,2025-09-27,2025-09-27,1231.61,1111.11,120.5,0.0,successful
REPAY_LN000542_04,LN000542,2025-10-28,2025-10-28,1231.61,1111.11,120.5,0.0,successful
REPAY_LN000542_05_FAIL,LN000542,2025-11-27,2025-11-27,1231.61,1111.11,120.5,0.0,failed
REPAY_LN000542_06_FAIL,LN000542,2025-12-28,2025-12-28,1231.61,1111.11,120.5,0.0,failed
REPAY_LN000543_01,LN000543,2025-07-28,2025-07-28,707.23,555.56,151.67,0.0,successful
REPAY_LN000543_02,LN000543,2025-08-27,2025-08-27,707.23,555.56,151.67,0.0,successful
REPAY_LN000543_03,LN000543,2025-09-26,2025-09-26,707.23,555.56,151.67,0.0,successful
REPAY_LN000543_04,LN000543,2025-10-27,2025-10-27,707.23,555.56,151.67,0.0,successful
REPAY_LN000543_05,LN000543,2025-11-26,2025-11-26,707.23,555.56,151.67,0.0,successful
REPAY_LN000543_06,LN000543,2025-12-28,2025-12-28,707.23,555.56,151.67,0.0,successful
REPAY_LN000543_07,LN000543,2026-01-27,2026-01-27,707.23,555.56,151.67,0.0,successful
REPAY_LN000543_08,LN000543,2026-02-28,2026-02-28,707.23,555.56,151.67,0.0,successful
REPAY_LN000543_09,LN000543,2026-03-26,2026-03-26,707.23,555.56,151.67,0.0,successful
REPAY_LN000543_10,LN000543,2026-04-26,2026-04-26,707.23,555.56,151.67,0.0,successful
REPAY_LN000544_01,LN000544,2025-07-28,2025-07-28,350.9,277.78,73.12,0.0,successful
REPAY_LN000544_02,LN000544,2025-08-28,2025-08-28,350.9,277.78,73.12,0.0,successful
REPAY_LN000544_03,LN000544,2025-09-26,2025-09-26,350.9,277.78,73.12,0.0,successful
REPAY_LN000544_04,LN000544,2025-10-28,2025-10-28,350.9,277.78,73.12,0.0,successful
REPAY_LN000544_05,LN000544,2025-11-26,2025-11-26,350.9,277.78,73.12,0.0,successful
REPAY_LN000544_06,LN000544,2025-12-28,2025-12-28,350.9,277.78,73.12,0.0,successful
REPAY_LN000544_07,LN000544,2026-01-26,2026-01-26,350.9,277.78,73.12,0.0,successful
REPAY_LN000544_08,LN000544,2026-02-26,2026-02-26,350.9,277.78,73.12,0.0,successful
REPAY_LN000544_09,LN000544,2026-03-27,2026-03-27,350.9,277.78,73.12,0.0,successful
REPAY_LN000544_10,LN000544,2026-04-26,2026-04-26,350.9,277.78,73.12,0.0,successful
REPAY_LN000545_01,LN000545,2025-07-28,2025-07-28,816.47,666.67,149.8,0.0,successful
REPAY_LN000545_02,LN000545,2025-08-29,2025-08-29,816.47,666.67,149.8,0.0,successful
REPAY_LN000545_03_FAIL,LN000545,2025-09-30,2025-09-30,816.47,666.67,149.8,0.0,failed
REPAY_LN000545_04_FAIL,LN000545,2025-10-28,2025-10-28,816.47,666.67,149.8,0.0,failed
REPAY_LN000546_01,LN000546,2025-07-29,2025-07-29,1386.93,1333.33,53.6,0.0,successful
REPAY_LN000546_02,LN000546,2025-08-29,2025-08-29,1386.93,1333.33,53.6,0.0,successful
REPAY_LN000546_03,LN000546,2025-09-27,2025-09-27,1386.93,1333.33,53.6,0.0,successful
REPAY_LN000546_04,LN000546,2025-10-28,2025-10-28,1386.93,1333.33,53.6,0.0,successful
REPAY_LN000546_05,LN000546,2025-11-28,2025-11-28,1386.93,1333.33,53.6,0.0,successful
REPAY_LN000546_06,LN000546,2025-12-27,2025-12-27,1386.95,1333.35,53.6,0.0,successful
REPAY_LN000547_01,LN000547,2025-07-27,2025-07-27,259.33,208.33,51.0,0.0,successful
REPAY_LN000547_02,LN000547,2025-08-27,2025-08-27,259.33,208.33,51.0,0.0,successful
REPAY_LN000547_03,LN000547,2025-09-27,2025-09-27,259.33,208.33,51.0,0.0,successful
REPAY_LN000547_04,LN000547,2025-10-27,2025-10-27,259.33,208.33,51.0,0.0,successful
REPAY_LN000547_05,LN000547,2025-11-27,2025-11-27,259.33,208.33,51.0,0.0,successful
REPAY_LN000547_06,LN000547,2025-12-29,2025-12-29,259.33,208.33,51.0,0.0,successful
REPAY_LN000547_07,LN000547,2026-01-29,2026-01-29,259.33,208.33,51.0,0.0,successful
REPAY_LN000547_08,LN000547,2026-03-01,2026-03-01,259.33,208.33,51.0,0.0,successful
REPAY_LN000547_09,LN000547,2026-03-28,2026-03-28,259.33,208.33,51.0,0.0,successful
REPAY_LN000547_10,LN000547,2026-04-27,2026-04-27,259.33,208.33,51.0,0.0,successful
REPAY_LN000548_01,LN000548,2025-07-28,2025-07-28,741.14,666.67,74.47,0.0,successful
REPAY_LN000548_02,LN000548,2025-08-30,2025-08-30,741.14,666.67,74.47,0.0,successful
REPAY_LN000548_03,LN000548,2025-09-29,2025-09-29,741.14,666.67,74.47,0.0,successful
REPAY_LN000548_04,LN000548,2025-10-30,2025-10-30,741.14,666.67,74.47,0.0,successful
REPAY_LN000548_05,LN000548,2025-11-28,2025-11-28,741.14,666.67,74.47,0.0,successful
REPAY_LN000548_06,LN000548,2025-12-28,2025-12-28,741.14,666.67,74.47,0.0,successful
REPAY_LN000548_07,LN000548,2026-01-30,2026-01-30,741.14,666.67,74.47,0.0,successful
REPAY_LN000548_08,LN000548,2026-03-02,2026-03-02,741.14,666.67,74.47,0.0,successful
REPAY_LN000548_09,LN000548,2026-03-28,2026-03-28,741.14,666.67,74.47,0.0,successful
REPAY_LN000548_10,LN000548,2026-04-30,2026-04-30,741.14,666.67,74.47,0.0,successful
REPAY_LN000549_01,LN000549,2025-07-29,2025-07-29,1211.0,833.33,377.67,0.0,successful
REPAY_LN000549_02,LN000549,2025-08-28,2025-08-28,1211.0,833.33,377.67,0.0,successful
REPAY_LN000549_03,LN000549,2025-09-29,2025-09-29,1211.0,833.33,377.67,0.0,successful
REPAY_LN000549_04,LN000549,2025-10-30,2025-10-30,1211.0,833.33,377.67,0.0,successful
REPAY_LN000549_05,LN000549,2025-11-29,2025-11-29,1211.0,833.33,377.67,0.0,successful
REPAY_LN000549_06_FAIL,LN000549,2026-01-01,2026-01-01,1211.0,833.33,377.67,0.0,failed
REPAY_LN000549_07_FAIL,LN000549,2026-02-01,2026-02-01,1211.0,833.33,377.67,0.0,failed
REPAY_LN000550_01,LN000550,2025-07-31,2025-07-31,1345.75,1250.0,95.75,0.0,successful
REPAY_LN000550_02,LN000550,2025-08-30,2025-08-30,1345.75,1250.0,95.75,0.0,successful
REPAY_LN000550_03,LN000550,2025-09-30,2025-09-30,1345.75,1250.0,95.75,0.0,successful
REPAY_LN000550_04,LN000550,2025-10-30,2025-10-30,1345.75,1250.0,95.75,0.0,successful
REPAY_LN000550_05,LN000550,2025-11-29,2025-11-29,1345.75,1250.0,95.75,0.0,successful
REPAY_LN000550_06,LN000550,2025-12-30,2025-12-30,1345.75,1250.0,95.75,0.0,successful
REPAY_LN000550_07,LN000550,2026-01-31,2026-01-31,1345.75,1250.0,95.75,0.0,successful
REPAY_LN000550_08,LN000550,2026-03-02,2026-03-02,1345.75,1250.0,95.75,0.0,successful
REPAY_LN000550_09,LN000550,2026-03-29,2026-03-29,1345.75,1250.0,95.75,0.0,successful
REPAY_LN000550_10,LN000550,2026-04-29,2026-04-29,1345.75,1250.0,95.75,0.0,successful
REPAY_LN000551_01,LN000551,2025-07-31,2025-07-31,1818.09,1666.67,151.42,0.0,successful
REPAY_LN000551_02,LN000551,2025-08-30,2025-08-30,1818.09,1666.67,151.42,0.0,successful
REPAY_LN000551_03,LN000551,2025-10-01,2025-10-01,1818.09,1666.67,151.42,0.0,successful
REPAY_LN000551_04,LN000551,2025-10-29,2025-10-29,1818.09,1666.67,151.42,0.0,successful
REPAY_LN000551_05,LN000551,2025-11-29,2025-11-29,1818.09,1666.67,151.42,0.0,successful
REPAY_LN000551_06,LN000551,2025-12-31,2025-12-31,1818.07,1666.65,151.42,0.0,successful
REPAY_LN000552_01,LN000552,2025-07-30,2025-07-30,1263.28,1111.11,152.17,0.0,successful
REPAY_LN000552_02,LN000552,2025-08-30,2025-08-30,1263.28,1111.11,152.17,0.0,successful
REPAY_LN000552_03,LN000552,2025-09-29,2025-09-29,1263.28,1111.11,152.17,0.0,successful
REPAY_LN000552_04,LN000552,2025-10-31,2025-10-31,1263.28,1111.11,152.17,0.0,successful
REPAY_LN000552_05,LN000552,2025-12-01,2025-12-01,1263.28,1111.11,152.17,0.0,successful
REPAY_LN000552_06,LN000552,2025-12-29,2025-12-29,1263.28,1111.11,152.17,0.0,successful
REPAY_LN000552_07,LN000552,2026-01-31,2026-01-31,1263.28,1111.11,152.17,0.0,successful
REPAY_LN000552_08,LN000552,2026-02-28,2026-02-28,1263.28,1111.11,152.17,0.0,successful
REPAY_LN000552_09,LN000552,2026-03-30,2026-03-30,1263.28,1111.11,152.17,0.0,successful
REPAY_LN000552_10,LN000552,2026-04-30,2026-04-30,1263.28,1111.11,152.17,0.0,successful
REPAY_LN000553_01,LN000553,2025-08-01,2025-08-01,737.98,555.56,182.42,0.0,successful
REPAY_LN000553_02,LN000553,2025-08-31,2025-08-31,737.98,555.56,182.42,0.0,successful
REPAY_LN000553_03,LN000553,2025-10-01,2025-10-01,737.98,555.56,182.42,0.0,successful
REPAY_LN000553_04,LN000553,2025-10-30,2025-10-30,737.98,555.56,182.42,0.0,successful
REPAY_LN000553_05,LN000553,2025-11-30,2025-11-30,737.98,555.56,182.42,0.0,successful
REPAY_LN000553_06,LN000553,2026-01-01,2026-01-01,737.98,555.56,182.42,0.0,successful
REPAY_LN000553_07,LN000553,2026-01-30,2026-01-30,737.98,555.56,182.42,0.0,successful
REPAY_LN000553_08,LN000553,2026-03-02,2026-03-02,737.98,555.56,182.42,0.0,successful
REPAY_LN000553_09,LN000553,2026-04-01,2026-04-01,737.98,555.56,182.42,0.0,successful
REPAY_LN000553_10,LN000553,2026-04-30,2026-04-30,737.98,555.56,182.42,0.0,successful
REPAY_LN000554_01,LN000554,2025-07-31,2025-07-31,632.79,416.67,216.12,0.0,successful
REPAY_LN000554_02,LN000554,2025-08-31,2025-08-31,632.79,416.67,216.12,0.0,successful
REPAY_LN000554_03,LN000554,2025-10-01,2025-10-01,632.79,416.67,216.12,0.0,successful
REPAY_LN000554_04,LN000554,2025-10-31,2025-10-31,632.79,416.67,216.12,0.0,successful
REPAY_LN000554_05,LN000554,2025-12-02,2025-12-02,632.79,416.67,216.12,0.0,successful
REPAY_LN000554_06,LN000554,2025-12-31,2025-12-31,632.79,416.67,216.12,0.0,successful
REPAY_LN000554_07,LN000554,2026-02-01,2026-02-01,632.79,416.67,216.12,0.0,successful
REPAY_LN000554_08,LN000554,2026-02-28,2026-02-28,632.79,416.67,216.12,0.0,successful
REPAY_LN000554_09,LN000554,2026-03-30,2026-03-30,632.79,416.67,216.12,0.0,successful
REPAY_LN000554_10,LN000554,2026-05-02,2026-05-02,632.79,416.67,216.12,0.0,successful
REPAY_LN000555_01,LN000555,2025-07-31,2025-07-31,610.34,416.67,193.67,0.0,successful
REPAY_LN000555_02,LN000555,2025-09-01,2025-09-01,610.34,416.67,193.67,0.0,successful
REPAY_LN000555_03,LN000555,2025-10-01,2025-10-01,610.34,416.67,193.67,0.0,successful
REPAY_LN000555_04,LN000555,2025-10-31,2025-10-31,610.34,416.67,193.67,0.0,successful
REPAY_LN000555_05,LN000555,2025-12-02,2025-12-02,610.34,416.67,193.67,0.0,successful
REPAY_LN000555_06,LN000555,2026-01-01,2026-01-01,610.34,416.67,193.67,0.0,successful
REPAY_LN000555_07,LN000555,2026-01-31,2026-01-31,610.34,416.67,193.67,0.0,successful
REPAY_LN000555_08,LN000555,2026-03-02,2026-03-02,610.34,416.67,193.67,0.0,successful
REPAY_LN000555_09,LN000555,2026-03-31,2026-03-31,610.34,416.67,193.67,0.0,successful
REPAY_LN000555_10,LN000555,2026-05-02,2026-05-02,610.34,416.67,193.67,0.0,successful
REPAY_LN000556_01,LN000556,2025-08-01,2025-08-01,795.8,666.67,129.13,0.0,successful
REPAY_LN000556_02,LN000556,2025-09-02,2025-09-02,795.8,666.67,129.13,0.0,successful
REPAY_LN000556_03,LN000556,2025-10-01,2025-10-01,795.8,666.67,129.13,0.0,successful
REPAY_LN000556_04,LN000556,2025-11-03,2025-11-03,795.8,666.67,129.13,0.0,successful
REPAY_LN000556_05,LN000556,2025-12-01,2025-12-01,795.8,666.67,129.13,0.0,successful
REPAY_LN000556_06,LN000556,2026-01-03,2026-01-03,795.8,666.67,129.13,0.0,successful
REPAY_LN000556_07,LN000556,2026-02-02,2026-02-02,795.8,666.67,129.13,0.0,successful
REPAY_LN000556_08,LN000556,2026-03-03,2026-03-03,795.8,666.67,129.13,0.0,successful
REPAY_LN000556_09,LN000556,2026-04-03,2026-04-03,795.8,666.67,129.13,0.0,successful
REPAY_LN000556_10,LN000556,2026-05-02,2026-05-02,795.8,666.67,129.13,0.0,successful
REPAY_LN000557_01,LN000557,2025-08-03,2025-08-03,265.87,208.33,57.54,0.0,successful
REPAY_LN000557_02,LN000557,2025-09-02,2025-09-02,265.87,208.33,57.54,0.0,successful
REPAY_LN000557_03,LN000557,2025-10-03,2025-10-03,265.87,208.33,57.54,0.0,successful
REPAY_LN000557_04,LN000557,2025-11-02,2025-11-02,265.87,208.33,57.54,0.0,successful
REPAY_LN000557_05,LN000557,2025-12-01,2025-12-01,265.87,208.33,57.54,0.0,successful
REPAY_LN000557_06,LN000557,2026-01-03,2026-01-03,265.87,208.33,57.54,0.0,successful
REPAY_LN000557_07,LN000557,2026-02-03,2026-02-03,265.87,208.33,57.54,0.0,successful
REPAY_LN000557_08,LN000557,2026-03-03,2026-03-03,265.87,208.33,57.54,0.0,successful
REPAY_LN000557_09,LN000557,2026-04-02,2026-04-02,265.87,208.33,57.54,0.0,successful
REPAY_LN000557_10,LN000557,2026-05-03,2026-05-03,265.87,208.33,57.54,0.0,successful
REPAY_LN000558_01,LN000558,2025-08-03,2025-08-03,2713.0,2500.0,213.0,0.0,successful
REPAY_LN000558_02,LN000558,2025-09-04,2025-09-04,2713.0,2500.0,213.0,0.0,successful
REPAY_LN000558_03,LN000558,2025-10-02,2025-10-02,2713.0,2500.0,213.0,0.0,successful
REPAY_LN000558_04,LN000558,2025-11-04,2025-11-04,2713.0,2500.0,213.0,0.0,successful
REPAY_LN000558_05,LN000558,2025-12-02,2025-12-02,2713.0,2500.0,213.0,0.0,successful
REPAY_LN000558_06,LN000558,2026-01-03,2026-01-03,2713.0,2500.0,213.0,0.0,successful
REPAY_LN000559_01,LN000559,2025-08-04,2025-08-04,294.71,208.33,86.38,0.0,successful
REPAY_LN000559_02,LN000559,2025-09-03,2025-09-03,294.71,208.33,86.38,0.0,successful
REPAY_LN000559_03,LN000559,2025-10-04,2025-10-04,294.71,208.33,86.38,0.0,successful
REPAY_LN000559_04,LN000559,2025-11-04,2025-11-04,294.71,208.33,86.38,0.0,successful
REPAY_LN000559_05,LN000559,2025-12-03,2025-12-03,294.71,208.33,86.38,0.0,successful
REPAY_LN000559_06_FAIL,LN000559,2026-01-04,2026-01-04,294.71,208.33,86.38,0.0,failed
REPAY_LN000559_07_FAIL,LN000559,2026-02-06,2026-02-06,294.71,208.33,86.38,0.0,failed
REPAY_LN000560_01,LN000560,2025-08-02,2025-08-02,269.75,222.22,47.53,0.0,successful
REPAY_LN000560_02,LN000560,2025-09-03,2025-09-03,269.75,222.22,47.53,0.0,successful
REPAY_LN000560_03,LN000560,2025-10-04,2025-10-04,269.75,222.22,47.53,0.0,successful
REPAY_LN000560_04,LN000560,2025-11-03,2025-11-03,269.75,222.22,47.53,0.0,successful
REPAY_LN000560_05,LN000560,2025-12-04,2025-12-04,269.75,222.22,47.53,0.0,successful
REPAY_LN000560_06,LN000560,2026-01-02,2026-01-02,269.75,222.22,47.53,0.0,successful
REPAY_LN000560_07,LN000560,2026-02-03,2026-02-03,269.75,222.22,47.53,0.0,successful
REPAY_LN000560_08,LN000560,2026-03-04,2026-03-04,269.75,222.22,47.53,0.0,successful
REPAY_LN000560_09,LN000560,2026-04-03,2026-04-03,269.75,222.22,47.53,0.0,successful
REPAY_LN000560_10,LN000560,2026-05-03,2026-05-03,269.75,222.22,47.53,0.0,successful
REPAY_LN000561_01,LN000561,2025-08-04,2025-08-04,751.34,666.67,84.67,0.0,successful
REPAY_LN000561_02,LN000561,2025-09-04,2025-09-04,751.34,666.67,84.67,0.0,successful
REPAY_LN000561_03,LN000561,2025-10-03,2025-10-03,751.34,666.67,84.67,0.0,successful
REPAY_LN000561_04,LN000561,2025-11-05,2025-11-05,751.34,666.67,84.67,0.0,successful
REPAY_LN000561_05,LN000561,2025-12-04,2025-12-04,751.34,666.67,84.67,0.0,successful
REPAY_LN000561_06,LN000561,2026-01-05,2026-01-05,751.34,666.67,84.67,0.0,successful
REPAY_LN000561_07,LN000561,2026-02-03,2026-02-03,751.34,666.67,84.67,0.0,successful
REPAY_LN000561_08,LN000561,2026-03-05,2026-03-05,751.34,666.67,84.67,0.0,successful
REPAY_LN000561_09,LN000561,2026-04-05,2026-04-05,751.34,666.67,84.67,0.0,successful
REPAY_LN000561_10,LN000561,2026-05-03,2026-05-03,751.34,666.67,84.67,0.0,successful
REPAY_LN000562_01,LN000562,2025-08-04,2025-08-04,648.06,555.56,92.5,0.0,successful
REPAY_LN000562_02,LN000562,2025-09-05,2025-09-05,648.06,555.56,92.5,0.0,successful
REPAY_LN000562_03,LN000562,2025-10-05,2025-10-05,648.06,555.56,92.5,0.0,successful
REPAY_LN000562_04,LN000562,2025-11-04,2025-11-04,648.06,555.56,92.5,0.0,successful
REPAY_LN000562_05,LN000562,2025-12-04,2025-12-04,648.06,555.56,92.5,0.0,successful
REPAY_LN000562_06,LN000562,2026-01-05,2026-01-05,648.06,555.56,92.5,0.0,successful
REPAY_LN000562_07,LN000562,2026-02-03,2026-02-03,648.06,555.56,92.5,0.0,successful
REPAY_LN000562_08,LN000562,2026-03-04,2026-03-04,648.06,555.56,92.5,0.0,successful
REPAY_LN000562_09,LN000562,2026-04-04,2026-04-04,648.06,555.56,92.5,0.0,successful
REPAY_LN000562_10,LN000562,2026-05-03,2026-05-03,648.06,555.56,92.5,0.0,successful
REPAY_LN000563_01,LN000563,2025-08-06,2025-08-06,1832.25,1666.67,165.58,0.0,successful
REPAY_LN000563_02,LN000563,2025-09-05,2025-09-05,1832.25,1666.67,165.58,0.0,successful
REPAY_LN000563_03,LN000563,2025-10-06,2025-10-06,1832.25,1666.67,165.58,0.0,successful
REPAY_LN000563_04,LN000563,2025-11-06,2025-11-06,1832.25,1666.67,165.58,0.0,successful
REPAY_LN000563_05,LN000563,2025-12-06,2025-12-06,1832.25,1666.67,165.58,0.0,successful
REPAY_LN000563_06,LN000563,2026-01-04,2026-01-04,1832.23,1666.65,165.58,0.0,successful
REPAY_LN000564_01,LN000564,2025-08-05,2025-08-05,923.21,833.33,89.88,0.0,successful
REPAY_LN000564_02_FAIL,LN000564,2025-09-06,2025-09-06,923.21,833.33,89.88,0.0,failed
REPAY_LN000564_03_FAIL,LN000564,2025-10-08,2025-10-08,923.21,833.33,89.88,0.0,failed
REPAY_LN000565_01,LN000565,2025-08-04,2025-08-04,1890.0,1666.67,223.33,0.0,successful
REPAY_LN000565_02,LN000565,2025-09-04,2025-09-04,1890.0,1666.67,223.33,0.0,successful
REPAY_LN000565_03,LN000565,2025-10-05,2025-10-05,1890.0,1666.67,223.33,0.0,successful
REPAY_LN000565_04,LN000565,2025-11-05,2025-11-05,1890.0,1666.67,223.33,0.0,successful
REPAY_LN000565_05,LN000565,2025-12-04,2025-12-04,1890.0,1666.67,223.33,0.0,successful
REPAY_LN000565_06,LN000565,2026-01-06,2026-01-06,1890.0,1666.67,223.33,0.0,successful
REPAY_LN000565_07,LN000565,2026-02-04,2026-02-04,1890.0,1666.67,223.33,0.0,successful
REPAY_LN000565_08,LN000565,2026-03-06,2026-03-06,1890.0,1666.67,223.33,0.0,successful
REPAY_LN000565_09,LN000565,2026-04-05,2026-04-05,1890.0,1666.67,223.33,0.0,successful
REPAY_LN000565_10,LN000565,2026-05-05,2026-05-05,1890.0,1666.67,223.33,0.0,successful
REPAY_LN000566_01,LN000566,2025-08-07,2025-08-07,1028.71,833.33,195.38,0.0,successful
REPAY_LN000566_02,LN000566,2025-09-05,2025-09-05,1028.71,833.33,195.38,0.0,successful
REPAY_LN000566_03,LN000566,2025-10-07,2025-10-07,1028.71,833.33,195.38,0.0,successful
REPAY_LN000566_04,LN000566,2025-11-05,2025-11-05,1028.71,833.33,195.38,0.0,successful
REPAY_LN000566_05_FAIL,LN000566,2025-12-06,2025-12-06,1028.71,833.33,195.38,0.0,failed
REPAY_LN000566_06_FAIL,LN000566,2026-01-06,2026-01-06,1028.71,833.33,195.38,0.0,failed
REPAY_LN000567_01,LN000567,2025-08-06,2025-08-06,3003.25,2500.0,503.25,0.0,successful
REPAY_LN000567_02,LN000567,2025-09-05,2025-09-05,3003.25,2500.0,503.25,0.0,successful
REPAY_LN000567_03,LN000567,2025-10-06,2025-10-06,3003.25,2500.0,503.25,0.0,successful
REPAY_LN000567_04,LN000567,2025-11-05,2025-11-05,3003.25,2500.0,503.25,0.0,successful
REPAY_LN000567_05,LN000567,2025-12-05,2025-12-05,3003.25,2500.0,503.25,0.0,successful
REPAY_LN000567_06,LN000567,2026-01-06,2026-01-06,3003.25,2500.0,503.25,0.0,successful
REPAY_LN000567_07,LN000567,2026-02-06,2026-02-06,3003.25,2500.0,503.25,0.0,successful
REPAY_LN000567_08,LN000567,2026-03-07,2026-03-07,3003.25,2500.0,503.25,0.0,successful
REPAY_LN000567_09,LN000567,2026-04-05,2026-04-05,3003.25,2500.0,503.25,0.0,successful
REPAY_LN000568_01,LN000568,2025-08-06,2025-08-06,1074.16,833.33,240.83,0.0,successful
REPAY_LN000568_02,LN000568,2025-09-07,2025-09-07,1074.16,833.33,240.83,0.0,successful
REPAY_LN000568_03,LN000568,2025-10-07,2025-10-07,1074.16,833.33,240.83,0.0,successful
REPAY_LN000568_04,LN000568,2025-11-06,2025-11-06,1074.16,833.33,240.83,0.0,successful
REPAY_LN000568_05,LN000568,2025-12-05,2025-12-05,1074.16,833.33,240.83,0.0,successful
REPAY_LN000568_06,LN000568,2026-01-07,2026-01-07,1074.16,833.33,240.83,0.0,successful
REPAY_LN000568_07,LN000568,2026-02-05,2026-02-05,1074.16,833.33,240.83,0.0,successful
REPAY_LN000568_08,LN000568,2026-03-05,2026-03-05,1074.16,833.33,240.83,0.0,successful
REPAY_LN000568_09,LN000568,2026-04-07,2026-04-07,1074.16,833.33,240.83,0.0,successful
REPAY_LN000569_01,LN000569,2025-08-07,2025-08-07,5444.75,5000.0,444.75,0.0,successful
REPAY_LN000569_02,LN000569,2025-09-06,2025-09-06,5444.75,5000.0,444.75,0.0,successful
REPAY_LN000569_03,LN000569,2025-10-07,2025-10-07,5444.75,5000.0,444.75,0.0,successful
REPAY_LN000569_04,LN000569,2025-11-08,2025-11-08,5444.75,5000.0,444.75,0.0,successful
REPAY_LN000569_05,LN000569,2025-12-06,2025-12-06,5444.75,5000.0,444.75,0.0,successful
REPAY_LN000569_06,LN000569,2026-01-07,2026-01-07,5444.75,5000.0,444.75,0.0,successful
REPAY_LN000570_01,LN000570,2025-08-07,2025-08-07,819.8,666.67,153.13,0.0,successful
REPAY_LN000570_02,LN000570,2025-09-06,2025-09-06,819.8,666.67,153.13,0.0,successful
REPAY_LN000570_03,LN000570,2025-10-07,2025-10-07,819.8,666.67,153.13,0.0,successful
REPAY_LN000570_04,LN000570,2025-11-07,2025-11-07,819.8,666.67,153.13,0.0,successful
REPAY_LN000570_05,LN000570,2025-12-08,2025-12-08,819.8,666.67,153.13,0.0,successful
REPAY_LN000570_06,LN000570,2026-01-08,2026-01-08,819.8,666.67,153.13,0.0,successful
REPAY_LN000570_07,LN000570,2026-02-07,2026-02-07,819.8,666.67,153.13,0.0,successful
REPAY_LN000570_08,LN000570,2026-03-07,2026-03-07,819.8,666.67,153.13,0.0,successful
REPAY_LN000570_09,LN000570,2026-04-06,2026-04-06,819.8,666.67,153.13,0.0,successful
REPAY_LN000571_01,LN000571,2025-08-07,2025-08-07,1837.59,1666.67,170.92,0.0,successful
REPAY_LN000571_02_FAIL,LN000571,2025-09-07,2025-09-07,1837.59,1666.67,170.92,0.0,failed
REPAY_LN000571_03_FAIL,LN000571,2025-10-10,2025-10-10,1837.59,1666.67,170.92,0.0,failed
REPAY_LN000572_01,LN000572,2025-08-08,2025-08-08,468.42,416.67,51.75,0.0,successful
REPAY_LN000572_02,LN000572,2025-09-09,2025-09-09,468.42,416.67,51.75,0.0,successful
REPAY_LN000572_03,LN000572,2025-10-09,2025-10-09,468.42,416.67,51.75,0.0,successful
REPAY_LN000572_04,LN000572,2025-11-08,2025-11-08,468.42,416.67,51.75,0.0,successful
REPAY_LN000572_05,LN000572,2025-12-09,2025-12-09,468.42,416.67,51.75,0.0,successful
REPAY_LN000572_06,LN000572,2026-01-08,2026-01-08,468.42,416.67,51.75,0.0,successful
REPAY_LN000572_07,LN000572,2026-02-07,2026-02-07,468.42,416.67,51.75,0.0,successful
REPAY_LN000572_08,LN000572,2026-03-08,2026-03-08,468.42,416.67,51.75,0.0,successful
REPAY_LN000572_09,LN000572,2026-04-07,2026-04-07,468.42,416.67,51.75,0.0,successful
REPAY_LN000573_01,LN000573,2025-08-08,2025-08-08,1394.58,833.33,561.25,0.0,successful
REPAY_LN000573_02,LN000573,2025-09-09,2025-09-09,1394.58,833.33,561.25,0.0,successful
REPAY_LN000573_03,LN000573,2025-10-08,2025-10-08,1394.58,833.33,561.25,0.0,successful
REPAY_LN000573_04,LN000573,2025-11-08,2025-11-08,1394.58,833.33,561.25,0.0,successful
REPAY_LN000573_05,LN000573,2025-12-08,2025-12-08,1394.58,833.33,561.25,0.0,successful
REPAY_LN000573_06,LN000573,2026-01-09,2026-01-09,1394.58,833.33,561.25,0.0,successful
REPAY_LN000573_07,LN000573,2026-02-08,2026-02-08,1394.58,833.33,561.25,0.0,successful
REPAY_LN000573_08,LN000573,2026-03-09,2026-03-09,1394.58,833.33,561.25,0.0,successful
REPAY_LN000573_09,LN000573,2026-04-08,2026-04-08,1394.58,833.33,561.25,0.0,successful
REPAY_LN000574_01,LN000574,2025-08-07,2025-08-07,1486.26,1333.33,152.93,0.0,successful
REPAY_LN000574_02,LN000574,2025-09-08,2025-09-08,1486.26,1333.33,152.93,0.0,successful
REPAY_LN000574_03,LN000574,2025-10-07,2025-10-07,1486.26,1333.33,152.93,0.0,successful
REPAY_LN000574_04,LN000574,2025-11-09,2025-11-09,1486.26,1333.33,152.93,0.0,successful
REPAY_LN000574_05,LN000574,2025-12-09,2025-12-09,1486.26,1333.33,152.93,0.0,successful
REPAY_LN000574_06,LN000574,2026-01-08,2026-01-08,1486.28,1333.35,152.93,0.0,successful
REPAY_LN000575_01,LN000575,2025-08-10,2025-08-10,1769.0,1666.67,102.33,0.0,successful
REPAY_LN000575_02,LN000575,2025-09-09,2025-09-09,1769.0,1666.67,102.33,0.0,successful
REPAY_LN000575_03,LN000575,2025-10-10,2025-10-10,1769.0,1666.67,102.33,0.0,successful
REPAY_LN000575_04,LN000575,2025-11-08,2025-11-08,1769.0,1666.67,102.33,0.0,successful
REPAY_LN000575_05,LN000575,2025-12-10,2025-12-10,1769.0,1666.67,102.33,0.0,successful
REPAY_LN000575_06,LN000575,2026-01-08,2026-01-08,1768.98,1666.65,102.33,0.0,successful
REPAY_LN000576_01,LN000576,2025-08-09,2025-08-09,1778.84,1666.67,112.17,0.0,successful
REPAY_LN000576_02,LN000576,2025-09-09,2025-09-09,1778.84,1666.67,112.17,0.0,successful
REPAY_LN000576_03,LN000576,2025-10-09,2025-10-09,1778.84,1666.67,112.17,0.0,successful
REPAY_LN000576_04,LN000576,2025-11-08,2025-11-08,1778.84,1666.67,112.17,0.0,successful
REPAY_LN000576_05,LN000576,2025-12-09,2025-12-09,1778.84,1666.67,112.17,0.0,successful
REPAY_LN000576_06,LN000576,2026-01-09,2026-01-09,1778.82,1666.65,112.17,0.0,successful
REPAY_LN000577_01,LN000577,2025-08-10,2025-08-10,1156.58,833.33,323.25,0.0,successful
REPAY_LN000577_02,LN000577,2025-09-09,2025-09-09,1156.58,833.33,323.25,0.0,successful
REPAY_LN000577_03,LN000577,2025-10-10,2025-10-10,1156.58,833.33,323.25,0.0,successful
REPAY_LN000577_04,LN000577,2025-11-10,2025-11-10,1156.58,833.33,323.25,0.0,successful
REPAY_LN000577_05,LN000577,2025-12-09,2025-12-09,1156.58,833.33,323.25,0.0,successful
REPAY_LN000577_06,LN000577,2026-01-09,2026-01-09,1156.58,833.33,323.25,0.0,successful
REPAY_LN000577_07,LN000577,2026-02-08,2026-02-08,1156.58,833.33,323.25,0.0,successful
REPAY_LN000577_08,LN000577,2026-03-08,2026-03-08,1156.58,833.33,323.25,0.0,successful
REPAY_LN000577_09_FAIL,LN000577,2026-04-10,2026-04-10,1156.58,833.33,323.25,0.0,failed
REPAY_LN000578_01,LN000578,2025-08-09,2025-08-09,5505.25,5000.0,505.25,0.0,successful
REPAY_LN000578_02,LN000578,2025-09-10,2025-09-10,5505.25,5000.0,505.25,0.0,successful
REPAY_LN000578_03_FAIL,LN000578,2025-10-11,2025-10-11,5505.25,5000.0,505.25,0.0,failed
REPAY_LN000578_04_FAIL,LN000578,2025-11-13,2025-11-13,5505.25,5000.0,505.25,0.0,failed
REPAY_LN000579_01,LN000579,2025-08-10,2025-08-10,919.58,833.33,86.25,0.0,successful
REPAY_LN000579_02,LN000579,2025-09-10,2025-09-10,919.58,833.33,86.25,0.0,successful
REPAY_LN000579_03,LN000579,2025-10-09,2025-10-09,919.58,833.33,86.25,0.0,successful
REPAY_LN000579_04,LN000579,2025-11-09,2025-11-09,919.58,833.33,86.25,0.0,successful
REPAY_LN000579_05,LN000579,2025-12-09,2025-12-09,919.58,833.33,86.25,0.0,successful
REPAY_LN000579_06,LN000579,2026-01-11,2026-01-11,919.58,833.33,86.25,0.0,successful
REPAY_LN000579_07,LN000579,2026-02-09,2026-02-09,919.58,833.33,86.25,0.0,successful
REPAY_LN000579_08,LN000579,2026-03-09,2026-03-09,919.58,833.33,86.25,0.0,successful
REPAY_LN000579_09,LN000579,2026-04-10,2026-04-10,919.58,833.33,86.25,0.0,successful
REPAY_LN000580_01,LN000580,2025-08-09,2025-08-09,557.37,444.44,112.93,0.0,successful
REPAY_LN000580_02,LN000580,2025-09-09,2025-09-09,557.37,444.44,112.93,0.0,successful
REPAY_LN000580_03,LN000580,2025-10-09,2025-10-09,557.37,444.44,112.93,0.0,successful
REPAY_LN000580_04,LN000580,2025-11-10,2025-11-10,557.37,444.44,112.93,0.0,successful
REPAY_LN000580_05,LN000580,2025-12-09,2025-12-09,557.37,444.44,112.93,0.0,successful
REPAY_LN000580_06,LN000580,2026-01-09,2026-01-09,557.37,444.44,112.93,0.0,successful
REPAY_LN000580_07,LN000580,2026-02-11,2026-02-11,557.37,444.44,112.93,0.0,successful
REPAY_LN000580_08,LN000580,2026-03-11,2026-03-11,557.37,444.44,112.93,0.0,successful
REPAY_LN000580_09,LN000580,2026-04-11,2026-04-11,557.37,444.44,112.93,0.0,successful
REPAY_LN000581_01,LN000581,2025-08-12,2025-08-12,334.95,277.78,57.17,0.0,successful
REPAY_LN000581_02,LN000581,2025-09-11,2025-09-11,334.95,277.78,57.17,0.0,successful
REPAY_LN000581_03,LN000581,2025-10-12,2025-10-12,334.95,277.78,57.17,0.0,successful
REPAY_LN000581_04,LN000581,2025-11-10,2025-11-10,334.95,277.78,57.17,0.0,successful
REPAY_LN000581_05,LN000581,2025-12-12,2025-12-12,334.95,277.78,57.17,0.0,successful
REPAY_LN000581_06,LN000581,2026-01-11,2026-01-11,334.95,277.78,57.17,0.0,successful
REPAY_LN000581_07,LN000581,2026-02-12,2026-02-12,334.95,277.78,57.17,0.0,successful
REPAY_LN000581_08,LN000581,2026-03-12,2026-03-12,334.95,277.78,57.17,0.0,successful
REPAY_LN000581_09,LN000581,2026-04-11,2026-04-11,334.95,277.78,57.17,0.0,successful
REPAY_LN000582_01,LN000582,2025-08-11,2025-08-11,456.96,416.67,40.29,0.0,successful
REPAY_LN000582_02,LN000582,2025-09-11,2025-09-11,456.96,416.67,40.29,0.0,successful
REPAY_LN000582_03,LN000582,2025-10-11,2025-10-11,456.96,416.67,40.29,0.0,successful
REPAY_LN000582_04,LN000582,2025-11-11,2025-11-11,456.96,416.67,40.29,0.0,successful
REPAY_LN000582_05,LN000582,2025-12-11,2025-12-11,456.96,416.67,40.29,0.0,successful
REPAY_LN000582_06,LN000582,2026-01-10,2026-01-10,456.96,416.67,40.29,0.0,successful
REPAY_LN000582_07,LN000582,2026-02-12,2026-02-12,456.96,416.67,40.29,0.0,successful
REPAY_LN000582_08,LN000582,2026-03-12,2026-03-12,456.96,416.67,40.29,0.0,successful
REPAY_LN000582_09,LN000582,2026-04-11,2026-04-11,456.96,416.67,40.29,0.0,successful
REPAY_LN000583_01,LN000583,2025-08-10,2025-08-10,815.39,555.56,259.83,0.0,successful
REPAY_LN000583_02,LN000583,2025-09-10,2025-09-10,815.39,555.56,259.83,0.0,successful
REPAY_LN000583_03,LN000583,2025-10-11,2025-10-11,815.39,555.56,259.83,0.0,successful
REPAY_LN000583_04,LN000583,2025-11-10,2025-11-10,815.39,555.56,259.83,0.0,successful
REPAY_LN000583_05,LN000583,2025-12-10,2025-12-10,815.39,555.56,259.83,0.0,successful
REPAY_LN000583_06,LN000583,2026-01-11,2026-01-11,815.39,555.56,259.83,0.0,successful
REPAY_LN000583_07,LN000583,2026-02-11,2026-02-11,815.39,555.56,259.83,0.0,successful
REPAY_LN000583_08,LN000583,2026-03-11,2026-03-11,815.39,555.56,259.83,0.0,successful
REPAY_LN000583_09_FAIL,LN000583,2026-04-12,2026-04-12,815.39,555.56,259.83,0.0,failed
REPAY_LN000584_01,LN000584,2025-08-12,2025-08-12,323.69,222.22,101.47,0.0,successful
REPAY_LN000584_02,LN000584,2025-09-12,2025-09-12,323.69,222.22,101.47,0.0,successful
REPAY_LN000584_03,LN000584,2025-10-11,2025-10-11,323.69,222.22,101.47,0.0,successful
REPAY_LN000584_04,LN000584,2025-11-10,2025-11-10,323.69,222.22,101.47,0.0,successful
REPAY_LN000584_05,LN000584,2025-12-11,2025-12-11,323.69,222.22,101.47,0.0,successful
REPAY_LN000584_06,LN000584,2026-01-12,2026-01-12,323.69,222.22,101.47,0.0,successful
REPAY_LN000584_07,LN000584,2026-02-10,2026-02-10,323.69,222.22,101.47,0.0,successful
REPAY_LN000584_08,LN000584,2026-03-12,2026-03-12,323.69,222.22,101.47,0.0,successful
REPAY_LN000584_09,LN000584,2026-04-11,2026-04-11,323.69,222.22,101.47,0.0,successful
REPAY_LN000585_01,LN000585,2025-08-13,2025-08-13,3666.33,3333.33,333.0,0.0,successful
REPAY_LN000585_02,LN000585,2025-09-13,2025-09-13,3666.33,3333.33,333.0,0.0,successful
REPAY_LN000585_03,LN000585,2025-10-13,2025-10-13,3666.33,3333.33,333.0,0.0,successful
REPAY_LN000585_04,LN000585,2025-11-11,2025-11-11,3666.33,3333.33,333.0,0.0,successful
REPAY_LN000585_05,LN000585,2025-12-13,2025-12-13,3666.33,3333.33,333.0,0.0,successful
REPAY_LN000585_06,LN000585,2026-01-11,2026-01-11,3666.35,3333.35,333.0,0.0,successful
REPAY_LN000586_01,LN000586,2025-08-13,2025-08-13,1955.17,1666.67,288.5,0.0,successful
REPAY_LN000586_02,LN000586,2025-09-11,2025-09-11,1955.17,1666.67,288.5,0.0,successful
REPAY_LN000586_03,LN000586,2025-10-12,2025-10-12,1955.17,1666.67,288.5,0.0,successful
REPAY_LN000586_04,LN000586,2025-11-11,2025-11-11,1955.17,1666.67,288.5,0.0,successful
REPAY_LN000586_05_FAIL,LN000586,2025-12-12,2025-12-12,1955.17,1666.67,288.5,0.0,failed
REPAY_LN000586_06_FAIL,LN000586,2026-01-14,2026-01-14,1955.17,1666.67,288.5,0.0,failed
REPAY_LN000587_01,LN000587,2025-08-13,2025-08-13,898.5,833.33,65.17,0.0,successful
REPAY_LN000587_02,LN000587,2025-09-11,2025-09-11,898.5,833.33,65.17,0.0,successful
REPAY_LN000587_03,LN000587,2025-10-11,2025-10-11,898.5,833.33,65.17,0.0,successful
REPAY_LN000587_04,LN000587,2025-11-13,2025-11-13,898.5,833.33,65.17,0.0,successful
REPAY_LN000587_05,LN000587,2025-12-11,2025-12-11,898.5,833.33,65.17,0.0,successful
REPAY_LN000587_06,LN000587,2026-01-13,2026-01-13,898.52,833.35,65.17,0.0,successful
REPAY_LN000588_01,LN000588,2025-08-12,2025-08-12,2650.12,2500.0,150.12,0.0,successful
REPAY_LN000588_02,LN000588,2025-09-14,2025-09-14,2650.12,2500.0,150.12,0.0,successful
REPAY_LN000588_03,LN000588,2025-10-12,2025-10-12,2650.12,2500.0,150.12,0.0,successful
REPAY_LN000588_04,LN000588,2025-11-14,2025-11-14,2650.12,2500.0,150.12,0.0,successful
REPAY_LN000588_05,LN000588,2025-12-12,2025-12-12,2650.12,2500.0,150.12,0.0,successful
REPAY_LN000588_06,LN000588,2026-01-13,2026-01-13,2650.12,2500.0,150.12,0.0,successful
REPAY_LN000589_01,LN000589,2025-08-13,2025-08-13,1356.44,1111.11,245.33,0.0,successful
REPAY_LN000589_02,LN000589,2025-09-12,2025-09-12,1356.44,1111.11,245.33,0.0,successful
REPAY_LN000589_03,LN000589,2025-10-13,2025-10-13,1356.44,1111.11,245.33,0.0,successful
REPAY_LN000589_04,LN000589,2025-11-12,2025-11-12,1356.44,1111.11,245.33,0.0,successful
REPAY_LN000589_05,LN000589,2025-12-12,2025-12-12,1356.44,1111.11,245.33,0.0,successful
REPAY_LN000589_06,LN000589,2026-01-13,2026-01-13,1356.44,1111.11,245.33,0.0,successful
REPAY_LN000589_07,LN000589,2026-02-12,2026-02-12,1356.44,1111.11,245.33,0.0,successful
REPAY_LN000589_08,LN000589,2026-03-14,2026-03-14,1356.44,1111.11,245.33,0.0,successful
REPAY_LN000589_09,LN000589,2026-04-12,2026-04-12,1356.44,1111.11,245.33,0.0,successful
REPAY_LN000590_01,LN000590,2025-08-13,2025-08-13,381.4,333.33,48.07,0.0,successful
REPAY_LN000590_02,LN000590,2025-09-14,2025-09-14,381.4,333.33,48.07,0.0,successful
REPAY_LN000590_03,LN000590,2025-10-15,2025-10-15,381.4,333.33,48.07,0.0,successful
REPAY_LN000590_04,LN000590,2025-11-13,2025-11-13,381.4,333.33,48.07,0.0,successful
REPAY_LN000590_05,LN000590,2025-12-13,2025-12-13,381.4,333.33,48.07,0.0,successful
REPAY_LN000590_06,LN000590,2026-01-13,2026-01-13,381.4,333.33,48.07,0.0,successful
REPAY_LN000590_07,LN000590,2026-02-13,2026-02-13,381.4,333.33,48.07,0.0,successful
REPAY_LN000590_08,LN000590,2026-03-13,2026-03-13,381.4,333.33,48.07,0.0,successful
REPAY_LN000590_09,LN000590,2026-04-13,2026-04-13,381.4,333.33,48.07,0.0,successful
REPAY_LN000591_01,LN000591,2025-08-15,2025-08-15,637.55,416.67,220.88,0.0,successful
REPAY_LN000591_02,LN000591,2025-09-15,2025-09-15,637.55,416.67,220.88,0.0,successful
REPAY_LN000591_03,LN000591,2025-10-13,2025-10-13,637.55,416.67,220.88,0.0,successful
REPAY_LN000591_04,LN000591,2025-11-13,2025-11-13,637.55,416.67,220.88,0.0,successful
REPAY_LN000591_05,LN000591,2025-12-14,2025-12-14,637.55,416.67,220.88,0.0,successful
REPAY_LN000591_06,LN000591,2026-01-15,2026-01-15,637.55,416.67,220.88,0.0,successful
REPAY_LN000591_07,LN000591,2026-02-15,2026-02-15,637.55,416.67,220.88,0.0,successful
REPAY_LN000591_08,LN000591,2026-03-13,2026-03-13,637.55,416.67,220.88,0.0,successful
REPAY_LN000591_09,LN000591,2026-04-15,2026-04-15,637.55,416.67,220.88,0.0,successful
REPAY_LN000592_01,LN000592,2025-08-15,2025-08-15,1132.71,833.33,299.38,0.0,successful
REPAY_LN000592_02,LN000592,2025-09-14,2025-09-14,1132.71,833.33,299.38,0.0,successful
REPAY_LN000592_03,LN000592,2025-10-14,2025-10-14,1132.71,833.33,299.38,0.0,successful
REPAY_LN000592_04,LN000592,2025-11-15,2025-11-15,1132.71,833.33,299.38,0.0,successful
REPAY_LN000592_05,LN000592,2025-12-15,2025-12-15,1132.71,833.33,299.38,0.0,successful
REPAY_LN000592_06,LN000592,2026-01-15,2026-01-15,1132.71,833.33,299.38,0.0,successful
REPAY_LN000592_07,LN000592,2026-02-13,2026-02-13,1132.71,833.33,299.38,0.0,successful
REPAY_LN000592_08,LN000592,2026-03-14,2026-03-14,1132.71,833.33,299.38,0.0,successful
REPAY_LN000592_09,LN000592,2026-04-13,2026-04-13,1132.71,833.33,299.38,0.0,successful
REPAY_LN000593_01,LN000593,2025-08-15,2025-08-15,1984.42,1666.67,317.75,0.0,successful
REPAY_LN000593_02,LN000593,2025-09-15,2025-09-15,1984.42,1666.67,317.75,0.0,successful
REPAY_LN000593_03,LN000593,2025-10-15,2025-10-15,1984.42,1666.67,317.75,0.0,successful
REPAY_LN000593_04,LN000593,2025-11-16,2025-11-16,1984.42,1666.67,317.75,0.0,successful
REPAY_LN000593_05,LN000593,2025-12-15,2025-12-15,1984.42,1666.67,317.75,0.0,successful
REPAY_LN000593_06,LN000593,2026-01-14,2026-01-14,1984.42,1666.67,317.75,0.0,successful
REPAY_LN000593_07,LN000593,2026-02-15,2026-02-15,1984.42,1666.67,317.75,0.0,successful
REPAY_LN000593_08,LN000593,2026-03-14,2026-03-14,1984.42,1666.67,317.75,0.0,successful
REPAY_LN000593_09,LN000593,2026-04-15,2026-04-15,1984.42,1666.67,317.75,0.0,successful
REPAY_LN000594_01,LN000594,2025-08-15,2025-08-15,526.44,444.44,82.0,0.0,successful
REPAY_LN000594_02,LN000594,2025-09-16,2025-09-16,526.44,444.44,82.0,0.0,successful
REPAY_LN000594_03,LN000594,2025-10-14,2025-10-14,526.44,444.44,82.0,0.0,successful
REPAY_LN000594_04,LN000594,2025-11-15,2025-11-15,526.44,444.44,82.0,0.0,successful
REPAY_LN000594_05,LN000594,2025-12-15,2025-12-15,526.44,444.44,82.0,0.0,successful
REPAY_LN000594_06,LN000594,2026-01-14,2026-01-14,526.44,444.44,82.0,0.0,successful
REPAY_LN000594_07,LN000594,2026-02-15,2026-02-15,526.44,444.44,82.0,0.0,successful
REPAY_LN000594_08,LN000594,2026-03-16,2026-03-16,526.44,444.44,82.0,0.0,successful
REPAY_LN000594_09,LN000594,2026-04-14,2026-04-14,526.44,444.44,82.0,0.0,successful
REPAY_LN000595_01,LN000595,2025-08-16,2025-08-16,233.75,208.33,25.42,0.0,successful
REPAY_LN000595_02,LN000595,2025-09-14,2025-09-14,233.75,208.33,25.42,0.0,successful
REPAY_LN000595_03,LN000595,2025-10-14,2025-10-14,233.75,208.33,25.42,0.0,successful
REPAY_LN000595_04,LN000595,2025-11-14,2025-11-14,233.75,208.33,25.42,0.0,successful
REPAY_LN000595_05,LN000595,2025-12-15,2025-12-15,233.75,208.33,25.42,0.0,successful
REPAY_LN000595_06,LN000595,2026-01-14,2026-01-14,233.75,208.33,25.42,0.0,successful
REPAY_LN000595_07,LN000595,2026-02-14,2026-02-14,233.75,208.33,25.42,0.0,successful
REPAY_LN000595_08,LN000595,2026-03-14,2026-03-14,233.75,208.33,25.42,0.0,successful
REPAY_LN000595_09,LN000595,2026-04-16,2026-04-16,233.75,208.33,25.42,0.0,successful
REPAY_LN000596_01,LN000596,2025-08-15,2025-08-15,207.68,138.89,68.79,0.0,successful
REPAY_LN000596_02,LN000596,2025-09-16,2025-09-16,207.68,138.89,68.79,0.0,successful
REPAY_LN000596_03,LN000596,2025-10-15,2025-10-15,207.68,138.89,68.79,0.0,successful
REPAY_LN000596_04,LN000596,2025-11-15,2025-11-15,207.68,138.89,68.79,0.0,successful
REPAY_LN000596_05,LN000596,2025-12-17,2025-12-17,207.68,138.89,68.79,0.0,successful
REPAY_LN000596_06,LN000596,2026-01-16,2026-01-16,207.68,138.89,68.79,0.0,successful
REPAY_LN000596_07,LN000596,2026-02-16,2026-02-16,207.68,138.89,68.79,0.0,successful
REPAY_LN000596_08,LN000596,2026-03-16,2026-03-16,207.68,138.89,68.79,0.0,successful
REPAY_LN000596_09,LN000596,2026-04-15,2026-04-15,207.68,138.89,68.79,0.0,successful
REPAY_LN000597_01,LN000597,2025-08-15,2025-08-15,523.29,416.67,106.62,0.0,successful
REPAY_LN000597_02,LN000597,2025-09-16,2025-09-16,523.29,416.67,106.62,0.0,successful
REPAY_LN000597_03,LN000597,2025-10-16,2025-10-16,523.29,416.67,106.62,0.0,successful
REPAY_LN000597_04,LN000597,2025-11-17,2025-11-17,523.29,416.67,106.62,0.0,successful
REPAY_LN000597_05,LN000597,2025-12-16,2025-12-16,523.29,416.67,106.62,0.0,successful
REPAY_LN000597_06,LN000597,2026-01-15,2026-01-15,523.29,416.67,106.62,0.0,successful
REPAY_LN000597_07,LN000597,2026-02-15,2026-02-15,523.29,416.67,106.62,0.0,successful
REPAY_LN000597_08,LN000597,2026-03-15,2026-03-15,523.29,416.67,106.62,0.0,successful
REPAY_LN000597_09,LN000597,2026-04-17,2026-04-17,523.29,416.67,106.62,0.0,successful
REPAY_LN000598_01,LN000598,2025-08-17,2025-08-17,743.88,625.0,118.88,0.0,successful
REPAY_LN000598_02,LN000598,2025-09-16,2025-09-16,743.88,625.0,118.88,0.0,successful
REPAY_LN000598_03,LN000598,2025-10-18,2025-10-18,743.88,625.0,118.88,0.0,successful
REPAY_LN000598_04,LN000598,2025-11-18,2025-11-18,743.88,625.0,118.88,0.0,successful
REPAY_LN000598_05,LN000598,2025-12-16,2025-12-16,743.88,625.0,118.88,0.0,successful
REPAY_LN000598_06,LN000598,2026-01-18,2026-01-18,743.88,625.0,118.88,0.0,successful
REPAY_LN000598_07,LN000598,2026-02-18,2026-02-18,743.88,625.0,118.88,0.0,successful
REPAY_LN000598_08,LN000598,2026-03-16,2026-03-16,743.88,625.0,118.88,0.0,successful
REPAY_LN000598_09,LN000598,2026-04-18,2026-04-18,743.88,625.0,118.88,0.0,successful
REPAY_LN000599_01,LN000599,2025-08-16,2025-08-16,948.33,833.33,115.0,0.0,successful
REPAY_LN000599_02,LN000599,2025-09-16,2025-09-16,948.33,833.33,115.0,0.0,successful
REPAY_LN000599_03,LN000599,2025-10-18,2025-10-18,948.33,833.33,115.0,0.0,successful
REPAY_LN000599_04,LN000599,2025-11-16,2025-11-16,948.33,833.33,115.0,0.0,successful
REPAY_LN000599_05,LN000599,2025-12-16,2025-12-16,948.33,833.33,115.0,0.0,successful
REPAY_LN000599_06,LN000599,2026-01-17,2026-01-17,948.33,833.33,115.0,0.0,successful
REPAY_LN000599_07,LN000599,2026-02-16,2026-02-16,948.33,833.33,115.0,0.0,successful
REPAY_LN000599_08,LN000599,2026-03-17,2026-03-17,948.33,833.33,115.0,0.0,successful
REPAY_LN000599_09,LN000599,2026-04-17,2026-04-17,948.33,833.33,115.0,0.0,successful
REPAY_LN000600_01,LN000600,2025-08-17,2025-08-17,2720.5,2500.0,220.5,0.0,successful
REPAY_LN000600_02,LN000600,2025-09-17,2025-09-17,2720.5,2500.0,220.5,0.0,successful
REPAY_LN000600_03,LN000600,2025-10-18,2025-10-18,2720.5,2500.0,220.5,0.0,successful
REPAY_LN000600_04,LN000600,2025-11-18,2025-11-18,2720.5,2500.0,220.5,0.0,successful
REPAY_LN000600_05,LN000600,2025-12-16,2025-12-16,2720.5,2500.0,220.5,0.0,successful
REPAY_LN000600_06,LN000600,2026-01-16,2026-01-16,2720.5,2500.0,220.5,0.0,successful
REPAY_LN000600_07,LN000600,2026-02-16,2026-02-16,2720.5,2500.0,220.5,0.0,successful
REPAY_LN000600_08,LN000600,2026-03-18,2026-03-18,2720.5,2500.0,220.5,0.0,successful
REPAY_LN000600_09,LN000600,2026-04-17,2026-04-17,2720.5,2500.0,220.5,0.0,successful
REPAY_LN000601_01,LN000601,2025-08-19,2025-08-19,997.83,833.33,164.5,0.0,successful
REPAY_LN000601_02,LN000601,2025-09-19,2025-09-19,997.83,833.33,164.5,0.0,successful
REPAY_LN000601_03,LN000601,2025-10-17,2025-10-17,997.83,833.33,164.5,0.0,successful
REPAY_LN000601_04,LN000601,2025-11-17,2025-11-17,997.83,833.33,164.5,0.0,successful
REPAY_LN000601_05,LN000601,2025-12-17,2025-12-17,997.83,833.33,164.5,0.0,successful
REPAY_LN000601_06,LN000601,2026-01-18,2026-01-18,997.83,833.33,164.5,0.0,successful
REPAY_LN000601_07,LN000601,2026-02-18,2026-02-18,997.83,833.33,164.5,0.0,successful
REPAY_LN000601_08,LN000601,2026-03-19,2026-03-19,997.83,833.33,164.5,0.0,successful
REPAY_LN000601_09,LN000601,2026-04-18,2026-04-18,997.83,833.33,164.5,0.0,successful
REPAY_LN000602_01,LN000602,2025-08-17,2025-08-17,485.5,416.67,68.83,0.0,successful
REPAY_LN000602_02,LN000602,2025-09-18,2025-09-18,485.5,416.67,68.83,0.0,successful
REPAY_LN000602_03,LN000602,2025-10-18,2025-10-18,485.5,416.67,68.83,0.0,successful
REPAY_LN000602_04,LN000602,2025-11-18,2025-11-18,485.5,416.67,68.83,0.0,successful
REPAY_LN000602_05,LN000602,2025-12-18,2025-12-18,485.5,416.67,68.83,0.0,successful
REPAY_LN000602_06,LN000602,2026-01-17,2026-01-17,485.5,416.67,68.83,0.0,successful
REPAY_LN000602_07,LN000602,2026-02-17,2026-02-17,485.5,416.67,68.83,0.0,successful
REPAY_LN000602_08,LN000602,2026-03-19,2026-03-19,485.5,416.67,68.83,0.0,successful
REPAY_LN000602_09,LN000602,2026-04-19,2026-04-19,485.5,416.67,68.83,0.0,successful
REPAY_LN000603_01,LN000603,2025-08-19,2025-08-19,5508.25,5000.0,508.25,0.0,successful
REPAY_LN000603_02,LN000603,2025-09-18,2025-09-18,5508.25,5000.0,508.25,0.0,successful
REPAY_LN000603_03,LN000603,2025-10-18,2025-10-18,5508.25,5000.0,508.25,0.0,successful
REPAY_LN000603_04,LN000603,2025-11-17,2025-11-17,5508.25,5000.0,508.25,0.0,successful
REPAY_LN000603_05,LN000603,2025-12-19,2025-12-19,5508.25,5000.0,508.25,0.0,successful
REPAY_LN000603_06,LN000603,2026-01-17,2026-01-17,5508.25,5000.0,508.25,0.0,successful
REPAY_LN000604_01,LN000604,2025-08-20,2025-08-20,1521.25,1250.0,271.25,0.0,successful
REPAY_LN000604_02,LN000604,2025-09-20,2025-09-20,1521.25,1250.0,271.25,0.0,successful
REPAY_LN000604_03,LN000604,2025-10-20,2025-10-20,1521.25,1250.0,271.25,0.0,successful
REPAY_LN000604_04,LN000604,2025-11-19,2025-11-19,1521.25,1250.0,271.25,0.0,successful
REPAY_LN000604_05,LN000604,2025-12-20,2025-12-20,1521.25,1250.0,271.25,0.0,successful
REPAY_LN000604_06,LN000604,2026-01-20,2026-01-20,1521.25,1250.0,271.25,0.0,successful
REPAY_LN000604_07,LN000604,2026-02-19,2026-02-19,1521.25,1250.0,271.25,0.0,successful
REPAY_LN000604_08,LN000604,2026-03-20,2026-03-20,1521.25,1250.0,271.25,0.0,successful
REPAY_LN000604_09,LN000604,2026-04-19,2026-04-19,1521.25,1250.0,271.25,0.0,successful
REPAY_LN000605_01,LN000605,2025-08-19,2025-08-19,1510.38,1250.0,260.38,0.0,successful
REPAY_LN000605_02,LN000605,2025-09-18,2025-09-18,1510.38,1250.0,260.38,0.0,successful
REPAY_LN000605_03,LN000605,2025-10-19,2025-10-19,1510.38,1250.0,260.38,0.0,successful
REPAY_LN000605_04,LN000605,2025-11-19,2025-11-19,1510.38,1250.0,260.38,0.0,successful
REPAY_LN000605_05,LN000605,2025-12-19,2025-12-19,1510.38,1250.0,260.38,0.0,successful
REPAY_LN000605_06,LN000605,2026-01-20,2026-01-20,1510.38,1250.0,260.38,0.0,successful
REPAY_LN000605_07,LN000605,2026-02-18,2026-02-18,1510.38,1250.0,260.38,0.0,successful
REPAY_LN000605_08,LN000605,2026-03-20,2026-03-20,1510.38,1250.0,260.38,0.0,successful
REPAY_LN000605_09,LN000605,2026-04-19,2026-04-19,1510.38,1250.0,260.38,0.0,successful
REPAY_LN000606_01,LN000606,2025-08-19,2025-08-19,3004.0,2500.0,504.0,0.0,successful
REPAY_LN000606_02,LN000606,2025-09-18,2025-09-18,3004.0,2500.0,504.0,0.0,successful
REPAY_LN000606_03,LN000606,2025-10-18,2025-10-18,3004.0,2500.0,504.0,0.0,successful
REPAY_LN000606_04,LN000606,2025-11-19,2025-11-19,3004.0,2500.0,504.0,0.0,successful
REPAY_LN000606_05,LN000606,2025-12-19,2025-12-19,3004.0,2500.0,504.0,0.0,successful
REPAY_LN000606_06,LN000606,2026-01-20,2026-01-20,3004.0,2500.0,504.0,0.0,successful
REPAY_LN000606_07,LN000606,2026-02-19,2026-02-19,3004.0,2500.0,504.0,0.0,successful
REPAY_LN000606_08,LN000606,2026-03-20,2026-03-20,3004.0,2500.0,504.0,0.0,successful
REPAY_LN000606_09,LN000606,2026-04-18,2026-04-18,3004.0,2500.0,504.0,0.0,successful
REPAY_LN000607_01,LN000607,2025-08-20,2025-08-20,198.68,138.89,59.79,0.0,successful
REPAY_LN000607_02,LN000607,2025-09-19,2025-09-19,198.68,138.89,59.79,0.0,successful
REPAY_LN000607_03,LN000607,2025-10-20,2025-10-20,198.68,138.89,59.79,0.0,successful
REPAY_LN000607_04,LN000607,2025-11-20,2025-11-20,198.68,138.89,59.79,0.0,successful
REPAY_LN000607_05,LN000607,2025-12-18,2025-12-18,198.68,138.89,59.79,0.0,successful
REPAY_LN000607_06,LN000607,2026-01-20,2026-01-20,198.68,138.89,59.79,0.0,successful
REPAY_LN000607_07,LN000607,2026-02-19,2026-02-19,198.68,138.89,59.79,0.0,successful
REPAY_LN000607_08,LN000607,2026-03-20,2026-03-20,198.68,138.89,59.79,0.0,successful
REPAY_LN000607_09,LN000607,2026-04-20,2026-04-20,198.68,138.89,59.79,0.0,successful
REPAY_LN000608_01,LN000608,2025-08-21,2025-08-21,5450.0,5000.0,450.0,0.0,successful
REPAY_LN000608_02,LN000608,2025-09-20,2025-09-20,5450.0,5000.0,450.0,0.0,successful
REPAY_LN000608_03,LN000608,2025-10-21,2025-10-21,5450.0,5000.0,450.0,0.0,successful
REPAY_LN000608_04,LN000608,2025-11-20,2025-11-20,5450.0,5000.0,450.0,0.0,successful
REPAY_LN000608_05,LN000608,2025-12-21,2025-12-21,5450.0,5000.0,450.0,0.0,successful
REPAY_LN000608_06,LN000608,2026-01-19,2026-01-19,5450.0,5000.0,450.0,0.0,successful
REPAY_LN000609_01,LN000609,2025-08-19,2025-08-19,2014.34,1666.67,347.67,0.0,successful
REPAY_LN000609_02,LN000609,2025-09-19,2025-09-19,2014.34,1666.67,347.67,0.0,successful
REPAY_LN000609_03,LN000609,2025-10-20,2025-10-20,2014.34,1666.67,347.67,0.0,successful
REPAY_LN000609_04,LN000609,2025-11-20,2025-11-20,2014.34,1666.67,347.67,0.0,successful
REPAY_LN000609_05,LN000609,2025-12-20,2025-12-20,2014.34,1666.67,347.67,0.0,successful
REPAY_LN000609_06,LN000609,2026-01-21,2026-01-21,2014.34,1666.67,347.67,0.0,successful
REPAY_LN000609_07,LN000609,2026-02-20,2026-02-20,2014.34,1666.67,347.67,0.0,successful
REPAY_LN000609_08,LN000609,2026-03-20,2026-03-20,2014.34,1666.67,347.67,0.0,successful
REPAY_LN000609_09,LN000609,2026-04-20,2026-04-20,2014.34,1666.67,347.67,0.0,successful
REPAY_LN000610_01,LN000610,2025-08-20,2025-08-20,1442.75,1250.0,192.75,0.0,successful
REPAY_LN000610_02,LN000610,2025-09-19,2025-09-19,1442.75,1250.0,192.75,0.0,successful
REPAY_LN000610_03,LN000610,2025-10-21,2025-10-21,1442.75,1250.0,192.75,0.0,successful
REPAY_LN000610_04,LN000610,2025-11-19,2025-11-19,1442.75,1250.0,192.75,0.0,successful
REPAY_LN000610_05,LN000610,2025-12-21,2025-12-21,1442.75,1250.0,192.75,0.0,successful
REPAY_LN000610_06,LN000610,2026-01-21,2026-01-21,1442.75,1250.0,192.75,0.0,successful
REPAY_LN000610_07,LN000610,2026-02-19,2026-02-19,1442.75,1250.0,192.75,0.0,successful
REPAY_LN000610_08,LN000610,2026-03-20,2026-03-20,1442.75,1250.0,192.75,0.0,successful
REPAY_LN000610_09,LN000610,2026-04-19,2026-04-19,1442.75,1250.0,192.75,0.0,successful
REPAY_LN000611_01,LN000611,2025-08-21,2025-08-21,912.89,555.56,357.33,0.0,successful
REPAY_LN000611_02,LN000611,2025-09-21,2025-09-21,912.89,555.56,357.33,0.0,successful
REPAY_LN000611_03,LN000611,2025-10-20,2025-10-20,912.89,555.56,357.33,0.0,successful
REPAY_LN000611_04,LN000611,2025-11-19,2025-11-19,912.89,555.56,357.33,0.0,successful
REPAY_LN000611_05,LN000611,2025-12-21,2025-12-21,912.89,555.56,357.33,0.0,successful
REPAY_LN000611_06,LN000611,2026-01-19,2026-01-19,912.89,555.56,357.33,0.0,successful
REPAY_LN000611_07,LN000611,2026-02-20,2026-02-20,912.89,555.56,357.33,0.0,successful
REPAY_LN000611_08,LN000611,2026-03-20,2026-03-20,912.89,555.56,357.33,0.0,successful
REPAY_LN000611_09,LN000611,2026-04-21,2026-04-21,912.89,555.56,357.33,0.0,successful
REPAY_LN000612_01,LN000612,2025-08-21,2025-08-21,374.86,277.78,97.08,0.0,successful
REPAY_LN000612_02,LN000612,2025-09-22,2025-09-22,374.86,277.78,97.08,0.0,successful
REPAY_LN000612_03,LN000612,2025-10-22,2025-10-22,374.86,277.78,97.08,0.0,successful
REPAY_LN000612_04,LN000612,2025-11-21,2025-11-21,374.86,277.78,97.08,0.0,successful
REPAY_LN000612_05,LN000612,2025-12-21,2025-12-21,374.86,277.78,97.08,0.0,successful
REPAY_LN000612_06,LN000612,2026-01-20,2026-01-20,374.86,277.78,97.08,0.0,successful
REPAY_LN000612_07,LN000612,2026-02-20,2026-02-20,374.86,277.78,97.08,0.0,successful
REPAY_LN000612_08,LN000612,2026-03-22,2026-03-22,374.86,277.78,97.08,0.0,successful
REPAY_LN000612_09,LN000612,2026-04-20,2026-04-20,374.86,277.78,97.08,0.0,successful
REPAY_LN000613_01,LN000613,2025-08-21,2025-08-21,1124.08,833.33,290.75,0.0,successful
REPAY_LN000613_02,LN000613,2025-09-21,2025-09-21,1124.08,833.33,290.75,0.0,successful
REPAY_LN000613_03,LN000613,2025-10-20,2025-10-20,1124.08,833.33,290.75,0.0,successful
REPAY_LN000613_04,LN000613,2025-11-22,2025-11-22,1124.08,833.33,290.75,0.0,successful
REPAY_LN000613_05,LN000613,2025-12-22,2025-12-22,1124.08,833.33,290.75,0.0,successful
REPAY_LN000613_06,LN000613,2026-01-20,2026-01-20,1124.08,833.33,290.75,0.0,successful
REPAY_LN000613_07,LN000613,2026-02-22,2026-02-22,1124.08,833.33,290.75,0.0,successful
REPAY_LN000613_08,LN000613,2026-03-22,2026-03-22,1124.08,833.33,290.75,0.0,successful
REPAY_LN000613_09,LN000613,2026-04-21,2026-04-21,1124.08,833.33,290.75,0.0,successful
REPAY_LN000613_10,LN000613,2026-05-22,2026-05-22,1124.08,833.33,290.75,0.0,successful
REPAY_LN000613_11,LN000613,2026-06-22,2026-06-22,1124.08,833.33,290.75,0.0,successful
REPAY_LN000613_12,LN000613,2026-07-22,2026-07-22,1124.08,833.33,290.75,0.0,successful
REPAY_LN000613_13,LN000613,2026-08-20,2026-08-20,1124.08,833.33,290.75,0.0,successful
REPAY_LN000613_14,LN000613,2026-09-20,2026-09-20,1124.08,833.33,290.75,0.0,successful
REPAY_LN000614_01,LN000614,2025-08-20,2025-08-20,458.06,333.33,124.73,0.0,successful
REPAY_LN000614_02,LN000614,2025-09-22,2025-09-22,458.06,333.33,124.73,0.0,successful
REPAY_LN000614_03,LN000614,2025-10-22,2025-10-22,458.06,333.33,124.73,0.0,successful
REPAY_LN000614_04,LN000614,2025-11-20,2025-11-20,458.06,333.33,124.73,0.0,successful
REPAY_LN000614_05,LN000614,2025-12-20,2025-12-20,458.06,333.33,124.73,0.0,successful
REPAY_LN000614_06,LN000614,2026-01-22,2026-01-22,458.06,333.33,124.73,0.0,successful
REPAY_LN000614_07,LN000614,2026-02-22,2026-02-22,458.06,333.33,124.73,0.0,successful
REPAY_LN000614_08,LN000614,2026-03-21,2026-03-21,458.06,333.33,124.73,0.0,successful
REPAY_LN000614_09,LN000614,2026-04-20,2026-04-20,458.06,333.33,124.73,0.0,successful
REPAY_LN000615_01,LN000615,2025-08-20,2025-08-20,2026.0,1666.67,359.33,0.0,successful
REPAY_LN000615_02,LN000615,2025-09-20,2025-09-20,2026.0,1666.67,359.33,0.0,successful
REPAY_LN000615_03_FAIL,LN000615,2025-10-24,2025-10-24,2026.0,1666.67,359.33,0.0,failed
REPAY_LN000615_04_FAIL,LN000615,2025-11-21,2025-11-21,2026.0,1666.67,359.33,0.0,failed
REPAY_LN000616_01,LN000616,2025-08-22,2025-08-22,949.66,833.33,116.33,0.0,successful
REPAY_LN000616_02,LN000616,2025-09-23,2025-09-23,949.66,833.33,116.33,0.0,successful
REPAY_LN000616_03,LN000616,2025-10-23,2025-10-23,949.66,833.33,116.33,0.0,successful
REPAY_LN000616_04,LN000616,2025-11-21,2025-11-21,949.66,833.33,116.33,0.0,successful
REPAY_LN000616_05,LN000616,2025-12-23,2025-12-23,949.66,833.33,116.33,0.0,successful
REPAY_LN000616_06,LN000616,2026-01-22,2026-01-22,949.66,833.33,116.33,0.0,successful
REPAY_LN000616_07,LN000616,2026-02-21,2026-02-21,949.66,833.33,116.33,0.0,successful
REPAY_LN000616_08,LN000616,2026-03-22,2026-03-22,949.66,833.33,116.33,0.0,successful
REPAY_LN000616_09,LN000616,2026-04-22,2026-04-22,949.66,833.33,116.33,0.0,successful
REPAY_LN000617_01,LN000617,2025-08-23,2025-08-23,735.81,555.56,180.25,0.0,successful
REPAY_LN000617_02,LN000617,2025-09-23,2025-09-23,735.81,555.56,180.25,0.0,successful
REPAY_LN000617_03,LN000617,2025-10-22,2025-10-22,735.81,555.56,180.25,0.0,successful
REPAY_LN000617_04,LN000617,2025-11-23,2025-11-23,735.81,555.56,180.25,0.0,successful
REPAY_LN000617_05,LN000617,2025-12-22,2025-12-22,735.81,555.56,180.25,0.0,successful
REPAY_LN000617_06,LN000617,2026-01-22,2026-01-22,735.81,555.56,180.25,0.0,successful
REPAY_LN000617_07,LN000617,2026-02-21,2026-02-21,735.81,555.56,180.25,0.0,successful
REPAY_LN000617_08,LN000617,2026-03-22,2026-03-22,735.81,555.56,180.25,0.0,successful
REPAY_LN000617_09,LN000617,2026-04-22,2026-04-22,735.81,555.56,180.25,0.0,successful
REPAY_LN000618_01,LN000618,2025-08-23,2025-08-23,398.2,277.78,120.42,0.0,successful
REPAY_LN000618_02,LN000618,2025-09-21,2025-09-21,398.2,277.78,120.42,0.0,successful
REPAY_LN000618_03,LN000618,2025-10-23,2025-10-23,398.2,277.78,120.42,0.0,successful
REPAY_LN000618_04,LN000618,2025-11-21,2025-11-21,398.2,277.78,120.42,0.0,successful
REPAY_LN000618_05,LN000618,2025-12-23,2025-12-23,398.2,277.78,120.42,0.0,successful
REPAY_LN000618_06,LN000618,2026-01-22,2026-01-22,398.2,277.78,120.42,0.0,successful
REPAY_LN000618_07,LN000618,2026-02-21,2026-02-21,398.2,277.78,120.42,0.0,successful
REPAY_LN000618_08,LN000618,2026-03-21,2026-03-21,398.2,277.78,120.42,0.0,successful
REPAY_LN000618_09,LN000618,2026-04-21,2026-04-21,398.2,277.78,120.42,0.0,successful
REPAY_LN000619_01,LN000619,2025-08-21,2025-08-21,1459.13,1333.33,125.8,0.0,successful
REPAY_LN000619_02,LN000619,2025-09-23,2025-09-23,1459.13,1333.33,125.8,0.0,successful
REPAY_LN000619_03,LN000619,2025-10-23,2025-10-23,1459.13,1333.33,125.8,0.0,successful
REPAY_LN000619_04,LN000619,2025-11-21,2025-11-21,1459.13,1333.33,125.8,0.0,successful
REPAY_LN000619_05,LN000619,2025-12-21,2025-12-21,1459.13,1333.33,125.8,0.0,successful
REPAY_LN000619_06,LN000619,2026-01-21,2026-01-21,1459.15,1333.35,125.8,0.0,successful
REPAY_LN000620_01,LN000620,2025-08-24,2025-08-24,1984.67,1666.67,318.0,0.0,successful
REPAY_LN000620_02,LN000620,2025-09-22,2025-09-22,1984.67,1666.67,318.0,0.0,successful
REPAY_LN000620_03,LN000620,2025-10-22,2025-10-22,1984.67,1666.67,318.0,0.0,successful
REPAY_LN000620_04,LN000620,2025-11-22,2025-11-22,1984.67,1666.67,318.0,0.0,successful
REPAY_LN000620_05,LN000620,2025-12-24,2025-12-24,1984.67,1666.67,318.0,0.0,successful
REPAY_LN000620_06,LN000620,2026-01-23,2026-01-23,1984.67,1666.67,318.0,0.0,successful
REPAY_LN000620_07,LN000620,2026-02-23,2026-02-23,1984.67,1666.67,318.0,0.0,successful
REPAY_LN000620_08,LN000620,2026-03-24,2026-03-24,1984.67,1666.67,318.0,0.0,successful
REPAY_LN000620_09,LN000620,2026-04-23,2026-04-23,1984.67,1666.67,318.0,0.0,successful
REPAY_LN000621_01,LN000621,2025-08-24,2025-08-24,1821.25,1666.67,154.58,0.0,successful
REPAY_LN000621_02_FAIL,LN000621,2025-09-25,2025-09-25,1821.25,1666.67,154.58,0.0,failed
REPAY_LN000621_03_FAIL,LN000621,2025-10-24,2025-10-24,1821.25,1666.67,154.58,0.0,failed
REPAY_LN000622_01,LN000622,2025-08-23,2025-08-23,793.13,625.0,168.13,0.0,successful
REPAY_LN000622_02,LN000622,2025-09-22,2025-09-22,793.13,625.0,168.13,0.0,successful
REPAY_LN000622_03,LN000622,2025-10-24,2025-10-24,793.13,625.0,168.13,0.0,successful
REPAY_LN000622_04,LN000622,2025-11-23,2025-11-23,793.13,625.0,168.13,0.0,successful
REPAY_LN000622_05,LN000622,2025-12-23,2025-12-23,793.13,625.0,168.13,0.0,successful
REPAY_LN000622_06,LN000622,2026-01-22,2026-01-22,793.13,625.0,168.13,0.0,successful
REPAY_LN000622_07,LN000622,2026-02-22,2026-02-22,793.13,625.0,168.13,0.0,successful
REPAY_LN000622_08,LN000622,2026-03-22,2026-03-22,793.13,625.0,168.13,0.0,successful
REPAY_LN000622_09,LN000622,2026-04-22,2026-04-22,793.13,625.0,168.13,0.0,successful
REPAY_LN000623_01,LN000623,2025-08-24,2025-08-24,577.91,444.44,133.47,0.0,successful
REPAY_LN000623_02,LN000623,2025-09-25,2025-09-25,577.91,444.44,133.47,0.0,successful
REPAY_LN000623_03,LN000623,2025-10-25,2025-10-25,577.91,444.44,133.47,0.0,successful
REPAY_LN000623_04,LN000623,2025-11-23,2025-11-23,577.91,444.44,133.47,0.0,successful
REPAY_LN000623_05,LN000623,2025-12-23,2025-12-23,577.91,444.44,133.47,0.0,successful
REPAY_LN000623_06,LN000623,2026-01-24,2026-01-24,577.91,444.44,133.47,0.0,successful
REPAY_LN000623_07,LN000623,2026-02-23,2026-02-23,577.91,444.44,133.47,0.0,successful
REPAY_LN000623_08,LN000623,2026-03-25,2026-03-25,577.91,444.44,133.47,0.0,successful
REPAY_LN000623_09,LN000623,2026-04-23,2026-04-23,577.91,444.44,133.47,0.0,successful
REPAY_LN000624_01,LN000624,2025-08-25,2025-08-25,1124.58,833.33,291.25,0.0,successful
REPAY_LN000624_02,LN000624,2025-09-23,2025-09-23,1124.58,833.33,291.25,0.0,successful
REPAY_LN000624_03,LN000624,2025-10-23,2025-10-23,1124.58,833.33,291.25,0.0,successful
REPAY_LN000624_04,LN000624,2025-11-25,2025-11-25,1124.58,833.33,291.25,0.0,successful
REPAY_LN000624_05,LN000624,2025-12-24,2025-12-24,1124.58,833.33,291.25,0.0,successful
REPAY_LN000624_06,LN000624,2026-01-24,2026-01-24,1124.58,833.33,291.25,0.0,successful
REPAY_LN000624_07,LN000624,2026-02-23,2026-02-23,1124.58,833.33,291.25,0.0,successful
REPAY_LN000624_08,LN000624,2026-03-23,2026-03-23,1124.58,833.33,291.25,0.0,successful
REPAY_LN000624_09,LN000624,2026-04-25,2026-04-25,1124.58,833.33,291.25,0.0,successful
REPAY_LN000625_01,LN000625,2025-08-25,2025-08-25,3608.66,3333.33,275.33,0.0,successful
REPAY_LN000625_02_FAIL,LN000625,2025-09-25,2025-09-25,3608.66,3333.33,275.33,0.0,failed
REPAY_LN000625_03_FAIL,LN000625,2025-10-25,2025-10-25,3608.66,3333.33,275.33,0.0,failed
REPAY_LN000626_01,LN000626,2025-08-26,2025-08-26,779.88,625.0,154.88,0.0,successful
REPAY_LN000626_02,LN000626,2025-09-26,2025-09-26,779.88,625.0,154.88,0.0,successful
REPAY_LN000626_03,LN000626,2025-10-26,2025-10-26,779.88,625.0,154.88,0.0,successful
REPAY_LN000626_04,LN000626,2025-11-25,2025-11-25,779.88,625.0,154.88,0.0,successful
REPAY_LN000626_05,LN000626,2025-12-24,2025-12-24,779.88,625.0,154.88,0.0,successful
REPAY_LN000626_06,LN000626,2026-01-26,2026-01-26,779.88,625.0,154.88,0.0,successful
REPAY_LN000626_07,LN000626,2026-02-26,2026-02-26,779.88,625.0,154.88,0.0,successful
REPAY_LN000626_08,LN000626,2026-03-26,2026-03-26,779.88,625.0,154.88,0.0,successful
REPAY_LN000626_09,LN000626,2026-04-24,2026-04-24,779.88,625.0,154.88,0.0,successful
REPAY_LN000627_01,LN000627,2025-08-26,2025-08-26,1106.58,833.33,273.25,0.0,successful
REPAY_LN000627_02,LN000627,2025-09-26,2025-09-26,1106.58,833.33,273.25,0.0,successful
REPAY_LN000627_03,LN000627,2025-10-25,2025-10-25,1106.58,833.33,273.25,0.0,successful
REPAY_LN000627_04,LN000627,2025-11-26,2025-11-26,1106.58,833.33,273.25,0.0,successful
REPAY_LN000627_05,LN000627,2025-12-25,2025-12-25,1106.58,833.33,273.25,0.0,successful
REPAY_LN000627_06,LN000627,2026-01-24,2026-01-24,1106.58,833.33,273.25,0.0,successful
REPAY_LN000627_07,LN000627,2026-02-26,2026-02-26,1106.58,833.33,273.25,0.0,successful
REPAY_LN000627_08,LN000627,2026-03-26,2026-03-26,1106.58,833.33,273.25,0.0,successful
REPAY_LN000627_09,LN000627,2026-04-25,2026-04-25,1106.58,833.33,273.25,0.0,successful
REPAY_LN000628_01,LN000628,2025-08-24,2025-08-24,1827.25,1666.67,160.58,0.0,successful
REPAY_LN000628_02_FAIL,LN000628,2025-09-26,2025-09-26,1827.25,1666.67,160.58,0.0,failed
REPAY_LN000628_03_FAIL,LN000628,2025-10-25,2025-10-25,1827.25,1666.67,160.58,0.0,failed
REPAY_LN000629_01,LN000629,2025-08-25,2025-08-25,198.77,138.89,59.88,0.0,successful
REPAY_LN000629_02,LN000629,2025-09-25,2025-09-25,198.77,138.89,59.88,0.0,successful
REPAY_LN000629_03,LN000629,2025-10-25,2025-10-25,198.77,138.89,59.88,0.0,successful
REPAY_LN000629_04,LN000629,2025-11-25,2025-11-25,198.77,138.89,59.88,0.0,successful
REPAY_LN000629_05,LN000629,2025-12-25,2025-12-25,198.77,138.89,59.88,0.0,successful
REPAY_LN000629_06,LN000629,2026-01-27,2026-01-27,198.77,138.89,59.88,0.0,successful
REPAY_LN000629_07,LN000629,2026-02-26,2026-02-26,198.77,138.89,59.88,0.0,successful
REPAY_LN000629_08,LN000629,2026-03-25,2026-03-25,198.77,138.89,59.88,0.0,successful
REPAY_LN000629_09,LN000629,2026-04-26,2026-04-26,198.77,138.89,59.88,0.0,successful
REPAY_LN000629_10,LN000629,2026-05-25,2026-05-25,198.77,138.89,59.88,0.0,successful
REPAY_LN000629_11,LN000629,2026-06-25,2026-06-25,198.77,138.89,59.88,0.0,successful
REPAY_LN000630_01,LN000630,2025-08-27,2025-08-27,1508.88,1250.0,258.88,0.0,successful
REPAY_LN000630_02,LN000630,2025-09-26,2025-09-26,1508.88,1250.0,258.88,0.0,successful
REPAY_LN000630_03,LN000630,2025-10-26,2025-10-26,1508.88,1250.0,258.88,0.0,successful
REPAY_LN000630_04,LN000630,2025-11-27,2025-11-27,1508.88,1250.0,258.88,0.0,successful
REPAY_LN000630_05,LN000630,2025-12-27,2025-12-27,1508.88,1250.0,258.88,0.0,successful
REPAY_LN000630_06,LN000630,2026-01-26,2026-01-26,1508.88,1250.0,258.88,0.0,successful
REPAY_LN000630_07,LN000630,2026-02-25,2026-02-25,1508.88,1250.0,258.88,0.0,successful
REPAY_LN000630_08,LN000630,2026-03-25,2026-03-25,1508.88,1250.0,258.88,0.0,successful
REPAY_LN000630_09,LN000630,2026-04-26,2026-04-26,1508.88,1250.0,258.88,0.0,successful
REPAY_LN000631_01,LN000631,2025-08-25,2025-08-25,756.6,666.67,89.93,0.0,successful
REPAY_LN000631_02,LN000631,2025-09-27,2025-09-27,756.6,666.67,89.93,0.0,successful
REPAY_LN000631_03,LN000631,2025-10-27,2025-10-27,756.6,666.67,89.93,0.0,successful
REPAY_LN000631_04,LN000631,2025-11-27,2025-11-27,756.6,666.67,89.93,0.0,successful
REPAY_LN000631_05,LN000631,2025-12-26,2025-12-26,756.6,666.67,89.93,0.0,successful
REPAY_LN000631_06,LN000631,2026-01-26,2026-01-26,756.6,666.67,89.93,0.0,successful
REPAY_LN000631_07,LN000631,2026-02-26,2026-02-26,756.6,666.67,89.93,0.0,successful
REPAY_LN000631_08,LN000631,2026-03-25,2026-03-25,756.6,666.67,89.93,0.0,successful
REPAY_LN000631_09,LN000631,2026-04-26,2026-04-26,756.6,666.67,89.93,0.0,successful
REPAY_LN000632_01,LN000632,2025-08-27,2025-08-27,798.62,625.0,173.62,0.0,successful
REPAY_LN000632_02,LN000632,2025-09-28,2025-09-28,798.62,625.0,173.62,0.0,successful
REPAY_LN000632_03,LN000632,2025-10-26,2025-10-26,798.62,625.0,173.62,0.0,successful
REPAY_LN000632_04,LN000632,2025-11-26,2025-11-26,798.62,625.0,173.62,0.0,successful
REPAY_LN000632_05,LN000632,2025-12-28,2025-12-28,798.62,625.0,173.62,0.0,successful
REPAY_LN000632_06,LN000632,2026-01-26,2026-01-26,798.62,625.0,173.62,0.0,successful
REPAY_LN000632_07,LN000632,2026-02-27,2026-02-27,798.62,625.0,173.62,0.0,successful
REPAY_LN000632_08,LN000632,2026-03-26,2026-03-26,798.62,625.0,173.62,0.0,successful
REPAY_LN000632_09,LN000632,2026-04-28,2026-04-28,798.62,625.0,173.62,0.0,successful
REPAY_LN000633_01,LN000633,2025-08-28,2025-08-28,970.95,833.33,137.62,0.0,successful
REPAY_LN000633_02,LN000633,2025-09-27,2025-09-27,970.95,833.33,137.62,0.0,successful
REPAY_LN000633_03,LN000633,2025-10-27,2025-10-27,970.95,833.33,137.62,0.0,successful
REPAY_LN000633_04,LN000633,2025-11-28,2025-11-28,970.95,833.33,137.62,0.0,successful
REPAY_LN000633_05,LN000633,2025-12-27,2025-12-27,970.95,833.33,137.62,0.0,successful
REPAY_LN000633_06,LN000633,2026-01-27,2026-01-27,970.95,833.33,137.62,0.0,successful
REPAY_LN000633_07,LN000633,2026-02-26,2026-02-26,970.95,833.33,137.62,0.0,successful
REPAY_LN000633_08_FAIL,LN000633,2026-03-28,2026-03-28,970.95,833.33,137.62,0.0,failed
REPAY_LN000633_09_FAIL,LN000633,2026-04-30,2026-04-30,970.95,833.33,137.62,0.0,failed
REPAY_LN000634_01,LN000634,2025-08-28,2025-08-28,571.67,416.67,155.0,0.0,successful
REPAY_LN000634_02,LN000634,2025-09-27,2025-09-27,571.67,416.67,155.0,0.0,successful
REPAY_LN000634_03,LN000634,2025-10-26,2025-10-26,571.67,416.67,155.0,0.0,successful
REPAY_LN000634_04,LN000634,2025-11-28,2025-11-28,571.67,416.67,155.0,0.0,successful
REPAY_LN000634_05,LN000634,2025-12-27,2025-12-27,571.67,416.67,155.0,0.0,successful
REPAY_LN000634_06,LN000634,2026-01-27,2026-01-27,571.67,416.67,155.0,0.0,successful
REPAY_LN000634_07,LN000634,2026-02-27,2026-02-27,571.67,416.67,155.0,0.0,successful
REPAY_LN000634_08,LN000634,2026-03-28,2026-03-28,571.67,416.67,155.0,0.0,successful
REPAY_LN000634_09,LN000634,2026-04-26,2026-04-26,571.67,416.67,155.0,0.0,successful
REPAY_LN000635_01,LN000635,2025-08-29,2025-08-29,1358.0,1250.0,108.0,0.0,successful
REPAY_LN000635_02,LN000635,2025-09-29,2025-09-29,1358.0,1250.0,108.0,0.0,successful
REPAY_LN000635_03,LN000635,2025-10-27,2025-10-27,1358.0,1250.0,108.0,0.0,successful
REPAY_LN000635_04,LN000635,2025-11-29,2025-11-29,1358.0,1250.0,108.0,0.0,successful
REPAY_LN000635_05,LN000635,2025-12-29,2025-12-29,1358.0,1250.0,108.0,0.0,successful
REPAY_LN000635_06,LN000635,2026-01-28,2026-01-28,1358.0,1250.0,108.0,0.0,successful
REPAY_LN000635_07,LN000635,2026-03-01,2026-03-01,1358.0,1250.0,108.0,0.0,successful
REPAY_LN000635_08,LN000635,2026-03-28,2026-03-28,1358.0,1250.0,108.0,0.0,successful
REPAY_LN000635_09,LN000635,2026-04-29,2026-04-29,1358.0,1250.0,108.0,0.0,successful
REPAY_LN000636_01,LN000636,2025-08-28,2025-08-28,1910.17,1666.67,243.5,0.0,successful
REPAY_LN000636_02,LN000636,2025-09-28,2025-09-28,1910.17,1666.67,243.5,0.0,successful
REPAY_LN000636_03,LN000636,2025-10-28,2025-10-28,1910.17,1666.67,243.5,0.0,successful
REPAY_LN000636_04,LN000636,2025-11-27,2025-11-27,1910.17,1666.67,243.5,0.0,successful
REPAY_LN000636_05,LN000636,2025-12-29,2025-12-29,1910.17,1666.67,243.5,0.0,successful
REPAY_LN000636_06,LN000636,2026-01-29,2026-01-29,1910.17,1666.67,243.5,0.0,successful
REPAY_LN000636_07,LN000636,2026-03-01,2026-03-01,1910.17,1666.67,243.5,0.0,successful
REPAY_LN000636_08,LN000636,2026-03-27,2026-03-27,1910.17,1666.67,243.5,0.0,successful
REPAY_LN000636_09,LN000636,2026-04-28,2026-04-28,1910.17,1666.67,243.5,0.0,successful
REPAY_LN000637_01,LN000637,2025-08-27,2025-08-27,474.8,416.67,58.13,0.0,successful
REPAY_LN000637_02,LN000637,2025-09-29,2025-09-29,474.8,416.67,58.13,0.0,successful
REPAY_LN000637_03,LN000637,2025-10-28,2025-10-28,474.8,416.67,58.13,0.0,successful
REPAY_LN000637_04,LN000637,2025-11-27,2025-11-27,474.8,416.67,58.13,0.0,successful
REPAY_LN000637_05_FAIL,LN000637,2025-12-30,2025-12-30,474.8,416.67,58.13,0.0,failed
REPAY_LN000637_06_FAIL,LN000637,2026-01-29,2026-01-29,474.8,416.67,58.13,0.0,failed
REPAY_LN000638_01,LN000638,2025-08-28,2025-08-28,2976.25,2500.0,476.25,0.0,successful
REPAY_LN000638_02,LN000638,2025-09-28,2025-09-28,2976.25,2500.0,476.25,0.0,successful
REPAY_LN000638_03,LN000638,2025-10-30,2025-10-30,2976.25,2500.0,476.25,0.0,successful
REPAY_LN000638_04,LN000638,2025-11-30,2025-11-30,2976.25,2500.0,476.25,0.0,successful
REPAY_LN000638_05,LN000638,2025-12-29,2025-12-29,2976.25,2500.0,476.25,0.0,successful
REPAY_LN000638_06,LN000638,2026-01-30,2026-01-30,2976.25,2500.0,476.25,0.0,successful
REPAY_LN000638_07,LN000638,2026-03-02,2026-03-02,2976.25,2500.0,476.25,0.0,successful
REPAY_LN000638_08,LN000638,2026-03-29,2026-03-29,2976.25,2500.0,476.25,0.0,successful
REPAY_LN000638_09,LN000638,2026-04-30,2026-04-30,2976.25,2500.0,476.25,0.0,successful
REPAY_LN000639_01,LN000639,2025-08-29,2025-08-29,299.89,222.22,77.67,0.0,successful
REPAY_LN000639_02,LN000639,2025-09-29,2025-09-29,299.89,222.22,77.67,0.0,successful
REPAY_LN000639_03,LN000639,2025-10-29,2025-10-29,299.89,222.22,77.67,0.0,successful
REPAY_LN000639_04,LN000639,2025-11-30,2025-11-30,299.89,222.22,77.67,0.0,successful
REPAY_LN000639_05,LN000639,2025-12-29,2025-12-29,299.89,222.22,77.67,0.0,successful
REPAY_LN000639_06,LN000639,2026-01-30,2026-01-30,299.89,222.22,77.67,0.0,successful
REPAY_LN000639_07,LN000639,2026-03-01,2026-03-01,299.89,222.22,77.67,0.0,successful
REPAY_LN000639_08,LN000639,2026-03-30,2026-03-30,299.89,222.22,77.67,0.0,successful
REPAY_LN000639_09,LN000639,2026-04-29,2026-04-29,299.89,222.22,77.67,0.0,successful
REPAY_LN000640_01,LN000640,2025-08-28,2025-08-28,730.07,666.67,63.4,0.0,successful
REPAY_LN000640_02,LN000640,2025-09-28,2025-09-28,730.07,666.67,63.4,0.0,successful
REPAY_LN000640_03,LN000640,2025-10-28,2025-10-28,730.07,666.67,63.4,0.0,successful
REPAY_LN000640_04,LN000640,2025-11-29,2025-11-29,730.07,666.67,63.4,0.0,successful
REPAY_LN000640_05,LN000640,2025-12-30,2025-12-30,730.07,666.67,63.4,0.0,successful
REPAY_LN000640_06,LN000640,2026-01-29,2026-01-29,730.07,666.67,63.4,0.0,successful
REPAY_LN000640_07,LN000640,2026-03-01,2026-03-01,730.07,666.67,63.4,0.0,successful
REPAY_LN000640_08,LN000640,2026-03-29,2026-03-29,730.07,666.67,63.4,0.0,successful
REPAY_LN000640_09,LN000640,2026-04-29,2026-04-29,730.07,666.67,63.4,0.0,successful
REPAY_LN000641_01,LN000641,2025-08-31,2025-08-31,5527.25,5000.0,527.25,0.0,successful
REPAY_LN000641_02,LN000641,2025-09-30,2025-09-30,5527.25,5000.0,527.25,0.0,successful
REPAY_LN000641_03,LN000641,2025-10-29,2025-10-29,5527.25,5000.0,527.25,0.0,successful
REPAY_LN000641_04,LN000641,2025-11-29,2025-11-29,5527.25,5000.0,527.25,0.0,successful
REPAY_LN000641_05,LN000641,2025-12-29,2025-12-29,5527.25,5000.0,527.25,0.0,successful
REPAY_LN000641_06,LN000641,2026-01-30,2026-01-30,5527.25,5000.0,527.25,0.0,successful
REPAY_LN000642_01,LN000642,2025-08-31,2025-08-31,585.29,416.67,168.62,0.0,successful
REPAY_LN000642_02,LN000642,2025-10-01,2025-10-01,585.29,416.67,168.62,0.0,successful
REPAY_LN000642_03,LN000642,2025-10-31,2025-10-31,585.29,416.67,168.62,0.0,successful
REPAY_LN000642_04,LN000642,2025-11-30,2025-11-30,585.29,416.67,168.62,0.0,successful
REPAY_LN000642_05,LN000642,2025-12-31,2025-12-31,585.29,416.67,168.62,0.0,successful
REPAY_LN000642_06,LN000642,2026-01-29,2026-01-29,585.29,416.67,168.62,0.0,successful
REPAY_LN000642_07,LN000642,2026-03-02,2026-03-02,585.29,416.67,168.62,0.0,successful
REPAY_LN000642_08,LN000642,2026-03-30,2026-03-30,585.29,416.67,168.62,0.0,successful
REPAY_LN000642_09,LN000642,2026-04-30,2026-04-30,585.29,416.67,168.62,0.0,successful
REPAY_LN000643_01,LN000643,2025-08-31,2025-08-31,577.09,416.67,160.42,0.0,successful
REPAY_LN000643_02,LN000643,2025-09-30,2025-09-30,577.09,416.67,160.42,0.0,successful
REPAY_LN000643_03,LN000643,2025-10-31,2025-10-31,577.09,416.67,160.42,0.0,successful
REPAY_LN000643_04,LN000643,2025-12-01,2025-12-01,577.09,416.67,160.42,0.0,successful
REPAY_LN000643_05,LN000643,2025-12-29,2025-12-29,577.09,416.67,160.42,0.0,successful
REPAY_LN000643_06,LN000643,2026-01-30,2026-01-30,577.09,416.67,160.42,0.0,successful
REPAY_LN000643_07,LN000643,2026-02-28,2026-02-28,577.09,416.67,160.42,0.0,successful
REPAY_LN000643_08,LN000643,2026-03-30,2026-03-30,577.09,416.67,160.42,0.0,successful
REPAY_LN000643_09,LN000643,2026-05-01,2026-05-01,577.09,416.67,160.42,0.0,successful
REPAY_LN000644_01,LN000644,2025-08-31,2025-08-31,358.4,277.78,80.62,0.0,successful
REPAY_LN000644_02,LN000644,2025-10-02,2025-10-02,358.4,277.78,80.62,0.0,successful
REPAY_LN000644_03,LN000644,2025-10-31,2025-10-31,358.4,277.78,80.62,0.0,successful
REPAY_LN000644_04,LN000644,2025-11-30,2025-11-30,358.4,277.78,80.62,0.0,successful
REPAY_LN000644_05,LN000644,2025-12-30,2025-12-30,358.4,277.78,80.62,0.0,successful
REPAY_LN000644_06,LN000644,2026-02-01,2026-02-01,358.4,277.78,80.62,0.0,successful
REPAY_LN000644_07,LN000644,2026-02-28,2026-02-28,358.4,277.78,80.62,0.0,successful
REPAY_LN000644_08,LN000644,2026-04-01,2026-04-01,358.4,277.78,80.62,0.0,successful
REPAY_LN000644_09,LN000644,2026-05-02,2026-05-02,358.4,277.78,80.62,0.0,successful
REPAY_LN000645_01,LN000645,2025-09-01,2025-09-01,910.75,833.33,77.42,0.0,successful
REPAY_LN000645_02,LN000645,2025-10-01,2025-10-01,910.75,833.33,77.42,0.0,successful
REPAY_LN000645_03,LN000645,2025-11-01,2025-11-01,910.75,833.33,77.42,0.0,successful
REPAY_LN000645_04,LN000645,2025-11-30,2025-11-30,910.75,833.33,77.42,0.0,successful
REPAY_LN000645_05,LN000645,2025-12-31,2025-12-31,910.75,833.33,77.42,0.0,successful
REPAY_LN000645_06,LN000645,2026-01-30,2026-01-30,910.75,833.33,77.42,0.0,successful
REPAY_LN000645_07,LN000645,2026-03-02,2026-03-02,910.75,833.33,77.42,0.0,successful
REPAY_LN000645_08,LN000645,2026-04-01,2026-04-01,910.75,833.33,77.42,0.0,successful
REPAY_LN000645_09,LN000645,2026-04-30,2026-04-30,910.75,833.33,77.42,0.0,successful
REPAY_LN000646_01,LN000646,2025-08-31,2025-08-31,1880.92,1666.67,214.25,0.0,successful
REPAY_LN000646_02,LN000646,2025-09-30,2025-09-30,1880.92,1666.67,214.25,0.0,successful
REPAY_LN000646_03,LN000646,2025-11-01,2025-11-01,1880.92,1666.67,214.25,0.0,successful
REPAY_LN000646_04,LN000646,2025-12-01,2025-12-01,1880.92,1666.67,214.25,0.0,successful
REPAY_LN000646_05,LN000646,2026-01-01,2026-01-01,1880.92,1666.67,214.25,0.0,successful
REPAY_LN000646_06,LN000646,2026-02-01,2026-02-01,1880.92,1666.67,214.25,0.0,successful
REPAY_LN000646_07,LN000646,2026-02-28,2026-02-28,1880.92,1666.67,214.25,0.0,successful
REPAY_LN000646_08,LN000646,2026-04-01,2026-04-01,1880.92,1666.67,214.25,0.0,successful
REPAY_LN000646_09,LN000646,2026-04-30,2026-04-30,1880.92,1666.67,214.25,0.0,successful
REPAY_LN000647_01,LN000647,2025-09-02,2025-09-02,454.53,277.78,176.75,0.0,successful
REPAY_LN000647_02,LN000647,2025-10-02,2025-10-02,454.53,277.78,176.75,0.0,successful
REPAY_LN000647_03,LN000647,2025-11-01,2025-11-01,454.53,277.78,176.75,0.0,successful
REPAY_LN000647_04,LN000647,2025-11-30,2025-11-30,454.53,277.78,176.75,0.0,successful
REPAY_LN000647_05,LN000647,2026-01-02,2026-01-02,454.53,277.78,176.75,0.0,successful
REPAY_LN000647_06,LN000647,2026-02-01,2026-02-01,454.53,277.78,176.75,0.0,successful
REPAY_LN000647_07,LN000647,2026-03-02,2026-03-02,454.53,277.78,176.75,0.0,successful
REPAY_LN000647_08,LN000647,2026-03-31,2026-03-31,454.53,277.78,176.75,0.0,successful
REPAY_LN000647_09,LN000647,2026-04-30,2026-04-30,454.53,277.78,176.75,0.0,successful
REPAY_LN000647_10,LN000647,2026-05-31,2026-05-31,454.53,277.78,176.75,0.0,successful
REPAY_LN000647_11,LN000647,2026-06-30,2026-06-30,454.53,277.78,176.75,0.0,successful
REPAY_LN000648_01,LN000648,2025-09-01,2025-09-01,1634.0,1250.0,384.0,0.0,successful
REPAY_LN000648_02,LN000648,2025-10-02,2025-10-02,1634.0,1250.0,384.0,0.0,successful
REPAY_LN000648_03,LN000648,2025-11-01,2025-11-01,1634.0,1250.0,384.0,0.0,successful
REPAY_LN000648_04,LN000648,2025-11-30,2025-11-30,1634.0,1250.0,384.0,0.0,successful
REPAY_LN000648_05,LN000648,2025-12-31,2025-12-31,1634.0,1250.0,384.0,0.0,successful
REPAY_LN000648_06,LN000648,2026-01-31,2026-01-31,1634.0,1250.0,384.0,0.0,successful
REPAY_LN000648_07,LN000648,2026-02-28,2026-02-28,1634.0,1250.0,384.0,0.0,successful
REPAY_LN000648_08,LN000648,2026-04-02,2026-04-02,1634.0,1250.0,384.0,0.0,successful
REPAY_LN000648_09,LN000648,2026-04-30,2026-04-30,1634.0,1250.0,384.0,0.0,successful
REPAY_LN000649_01,LN000649,2025-09-02,2025-09-02,379.73,333.33,46.4,0.0,successful
REPAY_LN000649_02,LN000649,2025-09-30,2025-09-30,379.73,333.33,46.4,0.0,successful
REPAY_LN000649_03,LN000649,2025-11-02,2025-11-02,379.73,333.33,46.4,0.0,successful
REPAY_LN000649_04,LN000649,2025-12-02,2025-12-02,379.73,333.33,46.4,0.0,successful
REPAY_LN000649_05,LN000649,2025-12-31,2025-12-31,379.73,333.33,46.4,0.0,successful
REPAY_LN000649_06,LN000649,2026-02-01,2026-02-01,379.73,333.33,46.4,0.0,successful
REPAY_LN000649_07,LN000649,2026-03-01,2026-03-01,379.73,333.33,46.4,0.0,successful
REPAY_LN000649_08,LN000649,2026-04-01,2026-04-01,379.73,333.33,46.4,0.0,successful
REPAY_LN000649_09,LN000649,2026-05-01,2026-05-01,379.73,333.33,46.4,0.0,successful
REPAY_LN000650_01,LN000650,2025-09-01,2025-09-01,1794.84,1666.67,128.17,0.0,successful
REPAY_LN000650_02,LN000650,2025-10-01,2025-10-01,1794.84,1666.67,128.17,0.0,successful
REPAY_LN000650_03,LN000650,2025-11-01,2025-11-01,1794.84,1666.67,128.17,0.0,successful
REPAY_LN000650_04_FAIL,LN000650,2025-12-02,2025-12-02,1794.84,1666.67,128.17,0.0,failed
REPAY_LN000650_05_FAIL,LN000650,2026-01-02,2026-01-02,1794.84,1666.67,128.17,0.0,failed
REPAY_LN000651_01,LN000651,2025-09-03,2025-09-03,641.31,555.56,85.75,0.0,successful
REPAY_LN000651_02,LN000651,2025-10-01,2025-10-01,641.31,555.56,85.75,0.0,successful
REPAY_LN000651_03,LN000651,2025-11-01,2025-11-01,641.31,555.56,85.75,0.0,successful
REPAY_LN000651_04,LN000651,2025-12-03,2025-12-03,641.31,555.56,85.75,0.0,successful
REPAY_LN000651_05,LN000651,2026-01-03,2026-01-03,641.31,555.56,85.75,0.0,successful
REPAY_LN000651_06_FAIL,LN000651,2026-02-02,2026-02-02,641.31,555.56,85.75,0.0,failed
REPAY_LN000651_07_FAIL,LN000651,2026-03-05,2026-03-05,641.31,555.56,85.75,0.0,failed
REPAY_LN000652_01,LN000652,2025-09-04,2025-09-04,1813.0,1666.67,146.33,0.0,successful
REPAY_LN000652_02,LN000652,2025-10-03,2025-10-03,1813.0,1666.67,146.33,0.0,successful
REPAY_LN000652_03,LN000652,2025-11-03,2025-11-03,1813.0,1666.67,146.33,0.0,successful
REPAY_LN000652_04,LN000652,2025-12-03,2025-12-03,1813.0,1666.67,146.33,0.0,successful
REPAY_LN000652_05,LN000652,2026-01-04,2026-01-04,1813.0,1666.67,146.33,0.0,successful
REPAY_LN000652_06,LN000652,2026-02-02,2026-02-02,1813.0,1666.67,146.33,0.0,successful
REPAY_LN000652_07,LN000652,2026-03-02,2026-03-02,1813.0,1666.67,146.33,0.0,successful
REPAY_LN000652_08,LN000652,2026-04-02,2026-04-02,1813.0,1666.67,146.33,0.0,successful
REPAY_LN000652_09,LN000652,2026-05-04,2026-05-04,1813.0,1666.67,146.33,0.0,successful
REPAY_LN000653_01,LN000653,2025-09-04,2025-09-04,886.39,555.56,330.83,0.0,successful
REPAY_LN000653_02,LN000653,2025-10-03,2025-10-03,886.39,555.56,330.83,0.0,successful
REPAY_LN000653_03,LN000653,2025-11-04,2025-11-04,886.39,555.56,330.83,0.0,successful
REPAY_LN000653_04,LN000653,2025-12-03,2025-12-03,886.39,555.56,330.83,0.0,successful
REPAY_LN000653_05,LN000653,2026-01-03,2026-01-03,886.39,555.56,330.83,0.0,successful
REPAY_LN000653_06,LN000653,2026-02-02,2026-02-02,886.39,555.56,330.83,0.0,successful
REPAY_LN000653_07,LN000653,2026-03-04,2026-03-04,886.39,555.56,330.83,0.0,successful
REPAY_LN000653_08,LN000653,2026-04-02,2026-04-02,886.39,555.56,330.83,0.0,successful
REPAY_LN000653_09,LN000653,2026-05-02,2026-05-02,886.39,555.56,330.83,0.0,successful
REPAY_LN000654_01,LN000654,2025-09-04,2025-09-04,3447.0,3333.33,113.67,0.0,successful
REPAY_LN000654_02,LN000654,2025-10-04,2025-10-04,3447.0,3333.33,113.67,0.0,successful
REPAY_LN000654_03,LN000654,2025-11-03,2025-11-03,3447.0,3333.33,113.67,0.0,successful
REPAY_LN000654_04,LN000654,2025-12-03,2025-12-03,3447.0,3333.33,113.67,0.0,successful
REPAY_LN000654_05,LN000654,2026-01-03,2026-01-03,3447.0,3333.33,113.67,0.0,successful
REPAY_LN000654_06,LN000654,2026-02-03,2026-02-03,3447.02,3333.35,113.67,0.0,successful
REPAY_LN000655_01,LN000655,2025-09-03,2025-09-03,812.75,625.0,187.75,0.0,successful
REPAY_LN000655_02,LN000655,2025-10-03,2025-10-03,812.75,625.0,187.75,0.0,successful
REPAY_LN000655_03,LN000655,2025-11-05,2025-11-05,812.75,625.0,187.75,0.0,successful
REPAY_LN000655_04,LN000655,2025-12-04,2025-12-04,812.75,625.0,187.75,0.0,successful
REPAY_LN000655_05,LN000655,2026-01-04,2026-01-04,812.75,625.0,187.75,0.0,successful
REPAY_LN000655_06,LN000655,2026-02-04,2026-02-04,812.75,625.0,187.75,0.0,successful
REPAY_LN000655_07,LN000655,2026-03-03,2026-03-03,812.75,625.0,187.75,0.0,successful
REPAY_LN000655_08,LN000655,2026-04-05,2026-04-05,812.75,625.0,187.75,0.0,successful
REPAY_LN000655_09,LN000655,2026-05-03,2026-05-03,812.75,625.0,187.75,0.0,successful
REPAY_LN000656_01,LN000656,2025-09-05,2025-09-05,362.49,277.78,84.71,0.0,successful
REPAY_LN000656_02,LN000656,2025-10-05,2025-10-05,362.49,277.78,84.71,0.0,successful
REPAY_LN000656_03,LN000656,2025-11-03,2025-11-03,362.49,277.78,84.71,0.0,successful
REPAY_LN000656_04,LN000656,2025-12-03,2025-12-03,362.49,277.78,84.71,0.0,successful
REPAY_LN000656_05,LN000656,2026-01-05,2026-01-05,362.49,277.78,84.71,0.0,successful
REPAY_LN000656_06_FAIL,LN000656,2026-02-04,2026-02-04,362.49,277.78,84.71,0.0,failed
REPAY_LN000656_07_FAIL,LN000656,2026-03-04,2026-03-04,362.49,277.78,84.71,0.0,failed
REPAY_LN000657_01,LN000657,2025-09-05,2025-09-05,2738.0,2500.0,238.0,0.0,successful
REPAY_LN000657_02,LN000657,2025-10-05,2025-10-05,2738.0,2500.0,238.0,0.0,successful
REPAY_LN000657_03,LN000657,2025-11-04,2025-11-04,2738.0,2500.0,238.0,0.0,successful
REPAY_LN000657_04,LN000657,2025-12-03,2025-12-03,2738.0,2500.0,238.0,0.0,successful
REPAY_LN000657_05,LN000657,2026-01-05,2026-01-05,2738.0,2500.0,238.0,0.0,successful
REPAY_LN000657_06,LN000657,2026-02-03,2026-02-03,2738.0,2500.0,238.0,0.0,successful
REPAY_LN000658_01,LN000658,2025-09-06,2025-09-06,725.81,555.56,170.25,0.0,successful
REPAY_LN000658_02,LN000658,2025-10-05,2025-10-05,725.81,555.56,170.25,0.0,successful
REPAY_LN000658_03,LN000658,2025-11-06,2025-11-06,725.81,555.56,170.25,0.0,successful
REPAY_LN000658_04_FAIL,LN000658,2025-12-07,2025-12-07,725.81,555.56,170.25,0.0,failed
REPAY_LN000658_05_FAIL,LN000658,2026-01-08,2026-01-08,725.81,555.56,170.25,0.0,failed
REPAY_LN000659_01,LN000659,2025-09-04,2025-09-04,181.64,138.89,42.75,0.0,successful
REPAY_LN000659_02,LN000659,2025-10-05,2025-10-05,181.64,138.89,42.75,0.0,successful
REPAY_LN000659_03,LN000659,2025-11-06,2025-11-06,181.64,138.89,42.75,0.0,successful
REPAY_LN000659_04,LN000659,2025-12-04,2025-12-04,181.64,138.89,42.75,0.0,successful
REPAY_LN000659_05,LN000659,2026-01-06,2026-01-06,181.64,138.89,42.75,0.0,successful
REPAY_LN000659_06,LN000659,2026-02-04,2026-02-04,181.64,138.89,42.75,0.0,successful
REPAY_LN000659_07,LN000659,2026-03-06,2026-03-06,181.64,138.89,42.75,0.0,successful
REPAY_LN000659_08,LN000659,2026-04-05,2026-04-05,181.64,138.89,42.75,0.0,successful
REPAY_LN000659_09,LN000659,2026-05-06,2026-05-06,181.64,138.89,42.75,0.0,successful
REPAY_LN000660_01,LN000660,2025-09-04,2025-09-04,1148.08,833.33,314.75,0.0,successful
REPAY_LN000660_02,LN000660,2025-10-06,2025-10-06,1148.08,833.33,314.75,0.0,successful
REPAY_LN000660_03,LN000660,2025-11-05,2025-11-05,1148.08,833.33,314.75,0.0,successful
REPAY_LN000660_04,LN000660,2025-12-05,2025-12-05,1148.08,833.33,314.75,0.0,successful
REPAY_LN000660_05,LN000660,2026-01-05,2026-01-05,1148.08,833.33,314.75,0.0,successful
REPAY_LN000660_06,LN000660,2026-02-05,2026-02-05,1148.08,833.33,314.75,0.0,successful
REPAY_LN000660_07,LN000660,2026-03-04,2026-03-04,1148.08,833.33,314.75,0.0,successful
REPAY_LN000660_08,LN000660,2026-04-06,2026-04-06,1148.08,833.33,314.75,0.0,successful
REPAY_LN000660_09,LN000660,2026-05-05,2026-05-05,1148.08,833.33,314.75,0.0,successful
REPAY_LN000661_01,LN000661,2025-09-07,2025-09-07,1779.42,1666.67,112.75,0.0,successful
REPAY_LN000661_02,LN000661,2025-10-05,2025-10-05,1779.42,1666.67,112.75,0.0,successful
REPAY_LN000661_03,LN000661,2025-11-07,2025-11-07,1779.42,1666.67,112.75,0.0,successful
REPAY_LN000661_04,LN000661,2025-12-07,2025-12-07,1779.42,1666.67,112.75,0.0,successful
REPAY_LN000661_05,LN000661,2026-01-06,2026-01-06,1779.42,1666.67,112.75,0.0,successful
REPAY_LN000661_06,LN000661,2026-02-06,2026-02-06,1779.4,1666.65,112.75,0.0,successful
REPAY_LN000662_01,LN000662,2025-09-05,2025-09-05,701.14,555.56,145.58,0.0,successful
REPAY_LN000662_02,LN000662,2025-10-07,2025-10-07,701.14,555.56,145.58,0.0,successful
REPAY_LN000662_03,LN000662,2025-11-05,2025-11-05,701.14,555.56,145.58,0.0,successful
REPAY_LN000662_04,LN000662,2025-12-05,2025-12-05,701.14,555.56,145.58,0.0,successful
REPAY_LN000662_05,LN000662,2026-01-05,2026-01-05,701.14,555.56,145.58,0.0,successful
REPAY_LN000662_06,LN000662,2026-02-06,2026-02-06,701.14,555.56,145.58,0.0,successful
REPAY_LN000662_07,LN000662,2026-03-06,2026-03-06,701.14,555.56,145.58,0.0,successful
REPAY_LN000662_08,LN000662,2026-04-07,2026-04-07,701.14,555.56,145.58,0.0,successful
REPAY_LN000663_01,LN000663,2025-09-08,2025-09-08,2242.92,1666.67,576.25,0.0,successful
REPAY_LN000663_02,LN000663,2025-10-08,2025-10-08,2242.92,1666.67,576.25,0.0,successful
REPAY_LN000663_03,LN000663,2025-11-07,2025-11-07,2242.92,1666.67,576.25,0.0,successful
REPAY_LN000663_04,LN000663,2025-12-07,2025-12-07,2242.92,1666.67,576.25,0.0,successful
REPAY_LN000663_05,LN000663,2026-01-06,2026-01-06,2242.92,1666.67,576.25,0.0,successful
REPAY_LN000663_06,LN000663,2026-02-07,2026-02-07,2242.92,1666.67,576.25,0.0,successful
REPAY_LN000663_07,LN000663,2026-03-06,2026-03-06,2242.92,1666.67,576.25,0.0,successful
REPAY_LN000663_08,LN000663,2026-04-06,2026-04-06,2242.92,1666.67,576.25,0.0,successful
REPAY_LN000664_01,LN000664,2025-09-07,2025-09-07,378.78,277.78,101.0,0.0,successful
REPAY_LN000664_02,LN000664,2025-10-06,2025-10-06,378.78,277.78,101.0,0.0,successful
REPAY_LN000664_03,LN000664,2025-11-06,2025-11-06,378.78,277.78,101.0,0.0,successful
REPAY_LN000664_04,LN000664,2025-12-08,2025-12-08,378.78,277.78,101.0,0.0,successful
REPAY_LN000664_05,LN000664,2026-01-06,2026-01-06,378.78,277.78,101.0,0.0,successful
REPAY_LN000664_06,LN000664,2026-02-07,2026-02-07,378.78,277.78,101.0,0.0,successful
REPAY_LN000664_07,LN000664,2026-03-07,2026-03-07,378.78,277.78,101.0,0.0,successful
REPAY_LN000664_08,LN000664,2026-04-06,2026-04-06,378.78,277.78,101.0,0.0,successful
REPAY_LN000665_01,LN000665,2025-09-08,2025-09-08,1048.45,833.33,215.12,0.0,successful
REPAY_LN000665_02,LN000665,2025-10-07,2025-10-07,1048.45,833.33,215.12,0.0,successful
REPAY_LN000665_03,LN000665,2025-11-07,2025-11-07,1048.45,833.33,215.12,0.0,successful
REPAY_LN000665_04,LN000665,2025-12-08,2025-12-08,1048.45,833.33,215.12,0.0,successful
REPAY_LN000665_05,LN000665,2026-01-06,2026-01-06,1048.45,833.33,215.12,0.0,successful
REPAY_LN000665_06,LN000665,2026-02-07,2026-02-07,1048.45,833.33,215.12,0.0,successful
REPAY_LN000665_07,LN000665,2026-03-06,2026-03-06,1048.45,833.33,215.12,0.0,successful
REPAY_LN000665_08,LN000665,2026-04-06,2026-04-06,1048.45,833.33,215.12,0.0,successful
REPAY_LN000666_01,LN000666,2025-09-07,2025-09-07,865.0,833.33,31.67,0.0,successful
REPAY_LN000666_02,LN000666,2025-10-07,2025-10-07,865.0,833.33,31.67,0.0,successful
REPAY_LN000666_03,LN000666,2025-11-08,2025-11-08,865.0,833.33,31.67,0.0,successful
REPAY_LN000666_04,LN000666,2025-12-09,2025-12-09,865.0,833.33,31.67,0.0,successful
REPAY_LN000666_05,LN000666,2026-01-08,2026-01-08,865.0,833.33,31.67,0.0,successful
REPAY_LN000666_06,LN000666,2026-02-09,2026-02-09,865.02,833.35,31.67,0.0,successful
REPAY_LN000667_01,LN000667,2025-09-07,2025-09-07,952.95,833.33,119.62,0.0,successful
REPAY_LN000667_02,LN000667,2025-10-09,2025-10-09,952.95,833.33,119.62,0.0,successful
REPAY_LN000667_03,LN000667,2025-11-07,2025-11-07,952.95,833.33,119.62,0.0,successful
REPAY_LN000667_04,LN000667,2025-12-08,2025-12-08,952.95,833.33,119.62,0.0,successful
REPAY_LN000667_05,LN000667,2026-01-08,2026-01-08,952.95,833.33,119.62,0.0,successful
REPAY_LN000667_06,LN000667,2026-02-09,2026-02-09,952.95,833.33,119.62,0.0,successful
REPAY_LN000667_07,LN000667,2026-03-07,2026-03-07,952.95,833.33,119.62,0.0,successful
REPAY_LN000667_08,LN000667,2026-04-07,2026-04-07,952.95,833.33,119.62,0.0,successful
REPAY_LN000668_01,LN000668,2025-09-07,2025-09-07,2852.0,2500.0,352.0,0.0,successful
REPAY_LN000668_02,LN000668,2025-10-07,2025-10-07,2852.0,2500.0,352.0,0.0,successful
REPAY_LN000668_03,LN000668,2025-11-07,2025-11-07,2852.0,2500.0,352.0,0.0,successful
REPAY_LN000668_04_FAIL,LN000668,2025-12-09,2025-12-09,2852.0,2500.0,352.0,0.0,failed
REPAY_LN000668_05_FAIL,LN000668,2026-01-09,2026-01-09,2852.0,2500.0,352.0,0.0,failed
REPAY_LN000669_01,LN000669,2025-09-09,2025-09-09,784.4,666.67,117.73,0.0,successful
REPAY_LN000669_02,LN000669,2025-10-08,2025-10-08,784.4,666.67,117.73,0.0,successful
REPAY_LN000669_03,LN000669,2025-11-09,2025-11-09,784.4,666.67,117.73,0.0,successful
REPAY_LN000669_04,LN000669,2025-12-08,2025-12-08,784.4,666.67,117.73,0.0,successful
REPAY_LN000669_05,LN000669,2026-01-08,2026-01-08,784.4,666.67,117.73,0.0,successful
REPAY_LN000669_06,LN000669,2026-02-10,2026-02-10,784.4,666.67,117.73,0.0,successful
REPAY_LN000669_07,LN000669,2026-03-08,2026-03-08,784.4,666.67,117.73,0.0,successful
REPAY_LN000669_08,LN000669,2026-04-09,2026-04-09,784.4,666.67,117.73,0.0,successful
REPAY_LN000670_01,LN000670,2025-09-09,2025-09-09,1486.33,1333.33,153.0,0.0,successful
REPAY_LN000670_02,LN000670,2025-10-08,2025-10-08,1486.33,1333.33,153.0,0.0,successful
REPAY_LN000670_03,LN000670,2025-11-09,2025-11-09,1486.33,1333.33,153.0,0.0,successful
REPAY_LN000670_04,LN000670,2025-12-08,2025-12-08,1486.33,1333.33,153.0,0.0,successful
REPAY_LN000670_05,LN000670,2026-01-10,2026-01-10,1486.33,1333.33,153.0,0.0,successful
REPAY_LN000670_06,LN000670,2026-02-08,2026-02-08,1486.35,1333.35,153.0,0.0,successful
REPAY_LN000671_01,LN000671,2025-09-08,2025-09-08,792.74,666.67,126.07,0.0,successful
REPAY_LN000671_02,LN000671,2025-10-10,2025-10-10,792.74,666.67,126.07,0.0,successful
REPAY_LN000671_03,LN000671,2025-11-09,2025-11-09,792.74,666.67,126.07,0.0,successful
REPAY_LN000671_04,LN000671,2025-12-10,2025-12-10,792.74,666.67,126.07,0.0,successful
REPAY_LN000671_05,LN000671,2026-01-10,2026-01-10,792.74,666.67,126.07,0.0,successful
REPAY_LN000671_06,LN000671,2026-02-08,2026-02-08,792.74,666.67,126.07,0.0,successful
REPAY_LN000671_07,LN000671,2026-03-08,2026-03-08,792.74,666.67,126.07,0.0,successful
REPAY_LN000671_08,LN000671,2026-04-10,2026-04-10,792.74,666.67,126.07,0.0,successful
REPAY_LN000672_01,LN000672,2025-09-10,2025-09-10,357.49,277.78,79.71,0.0,successful
REPAY_LN000672_02,LN000672,2025-10-11,2025-10-11,357.49,277.78,79.71,0.0,successful
REPAY_LN000672_03,LN000672,2025-11-10,2025-11-10,357.49,277.78,79.71,0.0,successful
REPAY_LN000672_04,LN000672,2025-12-11,2025-12-11,357.49,277.78,79.71,0.0,successful
REPAY_LN000672_05,LN000672,2026-01-11,2026-01-11,357.49,277.78,79.71,0.0,successful
REPAY_LN000672_06,LN000672,2026-02-10,2026-02-10,357.49,277.78,79.71,0.0,successful
REPAY_LN000672_07,LN000672,2026-03-11,2026-03-11,357.49,277.78,79.71,0.0,successful
REPAY_LN000672_08,LN000672,2026-04-09,2026-04-09,357.49,277.78,79.71,0.0,successful
REPAY_LN000673_01,LN000673,2025-09-11,2025-09-11,518.67,416.67,102.0,0.0,successful
REPAY_LN000673_02,LN000673,2025-10-09,2025-10-09,518.67,416.67,102.0,0.0,successful
REPAY_LN000673_03,LN000673,2025-11-10,2025-11-10,518.67,416.67,102.0,0.0,successful
REPAY_LN000673_04,LN000673,2025-12-10,2025-12-10,518.67,416.67,102.0,0.0,successful
REPAY_LN000673_05,LN000673,2026-01-09,2026-01-09,518.67,416.67,102.0,0.0,successful
REPAY_LN000673_06,LN000673,2026-02-11,2026-02-11,518.67,416.67,102.0,0.0,successful
REPAY_LN000673_07,LN000673,2026-03-09,2026-03-09,518.67,416.67,102.0,0.0,successful
REPAY_LN000673_08,LN000673,2026-04-09,2026-04-09,518.67,416.67,102.0,0.0,successful
REPAY_LN000674_01,LN000674,2025-09-10,2025-09-10,5418.25,5000.0,418.25,0.0,successful
REPAY_LN000674_02_FAIL,LN000674,2025-10-13,2025-10-13,5418.25,5000.0,418.25,0.0,failed
REPAY_LN000674_03_FAIL,LN000674,2025-11-11,2025-11-11,5418.25,5000.0,418.25,0.0,failed
REPAY_LN000675_01,LN000675,2025-09-11,2025-09-11,1806.0,1250.0,556.0,0.0,successful
REPAY_LN000675_02,LN000675,2025-10-12,2025-10-12,1806.0,1250.0,556.0,0.0,successful
REPAY_LN000675_03,LN000675,2025-11-11,2025-11-11,1806.0,1250.0,556.0,0.0,successful
REPAY_LN000675_04,LN000675,2025-12-10,2025-12-10,1806.0,1250.0,556.0,0.0,successful
REPAY_LN000675_05,LN000675,2026-01-10,2026-01-10,1806.0,1250.0,556.0,0.0,successful
REPAY_LN000675_06,LN000675,2026-02-11,2026-02-11,1806.0,1250.0,556.0,0.0,successful
REPAY_LN000675_07,LN000675,2026-03-11,2026-03-11,1806.0,1250.0,556.0,0.0,successful
REPAY_LN000675_08,LN000675,2026-04-12,2026-04-12,1806.0,1250.0,556.0,0.0,successful
REPAY_LN000676_01,LN000676,2025-09-11,2025-09-11,690.56,555.56,135.0,0.0,successful
REPAY_LN000676_02,LN000676,2025-10-11,2025-10-11,690.56,555.56,135.0,0.0,successful
REPAY_LN000676_03,LN000676,2025-11-10,2025-11-10,690.56,555.56,135.0,0.0,successful
REPAY_LN000676_04,LN000676,2025-12-10,2025-12-10,690.56,555.56,135.0,0.0,successful
REPAY_LN000676_05,LN000676,2026-01-11,2026-01-11,690.56,555.56,135.0,0.0,successful
REPAY_LN000676_06,LN000676,2026-02-11,2026-02-11,690.56,555.56,135.0,0.0,successful
REPAY_LN000676_07,LN000676,2026-03-10,2026-03-10,690.56,555.56,135.0,0.0,successful
REPAY_LN000676_08,LN000676,2026-04-12,2026-04-12,690.56,555.56,135.0,0.0,successful
REPAY_LN000677_01,LN000677,2025-09-13,2025-09-13,447.95,277.78,170.17,0.0,successful
REPAY_LN000677_02,LN000677,2025-10-13,2025-10-13,447.95,277.78,170.17,0.0,successful
REPAY_LN000677_03,LN000677,2025-11-11,2025-11-11,447.95,277.78,170.17,0.0,successful
REPAY_LN000677_04,LN000677,2025-12-12,2025-12-12,447.95,277.78,170.17,0.0,successful
REPAY_LN000677_05,LN000677,2026-01-13,2026-01-13,447.95,277.78,170.17,0.0,successful
REPAY_LN000677_06,LN000677,2026-02-11,2026-02-11,447.95,277.78,170.17,0.0,successful
REPAY_LN000677_07,LN000677,2026-03-12,2026-03-12,447.95,277.78,170.17,0.0,successful
REPAY_LN000677_08,LN000677,2026-04-13,2026-04-13,447.95,277.78,170.17,0.0,successful
REPAY_LN000677_09,LN000677,2026-05-12,2026-05-12,447.95,277.78,170.17,0.0,successful
REPAY_LN000677_10,LN000677,2026-06-13,2026-06-13,447.95,277.78,170.17,0.0,successful
REPAY_LN000677_11,LN000677,2026-07-12,2026-07-12,447.95,277.78,170.17,0.0,successful
REPAY_LN000677_12,LN000677,2026-08-13,2026-08-13,447.95,277.78,170.17,0.0,successful
REPAY_LN000678_01,LN000678,2025-09-13,2025-09-13,474.86,277.78,197.08,0.0,successful
REPAY_LN000678_02,LN000678,2025-10-12,2025-10-12,474.86,277.78,197.08,0.0,successful
REPAY_LN000678_03,LN000678,2025-11-12,2025-11-12,474.86,277.78,197.08,0.0,successful
REPAY_LN000678_04,LN000678,2025-12-12,2025-12-12,474.86,277.78,197.08,0.0,successful
REPAY_LN000678_05,LN000678,2026-01-11,2026-01-11,474.86,277.78,197.08,0.0,successful
REPAY_LN000678_06,LN000678,2026-02-11,2026-02-11,474.86,277.78,197.08,0.0,successful
REPAY_LN000678_07,LN000678,2026-03-12,2026-03-12,474.86,277.78,197.08,0.0,successful
REPAY_LN000678_08,LN000678,2026-04-11,2026-04-11,474.86,277.78,197.08,0.0,successful
REPAY_LN000679_01,LN000679,2025-09-12,2025-09-12,1047.08,833.33,213.75,0.0,successful
REPAY_LN000679_02,LN000679,2025-10-13,2025-10-13,1047.08,833.33,213.75,0.0,successful
REPAY_LN000679_03,LN000679,2025-11-14,2025-11-14,1047.08,833.33,213.75,0.0,successful
REPAY_LN000679_04,LN000679,2025-12-14,2025-12-14,1047.08,833.33,213.75,0.0,successful
REPAY_LN000679_05_FAIL,LN000679,2026-01-13,2026-01-13,1047.08,833.33,213.75,0.0,failed
REPAY_LN000679_06_FAIL,LN000679,2026-02-16,2026-02-16,1047.08,833.33,213.75,0.0,failed
REPAY_LN000680_01,LN000680,2025-09-14,2025-09-14,825.89,555.56,270.33,0.0,successful
REPAY_LN000680_02,LN000680,2025-10-13,2025-10-13,825.89,555.56,270.33,0.0,successful
REPAY_LN000680_03,LN000680,2025-11-12,2025-11-12,825.89,555.56,270.33,0.0,successful
REPAY_LN000680_04,LN000680,2025-12-13,2025-12-13,825.89,555.56,270.33,0.0,successful
REPAY_LN000680_05,LN000680,2026-01-13,2026-01-13,825.89,555.56,270.33,0.0,successful
REPAY_LN000680_06,LN000680,2026-02-13,2026-02-13,825.89,555.56,270.33,0.0,successful
REPAY_LN000680_07,LN000680,2026-03-14,2026-03-14,825.89,555.56,270.33,0.0,successful
REPAY_LN000680_08,LN000680,2026-04-13,2026-04-13,825.89,555.56,270.33,0.0,successful
REPAY_LN000681_01,LN000681,2025-09-14,2025-09-14,444.05,416.67,27.38,0.0,successful
REPAY_LN000681_02,LN000681,2025-10-13,2025-10-13,444.05,416.67,27.38,0.0,successful
REPAY_LN000681_03,LN000681,2025-11-14,2025-11-14,444.05,416.67,27.38,0.0,successful
REPAY_LN000681_04,LN000681,2025-12-14,2025-12-14,444.05,416.67,27.38,0.0,successful
REPAY_LN000681_05,LN000681,2026-01-14,2026-01-14,444.05,416.67,27.38,0.0,successful
REPAY_LN000681_06,LN000681,2026-02-13,2026-02-13,444.05,416.67,27.38,0.0,successful
REPAY_LN000681_07,LN000681,2026-03-13,2026-03-13,444.05,416.67,27.38,0.0,successful
REPAY_LN000681_08,LN000681,2026-04-14,2026-04-14,444.05,416.67,27.38,0.0,successful
REPAY_LN000682_01,LN000682,2025-09-14,2025-09-14,609.42,416.67,192.75,0.0,successful
REPAY_LN000682_02,LN000682,2025-10-15,2025-10-15,609.42,416.67,192.75,0.0,successful
REPAY_LN000682_03,LN000682,2025-11-15,2025-11-15,609.42,416.67,192.75,0.0,successful
REPAY_LN000682_04,LN000682,2025-12-13,2025-12-13,609.42,416.67,192.75,0.0,successful
REPAY_LN000682_05,LN000682,2026-01-14,2026-01-14,609.42,416.67,192.75,0.0,successful
REPAY_LN000682_06,LN000682,2026-02-14,2026-02-14,609.42,416.67,192.75,0.0,successful
REPAY_LN000682_07,LN000682,2026-03-13,2026-03-13,609.42,416.67,192.75,0.0,successful
REPAY_LN000682_08,LN000682,2026-04-15,2026-04-15,609.42,416.67,192.75,0.0,successful
REPAY_LN000683_01,LN000683,2025-09-15,2025-09-15,5554.0,5000.0,554.0,0.0,successful
REPAY_LN000683_02,LN000683,2025-10-13,2025-10-13,5554.0,5000.0,554.0,0.0,successful
REPAY_LN000683_03,LN000683,2025-11-13,2025-11-13,5554.0,5000.0,554.0,0.0,successful
REPAY_LN000683_04,LN000683,2025-12-15,2025-12-15,5554.0,5000.0,554.0,0.0,successful
REPAY_LN000683_05,LN000683,2026-01-14,2026-01-14,5554.0,5000.0,554.0,0.0,successful
REPAY_LN000683_06,LN000683,2026-02-13,2026-02-13,5554.0,5000.0,554.0,0.0,successful
REPAY_LN000684_01,LN000684,2025-09-13,2025-09-13,466.29,416.67,49.62,0.0,successful
REPAY_LN000684_02,LN000684,2025-10-13,2025-10-13,466.29,416.67,49.62,0.0,successful
REPAY_LN000684_03,LN000684,2025-11-13,2025-11-13,466.29,416.67,49.62,0.0,successful
REPAY_LN000684_04,LN000684,2025-12-13,2025-12-13,466.29,416.67,49.62,0.0,successful
REPAY_LN000684_05,LN000684,2026-01-13,2026-01-13,466.29,416.67,49.62,0.0,successful
REPAY_LN000684_06,LN000684,2026-02-15,2026-02-15,466.29,416.67,49.62,0.0,successful
REPAY_LN000684_07,LN000684,2026-03-15,2026-03-15,466.29,416.67,49.62,0.0,successful
REPAY_LN000684_08,LN000684,2026-04-13,2026-04-13,466.29,416.67,49.62,0.0,successful
REPAY_LN000685_01,LN000685,2025-09-16,2025-09-16,360.95,277.78,83.17,0.0,successful
REPAY_LN000685_02,LN000685,2025-10-15,2025-10-15,360.95,277.78,83.17,0.0,successful
REPAY_LN000685_03,LN000685,2025-11-15,2025-11-15,360.95,277.78,83.17,0.0,successful
REPAY_LN000685_04,LN000685,2025-12-14,2025-12-14,360.95,277.78,83.17,0.0,successful
REPAY_LN000685_05,LN000685,2026-01-15,2026-01-15,360.95,277.78,83.17,0.0,successful
REPAY_LN000685_06,LN000685,2026-02-15,2026-02-15,360.95,277.78,83.17,0.0,successful
REPAY_LN000685_07,LN000685,2026-03-16,2026-03-16,360.95,277.78,83.17,0.0,successful
REPAY_LN000685_08,LN000685,2026-04-16,2026-04-16,360.95,277.78,83.17,0.0,successful
REPAY_LN000686_01,LN000686,2025-09-16,2025-09-16,994.66,833.33,161.33,0.0,successful
REPAY_LN000686_02,LN000686,2025-10-15,2025-10-15,994.66,833.33,161.33,0.0,successful
REPAY_LN000686_03,LN000686,2025-11-14,2025-11-14,994.66,833.33,161.33,0.0,successful
REPAY_LN000686_04,LN000686,2025-12-16,2025-12-16,994.66,833.33,161.33,0.0,successful
REPAY_LN000686_05,LN000686,2026-01-15,2026-01-15,994.66,833.33,161.33,0.0,successful
REPAY_LN000686_06,LN000686,2026-02-16,2026-02-16,994.66,833.33,161.33,0.0,successful
REPAY_LN000686_07,LN000686,2026-03-15,2026-03-15,994.66,833.33,161.33,0.0,successful
REPAY_LN000686_08_FAIL,LN000686,2026-04-17,2026-04-17,994.66,833.33,161.33,0.0,failed
REPAY_LN000687_01,LN000687,2025-09-14,2025-09-14,209.01,138.89,70.12,0.0,successful
REPAY_LN000687_02,LN000687,2025-10-16,2025-10-16,209.01,138.89,70.12,0.0,successful
REPAY_LN000687_03,LN000687,2025-11-14,2025-11-14,209.01,138.89,70.12,0.0,successful
REPAY_LN000687_04,LN000687,2025-12-16,2025-12-16,209.01,138.89,70.12,0.0,successful
REPAY_LN000687_05,LN000687,2026-01-16,2026-01-16,209.01,138.89,70.12,0.0,successful
REPAY_LN000687_06,LN000687,2026-02-16,2026-02-16,209.01,138.89,70.12,0.0,successful
REPAY_LN000687_07,LN000687,2026-03-15,2026-03-15,209.01,138.89,70.12,0.0,successful
REPAY_LN000687_08,LN000687,2026-04-15,2026-04-15,209.01,138.89,70.12,0.0,successful
REPAY_LN000688_01,LN000688,2025-09-14,2025-09-14,1489.86,1333.33,156.53,0.0,successful
REPAY_LN000688_02,LN000688,2025-10-14,2025-10-14,1489.86,1333.33,156.53,0.0,successful
REPAY_LN000688_03,LN000688,2025-11-15,2025-11-15,1489.86,1333.33,156.53,0.0,successful
REPAY_LN000688_04,LN000688,2025-12-14,2025-12-14,1489.86,1333.33,156.53,0.0,successful
REPAY_LN000688_05,LN000688,2026-01-14,2026-01-14,1489.86,1333.33,156.53,0.0,successful
REPAY_LN000688_06,LN000688,2026-02-15,2026-02-15,1489.88,1333.35,156.53,0.0,successful
REPAY_LN000689_01,LN000689,2025-09-16,2025-09-16,582.67,416.67,166.0,0.0,successful
REPAY_LN000689_02,LN000689,2025-10-16,2025-10-16,582.67,416.67,166.0,0.0,successful
REPAY_LN000689_03,LN000689,2025-11-16,2025-11-16,582.67,416.67,166.0,0.0,successful
REPAY_LN000689_04,LN000689,2025-12-17,2025-12-17,582.67,416.67,166.0,0.0,successful
REPAY_LN000689_05,LN000689,2026-01-16,2026-01-16,582.67,416.67,166.0,0.0,successful
REPAY_LN000689_06,LN000689,2026-02-15,2026-02-15,582.67,416.67,166.0,0.0,successful
REPAY_LN000689_07,LN000689,2026-03-17,2026-03-17,582.67,416.67,166.0,0.0,successful
REPAY_LN000689_08,LN000689,2026-04-17,2026-04-17,582.67,416.67,166.0,0.0,successful
REPAY_LN000690_01,LN000690,2025-09-15,2025-09-15,1478.25,1250.0,228.25,0.0,successful
REPAY_LN000690_02,LN000690,2025-10-17,2025-10-17,1478.25,1250.0,228.25,0.0,successful
REPAY_LN000690_03,LN000690,2025-11-15,2025-11-15,1478.25,1250.0,228.25,0.0,successful
REPAY_LN000690_04,LN000690,2025-12-17,2025-12-17,1478.25,1250.0,228.25,0.0,successful
REPAY_LN000690_05,LN000690,2026-01-17,2026-01-17,1478.25,1250.0,228.25,0.0,successful
REPAY_LN000690_06,LN000690,2026-02-15,2026-02-15,1478.25,1250.0,228.25,0.0,successful
REPAY_LN000690_07,LN000690,2026-03-15,2026-03-15,1478.25,1250.0,228.25,0.0,successful
REPAY_LN000690_08,LN000690,2026-04-15,2026-04-15,1478.25,1250.0,228.25,0.0,successful
REPAY_LN000691_01,LN000691,2025-09-15,2025-09-15,509.13,416.67,92.46,0.0,successful
REPAY_LN000691_02,LN000691,2025-10-16,2025-10-16,509.13,416.67,92.46,0.0,successful
REPAY_LN000691_03,LN000691,2025-11-16,2025-11-16,509.13,416.67,92.46,0.0,successful
REPAY_LN000691_04,LN000691,2025-12-15,2025-12-15,509.13,416.67,92.46,0.0,successful
REPAY_LN000691_05,LN000691,2026-01-16,2026-01-16,509.13,416.67,92.46,0.0,successful
REPAY_LN000691_06,LN000691,2026-02-15,2026-02-15,509.13,416.67,92.46,0.0,successful
REPAY_LN000691_07,LN000691,2026-03-15,2026-03-15,509.13,416.67,92.46,0.0,successful
REPAY_LN000691_08,LN000691,2026-04-17,2026-04-17,509.13,416.67,92.46,0.0,successful
REPAY_LN000692_01,LN000692,2025-09-16,2025-09-16,326.75,222.22,104.53,0.0,successful
REPAY_LN000692_02,LN000692,2025-10-16,2025-10-16,326.75,222.22,104.53,0.0,successful
REPAY_LN000692_03,LN000692,2025-11-18,2025-11-18,326.75,222.22,104.53,0.0,successful
REPAY_LN000692_04,LN000692,2025-12-16,2025-12-16,326.75,222.22,104.53,0.0,successful
REPAY_LN000692_05,LN000692,2026-01-18,2026-01-18,326.75,222.22,104.53,0.0,successful
REPAY_LN000692_06,LN000692,2026-02-16,2026-02-16,326.75,222.22,104.53,0.0,successful
REPAY_LN000692_07,LN000692,2026-03-18,2026-03-18,326.75,222.22,104.53,0.0,successful
REPAY_LN000692_08,LN000692,2026-04-17,2026-04-17,326.75,222.22,104.53,0.0,successful
REPAY_LN000692_09,LN000692,2026-05-18,2026-05-18,326.75,222.22,104.53,0.0,successful
REPAY_LN000693_01,LN000693,2025-09-18,2025-09-18,2720.25,2500.0,220.25,0.0,successful
REPAY_LN000693_02,LN000693,2025-10-16,2025-10-16,2720.25,2500.0,220.25,0.0,successful
REPAY_LN000693_03,LN000693,2025-11-18,2025-11-18,2720.25,2500.0,220.25,0.0,successful
REPAY_LN000693_04,LN000693,2025-12-18,2025-12-18,2720.25,2500.0,220.25,0.0,successful
REPAY_LN000693_05,LN000693,2026-01-16,2026-01-16,2720.25,2500.0,220.25,0.0,successful
REPAY_LN000693_06,LN000693,2026-02-17,2026-02-17,2720.25,2500.0,220.25,0.0,successful
REPAY_LN000693_07,LN000693,2026-03-17,2026-03-17,2720.25,2500.0,220.25,0.0,successful
REPAY_LN000693_08,LN000693,2026-04-17,2026-04-17,2720.25,2500.0,220.25,0.0,successful
REPAY_LN000694_01,LN000694,2025-09-18,2025-09-18,640.23,555.56,84.67,0.0,successful
REPAY_LN000694_02,LN000694,2025-10-16,2025-10-16,640.23,555.56,84.67,0.0,successful
REPAY_LN000694_03,LN000694,2025-11-17,2025-11-17,640.23,555.56,84.67,0.0,successful
REPAY_LN000694_04,LN000694,2025-12-17,2025-12-17,640.23,555.56,84.67,0.0,successful
REPAY_LN000694_05,LN000694,2026-01-17,2026-01-17,640.23,555.56,84.67,0.0,successful
REPAY_LN000694_06,LN000694,2026-02-17,2026-02-17,640.23,555.56,84.67,0.0,successful
REPAY_LN000694_07,LN000694,2026-03-16,2026-03-16,640.23,555.56,84.67,0.0,successful
REPAY_LN000694_08,LN000694,2026-04-17,2026-04-17,640.23,555.56,84.67,0.0,successful
REPAY_LN000695_01,LN000695,2025-09-18,2025-09-18,1531.25,1250.0,281.25,0.0,successful
REPAY_LN000695_02,LN000695,2025-10-18,2025-10-18,1531.25,1250.0,281.25,0.0,successful
REPAY_LN000695_03,LN000695,2025-11-16,2025-11-16,1531.25,1250.0,281.25,0.0,successful
REPAY_LN000695_04,LN000695,2025-12-17,2025-12-17,1531.25,1250.0,281.25,0.0,successful
REPAY_LN000695_05,LN000695,2026-01-17,2026-01-17,1531.25,1250.0,281.25,0.0,successful
REPAY_LN000695_06,LN000695,2026-02-18,2026-02-18,1531.25,1250.0,281.25,0.0,successful
REPAY_LN000695_07,LN000695,2026-03-16,2026-03-16,1531.25,1250.0,281.25,0.0,successful
REPAY_LN000695_08,LN000695,2026-04-18,2026-04-18,1531.25,1250.0,281.25,0.0,successful
REPAY_LN000696_01,LN000696,2025-09-17,2025-09-17,267.35,222.22,45.13,0.0,successful
REPAY_LN000696_02,LN000696,2025-10-17,2025-10-17,267.35,222.22,45.13,0.0,successful
REPAY_LN000696_03,LN000696,2025-11-17,2025-11-17,267.35,222.22,45.13,0.0,successful
REPAY_LN000696_04,LN000696,2025-12-19,2025-12-19,267.35,222.22,45.13,0.0,successful
REPAY_LN000696_05,LN000696,2026-01-17,2026-01-17,267.35,222.22,45.13,0.0,successful
REPAY_LN000696_06,LN000696,2026-02-19,2026-02-19,267.35,222.22,45.13,0.0,successful
REPAY_LN000696_07,LN000696,2026-03-19,2026-03-19,267.35,222.22,45.13,0.0,successful
REPAY_LN000696_08,LN000696,2026-04-18,2026-04-18,267.35,222.22,45.13,0.0,successful
REPAY_LN000697_01,LN000697,2025-09-19,2025-09-19,1049.33,833.33,216.0,0.0,successful
REPAY_LN000697_02,LN000697,2025-10-19,2025-10-19,1049.33,833.33,216.0,0.0,successful
REPAY_LN000697_03,LN000697,2025-11-18,2025-11-18,1049.33,833.33,216.0,0.0,successful
REPAY_LN000697_04,LN000697,2025-12-18,2025-12-18,1049.33,833.33,216.0,0.0,successful
REPAY_LN000697_05,LN000697,2026-01-18,2026-01-18,1049.33,833.33,216.0,0.0,successful
REPAY_LN000697_06,LN000697,2026-02-17,2026-02-17,1049.33,833.33,216.0,0.0,successful
REPAY_LN000697_07,LN000697,2026-03-17,2026-03-17,1049.33,833.33,216.0,0.0,successful
REPAY_LN000697_08,LN000697,2026-04-18,2026-04-18,1049.33,833.33,216.0,0.0,successful
REPAY_LN000698_01,LN000698,2025-09-17,2025-09-17,2041.17,1666.67,374.5,0.0,successful
REPAY_LN000698_02,LN000698,2025-10-18,2025-10-18,2041.17,1666.67,374.5,0.0,successful
REPAY_LN000698_03,LN000698,2025-11-17,2025-11-17,2041.17,1666.67,374.5,0.0,successful
REPAY_LN000698_04,LN000698,2025-12-19,2025-12-19,2041.17,1666.67,374.5,0.0,successful
REPAY_LN000698_05,LN000698,2026-01-17,2026-01-17,2041.17,1666.67,374.5,0.0,successful
REPAY_LN000698_06,LN000698,2026-02-17,2026-02-17,2041.17,1666.67,374.5,0.0,successful
REPAY_LN000698_07,LN000698,2026-03-19,2026-03-19,2041.17,1666.67,374.5,0.0,successful
REPAY_LN000698_08,LN000698,2026-04-18,2026-04-18,2041.17,1666.67,374.5,0.0,successful
REPAY_LN000699_01,LN000699,2025-09-20,2025-09-20,553.17,444.44,108.73,0.0,successful
REPAY_LN000699_02,LN000699,2025-10-20,2025-10-20,553.17,444.44,108.73,0.0,successful
REPAY_LN000699_03,LN000699,2025-11-20,2025-11-20,553.17,444.44,108.73,0.0,successful
REPAY_LN000699_04,LN000699,2025-12-20,2025-12-20,553.17,444.44,108.73,0.0,successful
REPAY_LN000699_05,LN000699,2026-01-19,2026-01-19,553.17,444.44,108.73,0.0,successful
REPAY_LN000699_06,LN000699,2026-02-18,2026-02-18,553.17,444.44,108.73,0.0,successful
REPAY_LN000699_07_FAIL,LN000699,2026-03-19,2026-03-19,553.17,444.44,108.73,0.0,failed
REPAY_LN000699_08_FAIL,LN000699,2026-04-22,2026-04-22,553.17,444.44,108.73,0.0,failed
REPAY_LN000700_01,LN000700,2025-09-18,2025-09-18,2648.0,2500.0,148.0,0.0,successful
REPAY_LN000700_02,LN000700,2025-10-18,2025-10-18,2648.0,2500.0,148.0,0.0,successful
REPAY_LN000700_03,LN000700,2025-11-19,2025-11-19,2648.0,2500.0,148.0,0.0,successful
REPAY_LN000700_04,LN000700,2025-12-18,2025-12-18,2648.0,2500.0,148.0,0.0,successful
REPAY_LN000700_05,LN000700,2026-01-19,2026-01-19,2648.0,2500.0,148.0,0.0,successful
REPAY_LN000700_06,LN000700,2026-02-19,2026-02-19,2648.0,2500.0,148.0,0.0,successful
REPAY_LN000701_01,LN000701,2025-09-21,2025-09-21,332.78,277.78,55.0,0.0,successful
REPAY_LN000701_02,LN000701,2025-10-21,2025-10-21,332.78,277.78,55.0,0.0,successful
REPAY_LN000701_03,LN000701,2025-11-19,2025-11-19,332.78,277.78,55.0,0.0,successful
REPAY_LN000701_04,LN000701,2025-12-20,2025-12-20,332.78,277.78,55.0,0.0,successful
REPAY_LN000701_05,LN000701,2026-01-21,2026-01-21,332.78,277.78,55.0,0.0,successful
REPAY_LN000701_06,LN000701,2026-02-20,2026-02-20,332.78,277.78,55.0,0.0,successful
REPAY_LN000701_07,LN000701,2026-03-21,2026-03-21,332.78,277.78,55.0,0.0,successful
REPAY_LN000701_08,LN000701,2026-04-20,2026-04-20,332.78,277.78,55.0,0.0,successful
REPAY_LN000702_01,LN000702,2025-09-19,2025-09-19,2618.0,2500.0,118.0,0.0,successful
REPAY_LN000702_02,LN000702,2025-10-19,2025-10-19,2618.0,2500.0,118.0,0.0,successful
REPAY_LN000702_03,LN000702,2025-11-20,2025-11-20,2618.0,2500.0,118.0,0.0,successful
REPAY_LN000702_04,LN000702,2025-12-21,2025-12-21,2618.0,2500.0,118.0,0.0,successful
REPAY_LN000702_05,LN000702,2026-01-21,2026-01-21,2618.0,2500.0,118.0,0.0,successful
REPAY_LN000702_06,LN000702,2026-02-19,2026-02-19,2618.0,2500.0,118.0,0.0,successful
REPAY_LN000703_01,LN000703,2025-09-19,2025-09-19,336.95,222.22,114.73,0.0,successful
REPAY_LN000703_02,LN000703,2025-10-19,2025-10-19,336.95,222.22,114.73,0.0,successful
REPAY_LN000703_03,LN000703,2025-11-21,2025-11-21,336.95,222.22,114.73,0.0,successful
REPAY_LN000703_04,LN000703,2025-12-21,2025-12-21,336.95,222.22,114.73,0.0,successful
REPAY_LN000703_05,LN000703,2026-01-19,2026-01-19,336.95,222.22,114.73,0.0,successful
REPAY_LN000703_06,LN000703,2026-02-20,2026-02-20,336.95,222.22,114.73,0.0,successful
REPAY_LN000703_07,LN000703,2026-03-21,2026-03-21,336.95,222.22,114.73,0.0,successful
REPAY_LN000703_08,LN000703,2026-04-19,2026-04-19,336.95,222.22,114.73,0.0,successful
REPAY_LN000704_01,LN000704,2025-09-21,2025-09-21,1393.86,1333.33,60.53,0.0,successful
REPAY_LN000704_02,LN000704,2025-10-22,2025-10-22,1393.86,1333.33,60.53,0.0,successful
REPAY_LN000704_03,LN000704,2025-11-21,2025-11-21,1393.86,1333.33,60.53,0.0,successful
REPAY_LN000704_04,LN000704,2025-12-21,2025-12-21,1393.86,1333.33,60.53,0.0,successful
REPAY_LN000704_05,LN000704,2026-01-22,2026-01-22,1393.86,1333.33,60.53,0.0,successful
REPAY_LN000704_06,LN000704,2026-02-20,2026-02-20,1393.88,1333.35,60.53,0.0,successful
REPAY_LN000705_01,LN000705,2025-09-21,2025-09-21,1414.2,1333.33,80.87,0.0,successful
REPAY_LN000705_02,LN000705,2025-10-20,2025-10-20,1414.2,1333.33,80.87,0.0,successful
REPAY_LN000705_03,LN000705,2025-11-22,2025-11-22,1414.2,1333.33,80.87,0.0,successful
REPAY_LN000705_04,LN000705,2025-12-21,2025-12-21,1414.2,1333.33,80.87,0.0,successful
REPAY_LN000705_05,LN000705,2026-01-21,2026-01-21,1414.2,1333.33,80.87,0.0,successful
REPAY_LN000705_06,LN000705,2026-02-21,2026-02-21,1414.22,1333.35,80.87,0.0,successful
REPAY_LN000706_01,LN000706,2025-09-22,2025-09-22,363.03,277.78,85.25,0.0,successful
REPAY_LN000706_02,LN000706,2025-10-22,2025-10-22,363.03,277.78,85.25,0.0,successful
REPAY_LN000706_03,LN000706,2025-11-23,2025-11-23,363.03,277.78,85.25,0.0,successful
REPAY_LN000706_04,LN000706,2025-12-22,2025-12-22,363.03,277.78,85.25,0.0,successful
REPAY_LN000706_05,LN000706,2026-01-23,2026-01-23,363.03,277.78,85.25,0.0,successful
REPAY_LN000706_06,LN000706,2026-02-21,2026-02-21,363.03,277.78,85.25,0.0,successful
REPAY_LN000706_07,LN000706,2026-03-23,2026-03-23,363.03,277.78,85.25,0.0,successful
REPAY_LN000706_08,LN000706,2026-04-22,2026-04-22,363.03,277.78,85.25,0.0,successful
REPAY_LN000707_01,LN000707,2025-09-21,2025-09-21,1790.75,1250.0,540.75,0.0,successful
REPAY_LN000707_02,LN000707,2025-10-23,2025-10-23,1790.75,1250.0,540.75,0.0,successful
REPAY_LN000707_03,LN000707,2025-11-23,2025-11-23,1790.75,1250.0,540.75,0.0,successful
REPAY_LN000707_04,LN000707,2025-12-23,2025-12-23,1790.75,1250.0,540.75,0.0,successful
REPAY_LN000707_05,LN000707,2026-01-22,2026-01-22,1790.75,1250.0,540.75,0.0,successful
REPAY_LN000707_06,LN000707,2026-02-22,2026-02-22,1790.75,1250.0,540.75,0.0,successful
REPAY_LN000707_07,LN000707,2026-03-23,2026-03-23,1790.75,1250.0,540.75,0.0,successful
REPAY_LN000707_08,LN000707,2026-04-23,2026-04-23,1790.75,1250.0,540.75,0.0,successful
REPAY_LN000708_01,LN000708,2025-09-21,2025-09-21,303.49,277.78,25.71,0.0,successful
REPAY_LN000708_02,LN000708,2025-10-22,2025-10-22,303.49,277.78,25.71,0.0,successful
REPAY_LN000708_03,LN000708,2025-11-22,2025-11-22,303.49,277.78,25.71,0.0,successful
REPAY_LN000708_04,LN000708,2025-12-21,2025-12-21,303.49,277.78,25.71,0.0,successful
REPAY_LN000708_05,LN000708,2026-01-23,2026-01-23,303.49,277.78,25.71,0.0,successful
REPAY_LN000708_06,LN000708,2026-02-23,2026-02-23,303.49,277.78,25.71,0.0,successful
REPAY_LN000708_07,LN000708,2026-03-21,2026-03-21,303.49,277.78,25.71,0.0,successful
REPAY_LN000708_08,LN000708,2026-04-23,2026-04-23,303.49,277.78,25.71,0.0,successful
REPAY_LN000709_01,LN000709,2025-09-24,2025-09-24,929.33,833.33,96.0,0.0,successful
REPAY_LN000709_02,LN000709,2025-10-22,2025-10-22,929.33,833.33,96.0,0.0,successful
REPAY_LN000709_03,LN000709,2025-11-22,2025-11-22,929.33,833.33,96.0,0.0,successful
REPAY_LN000709_04,LN000709,2025-12-22,2025-12-22,929.33,833.33,96.0,0.0,successful
REPAY_LN000709_05,LN000709,2026-01-24,2026-01-24,929.33,833.33,96.0,0.0,successful
REPAY_LN000709_06,LN000709,2026-02-22,2026-02-22,929.33,833.33,96.0,0.0,successful
REPAY_LN000709_07,LN000709,2026-03-24,2026-03-24,929.33,833.33,96.0,0.0,successful
REPAY_LN000709_08,LN000709,2026-04-23,2026-04-23,929.33,833.33,96.0,0.0,successful
REPAY_LN000710_01,LN000710,2025-09-23,2025-09-23,2061.67,1666.67,395.0,0.0,successful
REPAY_LN000710_02,LN000710,2025-10-22,2025-10-22,2061.67,1666.67,395.0,0.0,successful
REPAY_LN000710_03,LN000710,2025-11-24,2025-11-24,2061.67,1666.67,395.0,0.0,successful
REPAY_LN000710_04,LN000710,2025-12-24,2025-12-24,2061.67,1666.67,395.0,0.0,successful
REPAY_LN000710_05,LN000710,2026-01-24,2026-01-24,2061.67,1666.67,395.0,0.0,successful
REPAY_LN000710_06,LN000710,2026-02-22,2026-02-22,2061.67,1666.67,395.0,0.0,successful
REPAY_LN000710_07,LN000710,2026-03-24,2026-03-24,2061.67,1666.67,395.0,0.0,successful
REPAY_LN000710_08,LN000710,2026-04-24,2026-04-24,2061.67,1666.67,395.0,0.0,successful
REPAY_LN000711_01,LN000711,2025-09-25,2025-09-25,3683.0,3333.33,349.67,0.0,successful
REPAY_LN000711_02_FAIL,LN000711,2025-10-25,2025-10-25,3683.0,3333.33,349.67,0.0,failed
REPAY_LN000711_03_FAIL,LN000711,2025-11-26,2025-11-26,3683.0,3333.33,349.67,0.0,failed
REPAY_LN000712_01,LN000712,2025-09-25,2025-09-25,960.33,833.33,127.0,0.0,successful
REPAY_LN000712_02,LN000712,2025-10-25,2025-10-25,960.33,833.33,127.0,0.0,successful
REPAY_LN000712_03,LN000712,2025-11-24,2025-11-24,960.33,833.33,127.0,0.0,successful
REPAY_LN000712_04,LN000712,2025-12-25,2025-12-25,960.33,833.33,127.0,0.0,successful
REPAY_LN000712_05,LN000712,2026-01-23,2026-01-23,960.33,833.33,127.0,0.0,successful
REPAY_LN000712_06,LN000712,2026-02-25,2026-02-25,960.33,833.33,127.0,0.0,successful
REPAY_LN000712_07,LN000712,2026-03-24,2026-03-24,960.33,833.33,127.0,0.0,successful
REPAY_LN000712_08,LN000712,2026-04-24,2026-04-24,960.33,833.33,127.0,0.0,successful
REPAY_LN000713_01,LN000713,2025-09-23,2025-09-23,1791.67,1666.67,125.0,0.0,successful
REPAY_LN000713_02,LN000713,2025-10-23,2025-10-23,1791.67,1666.67,125.0,0.0,successful
REPAY_LN000713_03,LN000713,2025-11-23,2025-11-23,1791.67,1666.67,125.0,0.0,successful
REPAY_LN000713_04,LN000713,2025-12-24,2025-12-24,1791.67,1666.67,125.0,0.0,successful
REPAY_LN000713_05,LN000713,2026-01-25,2026-01-25,1791.67,1666.67,125.0,0.0,successful
REPAY_LN000713_06,LN000713,2026-02-25,2026-02-25,1791.67,1666.67,125.0,0.0,successful
REPAY_LN000713_07,LN000713,2026-03-23,2026-03-23,1791.67,1666.67,125.0,0.0,successful
REPAY_LN000713_08,LN000713,2026-04-23,2026-04-23,1791.67,1666.67,125.0,0.0,successful
REPAY_LN000714_01,LN000714,2025-09-26,2025-09-26,539.34,416.67,122.67,0.0,successful
REPAY_LN000714_02,LN000714,2025-10-24,2025-10-24,539.34,416.67,122.67,0.0,successful
REPAY_LN000714_03,LN000714,2025-11-26,2025-11-26,539.34,416.67,122.67,0.0,successful
REPAY_LN000714_04,LN000714,2025-12-26,2025-12-26,539.34,416.67,122.67,0.0,successful
REPAY_LN000714_05,LN000714,2026-01-26,2026-01-26,539.34,416.67,122.67,0.0,successful
REPAY_LN000714_06,LN000714,2026-02-26,2026-02-26,539.34,416.67,122.67,0.0,successful
REPAY_LN000714_07,LN000714,2026-03-25,2026-03-25,539.34,416.67,122.67,0.0,successful
REPAY_LN000714_08,LN000714,2026-04-26,2026-04-26,539.34,416.67,122.67,0.0,successful
REPAY_LN000715_01,LN000715,2025-09-24,2025-09-24,1161.33,833.33,328.0,0.0,successful
REPAY_LN000715_02,LN000715,2025-10-24,2025-10-24,1161.33,833.33,328.0,0.0,successful
REPAY_LN000715_03,LN000715,2025-11-24,2025-11-24,1161.33,833.33,328.0,0.0,successful
REPAY_LN000715_04,LN000715,2025-12-24,2025-12-24,1161.33,833.33,328.0,0.0,successful
REPAY_LN000715_05,LN000715,2026-01-25,2026-01-25,1161.33,833.33,328.0,0.0,successful
REPAY_LN000715_06,LN000715,2026-02-26,2026-02-26,1161.33,833.33,328.0,0.0,successful
REPAY_LN000715_07,LN000715,2026-03-26,2026-03-26,1161.33,833.33,328.0,0.0,successful
REPAY_LN000715_08,LN000715,2026-04-24,2026-04-24,1161.33,833.33,328.0,0.0,successful
REPAY_LN000716_01,LN000716,2025-09-24,2025-09-24,1416.75,1250.0,166.75,0.0,successful
REPAY_LN000716_02,LN000716,2025-10-26,2025-10-26,1416.75,1250.0,166.75,0.0,successful
REPAY_LN000716_03,LN000716,2025-11-25,2025-11-25,1416.75,1250.0,166.75,0.0,successful
REPAY_LN000716_04_FAIL,LN000716,2025-12-26,2025-12-26,1416.75,1250.0,166.75,0.0,failed
REPAY_LN000716_05_FAIL,LN000716,2026-01-28,2026-01-28,1416.75,1250.0,166.75,0.0,failed
REPAY_LN000717_01,LN000717,2025-09-25,2025-09-25,432.36,277.78,154.58,0.0,successful
REPAY_LN000717_02,LN000717,2025-10-25,2025-10-25,432.36,277.78,154.58,0.0,successful
REPAY_LN000717_03,LN000717,2025-11-24,2025-11-24,432.36,277.78,154.58,0.0,successful
REPAY_LN000717_04,LN000717,2025-12-26,2025-12-26,432.36,277.78,154.58,0.0,successful
REPAY_LN000717_05,LN000717,2026-01-24,2026-01-24,432.36,277.78,154.58,0.0,successful
REPAY_LN000717_06,LN000717,2026-02-25,2026-02-25,432.36,277.78,154.58,0.0,successful
REPAY_LN000717_07,LN000717,2026-03-24,2026-03-24,432.36,277.78,154.58,0.0,successful
REPAY_LN000717_08,LN000717,2026-04-25,2026-04-25,432.36,277.78,154.58,0.0,successful
REPAY_LN000718_01,LN000718,2025-09-25,2025-09-25,901.5,625.0,276.5,0.0,successful
REPAY_LN000718_02,LN000718,2025-10-27,2025-10-27,901.5,625.0,276.5,0.0,successful
REPAY_LN000718_03,LN000718,2025-11-26,2025-11-26,901.5,625.0,276.5,0.0,successful
REPAY_LN000718_04,LN000718,2025-12-26,2025-12-26,901.5,625.0,276.5,0.0,successful
REPAY_LN000718_05,LN000718,2026-01-27,2026-01-27,901.5,625.0,276.5,0.0,successful
REPAY_LN000718_06,LN000718,2026-02-25,2026-02-25,901.5,625.0,276.5,0.0,successful
REPAY_LN000718_07_FAIL,LN000718,2026-03-28,2026-03-28,901.5,625.0,276.5,0.0,failed
REPAY_LN000718_08_FAIL,LN000718,2026-04-26,2026-04-26,901.5,625.0,276.5,0.0,failed
REPAY_LN000719_01,LN000719,2025-09-26,2025-09-26,5543.75,5000.0,543.75,0.0,successful
REPAY_LN000719_02,LN000719,2025-10-26,2025-10-26,5543.75,5000.0,543.75,0.0,successful
REPAY_LN000719_03,LN000719,2025-11-27,2025-11-27,5543.75,5000.0,543.75,0.0,successful
REPAY_LN000719_04,LN000719,2025-12-26,2025-12-26,5543.75,5000.0,543.75,0.0,successful
REPAY_LN000719_05,LN000719,2026-01-27,2026-01-27,5543.75,5000.0,543.75,0.0,successful
REPAY_LN000719_06,LN000719,2026-02-26,2026-02-26,5543.75,5000.0,543.75,0.0,successful
REPAY_LN000720_01,LN000720,2025-09-26,2025-09-26,489.91,444.44,45.47,0.0,successful
REPAY_LN000720_02,LN000720,2025-10-25,2025-10-25,489.91,444.44,45.47,0.0,successful
REPAY_LN000720_03,LN000720,2025-11-27,2025-11-27,489.91,444.44,45.47,0.0,successful
REPAY_LN000720_04,LN000720,2025-12-27,2025-12-27,489.91,444.44,45.47,0.0,successful
REPAY_LN000720_05,LN000720,2026-01-26,2026-01-26,489.91,444.44,45.47,0.0,successful
REPAY_LN000720_06,LN000720,2026-02-25,2026-02-25,489.91,444.44,45.47,0.0,successful
REPAY_LN000720_07,LN000720,2026-03-25,2026-03-25,489.91,444.44,45.47,0.0,successful
REPAY_LN000720_08,LN000720,2026-04-27,2026-04-27,489.91,444.44,45.47,0.0,successful
REPAY_LN000721_01,LN000721,2025-09-28,2025-09-28,1376.93,1333.33,43.6,0.0,successful
REPAY_LN000721_02,LN000721,2025-10-27,2025-10-27,1376.93,1333.33,43.6,0.0,successful
REPAY_LN000721_03,LN000721,2025-11-28,2025-11-28,1376.93,1333.33,43.6,0.0,successful
REPAY_LN000721_04,LN000721,2025-12-27,2025-12-27,1376.93,1333.33,43.6,0.0,successful
REPAY_LN000721_05,LN000721,2026-01-26,2026-01-26,1376.93,1333.33,43.6,0.0,successful
REPAY_LN000721_06,LN000721,2026-02-28,2026-02-28,1376.95,1333.35,43.6,0.0,successful
REPAY_LN000722_01,LN000722,2025-09-26,2025-09-26,579.71,444.44,135.27,0.0,successful
REPAY_LN000722_02,LN000722,2025-10-26,2025-10-26,579.71,444.44,135.27,0.0,successful
REPAY_LN000722_03,LN000722,2025-11-27,2025-11-27,579.71,444.44,135.27,0.0,successful
REPAY_LN000722_04,LN000722,2025-12-26,2025-12-26,579.71,444.44,135.27,0.0,successful
REPAY_LN000722_05,LN000722,2026-01-27,2026-01-27,579.71,444.44,135.27,0.0,successful
REPAY_LN000722_06,LN000722,2026-02-27,2026-02-27,579.71,444.44,135.27,0.0,successful
REPAY_LN000722_07,LN000722,2026-03-26,2026-03-26,579.71,444.44,135.27,0.0,successful
REPAY_LN000722_08,LN000722,2026-04-26,2026-04-26,579.71,444.44,135.27,0.0,successful
REPAY_LN000723_01,LN000723,2025-09-27,2025-09-27,1441.44,1111.11,330.33,0.0,successful
REPAY_LN000723_02,LN000723,2025-10-27,2025-10-27,1441.44,1111.11,330.33,0.0,successful
REPAY_LN000723_03,LN000723,2025-11-26,2025-11-26,1441.44,1111.11,330.33,0.0,successful
REPAY_LN000723_04,LN000723,2025-12-27,2025-12-27,1441.44,1111.11,330.33,0.0,successful
REPAY_LN000723_05,LN000723,2026-01-27,2026-01-27,1441.44,1111.11,330.33,0.0,successful
REPAY_LN000723_06,LN000723,2026-02-28,2026-02-28,1441.44,1111.11,330.33,0.0,successful
REPAY_LN000723_07,LN000723,2026-03-28,2026-03-28,1441.44,1111.11,330.33,0.0,successful
REPAY_LN000723_08,LN000723,2026-04-28,2026-04-28,1441.44,1111.11,330.33,0.0,successful
REPAY_LN000724_01,LN000724,2025-09-28,2025-09-28,201.43,138.89,62.54,0.0,successful
REPAY_LN000724_02,LN000724,2025-10-28,2025-10-28,201.43,138.89,62.54,0.0,successful
REPAY_LN000724_03,LN000724,2025-11-27,2025-11-27,201.43,138.89,62.54,0.0,successful
REPAY_LN000724_04,LN000724,2025-12-27,2025-12-27,201.43,138.89,62.54,0.0,successful
REPAY_LN000724_05,LN000724,2026-01-28,2026-01-28,201.43,138.89,62.54,0.0,successful
REPAY_LN000724_06,LN000724,2026-02-26,2026-02-26,201.43,138.89,62.54,0.0,successful
REPAY_LN000724_07,LN000724,2026-03-28,2026-03-28,201.43,138.89,62.54,0.0,successful
REPAY_LN000724_08,LN000724,2026-04-26,2026-04-26,201.43,138.89,62.54,0.0,successful
REPAY_LN000725_01,LN000725,2025-09-28,2025-09-28,436.13,333.33,102.8,0.0,successful
REPAY_LN000725_02,LN000725,2025-10-27,2025-10-27,436.13,333.33,102.8,0.0,successful
REPAY_LN000725_03,LN000725,2025-11-28,2025-11-28,436.13,333.33,102.8,0.0,successful
REPAY_LN000725_04,LN000725,2025-12-27,2025-12-27,436.13,333.33,102.8,0.0,successful
REPAY_LN000725_05,LN000725,2026-01-28,2026-01-28,436.13,333.33,102.8,0.0,successful
REPAY_LN000725_06,LN000725,2026-02-28,2026-02-28,436.13,333.33,102.8,0.0,successful
REPAY_LN000725_07,LN000725,2026-03-29,2026-03-29,436.13,333.33,102.8,0.0,successful
REPAY_LN000725_08,LN000725,2026-04-28,2026-04-28,436.13,333.33,102.8,0.0,successful
REPAY_LN000726_01,LN000726,2025-09-29,2025-09-29,212.81,138.89,73.92,0.0,successful
REPAY_LN000726_02,LN000726,2025-10-29,2025-10-29,212.81,138.89,73.92,0.0,successful
REPAY_LN000726_03,LN000726,2025-11-29,2025-11-29,212.81,138.89,73.92,0.0,successful
REPAY_LN000726_04,LN000726,2025-12-27,2025-12-27,212.81,138.89,73.92,0.0,successful
REPAY_LN000726_05,LN000726,2026-01-27,2026-01-27,212.81,138.89,73.92,0.0,successful
REPAY_LN000726_06,LN000726,2026-02-28,2026-02-28,212.81,138.89,73.92,0.0,successful
REPAY_LN000726_07,LN000726,2026-03-29,2026-03-29,212.81,138.89,73.92,0.0,successful
REPAY_LN000726_08,LN000726,2026-04-29,2026-04-29,212.81,138.89,73.92,0.0,successful
REPAY_LN000727_01,LN000727,2025-09-29,2025-09-29,1348.12,1250.0,98.12,0.0,successful
REPAY_LN000727_02,LN000727,2025-10-28,2025-10-28,1348.12,1250.0,98.12,0.0,successful
REPAY_LN000727_03,LN000727,2025-11-29,2025-11-29,1348.12,1250.0,98.12,0.0,successful
REPAY_LN000727_04_FAIL,LN000727,2025-12-28,2025-12-28,1348.12,1250.0,98.12,0.0,failed
REPAY_LN000727_05_FAIL,LN000727,2026-01-29,2026-01-29,1348.12,1250.0,98.12,0.0,failed
REPAY_LN000728_01,LN000728,2025-09-28,2025-09-28,1251.61,1111.11,140.5,0.0,successful
REPAY_LN000728_02,LN000728,2025-10-27,2025-10-27,1251.61,1111.11,140.5,0.0,successful
REPAY_LN000728_03,LN000728,2025-11-28,2025-11-28,1251.61,1111.11,140.5,0.0,successful
REPAY_LN000728_04,LN000728,2025-12-27,2025-12-27,1251.61,1111.11,140.5,0.0,successful
REPAY_LN000728_05,LN000728,2026-01-29,2026-01-29,1251.61,1111.11,140.5,0.0,successful
REPAY_LN000728_06,LN000728,2026-02-27,2026-02-27,1251.61,1111.11,140.5,0.0,successful
REPAY_LN000728_07,LN000728,2026-03-27,2026-03-27,1251.61,1111.11,140.5,0.0,successful
REPAY_LN000728_08,LN000728,2026-04-28,2026-04-28,1251.61,1111.11,140.5,0.0,successful
REPAY_LN000729_01,LN000729,2025-09-28,2025-09-28,442.4,333.33,109.07,0.0,successful
REPAY_LN000729_02,LN000729,2025-10-30,2025-10-30,442.4,333.33,109.07,0.0,successful
REPAY_LN000729_03,LN000729,2025-11-28,2025-11-28,442.4,333.33,109.07,0.0,successful
REPAY_LN000729_04,LN000729,2025-12-29,2025-12-29,442.4,333.33,109.07,0.0,successful
REPAY_LN000729_05,LN000729,2026-01-28,2026-01-28,442.4,333.33,109.07,0.0,successful
REPAY_LN000729_06_FAIL,LN000729,2026-03-01,2026-03-01,442.4,333.33,109.07,0.0,failed
REPAY_LN000729_07_FAIL,LN000729,2026-04-01,2026-04-01,442.4,333.33,109.07,0.0,failed
REPAY_LN000730_01,LN000730,2025-09-30,2025-09-30,2787.25,2500.0,287.25,0.0,successful
REPAY_LN000730_02,LN000730,2025-10-28,2025-10-28,2787.25,2500.0,287.25,0.0,successful
REPAY_LN000730_03,LN000730,2025-11-29,2025-11-29,2787.25,2500.0,287.25,0.0,successful
REPAY_LN000730_04,LN000730,2025-12-29,2025-12-29,2787.25,2500.0,287.25,0.0,successful
REPAY_LN000730_05,LN000730,2026-01-28,2026-01-28,2787.25,2500.0,287.25,0.0,successful
REPAY_LN000730_06,LN000730,2026-02-28,2026-02-28,2787.25,2500.0,287.25,0.0,successful
REPAY_LN000731_01,LN000731,2025-09-30,2025-09-30,850.73,555.56,295.17,0.0,successful
REPAY_LN000731_02,LN000731,2025-10-30,2025-10-30,850.73,555.56,295.17,0.0,successful
REPAY_LN000731_03,LN000731,2025-11-29,2025-11-29,850.73,555.56,295.17,0.0,successful
REPAY_LN000731_04,LN000731,2025-12-30,2025-12-30,850.73,555.56,295.17,0.0,successful
REPAY_LN000731_05,LN000731,2026-01-28,2026-01-28,850.73,555.56,295.17,0.0,successful
REPAY_LN000731_06,LN000731,2026-03-01,2026-03-01,850.73,555.56,295.17,0.0,successful
REPAY_LN000731_07,LN000731,2026-03-30,2026-03-30,850.73,555.56,295.17,0.0,successful
REPAY_LN000731_08,LN000731,2026-04-29,2026-04-29,850.73,555.56,295.17,0.0,successful
REPAY_LN000732_01,LN000732,2025-09-29,2025-09-29,1395.33,1333.33,62.0,0.0,successful
REPAY_LN000732_02,LN000732,2025-10-31,2025-10-31,1395.33,1333.33,62.0,0.0,successful
REPAY_LN000732_03,LN000732,2025-11-29,2025-11-29,1395.33,1333.33,62.0,0.0,successful
REPAY_LN000732_04,LN000732,2025-12-29,2025-12-29,1395.33,1333.33,62.0,0.0,successful
REPAY_LN000732_05,LN000732,2026-01-30,2026-01-30,1395.33,1333.33,62.0,0.0,successful
REPAY_LN000732_06,LN000732,2026-03-01,2026-03-01,1395.35,1333.35,62.0,0.0,successful
REPAY_LN000733_01,LN000733,2025-10-01,2025-10-01,1375.0,1333.33,41.67,0.0,successful
REPAY_LN000733_02_FAIL,LN000733,2025-10-31,2025-10-31,1375.0,1333.33,41.67,0.0,failed
REPAY_LN000733_03_FAIL,LN000733,2025-12-02,2025-12-02,1375.0,1333.33,41.67,0.0,failed
REPAY_LN000734_01,LN000734,2025-10-01,2025-10-01,424.53,333.33,91.2,0.0,successful
REPAY_LN000734_02,LN000734,2025-10-30,2025-10-30,424.53,333.33,91.2,0.0,successful
REPAY_LN000734_03,LN000734,2025-11-29,2025-11-29,424.53,333.33,91.2,0.0,successful
REPAY_LN000734_04,LN000734,2025-12-31,2025-12-31,424.53,333.33,91.2,0.0,successful
REPAY_LN000734_05,LN000734,2026-01-31,2026-01-31,424.53,333.33,91.2,0.0,successful
REPAY_LN000734_06,LN000734,2026-02-28,2026-02-28,424.53,333.33,91.2,0.0,successful
REPAY_LN000734_07,LN000734,2026-03-29,2026-03-29,424.53,333.33,91.2,0.0,successful
REPAY_LN000734_08,LN000734,2026-04-29,2026-04-29,424.53,333.33,91.2,0.0,successful
REPAY_LN000735_01,LN000735,2025-10-01,2025-10-01,236.31,138.89,97.42,0.0,successful
REPAY_LN000735_02,LN000735,2025-10-30,2025-10-30,236.31,138.89,97.42,0.0,successful
REPAY_LN000735_03,LN000735,2025-12-01,2025-12-01,236.31,138.89,97.42,0.0,successful
REPAY_LN000735_04,LN000735,2025-12-30,2025-12-30,236.31,138.89,97.42,0.0,successful
REPAY_LN000735_05,LN000735,2026-01-30,2026-01-30,236.31,138.89,97.42,0.0,successful
REPAY_LN000735_06,LN000735,2026-03-01,2026-03-01,236.31,138.89,97.42,0.0,successful
REPAY_LN000735_07,LN000735,2026-03-31,2026-03-31,236.31,138.89,97.42,0.0,successful
REPAY_LN000735_08,LN000735,2026-04-30,2026-04-30,236.31,138.89,97.42,0.0,successful
REPAY_LN000736_01,LN000736,2025-09-30,2025-09-30,676.39,555.56,120.83,0.0,successful
REPAY_LN000736_02,LN000736,2025-10-30,2025-10-30,676.39,555.56,120.83,0.0,successful
REPAY_LN000736_03,LN000736,2025-12-02,2025-12-02,676.39,555.56,120.83,0.0,successful
REPAY_LN000736_04,LN000736,2025-12-30,2025-12-30,676.39,555.56,120.83,0.0,successful
REPAY_LN000736_05,LN000736,2026-01-31,2026-01-31,676.39,555.56,120.83,0.0,successful
REPAY_LN000736_06,LN000736,2026-03-02,2026-03-02,676.39,555.56,120.83,0.0,successful
REPAY_LN000736_07,LN000736,2026-03-31,2026-03-31,676.39,555.56,120.83,0.0,successful
REPAY_LN000736_08,LN000736,2026-05-02,2026-05-02,676.39,555.56,120.83,0.0,successful
REPAY_LN000737_01,LN000737,2025-10-02,2025-10-02,422.13,333.33,88.8,0.0,successful
REPAY_LN000737_02,LN000737,2025-10-31,2025-10-31,422.13,333.33,88.8,0.0,successful
REPAY_LN000737_03,LN000737,2025-12-02,2025-12-02,422.13,333.33,88.8,0.0,successful
REPAY_LN000737_04,LN000737,2025-12-31,2025-12-31,422.13,333.33,88.8,0.0,successful
REPAY_LN000737_05,LN000737,2026-01-30,2026-01-30,422.13,333.33,88.8,0.0,successful
REPAY_LN000737_06,LN000737,2026-03-02,2026-03-02,422.13,333.33,88.8,0.0,successful
REPAY_LN000737_07,LN000737,2026-03-31,2026-03-31,422.13,333.33,88.8,0.0,successful
REPAY_LN000737_08,LN000737,2026-05-02,2026-05-02,422.13,333.33,88.8,0.0,successful
REPAY_LN000738_01,LN000738,2025-10-01,2025-10-01,186.97,138.89,48.08,0.0,successful
REPAY_LN000738_02,LN000738,2025-10-31,2025-10-31,186.97,138.89,48.08,0.0,successful
REPAY_LN000738_03,LN000738,2025-11-30,2025-11-30,186.97,138.89,48.08,0.0,successful
REPAY_LN000738_04,LN000738,2026-01-02,2026-01-02,186.97,138.89,48.08,0.0,successful
REPAY_LN000738_05,LN000738,2026-02-02,2026-02-02,186.97,138.89,48.08,0.0,successful
REPAY_LN000738_06,LN000738,2026-03-01,2026-03-01,186.97,138.89,48.08,0.0,successful
REPAY_LN000738_07,LN000738,2026-04-01,2026-04-01,186.97,138.89,48.08,0.0,successful
REPAY_LN000738_08,LN000738,2026-05-02,2026-05-02,186.97,138.89,48.08,0.0,successful
REPAY_LN000739_01,LN000739,2025-10-01,2025-10-01,1292.78,1111.11,181.67,0.0,successful
REPAY_LN000739_02,LN000739,2025-11-01,2025-11-01,1292.78,1111.11,181.67,0.0,successful
REPAY_LN000739_03,LN000739,2025-12-01,2025-12-01,1292.78,1111.11,181.67,0.0,successful
REPAY_LN000739_04,LN000739,2026-01-02,2026-01-02,1292.78,1111.11,181.67,0.0,successful
REPAY_LN000739_05,LN000739,2026-01-31,2026-01-31,1292.78,1111.11,181.67,0.0,successful
REPAY_LN000739_06,LN000739,2026-02-28,2026-02-28,1292.78,1111.11,181.67,0.0,successful
REPAY_LN000739_07,LN000739,2026-04-01,2026-04-01,1292.78,1111.11,181.67,0.0,successful
REPAY_LN000739_08,LN000739,2026-05-02,2026-05-02,1292.78,1111.11,181.67,0.0,successful
REPAY_LN000740_01,LN000740,2025-10-01,2025-10-01,1599.0,1250.0,349.0,0.0,successful
REPAY_LN000740_02,LN000740,2025-10-31,2025-10-31,1599.0,1250.0,349.0,0.0,successful
REPAY_LN000740_03,LN000740,2025-12-01,2025-12-01,1599.0,1250.0,349.0,0.0,successful
REPAY_LN000740_04,LN000740,2025-12-31,2025-12-31,1599.0,1250.0,349.0,0.0,successful
REPAY_LN000740_05,LN000740,2026-02-02,2026-02-02,1599.0,1250.0,349.0,0.0,successful
REPAY_LN000740_06,LN000740,2026-03-01,2026-03-01,1599.0,1250.0,349.0,0.0,successful
REPAY_LN000740_07,LN000740,2026-04-02,2026-04-02,1599.0,1250.0,349.0,0.0,successful
REPAY_LN000740_08,LN000740,2026-05-01,2026-05-01,1599.0,1250.0,349.0,0.0,successful
REPAY_LN000741_01,LN000741,2025-10-01,2025-10-01,1460.5,1250.0,210.5,0.0,successful
REPAY_LN000741_02,LN000741,2025-11-01,2025-11-01,1460.5,1250.0,210.5,0.0,successful
REPAY_LN000741_03,LN000741,2025-12-01,2025-12-01,1460.5,1250.0,210.5,0.0,successful
REPAY_LN000741_04,LN000741,2026-01-01,2026-01-01,1460.5,1250.0,210.5,0.0,successful
REPAY_LN000741_05,LN000741,2026-02-02,2026-02-02,1460.5,1250.0,210.5,0.0,successful
REPAY_LN000741_06,LN000741,2026-03-02,2026-03-02,1460.5,1250.0,210.5,0.0,successful
REPAY_LN000741_07,LN000741,2026-03-31,2026-03-31,1460.5,1250.0,210.5,0.0,successful
REPAY_LN000741_08,LN000741,2026-05-01,2026-05-01,1460.5,1250.0,210.5,0.0,successful
REPAY_LN000742_01,LN000742,2025-10-01,2025-10-01,964.33,833.33,131.0,0.0,successful
REPAY_LN000742_02,LN000742,2025-11-03,2025-11-03,964.33,833.33,131.0,0.0,successful
REPAY_LN000742_03,LN000742,2025-12-01,2025-12-01,964.33,833.33,131.0,0.0,successful
REPAY_LN000742_04,LN000742,2026-01-03,2026-01-03,964.33,833.33,131.0,0.0,successful
REPAY_LN000742_05,LN000742,2026-02-02,2026-02-02,964.33,833.33,131.0,0.0,successful
REPAY_LN000742_06,LN000742,2026-03-01,2026-03-01,964.33,833.33,131.0,0.0,successful
REPAY_LN000742_07,LN000742,2026-04-01,2026-04-01,964.33,833.33,131.0,0.0,successful
REPAY_LN000742_08,LN000742,2026-05-01,2026-05-01,964.33,833.33,131.0,0.0,successful
REPAY_LN000743_01,LN000743,2025-10-03,2025-10-03,3647.0,3333.33,313.67,0.0,successful
REPAY_LN000743_02_FAIL,LN000743,2025-11-04,2025-11-04,3647.0,3333.33,313.67,0.0,failed
REPAY_LN000743_03_FAIL,LN000743,2025-12-05,2025-12-05,3647.0,3333.33,313.67,0.0,failed
REPAY_LN000744_01,LN000744,2025-10-02,2025-10-02,1498.44,1111.11,387.33,0.0,successful
REPAY_LN000744_02,LN000744,2025-11-03,2025-11-03,1498.44,1111.11,387.33,0.0,successful
REPAY_LN000744_03,LN000744,2025-12-01,2025-12-01,1498.44,1111.11,387.33,0.0,successful
REPAY_LN000744_04,LN000744,2026-01-02,2026-01-02,1498.44,1111.11,387.33,0.0,successful
REPAY_LN000744_05,LN000744,2026-02-03,2026-02-03,1498.44,1111.11,387.33,0.0,successful
REPAY_LN000744_06,LN000744,2026-03-02,2026-03-02,1498.44,1111.11,387.33,0.0,successful
REPAY_LN000744_07,LN000744,2026-04-02,2026-04-02,1498.44,1111.11,387.33,0.0,successful
REPAY_LN000744_08,LN000744,2026-05-03,2026-05-03,1498.44,1111.11,387.33,0.0,successful
REPAY_LN000745_01,LN000745,2025-10-04,2025-10-04,1283.08,833.33,449.75,0.0,successful
REPAY_LN000745_02,LN000745,2025-11-03,2025-11-03,1283.08,833.33,449.75,0.0,successful
REPAY_LN000745_03,LN000745,2025-12-03,2025-12-03,1283.08,833.33,449.75,0.0,successful
REPAY_LN000745_04,LN000745,2026-01-04,2026-01-04,1283.08,833.33,449.75,0.0,successful
REPAY_LN000745_05,LN000745,2026-02-03,2026-02-03,1283.08,833.33,449.75,0.0,successful
REPAY_LN000745_06,LN000745,2026-03-04,2026-03-04,1283.08,833.33,449.75,0.0,successful
REPAY_LN000745_07,LN000745,2026-04-03,2026-04-03,1283.08,833.33,449.75,0.0,successful
REPAY_LN000745_08,LN000745,2026-05-03,2026-05-03,1283.08,833.33,449.75,0.0,successful
REPAY_LN000746_01,LN000746,2025-10-02,2025-10-02,326.4,277.78,48.62,0.0,successful
REPAY_LN000746_02,LN000746,2025-11-04,2025-11-04,326.4,277.78,48.62,0.0,successful
REPAY_LN000746_03,LN000746,2025-12-03,2025-12-03,326.4,277.78,48.62,0.0,successful
REPAY_LN000746_04,LN000746,2026-01-02,2026-01-02,326.4,277.78,48.62,0.0,successful
REPAY_LN000746_05_FAIL,LN000746,2026-02-03,2026-02-03,326.4,277.78,48.62,0.0,failed
REPAY_LN000746_06_FAIL,LN000746,2026-03-06,2026-03-06,326.4,277.78,48.62,0.0,failed
REPAY_LN000747_01,LN000747,2025-10-04,2025-10-04,2858.75,2500.0,358.75,0.0,successful
REPAY_LN000747_02,LN000747,2025-11-05,2025-11-05,2858.75,2500.0,358.75,0.0,successful
REPAY_LN000747_03,LN000747,2025-12-03,2025-12-03,2858.75,2500.0,358.75,0.0,successful
REPAY_LN000747_04,LN000747,2026-01-03,2026-01-03,2858.75,2500.0,358.75,0.0,successful
REPAY_LN000747_05,LN000747,2026-02-05,2026-02-05,2858.75,2500.0,358.75,0.0,successful
REPAY_LN000747_06,LN000747,2026-03-05,2026-03-05,2858.75,2500.0,358.75,0.0,successful
REPAY_LN000747_07,LN000747,2026-04-03,2026-04-03,2858.75,2500.0,358.75,0.0,successful
REPAY_LN000747_08,LN000747,2026-05-05,2026-05-05,2858.75,2500.0,358.75,0.0,successful
REPAY_LN000748_01,LN000748,2025-10-03,2025-10-03,913.39,555.56,357.83,0.0,successful
REPAY_LN000748_02,LN000748,2025-11-04,2025-11-04,913.39,555.56,357.83,0.0,successful
REPAY_LN000748_03,LN000748,2025-12-05,2025-12-05,913.39,555.56,357.83,0.0,successful
REPAY_LN000748_04,LN000748,2026-01-03,2026-01-03,913.39,555.56,357.83,0.0,successful
REPAY_LN000748_05,LN000748,2026-02-05,2026-02-05,913.39,555.56,357.83,0.0,successful
REPAY_LN000748_06,LN000748,2026-03-05,2026-03-05,913.39,555.56,357.83,0.0,successful
REPAY_LN000748_07,LN000748,2026-04-03,2026-04-03,913.39,555.56,357.83,0.0,successful
REPAY_LN000748_08,LN000748,2026-05-04,2026-05-04,913.39,555.56,357.83,0.0,successful
REPAY_LN000749_01,LN000749,2025-10-03,2025-10-03,1106.83,833.33,273.5,0.0,successful
REPAY_LN000749_02,LN000749,2025-11-05,2025-11-05,1106.83,833.33,273.5,0.0,successful
REPAY_LN000749_03,LN000749,2025-12-03,2025-12-03,1106.83,833.33,273.5,0.0,successful
REPAY_LN000749_04,LN000749,2026-01-05,2026-01-05,1106.83,833.33,273.5,0.0,successful
REPAY_LN000749_05,LN000749,2026-02-03,2026-02-03,1106.83,833.33,273.5,0.0,successful
REPAY_LN000749_06,LN000749,2026-03-04,2026-03-04,1106.83,833.33,273.5,0.0,successful
REPAY_LN000749_07,LN000749,2026-04-04,2026-04-04,1106.83,833.33,273.5,0.0,successful
REPAY_LN000749_08,LN000749,2026-05-04,2026-05-04,1106.83,833.33,273.5,0.0,successful
REPAY_LN000750_01,LN000750,2025-10-04,2025-10-04,2264.17,1666.67,597.5,0.0,successful
REPAY_LN000750_02,LN000750,2025-11-05,2025-11-05,2264.17,1666.67,597.5,0.0,successful
REPAY_LN000750_03,LN000750,2025-12-04,2025-12-04,2264.17,1666.67,597.5,0.0,successful
REPAY_LN000750_04,LN000750,2026-01-06,2026-01-06,2264.17,1666.67,597.5,0.0,successful
REPAY_LN000750_05,LN000750,2026-02-06,2026-02-06,2264.17,1666.67,597.5,0.0,successful
REPAY_LN000750_06_FAIL,LN000750,2026-03-07,2026-03-07,2264.17,1666.67,597.5,0.0,failed
REPAY_LN000750_07_FAIL,LN000750,2026-04-06,2026-04-06,2264.17,1666.67,597.5,0.0,failed
REPAY_LN000751_01,LN000751,2025-10-05,2025-10-05,254.66,208.33,46.33,0.0,successful
REPAY_LN000751_02,LN000751,2025-11-05,2025-11-05,254.66,208.33,46.33,0.0,successful
REPAY_LN000751_03,LN000751,2025-12-06,2025-12-06,254.66,208.33,46.33,0.0,successful
REPAY_LN000751_04,LN000751,2026-01-06,2026-01-06,254.66,208.33,46.33,0.0,successful
REPAY_LN000751_05,LN000751,2026-02-06,2026-02-06,254.66,208.33,46.33,0.0,successful
REPAY_LN000751_06,LN000751,2026-03-06,2026-03-06,254.66,208.33,46.33,0.0,successful
REPAY_LN000751_07,LN000751,2026-04-04,2026-04-04,254.66,208.33,46.33,0.0,successful
REPAY_LN000751_08,LN000751,2026-05-04,2026-05-04,254.66,208.33,46.33,0.0,successful
REPAY_LN000752_01,LN000752,2025-10-05,2025-10-05,1449.0,1250.0,199.0,0.0,successful
REPAY_LN000752_02,LN000752,2025-11-05,2025-11-05,1449.0,1250.0,199.0,0.0,successful
REPAY_LN000752_03,LN000752,2025-12-06,2025-12-06,1449.0,1250.0,199.0,0.0,successful
REPAY_LN000752_04,LN000752,2026-01-04,2026-01-04,1449.0,1250.0,199.0,0.0,successful
REPAY_LN000752_05,LN000752,2026-02-04,2026-02-04,1449.0,1250.0,199.0,0.0,successful
REPAY_LN000752_06,LN000752,2026-03-05,2026-03-05,1449.0,1250.0,199.0,0.0,successful
REPAY_LN000752_07,LN000752,2026-04-04,2026-04-04,1449.0,1250.0,199.0,0.0,successful
REPAY_LN000752_08,LN000752,2026-05-05,2026-05-05,1449.0,1250.0,199.0,0.0,successful
REPAY_LN000753_01,LN000753,2025-10-07,2025-10-07,309.24,277.78,31.46,0.0,successful
REPAY_LN000753_02,LN000753,2025-11-07,2025-11-07,309.24,277.78,31.46,0.0,successful
REPAY_LN000753_03,LN000753,2025-12-06,2025-12-06,309.24,277.78,31.46,0.0,successful
REPAY_LN000753_04,LN000753,2026-01-07,2026-01-07,309.24,277.78,31.46,0.0,successful
REPAY_LN000753_05,LN000753,2026-02-07,2026-02-07,309.24,277.78,31.46,0.0,successful
REPAY_LN000753_06,LN000753,2026-03-05,2026-03-05,309.24,277.78,31.46,0.0,successful
REPAY_LN000753_07,LN000753,2026-04-05,2026-04-05,309.24,277.78,31.46,0.0,successful
REPAY_LN000754_01,LN000754,2025-10-05,2025-10-05,2671.75,2500.0,171.75,0.0,successful
REPAY_LN000754_02,LN000754,2025-11-05,2025-11-05,2671.75,2500.0,171.75,0.0,successful
REPAY_LN000754_03,LN000754,2025-12-06,2025-12-06,2671.75,2500.0,171.75,0.0,successful
REPAY_LN000754_04_FAIL,LN000754,2026-01-09,2026-01-09,2671.75,2500.0,171.75,0.0,failed
REPAY_LN000754_05_FAIL,LN000754,2026-02-07,2026-02-07,2671.75,2500.0,171.75,0.0,failed
REPAY_LN000755_01,LN000755,2025-10-07,2025-10-07,570.09,416.67,153.42,0.0,successful
REPAY_LN000755_02,LN000755,2025-11-07,2025-11-07,570.09,416.67,153.42,0.0,successful
REPAY_LN000755_03,LN000755,2025-12-06,2025-12-06,570.09,416.67,153.42,0.0,successful
REPAY_LN000755_04,LN000755,2026-01-06,2026-01-06,570.09,416.67,153.42,0.0,successful
REPAY_LN000755_05,LN000755,2026-02-06,2026-02-06,570.09,416.67,153.42,0.0,successful
REPAY_LN000755_06,LN000755,2026-03-07,2026-03-07,570.09,416.67,153.42,0.0,successful
REPAY_LN000755_07,LN000755,2026-04-06,2026-04-06,570.09,416.67,153.42,0.0,successful
REPAY_LN000755_08,LN000755,2026-05-07,2026-05-07,570.09,416.67,153.42,0.0,successful
REPAY_LN000755_09,LN000755,2026-06-06,2026-06-06,570.09,416.67,153.42,0.0,successful
REPAY_LN000756_01,LN000756,2025-10-07,2025-10-07,625.89,555.56,70.33,0.0,successful
REPAY_LN000756_02,LN000756,2025-11-06,2025-11-06,625.89,555.56,70.33,0.0,successful
REPAY_LN000756_03,LN000756,2025-12-06,2025-12-06,625.89,555.56,70.33,0.0,successful
REPAY_LN000756_04,LN000756,2026-01-07,2026-01-07,625.89,555.56,70.33,0.0,successful
REPAY_LN000756_05,LN000756,2026-02-06,2026-02-06,625.89,555.56,70.33,0.0,successful
REPAY_LN000756_06,LN000756,2026-03-05,2026-03-05,625.89,555.56,70.33,0.0,successful
REPAY_LN000756_07,LN000756,2026-04-07,2026-04-07,625.89,555.56,70.33,0.0,successful
REPAY_LN000757_01,LN000757,2025-10-07,2025-10-07,1968.42,1666.67,301.75,0.0,successful
REPAY_LN000757_02,LN000757,2025-11-06,2025-11-06,1968.42,1666.67,301.75,0.0,successful
REPAY_LN000757_03,LN000757,2025-12-07,2025-12-07,1968.42,1666.67,301.75,0.0,successful
REPAY_LN000757_04,LN000757,2026-01-07,2026-01-07,1968.42,1666.67,301.75,0.0,successful
REPAY_LN000757_05_FAIL,LN000757,2026-02-07,2026-02-07,1968.42,1666.67,301.75,0.0,failed
REPAY_LN000757_06_FAIL,LN000757,2026-03-09,2026-03-09,1968.42,1666.67,301.75,0.0,failed
REPAY_LN000758_01,LN000758,2025-10-07,2025-10-07,237.01,138.89,98.12,0.0,successful
REPAY_LN000758_02,LN000758,2025-11-07,2025-11-07,237.01,138.89,98.12,0.0,successful
REPAY_LN000758_03,LN000758,2025-12-06,2025-12-06,237.01,138.89,98.12,0.0,successful
REPAY_LN000758_04,LN000758,2026-01-08,2026-01-08,237.01,138.89,98.12,0.0,successful
REPAY_LN000758_05,LN000758,2026-02-08,2026-02-08,237.01,138.89,98.12,0.0,successful
REPAY_LN000758_06,LN000758,2026-03-06,2026-03-06,237.01,138.89,98.12,0.0,successful
REPAY_LN000758_07,LN000758,2026-04-06,2026-04-06,237.01,138.89,98.12,0.0,successful
REPAY_LN000759_01,LN000759,2025-10-07,2025-10-07,492.38,416.67,75.71,0.0,successful
REPAY_LN000759_02,LN000759,2025-11-06,2025-11-06,492.38,416.67,75.71,0.0,successful
REPAY_LN000759_03,LN000759,2025-12-06,2025-12-06,492.38,416.67,75.71,0.0,successful
REPAY_LN000759_04,LN000759,2026-01-06,2026-01-06,492.38,416.67,75.71,0.0,successful
REPAY_LN000759_05,LN000759,2026-02-08,2026-02-08,492.38,416.67,75.71,0.0,successful
REPAY_LN000759_06,LN000759,2026-03-06,2026-03-06,492.38,416.67,75.71,0.0,successful
REPAY_LN000759_07,LN000759,2026-04-07,2026-04-07,492.38,416.67,75.71,0.0,successful
REPAY_LN000760_01,LN000760,2025-10-08,2025-10-08,1443.46,1333.33,110.13,0.0,successful
REPAY_LN000760_02_FAIL,LN000760,2025-11-08,2025-11-08,1443.46,1333.33,110.13,0.0,failed
REPAY_LN000760_03_FAIL,LN000760,2025-12-10,2025-12-10,1443.46,1333.33,110.13,0.0,failed
REPAY_LN000761_01,LN000761,2025-10-07,2025-10-07,340.74,277.78,62.96,0.0,successful
REPAY_LN000761_02,LN000761,2025-11-08,2025-11-08,340.74,277.78,62.96,0.0,successful
REPAY_LN000761_03,LN000761,2025-12-07,2025-12-07,340.74,277.78,62.96,0.0,successful
REPAY_LN000761_04,LN000761,2026-01-09,2026-01-09,340.74,277.78,62.96,0.0,successful
REPAY_LN000761_05_FAIL,LN000761,2026-02-09,2026-02-09,340.74,277.78,62.96,0.0,failed
REPAY_LN000761_06_FAIL,LN000761,2026-03-10,2026-03-10,340.74,277.78,62.96,0.0,failed
REPAY_LN000762_01,LN000762,2025-10-07,2025-10-07,1406.83,833.33,573.5,0.0,successful
REPAY_LN000762_02,LN000762,2025-11-07,2025-11-07,1406.83,833.33,573.5,0.0,successful
REPAY_LN000762_03,LN000762,2025-12-07,2025-12-07,1406.83,833.33,573.5,0.0,successful
REPAY_LN000762_04,LN000762,2026-01-07,2026-01-07,1406.83,833.33,573.5,0.0,successful
REPAY_LN000762_05,LN000762,2026-02-08,2026-02-08,1406.83,833.33,573.5,0.0,successful
REPAY_LN000762_06,LN000762,2026-03-07,2026-03-07,1406.83,833.33,573.5,0.0,successful
REPAY_LN000762_07,LN000762,2026-04-08,2026-04-08,1406.83,833.33,573.5,0.0,successful
REPAY_LN000762_08,LN000762,2026-05-09,2026-05-09,1406.83,833.33,573.5,0.0,successful
REPAY_LN000762_09,LN000762,2026-06-08,2026-06-08,1406.83,833.33,573.5,0.0,successful
REPAY_LN000762_10,LN000762,2026-07-07,2026-07-07,1406.83,833.33,573.5,0.0,successful
REPAY_LN000762_11,LN000762,2026-08-08,2026-08-08,1406.83,833.33,573.5,0.0,successful
REPAY_LN000762_12,LN000762,2026-09-07,2026-09-07,1406.83,833.33,573.5,0.0,successful
REPAY_LN000763_01,LN000763,2025-10-07,2025-10-07,1066.0,833.33,232.67,0.0,successful
REPAY_LN000763_02,LN000763,2025-11-08,2025-11-08,1066.0,833.33,232.67,0.0,successful
REPAY_LN000763_03,LN000763,2025-12-08,2025-12-08,1066.0,833.33,232.67,0.0,successful
REPAY_LN000763_04,LN000763,2026-01-09,2026-01-09,1066.0,833.33,232.67,0.0,successful
REPAY_LN000763_05,LN000763,2026-02-09,2026-02-09,1066.0,833.33,232.67,0.0,successful
REPAY_LN000763_06,LN000763,2026-03-09,2026-03-09,1066.0,833.33,232.67,0.0,successful
REPAY_LN000763_07,LN000763,2026-04-09,2026-04-09,1066.0,833.33,232.67,0.0,successful
REPAY_LN000764_01,LN000764,2025-10-10,2025-10-10,5211.0,5000.0,211.0,0.0,successful
REPAY_LN000764_02,LN000764,2025-11-09,2025-11-09,5211.0,5000.0,211.0,0.0,successful
REPAY_LN000764_03,LN000764,2025-12-10,2025-12-10,5211.0,5000.0,211.0,0.0,successful
REPAY_LN000764_04,LN000764,2026-01-09,2026-01-09,5211.0,5000.0,211.0,0.0,successful
REPAY_LN000764_05,LN000764,2026-02-10,2026-02-10,5211.0,5000.0,211.0,0.0,successful
REPAY_LN000764_06,LN000764,2026-03-08,2026-03-08,5211.0,5000.0,211.0,0.0,successful
REPAY_LN000765_01,LN000765,2025-10-10,2025-10-10,1244.44,1111.11,133.33,0.0,successful
REPAY_LN000765_02,LN000765,2025-11-08,2025-11-08,1244.44,1111.11,133.33,0.0,successful
REPAY_LN000765_03,LN000765,2025-12-09,2025-12-09,1244.44,1111.11,133.33,0.0,successful
REPAY_LN000765_04,LN000765,2026-01-10,2026-01-10,1244.44,1111.11,133.33,0.0,successful
REPAY_LN000765_05,LN000765,2026-02-09,2026-02-09,1244.44,1111.11,133.33,0.0,successful
REPAY_LN000765_06,LN000765,2026-03-10,2026-03-10,1244.44,1111.11,133.33,0.0,successful
REPAY_LN000765_07,LN000765,2026-04-09,2026-04-09,1244.44,1111.11,133.33,0.0,successful
REPAY_LN000766_01,LN000766,2025-10-11,2025-10-11,377.93,333.33,44.6,0.0,successful
REPAY_LN000766_02,LN000766,2025-11-09,2025-11-09,377.93,333.33,44.6,0.0,successful
REPAY_LN000766_03,LN000766,2025-12-10,2025-12-10,377.93,333.33,44.6,0.0,successful
REPAY_LN000766_04,LN000766,2026-01-10,2026-01-10,377.93,333.33,44.6,0.0,successful
REPAY_LN000766_05,LN000766,2026-02-10,2026-02-10,377.93,333.33,44.6,0.0,successful
REPAY_LN000766_06,LN000766,2026-03-10,2026-03-10,377.93,333.33,44.6,0.0,successful
REPAY_LN000766_07_FAIL,LN000766,2026-04-11,2026-04-11,377.93,333.33,44.6,0.0,failed
REPAY_LN000767_01,LN000767,2025-10-09,2025-10-09,1147.08,833.33,313.75,0.0,successful
REPAY_LN000767_02,LN000767,2025-11-11,2025-11-11,1147.08,833.33,313.75,0.0,successful
REPAY_LN000767_03,LN000767,2025-12-09,2025-12-09,1147.08,833.33,313.75,0.0,successful
REPAY_LN000767_04,LN000767,2026-01-10,2026-01-10,1147.08,833.33,313.75,0.0,successful
REPAY_LN000767_05,LN000767,2026-02-10,2026-02-10,1147.08,833.33,313.75,0.0,successful
REPAY_LN000767_06,LN000767,2026-03-11,2026-03-11,1147.08,833.33,313.75,0.0,successful
REPAY_LN000767_07,LN000767,2026-04-09,2026-04-09,1147.08,833.33,313.75,0.0,successful
REPAY_LN000768_01,LN000768,2025-10-11,2025-10-11,1029.95,833.33,196.62,0.0,successful
REPAY_LN000768_02,LN000768,2025-11-11,2025-11-11,1029.95,833.33,196.62,0.0,successful
REPAY_LN000768_03,LN000768,2025-12-09,2025-12-09,1029.95,833.33,196.62,0.0,successful
REPAY_LN000768_04,LN000768,2026-01-11,2026-01-11,1029.95,833.33,196.62,0.0,successful
REPAY_LN000768_05,LN000768,2026-02-09,2026-02-09,1029.95,833.33,196.62,0.0,successful
REPAY_LN000768_06,LN000768,2026-03-09,2026-03-09,1029.95,833.33,196.62,0.0,successful
REPAY_LN000768_07,LN000768,2026-04-10,2026-04-10,1029.95,833.33,196.62,0.0,successful
REPAY_LN000769_01,LN000769,2025-10-11,2025-10-11,282.89,222.22,60.67,0.0,successful
REPAY_LN000769_02,LN000769,2025-11-10,2025-11-10,282.89,222.22,60.67,0.0,successful
REPAY_LN000769_03,LN000769,2025-12-11,2025-12-11,282.89,222.22,60.67,0.0,successful
REPAY_LN000769_04,LN000769,2026-01-11,2026-01-11,282.89,222.22,60.67,0.0,successful
REPAY_LN000769_05,LN000769,2026-02-10,2026-02-10,282.89,222.22,60.67,0.0,successful
REPAY_LN000769_06,LN000769,2026-03-10,2026-03-10,282.89,222.22,60.67,0.0,successful
REPAY_LN000769_07,LN000769,2026-04-10,2026-04-10,282.89,222.22,60.67,0.0,successful
REPAY_LN000770_01,LN000770,2025-10-10,2025-10-10,480.96,416.67,64.29,0.0,successful
REPAY_LN000770_02,LN000770,2025-11-12,2025-11-12,480.96,416.67,64.29,0.0,successful
REPAY_LN000770_03,LN000770,2025-12-10,2025-12-10,480.96,416.67,64.29,0.0,successful
REPAY_LN000770_04,LN000770,2026-01-12,2026-01-12,480.96,416.67,64.29,0.0,successful
REPAY_LN000770_05,LN000770,2026-02-12,2026-02-12,480.96,416.67,64.29,0.0,successful
REPAY_LN000770_06,LN000770,2026-03-10,2026-03-10,480.96,416.67,64.29,0.0,successful
REPAY_LN000770_07,LN000770,2026-04-10,2026-04-10,480.96,416.67,64.29,0.0,successful
REPAY_LN000771_01,LN000771,2025-10-12,2025-10-12,585.42,416.67,168.75,0.0,successful
REPAY_LN000771_02,LN000771,2025-11-11,2025-11-11,585.42,416.67,168.75,0.0,successful
REPAY_LN000771_03,LN000771,2025-12-11,2025-12-11,585.42,416.67,168.75,0.0,successful
REPAY_LN000771_04,LN000771,2026-01-11,2026-01-11,585.42,416.67,168.75,0.0,successful
REPAY_LN000771_05,LN000771,2026-02-11,2026-02-11,585.42,416.67,168.75,0.0,successful
REPAY_LN000771_06,LN000771,2026-03-12,2026-03-12,585.42,416.67,168.75,0.0,successful
REPAY_LN000771_07,LN000771,2026-04-11,2026-04-11,585.42,416.67,168.75,0.0,successful
REPAY_LN000772_01,LN000772,2025-10-11,2025-10-11,1804.0,1666.67,137.33,0.0,successful
REPAY_LN000772_02,LN000772,2025-11-11,2025-11-11,1804.0,1666.67,137.33,0.0,successful
REPAY_LN000772_03,LN000772,2025-12-12,2025-12-12,1804.0,1666.67,137.33,0.0,successful
REPAY_LN000772_04,LN000772,2026-01-10,2026-01-10,1804.0,1666.67,137.33,0.0,successful
REPAY_LN000772_05,LN000772,2026-02-11,2026-02-11,1804.0,1666.67,137.33,0.0,successful
REPAY_LN000772_06,LN000772,2026-03-12,2026-03-12,1804.0,1666.67,137.33,0.0,successful
REPAY_LN000772_07,LN000772,2026-04-12,2026-04-12,1804.0,1666.67,137.33,0.0,successful
REPAY_LN000773_01,LN000773,2025-10-12,2025-10-12,2861.25,2500.0,361.25,0.0,successful
REPAY_LN000773_02,LN000773,2025-11-11,2025-11-11,2861.25,2500.0,361.25,0.0,successful
REPAY_LN000773_03,LN000773,2025-12-11,2025-12-11,2861.25,2500.0,361.25,0.0,successful
REPAY_LN000773_04,LN000773,2026-01-11,2026-01-11,2861.25,2500.0,361.25,0.0,successful
REPAY_LN000773_05,LN000773,2026-02-13,2026-02-13,2861.25,2500.0,361.25,0.0,successful
REPAY_LN000773_06,LN000773,2026-03-12,2026-03-12,2861.25,2500.0,361.25,0.0,successful
REPAY_LN000773_07,LN000773,2026-04-12,2026-04-12,2861.25,2500.0,361.25,0.0,successful
REPAY_LN000774_01,LN000774,2025-10-12,2025-10-12,581.57,444.44,137.13,0.0,successful
REPAY_LN000774_02,LN000774,2025-11-11,2025-11-11,581.57,444.44,137.13,0.0,successful
REPAY_LN000774_03,LN000774,2025-12-12,2025-12-12,581.57,444.44,137.13,0.0,successful
REPAY_LN000774_04,LN000774,2026-01-12,2026-01-12,581.57,444.44,137.13,0.0,successful
REPAY_LN000774_05_FAIL,LN000774,2026-02-14,2026-02-14,581.57,444.44,137.13,0.0,failed
REPAY_LN000774_06_FAIL,LN000774,2026-03-14,2026-03-14,581.57,444.44,137.13,0.0,failed
REPAY_LN000775_01,LN000775,2025-10-11,2025-10-11,739.73,555.56,184.17,0.0,successful
REPAY_LN000775_02,LN000775,2025-11-11,2025-11-11,739.73,555.56,184.17,0.0,successful
REPAY_LN000775_03,LN000775,2025-12-12,2025-12-12,739.73,555.56,184.17,0.0,successful
REPAY_LN000775_04,LN000775,2026-01-11,2026-01-11,739.73,555.56,184.17,0.0,successful
REPAY_LN000775_05,LN000775,2026-02-12,2026-02-12,739.73,555.56,184.17,0.0,successful
REPAY_LN000775_06,LN000775,2026-03-11,2026-03-11,739.73,555.56,184.17,0.0,successful
REPAY_LN000775_07,LN000775,2026-04-13,2026-04-13,739.73,555.56,184.17,0.0,successful
REPAY_LN000775_08,LN000775,2026-05-13,2026-05-13,739.73,555.56,184.17,0.0,successful
REPAY_LN000775_09,LN000775,2026-06-13,2026-06-13,739.73,555.56,184.17,0.0,successful
REPAY_LN000775_10,LN000775,2026-07-11,2026-07-11,739.73,555.56,184.17,0.0,successful
REPAY_LN000775_11,LN000775,2026-08-11,2026-08-11,739.73,555.56,184.17,0.0,successful
REPAY_LN000775_12,LN000775,2026-09-12,2026-09-12,739.73,555.56,184.17,0.0,successful
REPAY_LN000775_13,LN000775,2026-10-12,2026-10-12,739.73,555.56,184.17,0.0,successful
REPAY_LN000776_01,LN000776,2025-10-13,2025-10-13,556.37,444.44,111.93,0.0,successful
REPAY_LN000776_02,LN000776,2025-11-13,2025-11-13,556.37,444.44,111.93,0.0,successful
REPAY_LN000776_03,LN000776,2025-12-12,2025-12-12,556.37,444.44,111.93,0.0,successful
REPAY_LN000776_04,LN000776,2026-01-12,2026-01-12,556.37,444.44,111.93,0.0,successful
REPAY_LN000776_05,LN000776,2026-02-13,2026-02-13,556.37,444.44,111.93,0.0,successful
REPAY_LN000776_06,LN000776,2026-03-12,2026-03-12,556.37,444.44,111.93,0.0,successful
REPAY_LN000776_07,LN000776,2026-04-12,2026-04-12,556.37,444.44,111.93,0.0,successful
REPAY_LN000777_01,LN000777,2025-10-13,2025-10-13,504.34,416.67,87.67,0.0,successful
REPAY_LN000777_02,LN000777,2025-11-13,2025-11-13,504.34,416.67,87.67,0.0,successful
REPAY_LN000777_03,LN000777,2025-12-12,2025-12-12,504.34,416.67,87.67,0.0,successful
REPAY_LN000777_04_FAIL,LN000777,2026-01-15,2026-01-15,504.34,416.67,87.67,0.0,failed
REPAY_LN000777_05_FAIL,LN000777,2026-02-16,2026-02-16,504.34,416.67,87.67,0.0,failed
REPAY_LN000778_01,LN000778,2025-10-13,2025-10-13,479.42,416.67,62.75,0.0,successful
REPAY_LN000778_02,LN000778,2025-11-13,2025-11-13,479.42,416.67,62.75,0.0,successful
REPAY_LN000778_03,LN000778,2025-12-14,2025-12-14,479.42,416.67,62.75,0.0,successful
REPAY_LN000778_04,LN000778,2026-01-13,2026-01-13,479.42,416.67,62.75,0.0,successful
REPAY_LN000778_05,LN000778,2026-02-14,2026-02-14,479.42,416.67,62.75,0.0,successful
REPAY_LN000778_06,LN000778,2026-03-14,2026-03-14,479.42,416.67,62.75,0.0,successful
REPAY_LN000778_07,LN000778,2026-04-12,2026-04-12,479.42,416.67,62.75,0.0,successful
REPAY_LN000779_01,LN000779,2025-10-14,2025-10-14,1057.5,833.33,224.17,0.0,successful
REPAY_LN000779_02,LN000779,2025-11-15,2025-11-15,1057.5,833.33,224.17,0.0,successful
REPAY_LN000779_03,LN000779,2025-12-13,2025-12-13,1057.5,833.33,224.17,0.0,successful
REPAY_LN000779_04,LN000779,2026-01-14,2026-01-14,1057.5,833.33,224.17,0.0,successful
REPAY_LN000779_05,LN000779,2026-02-13,2026-02-13,1057.5,833.33,224.17,0.0,successful
REPAY_LN000779_06,LN000779,2026-03-13,2026-03-13,1057.5,833.33,224.17,0.0,successful
REPAY_LN000779_07,LN000779,2026-04-15,2026-04-15,1057.5,833.33,224.17,0.0,successful
REPAY_LN000780_01,LN000780,2025-10-14,2025-10-14,284.42,222.22,62.2,0.0,successful
REPAY_LN000780_02,LN000780,2025-11-13,2025-11-13,284.42,222.22,62.2,0.0,successful
REPAY_LN000780_03,LN000780,2025-12-15,2025-12-15,284.42,222.22,62.2,0.0,successful
REPAY_LN000780_04,LN000780,2026-01-15,2026-01-15,284.42,222.22,62.2,0.0,successful
REPAY_LN000780_05,LN000780,2026-02-13,2026-02-13,284.42,222.22,62.2,0.0,successful
REPAY_LN000780_06,LN000780,2026-03-13,2026-03-13,284.42,222.22,62.2,0.0,successful
REPAY_LN000780_07,LN000780,2026-04-15,2026-04-15,284.42,222.22,62.2,0.0,successful
REPAY_LN000781_01,LN000781,2025-10-15,2025-10-15,427.78,277.78,150.0,0.0,successful
REPAY_LN000781_02,LN000781,2025-11-16,2025-11-16,427.78,277.78,150.0,0.0,successful
REPAY_LN000781_03,LN000781,2025-12-14,2025-12-14,427.78,277.78,150.0,0.0,successful
REPAY_LN000781_04,LN000781,2026-01-16,2026-01-16,427.78,277.78,150.0,0.0,successful
REPAY_LN000781_05,LN000781,2026-02-15,2026-02-15,427.78,277.78,150.0,0.0,successful
REPAY_LN000781_06,LN000781,2026-03-16,2026-03-16,427.78,277.78,150.0,0.0,successful
REPAY_LN000781_07,LN000781,2026-04-16,2026-04-16,427.78,277.78,150.0,0.0,successful
REPAY_LN000781_08,LN000781,2026-05-16,2026-05-16,427.78,277.78,150.0,0.0,successful
REPAY_LN000781_09,LN000781,2026-06-15,2026-06-15,427.78,277.78,150.0,0.0,successful
REPAY_LN000781_10,LN000781,2026-07-15,2026-07-15,427.78,277.78,150.0,0.0,successful
REPAY_LN000781_11,LN000781,2026-08-16,2026-08-16,427.78,277.78,150.0,0.0,successful
REPAY_LN000782_01,LN000782,2025-10-16,2025-10-16,963.21,833.33,129.88,0.0,successful
REPAY_LN000782_02,LN000782,2025-11-15,2025-11-15,963.21,833.33,129.88,0.0,successful
REPAY_LN000782_03,LN000782,2025-12-14,2025-12-14,963.21,833.33,129.88,0.0,successful
REPAY_LN000782_04,LN000782,2026-01-15,2026-01-15,963.21,833.33,129.88,0.0,successful
REPAY_LN000782_05,LN000782,2026-02-16,2026-02-16,963.21,833.33,129.88,0.0,successful
REPAY_LN000782_06,LN000782,2026-03-14,2026-03-14,963.21,833.33,129.88,0.0,successful
REPAY_LN000782_07,LN000782,2026-04-14,2026-04-14,963.21,833.33,129.88,0.0,successful
REPAY_LN000783_01,LN000783,2025-10-14,2025-10-14,1015.83,833.33,182.5,0.0,successful
REPAY_LN000783_02,LN000783,2025-11-15,2025-11-15,1015.83,833.33,182.5,0.0,successful
REPAY_LN000783_03,LN000783,2025-12-15,2025-12-15,1015.83,833.33,182.5,0.0,successful
REPAY_LN000783_04,LN000783,2026-01-15,2026-01-15,1015.83,833.33,182.5,0.0,successful
REPAY_LN000783_05,LN000783,2026-02-15,2026-02-15,1015.83,833.33,182.5,0.0,successful
REPAY_LN000783_06,LN000783,2026-03-16,2026-03-16,1015.83,833.33,182.5,0.0,successful
REPAY_LN000783_07,LN000783,2026-04-14,2026-04-14,1015.83,833.33,182.5,0.0,successful
REPAY_LN000784_01,LN000784,2025-10-17,2025-10-17,821.56,555.56,266.0,0.0,successful
REPAY_LN000784_02,LN000784,2025-11-16,2025-11-16,821.56,555.56,266.0,0.0,successful
REPAY_LN000784_03,LN000784,2025-12-16,2025-12-16,821.56,555.56,266.0,0.0,successful
REPAY_LN000784_04,LN000784,2026-01-17,2026-01-17,821.56,555.56,266.0,0.0,successful
REPAY_LN000784_05,LN000784,2026-02-15,2026-02-15,821.56,555.56,266.0,0.0,successful
REPAY_LN000784_06,LN000784,2026-03-15,2026-03-15,821.56,555.56,266.0,0.0,successful
REPAY_LN000784_07,LN000784,2026-04-16,2026-04-16,821.56,555.56,266.0,0.0,successful
REPAY_LN000785_01,LN000785,2025-10-16,2025-10-16,1800.67,1666.67,134.0,0.0,successful
REPAY_LN000785_02,LN000785,2025-11-16,2025-11-16,1800.67,1666.67,134.0,0.0,successful
REPAY_LN000785_03,LN000785,2025-12-16,2025-12-16,1800.67,1666.67,134.0,0.0,successful
REPAY_LN000785_04,LN000785,2026-01-15,2026-01-15,1800.67,1666.67,134.0,0.0,successful
REPAY_LN000785_05,LN000785,2026-02-17,2026-02-17,1800.67,1666.67,134.0,0.0,successful
REPAY_LN000785_06,LN000785,2026-03-15,2026-03-15,1800.67,1666.67,134.0,0.0,successful
REPAY_LN000785_07,LN000785,2026-04-17,2026-04-17,1800.67,1666.67,134.0,0.0,successful
REPAY_LN000786_01,LN000786,2025-10-16,2025-10-16,918.58,833.33,85.25,0.0,successful
REPAY_LN000786_02,LN000786,2025-11-16,2025-11-16,918.58,833.33,85.25,0.0,successful
REPAY_LN000786_03,LN000786,2025-12-17,2025-12-17,918.58,833.33,85.25,0.0,successful
REPAY_LN000786_04,LN000786,2026-01-16,2026-01-16,918.58,833.33,85.25,0.0,successful
REPAY_LN000786_05,LN000786,2026-02-15,2026-02-15,918.58,833.33,85.25,0.0,successful
REPAY_LN000786_06,LN000786,2026-03-16,2026-03-16,918.58,833.33,85.25,0.0,successful
REPAY_LN000786_07,LN000786,2026-04-16,2026-04-16,918.58,833.33,85.25,0.0,successful
REPAY_LN000787_01,LN000787,2025-10-15,2025-10-15,918.08,833.33,84.75,0.0,successful
REPAY_LN000787_02,LN000787,2025-11-17,2025-11-17,918.08,833.33,84.75,0.0,successful
REPAY_LN000787_03_FAIL,LN000787,2025-12-17,2025-12-17,918.08,833.33,84.75,0.0,failed
REPAY_LN000787_04_FAIL,LN000787,2026-01-17,2026-01-17,918.08,833.33,84.75,0.0,failed
REPAY_LN000788_01,LN000788,2025-10-16,2025-10-16,174.6,138.89,35.71,0.0,successful
REPAY_LN000788_02,LN000788,2025-11-16,2025-11-16,174.6,138.89,35.71,0.0,successful
REPAY_LN000788_03,LN000788,2025-12-16,2025-12-16,174.6,138.89,35.71,0.0,successful
REPAY_LN000788_04,LN000788,2026-01-17,2026-01-17,174.6,138.89,35.71,0.0,successful
REPAY_LN000788_05,LN000788,2026-02-18,2026-02-18,174.6,138.89,35.71,0.0,successful
REPAY_LN000788_06,LN000788,2026-03-16,2026-03-16,174.6,138.89,35.71,0.0,successful
REPAY_LN000788_07,LN000788,2026-04-16,2026-04-16,174.6,138.89,35.71,0.0,successful
REPAY_LN000789_01,LN000789,2025-10-16,2025-10-16,738.25,625.0,113.25,0.0,successful
REPAY_LN000789_02,LN000789,2025-11-18,2025-11-18,738.25,625.0,113.25,0.0,successful
REPAY_LN000789_03,LN000789,2025-12-17,2025-12-17,738.25,625.0,113.25,0.0,successful
REPAY_LN000789_04,LN000789,2026-01-17,2026-01-17,738.25,625.0,113.25,0.0,successful
REPAY_LN000789_05,LN000789,2026-02-17,2026-02-17,738.25,625.0,113.25,0.0,successful
REPAY_LN000789_06,LN000789,2026-03-16,2026-03-16,738.25,625.0,113.25,0.0,successful
REPAY_LN000789_07,LN000789,2026-04-17,2026-04-17,738.25,625.0,113.25,0.0,successful
REPAY_LN000790_01,LN000790,2025-10-18,2025-10-18,264.5,208.33,56.17,0.0,successful
REPAY_LN000790_02,LN000790,2025-11-18,2025-11-18,264.5,208.33,56.17,0.0,successful
REPAY_LN000790_03,LN000790,2025-12-17,2025-12-17,264.5,208.33,56.17,0.0,successful
REPAY_LN000790_04,LN000790,2026-01-16,2026-01-16,264.5,208.33,56.17,0.0,successful
REPAY_LN000790_05,LN000790,2026-02-16,2026-02-16,264.5,208.33,56.17,0.0,successful
REPAY_LN000790_06,LN000790,2026-03-17,2026-03-17,264.5,208.33,56.17,0.0,successful
REPAY_LN000790_07,LN000790,2026-04-18,2026-04-18,264.5,208.33,56.17,0.0,successful
REPAY_LN000790_08,LN000790,2026-05-18,2026-05-18,264.5,208.33,56.17,0.0,successful
REPAY_LN000791_01,LN000791,2025-10-18,2025-10-18,711.67,666.67,45.0,0.0,successful
REPAY_LN000791_02,LN000791,2025-11-18,2025-11-18,711.67,666.67,45.0,0.0,successful
REPAY_LN000791_03,LN000791,2025-12-18,2025-12-18,711.67,666.67,45.0,0.0,successful
REPAY_LN000791_04,LN000791,2026-01-17,2026-01-17,711.67,666.67,45.0,0.0,successful
REPAY_LN000791_05,LN000791,2026-02-17,2026-02-17,711.67,666.67,45.0,0.0,successful
REPAY_LN000791_06,LN000791,2026-03-17,2026-03-17,711.67,666.67,45.0,0.0,successful
REPAY_LN000791_07,LN000791,2026-04-18,2026-04-18,711.67,666.67,45.0,0.0,successful
REPAY_LN000792_01,LN000792,2025-10-18,2025-10-18,802.4,666.67,135.73,0.0,successful
REPAY_LN000792_02,LN000792,2025-11-18,2025-11-18,802.4,666.67,135.73,0.0,successful
REPAY_LN000792_03_FAIL,LN000792,2025-12-21,2025-12-21,802.4,666.67,135.73,0.0,failed
REPAY_LN000792_04_FAIL,LN000792,2026-01-20,2026-01-20,802.4,666.67,135.73,0.0,failed
REPAY_LN000793_01,LN000793,2025-10-17,2025-10-17,1341.38,1250.0,91.38,0.0,successful
REPAY_LN000793_02,LN000793,2025-11-18,2025-11-18,1341.38,1250.0,91.38,0.0,successful
REPAY_LN000793_03,LN000793,2025-12-19,2025-12-19,1341.38,1250.0,91.38,0.0,successful
REPAY_LN000793_04,LN000793,2026-01-19,2026-01-19,1341.38,1250.0,91.38,0.0,successful
REPAY_LN000793_05,LN000793,2026-02-18,2026-02-18,1341.38,1250.0,91.38,0.0,successful
REPAY_LN000793_06,LN000793,2026-03-17,2026-03-17,1341.38,1250.0,91.38,0.0,successful
REPAY_LN000793_07,LN000793,2026-04-19,2026-04-19,1341.38,1250.0,91.38,0.0,successful
REPAY_LN000794_01,LN000794,2025-10-18,2025-10-18,861.73,555.56,306.17,0.0,successful
REPAY_LN000794_02,LN000794,2025-11-19,2025-11-19,861.73,555.56,306.17,0.0,successful
REPAY_LN000794_03,LN000794,2025-12-19,2025-12-19,861.73,555.56,306.17,0.0,successful
REPAY_LN000794_04,LN000794,2026-01-19,2026-01-19,861.73,555.56,306.17,0.0,successful
REPAY_LN000794_05,LN000794,2026-02-19,2026-02-19,861.73,555.56,306.17,0.0,successful
REPAY_LN000794_06,LN000794,2026-03-17,2026-03-17,861.73,555.56,306.17,0.0,successful
REPAY_LN000794_07,LN000794,2026-04-18,2026-04-18,861.73,555.56,306.17,0.0,successful
REPAY_LN000795_01,LN000795,2025-10-19,2025-10-19,1898.17,1666.67,231.5,0.0,successful
REPAY_LN000795_02,LN000795,2025-11-19,2025-11-19,1898.17,1666.67,231.5,0.0,successful
REPAY_LN000795_03,LN000795,2025-12-19,2025-12-19,1898.17,1666.67,231.5,0.0,successful
REPAY_LN000795_04,LN000795,2026-01-19,2026-01-19,1898.17,1666.67,231.5,0.0,successful
REPAY_LN000795_05,LN000795,2026-02-18,2026-02-18,1898.17,1666.67,231.5,0.0,successful
REPAY_LN000795_06,LN000795,2026-03-20,2026-03-20,1898.17,1666.67,231.5,0.0,successful
REPAY_LN000795_07,LN000795,2026-04-20,2026-04-20,1898.17,1666.67,231.5,0.0,successful
REPAY_LN000796_01,LN000796,2025-10-20,2025-10-20,1038.45,833.33,205.12,0.0,successful
REPAY_LN000796_02,LN000796,2025-11-20,2025-11-20,1038.45,833.33,205.12,0.0,successful
REPAY_LN000796_03,LN000796,2025-12-19,2025-12-19,1038.45,833.33,205.12,0.0,successful
REPAY_LN000796_04,LN000796,2026-01-19,2026-01-19,1038.45,833.33,205.12,0.0,successful
REPAY_LN000796_05,LN000796,2026-02-18,2026-02-18,1038.45,833.33,205.12,0.0,successful
REPAY_LN000796_06,LN000796,2026-03-19,2026-03-19,1038.45,833.33,205.12,0.0,successful
REPAY_LN000796_07_FAIL,LN000796,2026-04-19,2026-04-19,1038.45,833.33,205.12,0.0,failed
REPAY_LN000797_01,LN000797,2025-10-19,2025-10-19,374.57,277.78,96.79,0.0,successful
REPAY_LN000797_02,LN000797,2025-11-20,2025-11-20,374.57,277.78,96.79,0.0,successful
REPAY_LN000797_03,LN000797,2025-12-18,2025-12-18,374.57,277.78,96.79,0.0,successful
REPAY_LN000797_04,LN000797,2026-01-18,2026-01-18,374.57,277.78,96.79,0.0,successful
REPAY_LN000797_05,LN000797,2026-02-18,2026-02-18,374.57,277.78,96.79,0.0,successful
REPAY_LN000797_06,LN000797,2026-03-19,2026-03-19,374.57,277.78,96.79,0.0,successful
REPAY_LN000797_07,LN000797,2026-04-18,2026-04-18,374.57,277.78,96.79,0.0,successful
REPAY_LN000798_01,LN000798,2025-10-20,2025-10-20,924.25,625.0,299.25,0.0,successful
REPAY_LN000798_02,LN000798,2025-11-19,2025-11-19,924.25,625.0,299.25,0.0,successful
REPAY_LN000798_03,LN000798,2025-12-20,2025-12-20,924.25,625.0,299.25,0.0,successful
REPAY_LN000798_04,LN000798,2026-01-19,2026-01-19,924.25,625.0,299.25,0.0,successful
REPAY_LN000798_05,LN000798,2026-02-21,2026-02-21,924.25,625.0,299.25,0.0,successful
REPAY_LN000798_06,LN000798,2026-03-21,2026-03-21,924.25,625.0,299.25,0.0,successful
REPAY_LN000798_07,LN000798,2026-04-19,2026-04-19,924.25,625.0,299.25,0.0,successful
REPAY_LN000799_01,LN000799,2025-10-20,2025-10-20,655.92,416.67,239.25,0.0,successful
REPAY_LN000799_02,LN000799,2025-11-21,2025-11-21,655.92,416.67,239.25,0.0,successful
REPAY_LN000799_03,LN000799,2025-12-21,2025-12-21,655.92,416.67,239.25,0.0,successful
REPAY_LN000799_04,LN000799,2026-01-21,2026-01-21,655.92,416.67,239.25,0.0,successful
REPAY_LN000799_05,LN000799,2026-02-20,2026-02-20,655.92,416.67,239.25,0.0,successful
REPAY_LN000799_06,LN000799,2026-03-20,2026-03-20,655.92,416.67,239.25,0.0,successful
REPAY_LN000799_07,LN000799,2026-04-20,2026-04-20,655.92,416.67,239.25,0.0,successful
REPAY_LN000799_08,LN000799,2026-05-19,2026-05-19,655.92,416.67,239.25,0.0,successful
REPAY_LN000800_01,LN000800,2025-10-19,2025-10-19,329.36,277.78,51.58,0.0,successful
REPAY_LN000800_02,LN000800,2025-11-19,2025-11-19,329.36,277.78,51.58,0.0,successful
REPAY_LN000800_03,LN000800,2025-12-21,2025-12-21,329.36,277.78,51.58,0.0,successful
REPAY_LN000800_04,LN000800,2026-01-21,2026-01-21,329.36,277.78,51.58,0.0,successful
REPAY_LN000800_05,LN000800,2026-02-20,2026-02-20,329.36,277.78,51.58,0.0,successful
REPAY_LN000800_06,LN000800,2026-03-19,2026-03-19,329.36,277.78,51.58,0.0,successful
REPAY_LN000800_07,LN000800,2026-04-20,2026-04-20,329.36,277.78,51.58,0.0,successful
REPAY_LN000801_01,LN000801,2025-10-20,2025-10-20,3611.5,3333.33,278.17,0.0,successful
REPAY_LN000801_02_FAIL,LN000801,2025-11-21,2025-11-21,3611.5,3333.33,278.17,0.0,failed
REPAY_LN000801_03_FAIL,LN000801,2025-12-20,2025-12-20,3611.5,3333.33,278.17,0.0,failed
REPAY_LN000802_01,LN000802,2025-10-20,2025-10-20,955.58,833.33,122.25,0.0,successful
REPAY_LN000802_02,LN000802,2025-11-22,2025-11-22,955.58,833.33,122.25,0.0,successful
REPAY_LN000802_03,LN000802,2025-12-21,2025-12-21,955.58,833.33,122.25,0.0,successful
REPAY_LN000802_04,LN000802,2026-01-21,2026-01-21,955.58,833.33,122.25,0.0,successful
REPAY_LN000802_05,LN000802,2026-02-21,2026-02-21,955.58,833.33,122.25,0.0,successful
REPAY_LN000802_06,LN000802,2026-03-21,2026-03-21,955.58,833.33,122.25,0.0,successful
REPAY_LN000802_07,LN000802,2026-04-20,2026-04-20,955.58,833.33,122.25,0.0,successful
REPAY_LN000803_01,LN000803,2025-10-22,2025-10-22,1065.71,833.33,232.38,0.0,successful
REPAY_LN000803_02,LN000803,2025-11-21,2025-11-21,1065.71,833.33,232.38,0.0,successful
REPAY_LN000803_03,LN000803,2025-12-20,2025-12-20,1065.71,833.33,232.38,0.0,successful
REPAY_LN000803_04,LN000803,2026-01-20,2026-01-20,1065.71,833.33,232.38,0.0,successful
REPAY_LN000803_05,LN000803,2026-02-20,2026-02-20,1065.71,833.33,232.38,0.0,successful
REPAY_LN000803_06,LN000803,2026-03-20,2026-03-20,1065.71,833.33,232.38,0.0,successful
REPAY_LN000803_07,LN000803,2026-04-20,2026-04-20,1065.71,833.33,232.38,0.0,successful
REPAY_LN000804_01,LN000804,2025-10-22,2025-10-22,876.06,555.56,320.5,0.0,successful
REPAY_LN000804_02,LN000804,2025-11-21,2025-11-21,876.06,555.56,320.5,0.0,successful
REPAY_LN000804_03,LN000804,2025-12-20,2025-12-20,876.06,555.56,320.5,0.0,successful
REPAY_LN000804_04,LN000804,2026-01-22,2026-01-22,876.06,555.56,320.5,0.0,successful
REPAY_LN000804_05,LN000804,2026-02-20,2026-02-20,876.06,555.56,320.5,0.0,successful
REPAY_LN000804_06,LN000804,2026-03-20,2026-03-20,876.06,555.56,320.5,0.0,successful
REPAY_LN000804_07,LN000804,2026-04-21,2026-04-21,876.06,555.56,320.5,0.0,successful
REPAY_LN000804_08,LN000804,2026-05-20,2026-05-20,876.06,555.56,320.5,0.0,successful
REPAY_LN000804_09,LN000804,2026-06-21,2026-06-21,876.06,555.56,320.5,0.0,successful
REPAY_LN000804_10,LN000804,2026-07-20,2026-07-20,876.06,555.56,320.5,0.0,successful
REPAY_LN000805_01,LN000805,2025-10-23,2025-10-23,951.66,833.33,118.33,0.0,successful
REPAY_LN000805_02,LN000805,2025-11-21,2025-11-21,951.66,833.33,118.33,0.0,successful
REPAY_LN000805_03,LN000805,2025-12-22,2025-12-22,951.66,833.33,118.33,0.0,successful
REPAY_LN000805_04,LN000805,2026-01-21,2026-01-21,951.66,833.33,118.33,0.0,successful
REPAY_LN000805_05,LN000805,2026-02-22,2026-02-22,951.66,833.33,118.33,0.0,successful
REPAY_LN000805_06,LN000805,2026-03-22,2026-03-22,951.66,833.33,118.33,0.0,successful
REPAY_LN000805_07,LN000805,2026-04-23,2026-04-23,951.66,833.33,118.33,0.0,successful
REPAY_LN000806_01,LN000806,2025-10-23,2025-10-23,895.54,833.33,62.21,0.0,successful
REPAY_LN000806_02_FAIL,LN000806,2025-11-22,2025-11-22,895.54,833.33,62.21,0.0,failed
REPAY_LN000806_03_FAIL,LN000806,2025-12-24,2025-12-24,895.54,833.33,62.21,0.0,failed
REPAY_LN000807_01,LN000807,2025-10-22,2025-10-22,1863.67,1666.67,197.0,0.0,successful
REPAY_LN000807_02,LN000807,2025-11-23,2025-11-23,1863.67,1666.67,197.0,0.0,successful
REPAY_LN000807_03,LN000807,2025-12-21,2025-12-21,1863.67,1666.67,197.0,0.0,successful
REPAY_LN000807_04,LN000807,2026-01-23,2026-01-23,1863.67,1666.67,197.0,0.0,successful
REPAY_LN000807_05_FAIL,LN000807,2026-02-24,2026-02-24,1863.67,1666.67,197.0,0.0,failed
REPAY_LN000807_06_FAIL,LN000807,2026-03-25,2026-03-25,1863.67,1666.67,197.0,0.0,failed
REPAY_LN000808_01,LN000808,2025-10-22,2025-10-22,459.06,333.33,125.73,0.0,successful
REPAY_LN000808_02,LN000808,2025-11-21,2025-11-21,459.06,333.33,125.73,0.0,successful
REPAY_LN000808_03,LN000808,2025-12-21,2025-12-21,459.06,333.33,125.73,0.0,successful
REPAY_LN000808_04,LN000808,2026-01-21,2026-01-21,459.06,333.33,125.73,0.0,successful
REPAY_LN000808_05,LN000808,2026-02-21,2026-02-21,459.06,333.33,125.73,0.0,successful
REPAY_LN000808_06,LN000808,2026-03-22,2026-03-22,459.06,333.33,125.73,0.0,successful
REPAY_LN000808_07,LN000808,2026-04-21,2026-04-21,459.06,333.33,125.73,0.0,successful
REPAY_LN000809_01,LN000809,2025-10-22,2025-10-22,235.04,208.33,26.71,0.0,successful
REPAY_LN000809_02,LN000809,2025-11-22,2025-11-22,235.04,208.33,26.71,0.0,successful
REPAY_LN000809_03,LN000809,2025-12-23,2025-12-23,235.04,208.33,26.71,0.0,successful
REPAY_LN000809_04,LN000809,2026-01-23,2026-01-23,235.04,208.33,26.71,0.0,successful
REPAY_LN000809_05,LN000809,2026-02-22,2026-02-22,235.04,208.33,26.71,0.0,successful
REPAY_LN000809_06,LN000809,2026-03-23,2026-03-23,235.04,208.33,26.71,0.0,successful
REPAY_LN000809_07,LN000809,2026-04-24,2026-04-24,235.04,208.33,26.71,0.0,successful
REPAY_LN000810_01,LN000810,2025-10-22,2025-10-22,1454.11,1111.11,343.0,0.0,successful
REPAY_LN000810_02,LN000810,2025-11-23,2025-11-23,1454.11,1111.11,343.0,0.0,successful
REPAY_LN000810_03,LN000810,2025-12-22,2025-12-22,1454.11,1111.11,343.0,0.0,successful
REPAY_LN000810_04,LN000810,2026-01-22,2026-01-22,1454.11,1111.11,343.0,0.0,successful
REPAY_LN000810_05,LN000810,2026-02-23,2026-02-23,1454.11,1111.11,343.0,0.0,successful
REPAY_LN000810_06,LN000810,2026-03-24,2026-03-24,1454.11,1111.11,343.0,0.0,successful
REPAY_LN000810_07,LN000810,2026-04-22,2026-04-22,1454.11,1111.11,343.0,0.0,successful
REPAY_LN000811_01,LN000811,2025-10-25,2025-10-25,728.34,666.67,61.67,0.0,successful
REPAY_LN000811_02,LN000811,2025-11-24,2025-11-24,728.34,666.67,61.67,0.0,successful
REPAY_LN000811_03,LN000811,2025-12-23,2025-12-23,728.34,666.67,61.67,0.0,successful
REPAY_LN000811_04,LN000811,2026-01-24,2026-01-24,728.34,666.67,61.67,0.0,successful
REPAY_LN000811_05,LN000811,2026-02-24,2026-02-24,728.34,666.67,61.67,0.0,successful
REPAY_LN000811_06,LN000811,2026-03-24,2026-03-24,728.34,666.67,61.67,0.0,successful
REPAY_LN000811_07,LN000811,2026-04-24,2026-04-24,728.34,666.67,61.67,0.0,successful
REPAY_LN000812_01,LN000812,2025-10-23,2025-10-23,205.51,138.89,66.62,0.0,successful
REPAY_LN000812_02,LN000812,2025-11-25,2025-11-25,205.51,138.89,66.62,0.0,successful
REPAY_LN000812_03,LN000812,2025-12-25,2025-12-25,205.51,138.89,66.62,0.0,successful
REPAY_LN000812_04,LN000812,2026-01-23,2026-01-23,205.51,138.89,66.62,0.0,successful
REPAY_LN000812_05,LN000812,2026-02-23,2026-02-23,205.51,138.89,66.62,0.0,successful
REPAY_LN000812_06,LN000812,2026-03-25,2026-03-25,205.51,138.89,66.62,0.0,successful
REPAY_LN000812_07,LN000812,2026-04-25,2026-04-25,205.51,138.89,66.62,0.0,successful
REPAY_LN000813_01,LN000813,2025-10-24,2025-10-24,1466.06,1333.33,132.73,0.0,successful
REPAY_LN000813_02,LN000813,2025-11-25,2025-11-25,1466.06,1333.33,132.73,0.0,successful
REPAY_LN000813_03,LN000813,2025-12-24,2025-12-24,1466.06,1333.33,132.73,0.0,successful
REPAY_LN000813_04,LN000813,2026-01-26,2026-01-26,1466.06,1333.33,132.73,0.0,successful
REPAY_LN000813_05,LN000813,2026-02-25,2026-02-25,1466.06,1333.33,132.73,0.0,successful
REPAY_LN000813_06,LN000813,2026-03-26,2026-03-26,1466.08,1333.35,132.73,0.0,successful
REPAY_LN000814_01,LN000814,2025-10-25,2025-10-25,1176.83,833.33,343.5,0.0,successful
REPAY_LN000814_02,LN000814,2025-11-26,2025-11-26,1176.83,833.33,343.5,0.0,successful
REPAY_LN000814_03,LN000814,2025-12-25,2025-12-25,1176.83,833.33,343.5,0.0,successful
REPAY_LN000814_04,LN000814,2026-01-24,2026-01-24,1176.83,833.33,343.5,0.0,successful
REPAY_LN000814_05,LN000814,2026-02-24,2026-02-24,1176.83,833.33,343.5,0.0,successful
REPAY_LN000814_06,LN000814,2026-03-25,2026-03-25,1176.83,833.33,343.5,0.0,successful
REPAY_LN000814_07,LN000814,2026-04-25,2026-04-25,1176.83,833.33,343.5,0.0,successful
REPAY_LN000815_01,LN000815,2025-10-24,2025-10-24,304.28,277.78,26.5,0.0,successful
REPAY_LN000815_02,LN000815,2025-11-24,2025-11-24,304.28,277.78,26.5,0.0,successful
REPAY_LN000815_03,LN000815,2025-12-25,2025-12-25,304.28,277.78,26.5,0.0,successful
REPAY_LN000815_04,LN000815,2026-01-25,2026-01-25,304.28,277.78,26.5,0.0,successful
REPAY_LN000815_05,LN000815,2026-02-24,2026-02-24,304.28,277.78,26.5,0.0,successful
REPAY_LN000815_06,LN000815,2026-03-26,2026-03-26,304.28,277.78,26.5,0.0,successful
REPAY_LN000815_07,LN000815,2026-04-24,2026-04-24,304.28,277.78,26.5,0.0,successful
REPAY_LN000816_01,LN000816,2025-10-26,2025-10-26,368.55,222.22,146.33,0.0,successful
REPAY_LN000816_02,LN000816,2025-11-26,2025-11-26,368.55,222.22,146.33,0.0,successful
REPAY_LN000816_03,LN000816,2025-12-27,2025-12-27,368.55,222.22,146.33,0.0,successful
REPAY_LN000816_04,LN000816,2026-01-25,2026-01-25,368.55,222.22,146.33,0.0,successful
REPAY_LN000816_05,LN000816,2026-02-26,2026-02-26,368.55,222.22,146.33,0.0,successful
REPAY_LN000816_06,LN000816,2026-03-25,2026-03-25,368.55,222.22,146.33,0.0,successful
REPAY_LN000816_07,LN000816,2026-04-26,2026-04-26,368.55,222.22,146.33,0.0,successful
REPAY_LN000817_01,LN000817,2025-10-27,2025-10-27,1297.28,1111.11,186.17,0.0,successful
REPAY_LN000817_02,LN000817,2025-11-25,2025-11-25,1297.28,1111.11,186.17,0.0,successful
REPAY_LN000817_03,LN000817,2025-12-25,2025-12-25,1297.28,1111.11,186.17,0.0,successful
REPAY_LN000817_04,LN000817,2026-01-27,2026-01-27,1297.28,1111.11,186.17,0.0,successful
REPAY_LN000817_05,LN000817,2026-02-26,2026-02-26,1297.28,1111.11,186.17,0.0,successful
REPAY_LN000817_06,LN000817,2026-03-26,2026-03-26,1297.28,1111.11,186.17,0.0,successful
REPAY_LN000817_07,LN000817,2026-04-25,2026-04-25,1297.28,1111.11,186.17,0.0,successful
REPAY_LN000818_01,LN000818,2025-10-27,2025-10-27,697.06,555.56,141.5,0.0,successful
REPAY_LN000818_02,LN000818,2025-11-25,2025-11-25,697.06,555.56,141.5,0.0,successful
REPAY_LN000818_03,LN000818,2025-12-25,2025-12-25,697.06,555.56,141.5,0.0,successful
REPAY_LN000818_04,LN000818,2026-01-26,2026-01-26,697.06,555.56,141.5,0.0,successful
REPAY_LN000818_05,LN000818,2026-02-26,2026-02-26,697.06,555.56,141.5,0.0,successful
REPAY_LN000818_06,LN000818,2026-03-26,2026-03-26,697.06,555.56,141.5,0.0,successful
REPAY_LN000818_07,LN000818,2026-04-26,2026-04-26,697.06,555.56,141.5,0.0,successful
REPAY_LN000819_01,LN000819,2025-10-26,2025-10-26,1482.73,1333.33,149.4,0.0,successful
REPAY_LN000819_02,LN000819,2025-11-27,2025-11-27,1482.73,1333.33,149.4,0.0,successful
REPAY_LN000819_03,LN000819,2025-12-25,2025-12-25,1482.73,1333.33,149.4,0.0,successful
REPAY_LN000819_04,LN000819,2026-01-27,2026-01-27,1482.73,1333.33,149.4,0.0,successful
REPAY_LN000819_05,LN000819,2026-02-25,2026-02-25,1482.73,1333.33,149.4,0.0,successful
REPAY_LN000819_06,LN000819,2026-03-26,2026-03-26,1482.75,1333.35,149.4,0.0,successful
REPAY_LN000820_01,LN000820,2025-10-28,2025-10-28,2047.0,1666.67,380.33,0.0,successful
REPAY_LN000820_02,LN000820,2025-11-26,2025-11-26,2047.0,1666.67,380.33,0.0,successful
REPAY_LN000820_03,LN000820,2025-12-27,2025-12-27,2047.0,1666.67,380.33,0.0,successful
REPAY_LN000820_04,LN000820,2026-01-27,2026-01-27,2047.0,1666.67,380.33,0.0,successful
REPAY_LN000820_05,LN000820,2026-02-28,2026-02-28,2047.0,1666.67,380.33,0.0,successful
REPAY_LN000820_06,LN000820,2026-03-28,2026-03-28,2047.0,1666.67,380.33,0.0,successful
REPAY_LN000820_07,LN000820,2026-04-28,2026-04-28,2047.0,1666.67,380.33,0.0,successful
REPAY_LN000821_01,LN000821,2025-10-27,2025-10-27,1412.73,1333.33,79.4,0.0,successful
REPAY_LN000821_02,LN000821,2025-11-26,2025-11-26,1412.73,1333.33,79.4,0.0,successful
REPAY_LN000821_03,LN000821,2025-12-26,2025-12-26,1412.73,1333.33,79.4,0.0,successful
REPAY_LN000821_04,LN000821,2026-01-28,2026-01-28,1412.73,1333.33,79.4,0.0,successful
REPAY_LN000821_05,LN000821,2026-02-26,2026-02-26,1412.73,1333.33,79.4,0.0,successful
REPAY_LN000821_06,LN000821,2026-03-27,2026-03-27,1412.75,1333.35,79.4,0.0,successful
REPAY_LN000822_01,LN000822,2025-10-26,2025-10-26,954.83,833.33,121.5,0.0,successful
REPAY_LN000822_02,LN000822,2025-11-27,2025-11-27,954.83,833.33,121.5,0.0,successful
REPAY_LN000822_03,LN000822,2025-12-28,2025-12-28,954.83,833.33,121.5,0.0,successful
REPAY_LN000822_04,LN000822,2026-01-26,2026-01-26,954.83,833.33,121.5,0.0,successful
REPAY_LN000822_05,LN000822,2026-02-27,2026-02-27,954.83,833.33,121.5,0.0,successful
REPAY_LN000822_06,LN000822,2026-03-28,2026-03-28,954.83,833.33,121.5,0.0,successful
REPAY_LN000822_07,LN000822,2026-04-28,2026-04-28,954.83,833.33,121.5,0.0,successful
REPAY_LN000823_01,LN000823,2025-10-29,2025-10-29,1280.78,1111.11,169.67,0.0,successful
REPAY_LN000823_02,LN000823,2025-11-29,2025-11-29,1280.78,1111.11,169.67,0.0,successful
REPAY_LN000823_03,LN000823,2025-12-27,2025-12-27,1280.78,1111.11,169.67,0.0,successful
REPAY_LN000823_04,LN000823,2026-01-28,2026-01-28,1280.78,1111.11,169.67,0.0,successful
REPAY_LN000823_05,LN000823,2026-02-27,2026-02-27,1280.78,1111.11,169.67,0.0,successful
REPAY_LN000823_06,LN000823,2026-03-28,2026-03-28,1280.78,1111.11,169.67,0.0,successful
REPAY_LN000823_07,LN000823,2026-04-29,2026-04-29,1280.78,1111.11,169.67,0.0,successful
REPAY_LN000824_01,LN000824,2025-10-27,2025-10-27,886.08,833.33,52.75,0.0,successful
REPAY_LN000824_02,LN000824,2025-11-29,2025-11-29,886.08,833.33,52.75,0.0,successful
REPAY_LN000824_03,LN000824,2025-12-28,2025-12-28,886.08,833.33,52.75,0.0,successful
REPAY_LN000824_04,LN000824,2026-01-29,2026-01-29,886.08,833.33,52.75,0.0,successful
REPAY_LN000824_05,LN000824,2026-02-27,2026-02-27,886.08,833.33,52.75,0.0,successful
REPAY_LN000824_06,LN000824,2026-03-27,2026-03-27,886.1,833.35,52.75,0.0,successful
REPAY_LN000825_01,LN000825,2025-10-27,2025-10-27,282.66,208.33,74.33,0.0,successful
REPAY_LN000825_02,LN000825,2025-11-27,2025-11-27,282.66,208.33,74.33,0.0,successful
REPAY_LN000825_03,LN000825,2025-12-27,2025-12-27,282.66,208.33,74.33,0.0,successful
REPAY_LN000825_04,LN000825,2026-01-27,2026-01-27,282.66,208.33,74.33,0.0,successful
REPAY_LN000825_05,LN000825,2026-02-28,2026-02-28,282.66,208.33,74.33,0.0,successful
REPAY_LN000825_06,LN000825,2026-03-27,2026-03-27,282.66,208.33,74.33,0.0,successful
REPAY_LN000825_07,LN000825,2026-04-28,2026-04-28,282.66,208.33,74.33,0.0,successful
REPAY_LN000826_01,LN000826,2025-10-28,2025-10-28,411.33,333.33,78.0,0.0,successful
REPAY_LN000826_02,LN000826,2025-11-28,2025-11-28,411.33,333.33,78.0,0.0,successful
REPAY_LN000826_03,LN000826,2025-12-30,2025-12-30,411.33,333.33,78.0,0.0,successful
REPAY_LN000826_04,LN000826,2026-01-30,2026-01-30,411.33,333.33,78.0,0.0,successful
REPAY_LN000826_05,LN000826,2026-02-28,2026-02-28,411.33,333.33,78.0,0.0,successful
REPAY_LN000826_06,LN000826,2026-03-29,2026-03-29,411.33,333.33,78.0,0.0,successful
REPAY_LN000826_07,LN000826,2026-04-28,2026-04-28,411.33,333.33,78.0,0.0,successful
REPAY_LN000827_01,LN000827,2025-10-30,2025-10-30,2028.0,1666.67,361.33,0.0,successful
REPAY_LN000827_02,LN000827,2025-11-28,2025-11-28,2028.0,1666.67,361.33,0.0,successful
REPAY_LN000827_03,LN000827,2025-12-28,2025-12-28,2028.0,1666.67,361.33,0.0,successful
REPAY_LN000827_04,LN000827,2026-01-29,2026-01-29,2028.0,1666.67,361.33,0.0,successful
REPAY_LN000827_05_FAIL,LN000827,2026-03-03,2026-03-03,2028.0,1666.67,361.33,0.0,failed
REPAY_LN000827_06_FAIL,LN000827,2026-04-01,2026-04-01,2028.0,1666.67,361.33,0.0,failed
REPAY_LN000828_01,LN000828,2025-10-30,2025-10-30,375.62,222.22,153.4,0.0,successful
REPAY_LN000828_02,LN000828,2025-11-30,2025-11-30,375.62,222.22,153.4,0.0,successful
REPAY_LN000828_03,LN000828,2025-12-29,2025-12-29,375.62,222.22,153.4,0.0,successful
REPAY_LN000828_04,LN000828,2026-01-28,2026-01-28,375.62,222.22,153.4,0.0,successful
REPAY_LN000828_05,LN000828,2026-03-01,2026-03-01,375.62,222.22,153.4,0.0,successful
REPAY_LN000828_06,LN000828,2026-03-28,2026-03-28,375.62,222.22,153.4,0.0,successful
REPAY_LN000828_07,LN000828,2026-04-29,2026-04-29,375.62,222.22,153.4,0.0,successful
REPAY_LN000829_01,LN000829,2025-10-30,2025-10-30,512.59,416.67,95.92,0.0,successful
REPAY_LN000829_02,LN000829,2025-12-01,2025-12-01,512.59,416.67,95.92,0.0,successful
REPAY_LN000829_03,LN000829,2025-12-30,2025-12-30,512.59,416.67,95.92,0.0,successful
REPAY_LN000829_04,LN000829,2026-01-29,2026-01-29,512.59,416.67,95.92,0.0,successful
REPAY_LN000829_05,LN000829,2026-03-01,2026-03-01,512.59,416.67,95.92,0.0,successful
REPAY_LN000829_06,LN000829,2026-03-30,2026-03-30,512.59,416.67,95.92,0.0,successful
REPAY_LN000829_07,LN000829,2026-04-29,2026-04-29,512.59,416.67,95.92,0.0,successful
REPAY_LN000830_01,LN000830,2025-10-31,2025-10-31,470.61,277.78,192.83,0.0,successful
REPAY_LN000830_02,LN000830,2025-11-29,2025-11-29,470.61,277.78,192.83,0.0,successful
REPAY_LN000830_03,LN000830,2025-12-29,2025-12-29,470.61,277.78,192.83,0.0,successful
REPAY_LN000830_04,LN000830,2026-01-29,2026-01-29,470.61,277.78,192.83,0.0,successful
REPAY_LN000830_05,LN000830,2026-03-01,2026-03-01,470.61,277.78,192.83,0.0,successful
REPAY_LN000830_06,LN000830,2026-03-30,2026-03-30,470.61,277.78,192.83,0.0,successful
REPAY_LN000830_07,LN000830,2026-04-29,2026-04-29,470.61,277.78,192.83,0.0,successful
REPAY_LN000831_01,LN000831,2025-10-29,2025-10-29,5536.25,5000.0,536.25,0.0,successful
REPAY_LN000831_02,LN000831,2025-12-01,2025-12-01,5536.25,5000.0,536.25,0.0,successful
REPAY_LN000831_03,LN000831,2025-12-30,2025-12-30,5536.25,5000.0,536.25,0.0,successful
REPAY_LN000831_04,LN000831,2026-01-30,2026-01-30,5536.25,5000.0,536.25,0.0,successful
REPAY_LN000831_05,LN000831,2026-03-01,2026-03-01,5536.25,5000.0,536.25,0.0,successful
REPAY_LN000831_06,LN000831,2026-03-30,2026-03-30,5536.25,5000.0,536.25,0.0,successful
REPAY_LN000832_01,LN000832,2025-10-30,2025-10-30,423.53,277.78,145.75,0.0,successful
REPAY_LN000832_02,LN000832,2025-11-30,2025-11-30,423.53,277.78,145.75,0.0,successful
REPAY_LN000832_03,LN000832,2026-01-01,2026-01-01,423.53,277.78,145.75,0.0,successful
REPAY_LN000832_04,LN000832,2026-01-31,2026-01-31,423.53,277.78,145.75,0.0,successful
REPAY_LN000832_05,LN000832,2026-03-01,2026-03-01,423.53,277.78,145.75,0.0,successful
REPAY_LN000832_06,LN000832,2026-03-30,2026-03-30,423.53,277.78,145.75,0.0,successful
REPAY_LN000832_07,LN000832,2026-05-02,2026-05-02,423.53,277.78,145.75,0.0,successful
REPAY_LN000833_01,LN000833,2025-10-30,2025-10-30,952.08,833.33,118.75,0.0,successful
REPAY_LN000833_02,LN000833,2025-12-01,2025-12-01,952.08,833.33,118.75,0.0,successful
REPAY_LN000833_03,LN000833,2025-12-31,2025-12-31,952.08,833.33,118.75,0.0,successful
REPAY_LN000833_04,LN000833,2026-02-01,2026-02-01,952.08,833.33,118.75,0.0,successful
REPAY_LN000833_05,LN000833,2026-02-28,2026-02-28,952.08,833.33,118.75,0.0,successful
REPAY_LN000833_06,LN000833,2026-03-31,2026-03-31,952.08,833.33,118.75,0.0,successful
REPAY_LN000833_07,LN000833,2026-05-01,2026-05-01,952.08,833.33,118.75,0.0,successful
REPAY_LN000834_01,LN000834,2025-11-01,2025-11-01,1038.33,833.33,205.0,0.0,successful
REPAY_LN000834_02,LN000834,2025-12-01,2025-12-01,1038.33,833.33,205.0,0.0,successful
REPAY_LN000834_03,LN000834,2025-12-31,2025-12-31,1038.33,833.33,205.0,0.0,successful
REPAY_LN000834_04,LN000834,2026-01-30,2026-01-30,1038.33,833.33,205.0,0.0,successful
REPAY_LN000834_05,LN000834,2026-03-02,2026-03-02,1038.33,833.33,205.0,0.0,successful
REPAY_LN000834_06,LN000834,2026-04-01,2026-04-01,1038.33,833.33,205.0,0.0,successful
REPAY_LN000834_07,LN000834,2026-05-02,2026-05-02,1038.33,833.33,205.0,0.0,successful
REPAY_LN000835_01,LN000835,2025-11-03,2025-11-03,1164.33,833.33,331.0,0.0,successful
REPAY_LN000835_02,LN000835,2025-12-02,2025-12-02,1164.33,833.33,331.0,0.0,successful
REPAY_LN000835_03,LN000835,2026-01-03,2026-01-03,1164.33,833.33,331.0,0.0,successful
REPAY_LN000835_04,LN000835,2026-02-02,2026-02-02,1164.33,833.33,331.0,0.0,successful
REPAY_LN000835_05,LN000835,2026-03-03,2026-03-03,1164.33,833.33,331.0,0.0,successful
REPAY_LN000835_06,LN000835,2026-04-03,2026-04-03,1164.33,833.33,331.0,0.0,successful
REPAY_LN000835_07,LN000835,2026-05-01,2026-05-01,1164.33,833.33,331.0,0.0,successful
REPAY_LN000835_08,LN000835,2026-06-03,2026-06-03,1164.33,833.33,331.0,0.0,successful
REPAY_LN000836_01,LN000836,2025-11-02,2025-11-02,1350.38,1250.0,100.38,0.0,successful
REPAY_LN000836_02,LN000836,2025-12-03,2025-12-03,1350.38,1250.0,100.38,0.0,successful
REPAY_LN000836_03_FAIL,LN000836,2026-01-04,2026-01-04,1350.38,1250.0,100.38,0.0,failed
REPAY_LN000836_04_FAIL,LN000836,2026-02-03,2026-02-03,1350.38,1250.0,100.38,0.0,failed
REPAY_LN000837_01,LN000837,2025-11-01,2025-11-01,560.17,444.44,115.73,0.0,successful
REPAY_LN000837_02,LN000837,2025-12-02,2025-12-02,560.17,444.44,115.73,0.0,successful
REPAY_LN000837_03,LN000837,2026-01-02,2026-01-02,560.17,444.44,115.73,0.0,successful
REPAY_LN000837_04,LN000837,2026-02-01,2026-02-01,560.17,444.44,115.73,0.0,successful
REPAY_LN000837_05_FAIL,LN000837,2026-03-03,2026-03-03,560.17,444.44,115.73,0.0,failed
REPAY_LN000837_06_FAIL,LN000837,2026-04-05,2026-04-05,560.17,444.44,115.73,0.0,failed
REPAY_LN000838_01,LN000838,2025-11-03,2025-11-03,1393.58,833.33,560.25,0.0,successful
REPAY_LN000838_02,LN000838,2025-12-04,2025-12-04,1393.58,833.33,560.25,0.0,successful
REPAY_LN000838_03,LN000838,2026-01-02,2026-01-02,1393.58,833.33,560.25,0.0,successful
REPAY_LN000838_04,LN000838,2026-02-04,2026-02-04,1393.58,833.33,560.25,0.0,successful
REPAY_LN000838_05,LN000838,2026-03-02,2026-03-02,1393.58,833.33,560.25,0.0,successful
REPAY_LN000838_06,LN000838,2026-04-04,2026-04-04,1393.58,833.33,560.25,0.0,successful
REPAY_LN000838_07,LN000838,2026-05-03,2026-05-03,1393.58,833.33,560.25,0.0,successful
REPAY_LN000839_01,LN000839,2025-11-02,2025-11-02,2804.75,2500.0,304.75,0.0,successful
REPAY_LN000839_02,LN000839,2025-12-02,2025-12-02,2804.75,2500.0,304.75,0.0,successful
REPAY_LN000839_03,LN000839,2026-01-02,2026-01-02,2804.75,2500.0,304.75,0.0,successful
REPAY_LN000839_04,LN000839,2026-02-02,2026-02-02,2804.75,2500.0,304.75,0.0,successful
REPAY_LN000839_05,LN000839,2026-03-03,2026-03-03,2804.75,2500.0,304.75,0.0,successful
REPAY_LN000839_06,LN000839,2026-04-03,2026-04-03,2804.75,2500.0,304.75,0.0,successful
REPAY_LN000839_07,LN000839,2026-05-03,2026-05-03,2804.75,2500.0,304.75,0.0,successful
REPAY_LN000840_01,LN000840,2025-11-04,2025-11-04,1335.94,1111.11,224.83,0.0,successful
REPAY_LN000840_02,LN000840,2025-12-03,2025-12-03,1335.94,1111.11,224.83,0.0,successful
REPAY_LN000840_03,LN000840,2026-01-04,2026-01-04,1335.94,1111.11,224.83,0.0,successful
REPAY_LN000840_04,LN000840,2026-02-04,2026-02-04,1335.94,1111.11,224.83,0.0,successful
REPAY_LN000840_05,LN000840,2026-03-03,2026-03-03,1335.94,1111.11,224.83,0.0,successful
REPAY_LN000840_06,LN000840,2026-04-03,2026-04-03,1335.94,1111.11,224.83,0.0,successful
REPAY_LN000840_07,LN000840,2026-05-03,2026-05-03,1335.94,1111.11,224.83,0.0,successful
REPAY_LN000841_01,LN000841,2025-11-04,2025-11-04,1170.08,833.33,336.75,0.0,successful
REPAY_LN000841_02,LN000841,2025-12-02,2025-12-02,1170.08,833.33,336.75,0.0,successful
REPAY_LN000841_03,LN000841,2026-01-03,2026-01-03,1170.08,833.33,336.75,0.0,successful
REPAY_LN000841_04,LN000841,2026-02-04,2026-02-04,1170.08,833.33,336.75,0.0,successful
REPAY_LN000841_05,LN000841,2026-03-04,2026-03-04,1170.08,833.33,336.75,0.0,successful
REPAY_LN000841_06,LN000841,2026-04-03,2026-04-03,1170.08,833.33,336.75,0.0,successful
REPAY_LN000841_07,LN000841,2026-05-04,2026-05-04,1170.08,833.33,336.75,0.0,successful
REPAY_LN000842_01,LN000842,2025-11-04,2025-11-04,1451.2,1333.33,117.87,0.0,successful
REPAY_LN000842_02,LN000842,2025-12-05,2025-12-05,1451.2,1333.33,117.87,0.0,successful
REPAY_LN000842_03,LN000842,2026-01-03,2026-01-03,1451.2,1333.33,117.87,0.0,successful
REPAY_LN000842_04,LN000842,2026-02-05,2026-02-05,1451.2,1333.33,117.87,0.0,successful
REPAY_LN000842_05,LN000842,2026-03-04,2026-03-04,1451.2,1333.33,117.87,0.0,successful
REPAY_LN000842_06,LN000842,2026-04-03,2026-04-03,1451.22,1333.35,117.87,0.0,successful
REPAY_LN000843_01,LN000843,2025-11-04,2025-11-04,1440.38,1250.0,190.38,0.0,successful
REPAY_LN000843_02,LN000843,2025-12-05,2025-12-05,1440.38,1250.0,190.38,0.0,successful
REPAY_LN000843_03,LN000843,2026-01-03,2026-01-03,1440.38,1250.0,190.38,0.0,successful
REPAY_LN000843_04,LN000843,2026-02-03,2026-02-03,1440.38,1250.0,190.38,0.0,successful
REPAY_LN000843_05,LN000843,2026-03-05,2026-03-05,1440.38,1250.0,190.38,0.0,successful
REPAY_LN000843_06,LN000843,2026-04-03,2026-04-03,1440.38,1250.0,190.38,0.0,successful
REPAY_LN000843_07,LN000843,2026-05-03,2026-05-03,1440.38,1250.0,190.38,0.0,successful
REPAY_LN000844_01,LN000844,2025-11-03,2025-11-03,908.71,833.33,75.38,0.0,successful
REPAY_LN000844_02,LN000844,2025-12-04,2025-12-04,908.71,833.33,75.38,0.0,successful
REPAY_LN000844_03,LN000844,2026-01-04,2026-01-04,908.71,833.33,75.38,0.0,successful
REPAY_LN000844_04,LN000844,2026-02-03,2026-02-03,908.71,833.33,75.38,0.0,successful
REPAY_LN000844_05,LN000844,2026-03-05,2026-03-05,908.71,833.33,75.38,0.0,successful
REPAY_LN000844_06,LN000844,2026-04-05,2026-04-05,908.71,833.33,75.38,0.0,successful
REPAY_LN000844_07,LN000844,2026-05-04,2026-05-04,908.71,833.33,75.38,0.0,successful
REPAY_LN000845_01,LN000845,2025-11-05,2025-11-05,1399.66,1333.33,66.33,0.0,successful
REPAY_LN000845_02,LN000845,2025-12-03,2025-12-03,1399.66,1333.33,66.33,0.0,successful
REPAY_LN000845_03,LN000845,2026-01-05,2026-01-05,1399.66,1333.33,66.33,0.0,successful
REPAY_LN000845_04,LN000845,2026-02-04,2026-02-04,1399.66,1333.33,66.33,0.0,successful
REPAY_LN000845_05,LN000845,2026-03-04,2026-03-04,1399.66,1333.33,66.33,0.0,successful
REPAY_LN000845_06,LN000845,2026-04-03,2026-04-03,1399.68,1333.35,66.33,0.0,successful
REPAY_LN000846_01,LN000846,2025-11-05,2025-11-05,3469.5,3333.33,136.17,0.0,successful
REPAY_LN000846_02,LN000846,2025-12-05,2025-12-05,3469.5,3333.33,136.17,0.0,successful
REPAY_LN000846_03,LN000846,2026-01-05,2026-01-05,3469.5,3333.33,136.17,0.0,successful
REPAY_LN000846_04,LN000846,2026-02-06,2026-02-06,3469.5,3333.33,136.17,0.0,successful
REPAY_LN000846_05,LN000846,2026-03-05,2026-03-05,3469.5,3333.33,136.17,0.0,successful
REPAY_LN000846_06,LN000846,2026-04-06,2026-04-06,3469.52,3333.35,136.17,0.0,successful
REPAY_LN000847_01,LN000847,2025-11-05,2025-11-05,242.25,208.33,33.92,0.0,successful
REPAY_LN000847_02,LN000847,2025-12-06,2025-12-06,242.25,208.33,33.92,0.0,successful
REPAY_LN000847_03,LN000847,2026-01-06,2026-01-06,242.25,208.33,33.92,0.0,successful
REPAY_LN000847_04,LN000847,2026-02-04,2026-02-04,242.25,208.33,33.92,0.0,successful
REPAY_LN000847_05,LN000847,2026-03-04,2026-03-04,242.25,208.33,33.92,0.0,successful
REPAY_LN000847_06,LN000847,2026-04-06,2026-04-06,242.25,208.33,33.92,0.0,successful
REPAY_LN000847_07,LN000847,2026-05-05,2026-05-05,242.25,208.33,33.92,0.0,successful
REPAY_LN000848_01,LN000848,2025-11-04,2025-11-04,912.25,833.33,78.92,0.0,successful
REPAY_LN000848_02,LN000848,2025-12-06,2025-12-06,912.25,833.33,78.92,0.0,successful
REPAY_LN000848_03,LN000848,2026-01-06,2026-01-06,912.25,833.33,78.92,0.0,successful
REPAY_LN000848_04,LN000848,2026-02-05,2026-02-05,912.25,833.33,78.92,0.0,successful
REPAY_LN000848_05,LN000848,2026-03-06,2026-03-06,912.25,833.33,78.92,0.0,successful
REPAY_LN000848_06,LN000848,2026-04-04,2026-04-04,912.27,833.35,78.92,0.0,successful
REPAY_LN000849_01,LN000849,2025-11-06,2025-11-06,1396.13,1333.33,62.8,0.0,successful
REPAY_LN000849_02,LN000849,2025-12-07,2025-12-07,1396.13,1333.33,62.8,0.0,successful
REPAY_LN000849_03,LN000849,2026-01-07,2026-01-07,1396.13,1333.33,62.8,0.0,successful
REPAY_LN000849_04,LN000849,2026-02-06,2026-02-06,1396.13,1333.33,62.8,0.0,successful
REPAY_LN000849_05,LN000849,2026-03-06,2026-03-06,1396.13,1333.33,62.8,0.0,successful
REPAY_LN000849_06,LN000849,2026-04-06,2026-04-06,1396.15,1333.35,62.8,0.0,successful
REPAY_LN000850_01,LN000850,2025-11-05,2025-11-05,197.22,138.89,58.33,0.0,successful
REPAY_LN000850_02,LN000850,2025-12-05,2025-12-05,197.22,138.89,58.33,0.0,successful
REPAY_LN000850_03,LN000850,2026-01-07,2026-01-07,197.22,138.89,58.33,0.0,successful
REPAY_LN000850_04,LN000850,2026-02-07,2026-02-07,197.22,138.89,58.33,0.0,successful
REPAY_LN000850_05,LN000850,2026-03-06,2026-03-06,197.22,138.89,58.33,0.0,successful
REPAY_LN000850_06,LN000850,2026-04-07,2026-04-07,197.22,138.89,58.33,0.0,successful
REPAY_LN000851_01,LN000851,2025-11-07,2025-11-07,2654.5,2500.0,154.5,0.0,successful
REPAY_LN000851_02,LN000851,2025-12-06,2025-12-06,2654.5,2500.0,154.5,0.0,successful
REPAY_LN000851_03_FAIL,LN000851,2026-01-06,2026-01-06,2654.5,2500.0,154.5,0.0,failed
REPAY_LN000851_04_FAIL,LN000851,2026-02-06,2026-02-06,2654.5,2500.0,154.5,0.0,failed
REPAY_LN000852_01,LN000852,2025-11-06,2025-11-06,5261.75,5000.0,261.75,0.0,successful
REPAY_LN000852_02,LN000852,2025-12-08,2025-12-08,5261.75,5000.0,261.75,0.0,successful
REPAY_LN000852_03,LN000852,2026-01-07,2026-01-07,5261.75,5000.0,261.75,0.0,successful
REPAY_LN000852_04,LN000852,2026-02-06,2026-02-06,5261.75,5000.0,261.75,0.0,successful
REPAY_LN000852_05,LN000852,2026-03-08,2026-03-08,5261.75,5000.0,261.75,0.0,successful
REPAY_LN000852_06,LN000852,2026-04-07,2026-04-07,5261.75,5000.0,261.75,0.0,successful
REPAY_LN000853_01,LN000853,2025-11-06,2025-11-06,923.41,833.33,90.08,0.0,successful
REPAY_LN000853_02,LN000853,2025-12-06,2025-12-06,923.41,833.33,90.08,0.0,successful
REPAY_LN000853_03,LN000853,2026-01-07,2026-01-07,923.41,833.33,90.08,0.0,successful
REPAY_LN000853_04,LN000853,2026-02-08,2026-02-08,923.41,833.33,90.08,0.0,successful
REPAY_LN000853_05,LN000853,2026-03-08,2026-03-08,923.41,833.33,90.08,0.0,successful
REPAY_LN000853_06,LN000853,2026-04-06,2026-04-06,923.41,833.33,90.08,0.0,successful
REPAY_LN000854_01,LN000854,2025-11-07,2025-11-07,484.92,416.67,68.25,0.0,successful
REPAY_LN000854_02,LN000854,2025-12-08,2025-12-08,484.92,416.67,68.25,0.0,successful
REPAY_LN000854_03,LN000854,2026-01-07,2026-01-07,484.92,416.67,68.25,0.0,successful
REPAY_LN000854_04,LN000854,2026-02-07,2026-02-07,484.92,416.67,68.25,0.0,successful
REPAY_LN000854_05,LN000854,2026-03-06,2026-03-06,484.92,416.67,68.25,0.0,successful
REPAY_LN000854_06,LN000854,2026-04-07,2026-04-07,484.92,416.67,68.25,0.0,successful
REPAY_LN000855_01,LN000855,2025-11-08,2025-11-08,1780.92,1666.67,114.25,0.0,successful
REPAY_LN000855_02,LN000855,2025-12-08,2025-12-08,1780.92,1666.67,114.25,0.0,successful
REPAY_LN000855_03,LN000855,2026-01-09,2026-01-09,1780.92,1666.67,114.25,0.0,successful
REPAY_LN000855_04,LN000855,2026-02-07,2026-02-07,1780.92,1666.67,114.25,0.0,successful
REPAY_LN000855_05,LN000855,2026-03-07,2026-03-07,1780.92,1666.67,114.25,0.0,successful
REPAY_LN000855_06,LN000855,2026-04-08,2026-04-08,1780.9,1666.65,114.25,0.0,successful
REPAY_LN000856_01,LN000856,2025-11-08,2025-11-08,1423.08,833.33,589.75,0.0,successful
REPAY_LN000856_02,LN000856,2025-12-09,2025-12-09,1423.08,833.33,589.75,0.0,successful
REPAY_LN000856_03,LN000856,2026-01-07,2026-01-07,1423.08,833.33,589.75,0.0,successful
REPAY_LN000856_04,LN000856,2026-02-09,2026-02-09,1423.08,833.33,589.75,0.0,successful
REPAY_LN000856_05,LN000856,2026-03-07,2026-03-07,1423.08,833.33,589.75,0.0,successful
REPAY_LN000856_06,LN000856,2026-04-09,2026-04-09,1423.08,833.33,589.75,0.0,successful
REPAY_LN000857_01,LN000857,2025-11-09,2025-11-09,2677.0,2500.0,177.0,0.0,successful
REPAY_LN000857_02,LN000857,2025-12-10,2025-12-10,2677.0,2500.0,177.0,0.0,successful
REPAY_LN000857_03,LN000857,2026-01-09,2026-01-09,2677.0,2500.0,177.0,0.0,successful
REPAY_LN000857_04,LN000857,2026-02-08,2026-02-08,2677.0,2500.0,177.0,0.0,successful
REPAY_LN000857_05,LN000857,2026-03-08,2026-03-08,2677.0,2500.0,177.0,0.0,successful
REPAY_LN000857_06,LN000857,2026-04-09,2026-04-09,2677.0,2500.0,177.0,0.0,successful
REPAY_LN000858_01,LN000858,2025-11-09,2025-11-09,2228.67,1666.67,562.0,0.0,successful
REPAY_LN000858_02,LN000858,2025-12-08,2025-12-08,2228.67,1666.67,562.0,0.0,successful
REPAY_LN000858_03,LN000858,2026-01-10,2026-01-10,2228.67,1666.67,562.0,0.0,successful
REPAY_LN000858_04,LN000858,2026-02-10,2026-02-10,2228.67,1666.67,562.0,0.0,successful
REPAY_LN000858_05,LN000858,2026-03-08,2026-03-08,2228.67,1666.67,562.0,0.0,successful
REPAY_LN000858_06,LN000858,2026-04-08,2026-04-08,2228.67,1666.67,562.0,0.0,successful
REPAY_LN000859_01,LN000859,2025-11-10,2025-11-10,668.39,555.56,112.83,0.0,successful
REPAY_LN000859_02,LN000859,2025-12-09,2025-12-09,668.39,555.56,112.83,0.0,successful
REPAY_LN000859_03,LN000859,2026-01-09,2026-01-09,668.39,555.56,112.83,0.0,successful
REPAY_LN000859_04,LN000859,2026-02-10,2026-02-10,668.39,555.56,112.83,0.0,successful
REPAY_LN000859_05,LN000859,2026-03-10,2026-03-10,668.39,555.56,112.83,0.0,successful
REPAY_LN000859_06,LN000859,2026-04-09,2026-04-09,668.39,555.56,112.83,0.0,successful
REPAY_LN000859_07,LN000859,2026-05-10,2026-05-10,668.39,555.56,112.83,0.0,successful
REPAY_LN000859_08,LN000859,2026-06-11,2026-06-11,668.39,555.56,112.83,0.0,successful
REPAY_LN000859_09,LN000859,2026-07-11,2026-07-11,668.39,555.56,112.83,0.0,successful
REPAY_LN000859_10,LN000859,2026-08-11,2026-08-11,668.39,555.56,112.83,0.0,successful
REPAY_LN000859_11,LN000859,2026-09-09,2026-09-09,668.39,555.56,112.83,0.0,successful
REPAY_LN000860_01,LN000860,2025-11-10,2025-11-10,182.43,138.89,43.54,0.0,successful
REPAY_LN000860_02,LN000860,2025-12-11,2025-12-11,182.43,138.89,43.54,0.0,successful
REPAY_LN000860_03,LN000860,2026-01-10,2026-01-10,182.43,138.89,43.54,0.0,successful
REPAY_LN000860_04,LN000860,2026-02-11,2026-02-11,182.43,138.89,43.54,0.0,successful
REPAY_LN000860_05,LN000860,2026-03-10,2026-03-10,182.43,138.89,43.54,0.0,successful
REPAY_LN000860_06,LN000860,2026-04-11,2026-04-11,182.43,138.89,43.54,0.0,successful
REPAY_LN000861_01,LN000861,2025-11-11,2025-11-11,1434.73,1333.33,101.4,0.0,successful
REPAY_LN000861_02,LN000861,2025-12-11,2025-12-11,1434.73,1333.33,101.4,0.0,successful
REPAY_LN000861_03,LN000861,2026-01-11,2026-01-11,1434.73,1333.33,101.4,0.0,successful
REPAY_LN000861_04,LN000861,2026-02-11,2026-02-11,1434.73,1333.33,101.4,0.0,successful
REPAY_LN000861_05,LN000861,2026-03-11,2026-03-11,1434.73,1333.33,101.4,0.0,successful
REPAY_LN000861_06,LN000861,2026-04-11,2026-04-11,1434.75,1333.35,101.4,0.0,successful
REPAY_LN000862_01,LN000862,2025-11-12,2025-11-12,599.92,416.67,183.25,0.0,successful
REPAY_LN000862_02,LN000862,2025-12-12,2025-12-12,599.92,416.67,183.25,0.0,successful
REPAY_LN000862_03,LN000862,2026-01-11,2026-01-11,599.92,416.67,183.25,0.0,successful
REPAY_LN000862_04,LN000862,2026-02-11,2026-02-11,599.92,416.67,183.25,0.0,successful
REPAY_LN000862_05,LN000862,2026-03-10,2026-03-10,599.92,416.67,183.25,0.0,successful
REPAY_LN000862_06,LN000862,2026-04-12,2026-04-12,599.92,416.67,183.25,0.0,successful
REPAY_LN000863_01,LN000863,2025-11-11,2025-11-11,2245.42,1666.67,578.75,0.0,successful
REPAY_LN000863_02,LN000863,2025-12-11,2025-12-11,2245.42,1666.67,578.75,0.0,successful
REPAY_LN000863_03,LN000863,2026-01-11,2026-01-11,2245.42,1666.67,578.75,0.0,successful
REPAY_LN000863_04,LN000863,2026-02-11,2026-02-11,2245.42,1666.67,578.75,0.0,successful
REPAY_LN000863_05,LN000863,2026-03-10,2026-03-10,2245.42,1666.67,578.75,0.0,successful
REPAY_LN000863_06_FAIL,LN000863,2026-04-14,2026-04-14,2245.42,1666.67,578.75,0.0,failed
REPAY_LN000864_01,LN000864,2025-11-11,2025-11-11,2754.25,2500.0,254.25,0.0,successful
REPAY_LN000864_02,LN000864,2025-12-13,2025-12-13,2754.25,2500.0,254.25,0.0,successful
REPAY_LN000864_03_FAIL,LN000864,2026-01-14,2026-01-14,2754.25,2500.0,254.25,0.0,failed
REPAY_LN000864_04_FAIL,LN000864,2026-02-14,2026-02-14,2754.25,2500.0,254.25,0.0,failed
REPAY_LN000865_01,LN000865,2025-11-12,2025-11-12,1340.33,833.33,507.0,0.0,successful
REPAY_LN000865_02,LN000865,2025-12-13,2025-12-13,1340.33,833.33,507.0,0.0,successful
REPAY_LN000865_03,LN000865,2026-01-12,2026-01-12,1340.33,833.33,507.0,0.0,successful
REPAY_LN000865_04,LN000865,2026-02-12,2026-02-12,1340.33,833.33,507.0,0.0,successful
REPAY_LN000865_05,LN000865,2026-03-13,2026-03-13,1340.33,833.33,507.0,0.0,successful
REPAY_LN000865_06,LN000865,2026-04-13,2026-04-13,1340.33,833.33,507.0,0.0,successful
REPAY_LN000866_01,LN000866,2025-11-12,2025-11-12,2793.12,2500.0,293.12,0.0,successful
REPAY_LN000866_02,LN000866,2025-12-12,2025-12-12,2793.12,2500.0,293.12,0.0,successful
REPAY_LN000866_03,LN000866,2026-01-13,2026-01-13,2793.12,2500.0,293.12,0.0,successful
REPAY_LN000866_04,LN000866,2026-02-13,2026-02-13,2793.12,2500.0,293.12,0.0,successful
REPAY_LN000866_05,LN000866,2026-03-14,2026-03-14,2793.12,2500.0,293.12,0.0,successful
REPAY_LN000866_06,LN000866,2026-04-14,2026-04-14,2793.12,2500.0,293.12,0.0,successful
REPAY_LN000867_01,LN000867,2025-11-12,2025-11-12,494.63,416.67,77.96,0.0,successful
REPAY_LN000867_02,LN000867,2025-12-14,2025-12-14,494.63,416.67,77.96,0.0,successful
REPAY_LN000867_03,LN000867,2026-01-13,2026-01-13,494.63,416.67,77.96,0.0,successful
REPAY_LN000867_04,LN000867,2026-02-14,2026-02-14,494.63,416.67,77.96,0.0,successful
REPAY_LN000867_05,LN000867,2026-03-12,2026-03-12,494.63,416.67,77.96,0.0,successful
REPAY_LN000867_06,LN000867,2026-04-13,2026-04-13,494.63,416.67,77.96,0.0,successful
REPAY_LN000868_01,LN000868,2025-11-12,2025-11-12,2031.92,1666.67,365.25,0.0,successful
REPAY_LN000868_02,LN000868,2025-12-12,2025-12-12,2031.92,1666.67,365.25,0.0,successful
REPAY_LN000868_03,LN000868,2026-01-13,2026-01-13,2031.92,1666.67,365.25,0.0,successful
REPAY_LN000868_04,LN000868,2026-02-12,2026-02-12,2031.92,1666.67,365.25,0.0,successful
REPAY_LN000868_05,LN000868,2026-03-14,2026-03-14,2031.92,1666.67,365.25,0.0,successful
REPAY_LN000868_06,LN000868,2026-04-14,2026-04-14,2031.92,1666.67,365.25,0.0,successful
REPAY_LN000869_01,LN000869,2025-11-12,2025-11-12,342.61,277.78,64.83,0.0,successful
REPAY_LN000869_02,LN000869,2025-12-14,2025-12-14,342.61,277.78,64.83,0.0,successful
REPAY_LN000869_03,LN000869,2026-01-12,2026-01-12,342.61,277.78,64.83,0.0,successful
REPAY_LN000869_04,LN000869,2026-02-14,2026-02-14,342.61,277.78,64.83,0.0,successful
REPAY_LN000869_05,LN000869,2026-03-12,2026-03-12,342.61,277.78,64.83,0.0,successful
REPAY_LN000869_06,LN000869,2026-04-14,2026-04-14,342.61,277.78,64.83,0.0,successful
REPAY_LN000870_01,LN000870,2025-11-14,2025-11-14,258.45,208.33,50.12,0.0,successful
REPAY_LN000870_02,LN000870,2025-12-14,2025-12-14,258.45,208.33,50.12,0.0,successful
REPAY_LN000870_03,LN000870,2026-01-15,2026-01-15,258.45,208.33,50.12,0.0,successful
REPAY_LN000870_04,LN000870,2026-02-13,2026-02-13,258.45,208.33,50.12,0.0,successful
REPAY_LN000870_05,LN000870,2026-03-15,2026-03-15,258.45,208.33,50.12,0.0,successful
REPAY_LN000870_06,LN000870,2026-04-13,2026-04-13,258.45,208.33,50.12,0.0,successful
REPAY_LN000871_01,LN000871,2025-11-14,2025-11-14,824.12,625.0,199.12,0.0,successful
REPAY_LN000871_02,LN000871,2025-12-13,2025-12-13,824.12,625.0,199.12,0.0,successful
REPAY_LN000871_03,LN000871,2026-01-13,2026-01-13,824.12,625.0,199.12,0.0,successful
REPAY_LN000871_04,LN000871,2026-02-13,2026-02-13,824.12,625.0,199.12,0.0,successful
REPAY_LN000871_05,LN000871,2026-03-13,2026-03-13,824.12,625.0,199.12,0.0,successful
REPAY_LN000871_06,LN000871,2026-04-13,2026-04-13,824.12,625.0,199.12,0.0,successful
REPAY_LN000871_07,LN000871,2026-05-14,2026-05-14,824.12,625.0,199.12,0.0,successful
REPAY_LN000871_08,LN000871,2026-06-15,2026-06-15,824.12,625.0,199.12,0.0,successful
REPAY_LN000872_01,LN000872,2025-11-13,2025-11-13,441.06,333.33,107.73,0.0,successful
REPAY_LN000872_02,LN000872,2025-12-13,2025-12-13,441.06,333.33,107.73,0.0,successful
REPAY_LN000872_03,LN000872,2026-01-15,2026-01-15,441.06,333.33,107.73,0.0,successful
REPAY_LN000872_04,LN000872,2026-02-14,2026-02-14,441.06,333.33,107.73,0.0,successful
REPAY_LN000872_05,LN000872,2026-03-14,2026-03-14,441.06,333.33,107.73,0.0,successful
REPAY_LN000872_06,LN000872,2026-04-14,2026-04-14,441.06,333.33,107.73,0.0,successful
REPAY_LN000873_01,LN000873,2025-11-16,2025-11-16,317.28,277.78,39.5,0.0,successful
REPAY_LN000873_02,LN000873,2025-12-16,2025-12-16,317.28,277.78,39.5,0.0,successful
REPAY_LN000873_03,LN000873,2026-01-15,2026-01-15,317.28,277.78,39.5,0.0,successful
REPAY_LN000873_04,LN000873,2026-02-15,2026-02-15,317.28,277.78,39.5,0.0,successful
REPAY_LN000873_05,LN000873,2026-03-16,2026-03-16,317.28,277.78,39.5,0.0,successful
REPAY_LN000873_06,LN000873,2026-04-15,2026-04-15,317.28,277.78,39.5,0.0,successful
REPAY_LN000874_01,LN000874,2025-11-15,2025-11-15,1479.4,1333.33,146.07,0.0,successful
REPAY_LN000874_02_FAIL,LN000874,2025-12-15,2025-12-15,1479.4,1333.33,146.07,0.0,failed
REPAY_LN000874_03_FAIL,LN000874,2026-01-17,2026-01-17,1479.4,1333.33,146.07,0.0,failed
REPAY_LN000875_01,LN000875,2025-11-14,2025-11-14,922.37,833.33,89.04,0.0,successful
REPAY_LN000875_02_FAIL,LN000875,2025-12-17,2025-12-17,922.37,833.33,89.04,0.0,failed
REPAY_LN000875_03_FAIL,LN000875,2026-01-18,2026-01-18,922.37,833.33,89.04,0.0,failed
REPAY_LN000876_01,LN000876,2025-11-16,2025-11-16,5284.0,5000.0,284.0,0.0,successful
REPAY_LN000876_02_FAIL,LN000876,2025-12-16,2025-12-16,5284.0,5000.0,284.0,0.0,failed
REPAY_LN000876_03_FAIL,LN000876,2026-01-16,2026-01-16,5284.0,5000.0,284.0,0.0,failed
REPAY_LN000877_01,LN000877,2025-11-17,2025-11-17,2602.75,2500.0,102.75,0.0,successful
REPAY_LN000877_02,LN000877,2025-12-15,2025-12-15,2602.75,2500.0,102.75,0.0,successful
REPAY_LN000877_03,LN000877,2026-01-15,2026-01-15,2602.75,2500.0,102.75,0.0,successful
REPAY_LN000877_04,LN000877,2026-02-17,2026-02-17,2602.75,2500.0,102.75,0.0,successful
REPAY_LN000877_05,LN000877,2026-03-16,2026-03-16,2602.75,2500.0,102.75,0.0,successful
REPAY_LN000877_06,LN000877,2026-04-17,2026-04-17,2602.75,2500.0,102.75,0.0,successful
REPAY_LN000878_01,LN000878,2025-11-18,2025-11-18,1909.17,1666.67,242.5,0.0,successful
REPAY_LN000878_02,LN000878,2025-12-17,2025-12-17,1909.17,1666.67,242.5,0.0,successful
REPAY_LN000878_03,LN000878,2026-01-17,2026-01-17,1909.17,1666.67,242.5,0.0,successful
REPAY_LN000878_04,LN000878,2026-02-17,2026-02-17,1909.17,1666.67,242.5,0.0,successful
REPAY_LN000878_05,LN000878,2026-03-18,2026-03-18,1909.17,1666.67,242.5,0.0,successful
REPAY_LN000878_06,LN000878,2026-04-17,2026-04-17,1909.17,1666.67,242.5,0.0,successful
REPAY_LN000879_01,LN000879,2025-11-16,2025-11-16,770.8,666.67,104.13,0.0,successful
REPAY_LN000879_02,LN000879,2025-12-17,2025-12-17,770.8,666.67,104.13,0.0,successful
REPAY_LN000879_03,LN000879,2026-01-16,2026-01-16,770.8,666.67,104.13,0.0,successful
REPAY_LN000879_04,LN000879,2026-02-17,2026-02-17,770.8,666.67,104.13,0.0,successful
REPAY_LN000879_05,LN000879,2026-03-16,2026-03-16,770.8,666.67,104.13,0.0,successful
REPAY_LN000879_06,LN000879,2026-04-16,2026-04-16,770.8,666.67,104.13,0.0,successful
REPAY_LN000880_01,LN000880,2025-11-16,2025-11-16,1397.46,1333.33,64.13,0.0,successful
REPAY_LN000880_02_FAIL,LN000880,2025-12-20,2025-12-20,1397.46,1333.33,64.13,0.0,failed
REPAY_LN000880_03_FAIL,LN000880,2026-01-17,2026-01-17,1397.46,1333.33,64.13,0.0,failed
REPAY_LN000881_01,LN000881,2025-11-18,2025-11-18,335.95,277.78,58.17,0.0,successful
REPAY_LN000881_02,LN000881,2025-12-19,2025-12-19,335.95,277.78,58.17,0.0,successful
REPAY_LN000881_03,LN000881,2026-01-19,2026-01-19,335.95,277.78,58.17,0.0,successful
REPAY_LN000881_04,LN000881,2026-02-19,2026-02-19,335.95,277.78,58.17,0.0,successful
REPAY_LN000881_05,LN000881,2026-03-19,2026-03-19,335.95,277.78,58.17,0.0,successful
REPAY_LN000881_06,LN000881,2026-04-19,2026-04-19,335.95,277.78,58.17,0.0,successful
REPAY_LN000882_01,LN000882,2025-11-17,2025-11-17,896.41,833.33,63.08,0.0,successful
REPAY_LN000882_02,LN000882,2025-12-18,2025-12-18,896.41,833.33,63.08,0.0,successful
REPAY_LN000882_03,LN000882,2026-01-17,2026-01-17,896.41,833.33,63.08,0.0,successful
REPAY_LN000882_04,LN000882,2026-02-18,2026-02-18,896.41,833.33,63.08,0.0,successful
REPAY_LN000882_05,LN000882,2026-03-18,2026-03-18,896.41,833.33,63.08,0.0,successful
REPAY_LN000882_06,LN000882,2026-04-18,2026-04-18,896.41,833.33,63.08,0.0,successful
REPAY_LN000883_01,LN000883,2025-11-18,2025-11-18,197.27,138.89,58.38,0.0,successful
REPAY_LN000883_02,LN000883,2025-12-19,2025-12-19,197.27,138.89,58.38,0.0,successful
REPAY_LN000883_03,LN000883,2026-01-18,2026-01-18,197.27,138.89,58.38,0.0,successful
REPAY_LN000883_04,LN000883,2026-02-18,2026-02-18,197.27,138.89,58.38,0.0,successful
REPAY_LN000883_05,LN000883,2026-03-19,2026-03-19,197.27,138.89,58.38,0.0,successful
REPAY_LN000883_06,LN000883,2026-04-17,2026-04-17,197.27,138.89,58.38,0.0,successful
REPAY_LN000884_01,LN000884,2025-11-18,2025-11-18,2746.5,2500.0,246.5,0.0,successful
REPAY_LN000884_02,LN000884,2025-12-18,2025-12-18,2746.5,2500.0,246.5,0.0,successful
REPAY_LN000884_03,LN000884,2026-01-18,2026-01-18,2746.5,2500.0,246.5,0.0,successful
REPAY_LN000884_04,LN000884,2026-02-19,2026-02-19,2746.5,2500.0,246.5,0.0,successful
REPAY_LN000884_05,LN000884,2026-03-20,2026-03-20,2746.5,2500.0,246.5,0.0,successful
REPAY_LN000884_06,LN000884,2026-04-20,2026-04-20,2746.5,2500.0,246.5,0.0,successful
REPAY_LN000885_01,LN000885,2025-11-18,2025-11-18,614.5,416.67,197.83,0.0,successful
REPAY_LN000885_02,LN000885,2025-12-20,2025-12-20,614.5,416.67,197.83,0.0,successful
REPAY_LN000885_03,LN000885,2026-01-19,2026-01-19,614.5,416.67,197.83,0.0,successful
REPAY_LN000885_04,LN000885,2026-02-18,2026-02-18,614.5,416.67,197.83,0.0,successful
REPAY_LN000885_05,LN000885,2026-03-19,2026-03-19,614.5,416.67,197.83,0.0,successful
REPAY_LN000885_06,LN000885,2026-04-19,2026-04-19,614.5,416.67,197.83,0.0,successful
REPAY_LN000886_01,LN000886,2025-11-19,2025-11-19,672.79,416.67,256.12,0.0,successful
REPAY_LN000886_02,LN000886,2025-12-18,2025-12-18,672.79,416.67,256.12,0.0,successful
REPAY_LN000886_03,LN000886,2026-01-19,2026-01-19,672.79,416.67,256.12,0.0,successful
REPAY_LN000886_04,LN000886,2026-02-18,2026-02-18,672.79,416.67,256.12,0.0,successful
REPAY_LN000886_05,LN000886,2026-03-20,2026-03-20,672.79,416.67,256.12,0.0,successful
REPAY_LN000886_06,LN000886,2026-04-19,2026-04-19,672.79,416.67,256.12,0.0,successful
REPAY_LN000886_07,LN000886,2026-05-19,2026-05-19,672.79,416.67,256.12,0.0,successful
REPAY_LN000886_08,LN000886,2026-06-20,2026-06-20,672.79,416.67,256.12,0.0,successful
REPAY_LN000886_09,LN000886,2026-07-18,2026-07-18,672.79,416.67,256.12,0.0,successful
REPAY_LN000886_10,LN000886,2026-08-19,2026-08-19,672.79,416.67,256.12,0.0,successful
REPAY_LN000886_11,LN000886,2026-09-20,2026-09-20,672.79,416.67,256.12,0.0,successful
REPAY_LN000887_01,LN000887,2025-11-21,2025-11-21,1072.66,833.33,239.33,0.0,successful
REPAY_LN000887_02,LN000887,2025-12-20,2025-12-20,1072.66,833.33,239.33,0.0,successful
REPAY_LN000887_03,LN000887,2026-01-19,2026-01-19,1072.66,833.33,239.33,0.0,successful
REPAY_LN000887_04,LN000887,2026-02-19,2026-02-19,1072.66,833.33,239.33,0.0,successful
REPAY_LN000887_05,LN000887,2026-03-20,2026-03-20,1072.66,833.33,239.33,0.0,successful
REPAY_LN000887_06,LN000887,2026-04-21,2026-04-21,1072.66,833.33,239.33,0.0,successful
REPAY_LN000888_01,LN000888,2025-11-20,2025-11-20,2781.25,2500.0,281.25,0.0,successful
REPAY_LN000888_02,LN000888,2025-12-19,2025-12-19,2781.25,2500.0,281.25,0.0,successful
REPAY_LN000888_03,LN000888,2026-01-21,2026-01-21,2781.25,2500.0,281.25,0.0,successful
REPAY_LN000888_04,LN000888,2026-02-20,2026-02-20,2781.25,2500.0,281.25,0.0,successful
REPAY_LN000888_05,LN000888,2026-03-21,2026-03-21,2781.25,2500.0,281.25,0.0,successful
REPAY_LN000888_06,LN000888,2026-04-19,2026-04-19,2781.25,2500.0,281.25,0.0,successful
REPAY_LN000889_01,LN000889,2025-11-19,2025-11-19,1444.5,1250.0,194.5,0.0,successful
REPAY_LN000889_02,LN000889,2025-12-19,2025-12-19,1444.5,1250.0,194.5,0.0,successful
REPAY_LN000889_03,LN000889,2026-01-20,2026-01-20,1444.5,1250.0,194.5,0.0,successful
REPAY_LN000889_04,LN000889,2026-02-21,2026-02-21,1444.5,1250.0,194.5,0.0,successful
REPAY_LN000889_05,LN000889,2026-03-20,2026-03-20,1444.5,1250.0,194.5,0.0,successful
REPAY_LN000889_06,LN000889,2026-04-20,2026-04-20,1444.5,1250.0,194.5,0.0,successful
REPAY_LN000890_01,LN000890,2025-11-22,2025-11-22,325.22,222.22,103.0,0.0,successful
REPAY_LN000890_02,LN000890,2025-12-22,2025-12-22,325.22,222.22,103.0,0.0,successful
REPAY_LN000890_03,LN000890,2026-01-21,2026-01-21,325.22,222.22,103.0,0.0,successful
REPAY_LN000890_04,LN000890,2026-02-21,2026-02-21,325.22,222.22,103.0,0.0,successful
REPAY_LN000890_05,LN000890,2026-03-20,2026-03-20,325.22,222.22,103.0,0.0,successful
REPAY_LN000890_06,LN000890,2026-04-20,2026-04-20,325.22,222.22,103.0,0.0,successful
REPAY_LN000890_07,LN000890,2026-05-22,2026-05-22,325.22,222.22,103.0,0.0,successful
REPAY_LN000890_08,LN000890,2026-06-20,2026-06-20,325.22,222.22,103.0,0.0,successful
REPAY_LN000890_09,LN000890,2026-07-22,2026-07-22,325.22,222.22,103.0,0.0,successful
REPAY_LN000890_10,LN000890,2026-08-22,2026-08-22,325.22,222.22,103.0,0.0,successful
REPAY_LN000890_11,LN000890,2026-09-22,2026-09-22,325.22,222.22,103.0,0.0,successful
REPAY_LN000891_01,LN000891,2025-11-20,2025-11-20,1337.12,1250.0,87.12,0.0,successful
REPAY_LN000891_02,LN000891,2025-12-20,2025-12-20,1337.12,1250.0,87.12,0.0,successful
REPAY_LN000891_03,LN000891,2026-01-22,2026-01-22,1337.12,1250.0,87.12,0.0,successful
REPAY_LN000891_04,LN000891,2026-02-22,2026-02-22,1337.12,1250.0,87.12,0.0,successful
REPAY_LN000891_05,LN000891,2026-03-21,2026-03-21,1337.12,1250.0,87.12,0.0,successful
REPAY_LN000891_06,LN000891,2026-04-22,2026-04-22,1337.12,1250.0,87.12,0.0,successful
REPAY_LN000892_01,LN000892,2025-11-23,2025-11-23,866.12,625.0,241.12,0.0,successful
REPAY_LN000892_02,LN000892,2025-12-22,2025-12-22,866.12,625.0,241.12,0.0,successful
REPAY_LN000892_03,LN000892,2026-01-23,2026-01-23,866.12,625.0,241.12,0.0,successful
REPAY_LN000892_04,LN000892,2026-02-23,2026-02-23,866.12,625.0,241.12,0.0,successful
REPAY_LN000892_05,LN000892,2026-03-23,2026-03-23,866.12,625.0,241.12,0.0,successful
REPAY_LN000892_06,LN000892,2026-04-22,2026-04-22,866.12,625.0,241.12,0.0,successful
REPAY_LN000893_01,LN000893,2025-11-21,2025-11-21,587.11,444.44,142.67,0.0,successful
REPAY_LN000893_02,LN000893,2025-12-23,2025-12-23,587.11,444.44,142.67,0.0,successful
REPAY_LN000893_03,LN000893,2026-01-22,2026-01-22,587.11,444.44,142.67,0.0,successful
REPAY_LN000893_04,LN000893,2026-02-23,2026-02-23,587.11,444.44,142.67,0.0,successful
REPAY_LN000893_05,LN000893,2026-03-22,2026-03-22,587.11,444.44,142.67,0.0,successful
REPAY_LN000893_06,LN000893,2026-04-23,2026-04-23,587.11,444.44,142.67,0.0,successful
REPAY_LN000894_01,LN000894,2025-11-23,2025-11-23,726.88,625.0,101.88,0.0,successful
REPAY_LN000894_02,LN000894,2025-12-22,2025-12-22,726.88,625.0,101.88,0.0,successful
REPAY_LN000894_03,LN000894,2026-01-22,2026-01-22,726.88,625.0,101.88,0.0,successful
REPAY_LN000894_04,LN000894,2026-02-22,2026-02-22,726.88,625.0,101.88,0.0,successful
REPAY_LN000894_05,LN000894,2026-03-24,2026-03-24,726.88,625.0,101.88,0.0,successful
REPAY_LN000894_06,LN000894,2026-04-23,2026-04-23,726.88,625.0,101.88,0.0,successful
REPAY_LN000895_01,LN000895,2025-11-24,2025-11-24,634.31,555.56,78.75,0.0,successful
REPAY_LN000895_02,LN000895,2025-12-24,2025-12-24,634.31,555.56,78.75,0.0,successful
REPAY_LN000895_03,LN000895,2026-01-23,2026-01-23,634.31,555.56,78.75,0.0,successful
REPAY_LN000895_04,LN000895,2026-02-24,2026-02-24,634.31,555.56,78.75,0.0,successful
REPAY_LN000895_05,LN000895,2026-03-23,2026-03-23,634.31,555.56,78.75,0.0,successful
REPAY_LN000895_06,LN000895,2026-04-23,2026-04-23,634.31,555.56,78.75,0.0,successful
REPAY_LN000896_01,LN000896,2025-11-22,2025-11-22,707.64,555.56,152.08,0.0,successful
REPAY_LN000896_02,LN000896,2025-12-22,2025-12-22,707.64,555.56,152.08,0.0,successful
REPAY_LN000896_03,LN000896,2026-01-22,2026-01-22,707.64,555.56,152.08,0.0,successful
REPAY_LN000896_04,LN000896,2026-02-23,2026-02-23,707.64,555.56,152.08,0.0,successful
REPAY_LN000896_05,LN000896,2026-03-22,2026-03-22,707.64,555.56,152.08,0.0,successful
REPAY_LN000896_06,LN000896,2026-04-23,2026-04-23,707.64,555.56,152.08,0.0,successful
REPAY_LN000897_01,LN000897,2025-11-22,2025-11-22,211.56,138.89,72.67,0.0,successful
REPAY_LN000897_02,LN000897,2025-12-23,2025-12-23,211.56,138.89,72.67,0.0,successful
REPAY_LN000897_03,LN000897,2026-01-23,2026-01-23,211.56,138.89,72.67,0.0,successful
REPAY_LN000897_04,LN000897,2026-02-23,2026-02-23,211.56,138.89,72.67,0.0,successful
REPAY_LN000897_05,LN000897,2026-03-23,2026-03-23,211.56,138.89,72.67,0.0,successful
REPAY_LN000897_06,LN000897,2026-04-22,2026-04-22,211.56,138.89,72.67,0.0,successful
REPAY_LN000897_07,LN000897,2026-05-22,2026-05-22,211.56,138.89,72.67,0.0,successful
REPAY_LN000897_08,LN000897,2026-06-22,2026-06-22,211.56,138.89,72.67,0.0,successful
REPAY_LN000897_09,LN000897,2026-07-23,2026-07-23,211.56,138.89,72.67,0.0,successful
REPAY_LN000897_10,LN000897,2026-08-24,2026-08-24,211.56,138.89,72.67,0.0,successful
REPAY_LN000898_01,LN000898,2025-11-24,2025-11-24,989.0,833.33,155.67,0.0,successful
REPAY_LN000898_02,LN000898,2025-12-25,2025-12-25,989.0,833.33,155.67,0.0,successful
REPAY_LN000898_03,LN000898,2026-01-23,2026-01-23,989.0,833.33,155.67,0.0,successful
REPAY_LN000898_04,LN000898,2026-02-24,2026-02-24,989.0,833.33,155.67,0.0,successful
REPAY_LN000898_05,LN000898,2026-03-24,2026-03-24,989.0,833.33,155.67,0.0,successful
REPAY_LN000898_06,LN000898,2026-04-23,2026-04-23,989.0,833.33,155.67,0.0,successful
REPAY_LN000899_01,LN000899,2025-11-24,2025-11-24,484.93,333.33,151.6,0.0,successful
REPAY_LN000899_02,LN000899,2025-12-25,2025-12-25,484.93,333.33,151.6,0.0,successful
REPAY_LN000899_03,LN000899,2026-01-25,2026-01-25,484.93,333.33,151.6,0.0,successful
REPAY_LN000899_04,LN000899,2026-02-25,2026-02-25,484.93,333.33,151.6,0.0,successful
REPAY_LN000899_05,LN000899,2026-03-24,2026-03-24,484.93,333.33,151.6,0.0,successful
REPAY_LN000899_06,LN000899,2026-04-24,2026-04-24,484.93,333.33,151.6,0.0,successful
REPAY_LN000900_01,LN000900,2025-11-25,2025-11-25,362.16,277.78,84.38,0.0,successful
REPAY_LN000900_02,LN000900,2025-12-23,2025-12-23,362.16,277.78,84.38,0.0,successful
REPAY_LN000900_03,LN000900,2026-01-25,2026-01-25,362.16,277.78,84.38,0.0,successful
REPAY_LN000900_04,LN000900,2026-02-23,2026-02-23,362.16,277.78,84.38,0.0,successful
REPAY_LN000900_05,LN000900,2026-03-23,2026-03-23,362.16,277.78,84.38,0.0,successful
REPAY_LN000900_06_FAIL,LN000900,2026-04-24,2026-04-24,362.16,277.78,84.38,0.0,failed
REPAY_LN000901_01,LN000901,2025-11-25,2025-11-25,867.73,555.56,312.17,0.0,successful
REPAY_LN000901_02,LN000901,2025-12-25,2025-12-25,867.73,555.56,312.17,0.0,successful
REPAY_LN000901_03,LN000901,2026-01-24,2026-01-24,867.73,555.56,312.17,0.0,successful
REPAY_LN000901_04,LN000901,2026-02-24,2026-02-24,867.73,555.56,312.17,0.0,successful
REPAY_LN000901_05,LN000901,2026-03-23,2026-03-23,867.73,555.56,312.17,0.0,successful
REPAY_LN000901_06,LN000901,2026-04-25,2026-04-25,867.73,555.56,312.17,0.0,successful
REPAY_LN000902_01,LN000902,2025-11-25,2025-11-25,1496.5,1250.0,246.5,0.0,successful
REPAY_LN000902_02,LN000902,2025-12-25,2025-12-25,1496.5,1250.0,246.5,0.0,successful
REPAY_LN000902_03,LN000902,2026-01-25,2026-01-25,1496.5,1250.0,246.5,0.0,successful
REPAY_LN000902_04,LN000902,2026-02-26,2026-02-26,1496.5,1250.0,246.5,0.0,successful
REPAY_LN000902_05,LN000902,2026-03-25,2026-03-25,1496.5,1250.0,246.5,0.0,successful
REPAY_LN000902_06,LN000902,2026-04-24,2026-04-24,1496.5,1250.0,246.5,0.0,successful
REPAY_LN000903_01,LN000903,2025-11-26,2025-11-26,1435.25,1250.0,185.25,0.0,successful
REPAY_LN000903_02,LN000903,2025-12-25,2025-12-25,1435.25,1250.0,185.25,0.0,successful
REPAY_LN000903_03,LN000903,2026-01-25,2026-01-25,1435.25,1250.0,185.25,0.0,successful
REPAY_LN000903_04,LN000903,2026-02-26,2026-02-26,1435.25,1250.0,185.25,0.0,successful
REPAY_LN000903_05,LN000903,2026-03-25,2026-03-25,1435.25,1250.0,185.25,0.0,successful
REPAY_LN000903_06,LN000903,2026-04-25,2026-04-25,1435.25,1250.0,185.25,0.0,successful
REPAY_LN000904_01,LN000904,2025-11-24,2025-11-24,1174.83,833.33,341.5,0.0,successful
REPAY_LN000904_02,LN000904,2025-12-26,2025-12-26,1174.83,833.33,341.5,0.0,successful
REPAY_LN000904_03,LN000904,2026-01-25,2026-01-25,1174.83,833.33,341.5,0.0,successful
REPAY_LN000904_04,LN000904,2026-02-26,2026-02-26,1174.83,833.33,341.5,0.0,successful
REPAY_LN000904_05,LN000904,2026-03-26,2026-03-26,1174.83,833.33,341.5,0.0,successful
REPAY_LN000904_06,LN000904,2026-04-24,2026-04-24,1174.83,833.33,341.5,0.0,successful
REPAY_LN000905_01,LN000905,2025-11-25,2025-11-25,2901.25,2500.0,401.25,0.0,successful
REPAY_LN000905_02,LN000905,2025-12-27,2025-12-27,2901.25,2500.0,401.25,0.0,successful
REPAY_LN000905_03,LN000905,2026-01-25,2026-01-25,2901.25,2500.0,401.25,0.0,successful
REPAY_LN000905_04,LN000905,2026-02-25,2026-02-25,2901.25,2500.0,401.25,0.0,successful
REPAY_LN000905_05,LN000905,2026-03-26,2026-03-26,2901.25,2500.0,401.25,0.0,successful
REPAY_LN000905_06,LN000905,2026-04-25,2026-04-25,2901.25,2500.0,401.25,0.0,successful
REPAY_LN000906_01,LN000906,2025-11-25,2025-11-25,218.22,138.89,79.33,0.0,successful
REPAY_LN000906_02,LN000906,2025-12-26,2025-12-26,218.22,138.89,79.33,0.0,successful
REPAY_LN000906_03,LN000906,2026-01-26,2026-01-26,218.22,138.89,79.33,0.0,successful
REPAY_LN000906_04,LN000906,2026-02-27,2026-02-27,218.22,138.89,79.33,0.0,successful
REPAY_LN000906_05,LN000906,2026-03-25,2026-03-25,218.22,138.89,79.33,0.0,successful
REPAY_LN000906_06,LN000906,2026-04-26,2026-04-26,218.22,138.89,79.33,0.0,successful
REPAY_LN000907_01,LN000907,2025-11-27,2025-11-27,5155.5,5000.0,155.5,0.0,successful
REPAY_LN000907_02,LN000907,2025-12-25,2025-12-25,5155.5,5000.0,155.5,0.0,successful
REPAY_LN000907_03_FAIL,LN000907,2026-01-26,2026-01-26,5155.5,5000.0,155.5,0.0,failed
REPAY_LN000907_04_FAIL,LN000907,2026-02-26,2026-02-26,5155.5,5000.0,155.5,0.0,failed
REPAY_LN000908_01,LN000908,2025-11-27,2025-11-27,810.89,555.56,255.33,0.0,successful
REPAY_LN000908_02,LN000908,2025-12-27,2025-12-27,810.89,555.56,255.33,0.0,successful
REPAY_LN000908_03,LN000908,2026-01-28,2026-01-28,810.89,555.56,255.33,0.0,successful
REPAY_LN000908_04,LN000908,2026-02-26,2026-02-26,810.89,555.56,255.33,0.0,successful
REPAY_LN000908_05,LN000908,2026-03-28,2026-03-28,810.89,555.56,255.33,0.0,successful
REPAY_LN000908_06,LN000908,2026-04-28,2026-04-28,810.89,555.56,255.33,0.0,successful
REPAY_LN000909_01,LN000909,2025-11-27,2025-11-27,584.09,416.67,167.42,0.0,successful
REPAY_LN000909_02,LN000909,2025-12-26,2025-12-26,584.09,416.67,167.42,0.0,successful
REPAY_LN000909_03,LN000909,2026-01-26,2026-01-26,584.09,416.67,167.42,0.0,successful
REPAY_LN000909_04,LN000909,2026-02-28,2026-02-28,584.09,416.67,167.42,0.0,successful
REPAY_LN000909_05,LN000909,2026-03-26,2026-03-26,584.09,416.67,167.42,0.0,successful
REPAY_LN000909_06,LN000909,2026-04-27,2026-04-27,584.09,416.67,167.42,0.0,successful
REPAY_LN000910_01,LN000910,2025-11-27,2025-11-27,1396.73,1333.33,63.4,0.0,successful
REPAY_LN000910_02,LN000910,2025-12-27,2025-12-27,1396.73,1333.33,63.4,0.0,successful
REPAY_LN000910_03_FAIL,LN000910,2026-01-30,2026-01-30,1396.73,1333.33,63.4,0.0,failed
REPAY_LN000910_04_FAIL,LN000910,2026-02-28,2026-02-28,1396.73,1333.33,63.4,0.0,failed
REPAY_LN000911_01,LN000911,2025-11-28,2025-11-28,1835.42,1666.67,168.75,0.0,successful
REPAY_LN000911_02,LN000911,2025-12-28,2025-12-28,1835.42,1666.67,168.75,0.0,successful
REPAY_LN000911_03,LN000911,2026-01-28,2026-01-28,1835.42,1666.67,168.75,0.0,successful
REPAY_LN000911_04,LN000911,2026-03-01,2026-03-01,1835.42,1666.67,168.75,0.0,successful
REPAY_LN000911_05,LN000911,2026-03-27,2026-03-27,1835.42,1666.67,168.75,0.0,successful
REPAY_LN000911_06,LN000911,2026-04-27,2026-04-27,1835.4,1666.65,168.75,0.0,successful
REPAY_LN000912_01,LN000912,2025-11-27,2025-11-27,504.96,416.67,88.29,0.0,successful
REPAY_LN000912_02,LN000912,2025-12-29,2025-12-29,504.96,416.67,88.29,0.0,successful
REPAY_LN000912_03,LN000912,2026-01-27,2026-01-27,504.96,416.67,88.29,0.0,successful
REPAY_LN000912_04,LN000912,2026-02-27,2026-02-27,504.96,416.67,88.29,0.0,successful
REPAY_LN000912_05_FAIL,LN000912,2026-03-30,2026-03-30,504.96,416.67,88.29,0.0,failed
REPAY_LN000912_06_FAIL,LN000912,2026-04-28,2026-04-28,504.96,416.67,88.29,0.0,failed
REPAY_LN000913_01,LN000913,2025-11-28,2025-11-28,970.0,833.33,136.67,0.0,successful
REPAY_LN000913_02,LN000913,2025-12-29,2025-12-29,970.0,833.33,136.67,0.0,successful
REPAY_LN000913_03,LN000913,2026-01-27,2026-01-27,970.0,833.33,136.67,0.0,successful
REPAY_LN000913_04,LN000913,2026-02-27,2026-02-27,970.0,833.33,136.67,0.0,successful
REPAY_LN000913_05,LN000913,2026-03-28,2026-03-28,970.0,833.33,136.67,0.0,successful
REPAY_LN000913_06,LN000913,2026-04-29,2026-04-29,970.0,833.33,136.67,0.0,successful
REPAY_LN000914_01,LN000914,2025-11-30,2025-11-30,1548.5,1250.0,298.5,0.0,successful
REPAY_LN000914_02,LN000914,2025-12-28,2025-12-28,1548.5,1250.0,298.5,0.0,successful
REPAY_LN000914_03,LN000914,2026-01-29,2026-01-29,1548.5,1250.0,298.5,0.0,successful
REPAY_LN000914_04,LN000914,2026-03-01,2026-03-01,1548.5,1250.0,298.5,0.0,successful
REPAY_LN000914_05,LN000914,2026-03-29,2026-03-29,1548.5,1250.0,298.5,0.0,successful
REPAY_LN000914_06,LN000914,2026-04-29,2026-04-29,1548.5,1250.0,298.5,0.0,successful
REPAY_LN000915_01,LN000915,2025-11-29,2025-11-29,1143.66,833.33,310.33,0.0,successful
REPAY_LN000915_02,LN000915,2025-12-29,2025-12-29,1143.66,833.33,310.33,0.0,successful
REPAY_LN000915_03,LN000915,2026-01-30,2026-01-30,1143.66,833.33,310.33,0.0,successful
REPAY_LN000915_04,LN000915,2026-02-28,2026-02-28,1143.66,833.33,310.33,0.0,successful
REPAY_LN000915_05,LN000915,2026-03-28,2026-03-28,1143.66,833.33,310.33,0.0,successful
REPAY_LN000915_06,LN000915,2026-04-29,2026-04-29,1143.66,833.33,310.33,0.0,successful
REPAY_LN000916_01,LN000916,2025-11-30,2025-11-30,635.81,555.56,80.25,0.0,successful
REPAY_LN000916_02,LN000916,2025-12-30,2025-12-30,635.81,555.56,80.25,0.0,successful
REPAY_LN000916_03,LN000916,2026-01-29,2026-01-29,635.81,555.56,80.25,0.0,successful
REPAY_LN000916_04,LN000916,2026-02-28,2026-02-28,635.81,555.56,80.25,0.0,successful
REPAY_LN000916_05,LN000916,2026-03-29,2026-03-29,635.81,555.56,80.25,0.0,successful
REPAY_LN000916_06,LN000916,2026-04-30,2026-04-30,635.81,555.56,80.25,0.0,successful
REPAY_LN000917_01,LN000917,2025-11-29,2025-11-29,371.75,222.22,149.53,0.0,successful
REPAY_LN000917_02,LN000917,2025-12-31,2025-12-31,371.75,222.22,149.53,0.0,successful
REPAY_LN000917_03,LN000917,2026-01-30,2026-01-30,371.75,222.22,149.53,0.0,successful
REPAY_LN000917_04,LN000917,2026-03-01,2026-03-01,371.75,222.22,149.53,0.0,successful
REPAY_LN000917_05,LN000917,2026-03-31,2026-03-31,371.75,222.22,149.53,0.0,successful
REPAY_LN000917_06,LN000917,2026-04-30,2026-04-30,371.75,222.22,149.53,0.0,successful
REPAY_LN000917_07,LN000917,2026-05-31,2026-05-31,371.75,222.22,149.53,0.0,successful
REPAY_LN000917_08,LN000917,2026-06-30,2026-06-30,371.75,222.22,149.53,0.0,successful
REPAY_LN000917_09,LN000917,2026-07-29,2026-07-29,371.75,222.22,149.53,0.0,successful
REPAY_LN000917_10,LN000917,2026-08-31,2026-08-31,371.75,222.22,149.53,0.0,successful
REPAY_LN000918_01,LN000918,2025-11-30,2025-11-30,1277.28,1111.11,166.17,0.0,successful
REPAY_LN000918_02,LN000918,2025-12-30,2025-12-30,1277.28,1111.11,166.17,0.0,successful
REPAY_LN000918_03,LN000918,2026-01-30,2026-01-30,1277.28,1111.11,166.17,0.0,successful
REPAY_LN000918_04,LN000918,2026-03-02,2026-03-02,1277.28,1111.11,166.17,0.0,successful
REPAY_LN000918_05,LN000918,2026-03-29,2026-03-29,1277.28,1111.11,166.17,0.0,successful
REPAY_LN000918_06,LN000918,2026-04-30,2026-04-30,1277.28,1111.11,166.17,0.0,successful
REPAY_LN000919_01,LN000919,2025-12-01,2025-12-01,994.83,833.33,161.5,0.0,successful
REPAY_LN000919_02,LN000919,2025-12-30,2025-12-30,994.83,833.33,161.5,0.0,successful
REPAY_LN000919_03,LN000919,2026-01-29,2026-01-29,994.83,833.33,161.5,0.0,successful
REPAY_LN000919_04,LN000919,2026-02-28,2026-02-28,994.83,833.33,161.5,0.0,successful
REPAY_LN000919_05,LN000919,2026-03-29,2026-03-29,994.83,833.33,161.5,0.0,successful
REPAY_LN000919_06,LN000919,2026-05-01,2026-05-01,994.83,833.33,161.5,0.0,successful
REPAY_LN000920_01,LN000920,2025-12-01,2025-12-01,1884.84,1666.67,218.17,0.0,successful
REPAY_LN000920_02,LN000920,2025-12-30,2025-12-30,1884.84,1666.67,218.17,0.0,successful
REPAY_LN000920_03_FAIL,LN000920,2026-02-01,2026-02-01,1884.84,1666.67,218.17,0.0,failed
REPAY_LN000920_04_FAIL,LN000920,2026-03-02,2026-03-02,1884.84,1666.67,218.17,0.0,failed
REPAY_LN000921_01,LN000921,2025-12-02,2025-12-02,1372.28,1111.11,261.17,0.0,successful
REPAY_LN000921_02,LN000921,2025-12-31,2025-12-31,1372.28,1111.11,261.17,0.0,successful
REPAY_LN000921_03,LN000921,2026-02-01,2026-02-01,1372.28,1111.11,261.17,0.0,successful
REPAY_LN000921_04,LN000921,2026-02-28,2026-02-28,1372.28,1111.11,261.17,0.0,successful
REPAY_LN000921_05,LN000921,2026-04-01,2026-04-01,1372.28,1111.11,261.17,0.0,successful
REPAY_LN000921_06,LN000921,2026-04-30,2026-04-30,1372.28,1111.11,261.17,0.0,successful
REPAY_LN000922_01,LN000922,2025-11-30,2025-11-30,2789.25,2500.0,289.25,0.0,successful
REPAY_LN000922_02,LN000922,2025-12-31,2025-12-31,2789.25,2500.0,289.25,0.0,successful
REPAY_LN000922_03,LN000922,2026-01-30,2026-01-30,2789.25,2500.0,289.25,0.0,successful
REPAY_LN000922_04,LN000922,2026-02-28,2026-02-28,2789.25,2500.0,289.25,0.0,successful
REPAY_LN000922_05,LN000922,2026-03-31,2026-03-31,2789.25,2500.0,289.25,0.0,successful
REPAY_LN000922_06,LN000922,2026-05-02,2026-05-02,2789.25,2500.0,289.25,0.0,successful
REPAY_LN000923_01,LN000923,2025-12-02,2025-12-02,2745.25,2500.0,245.25,0.0,successful
REPAY_LN000923_02,LN000923,2025-12-30,2025-12-30,2745.25,2500.0,245.25,0.0,successful
REPAY_LN000923_03,LN000923,2026-02-01,2026-02-01,2745.25,2500.0,245.25,0.0,successful
REPAY_LN000923_04,LN000923,2026-02-28,2026-02-28,2745.25,2500.0,245.25,0.0,successful
REPAY_LN000923_05,LN000923,2026-04-01,2026-04-01,2745.25,2500.0,245.25,0.0,successful
REPAY_LN000923_06,LN000923,2026-05-02,2026-05-02,2745.25,2500.0,245.25,0.0,successful
REPAY_LN000924_01,LN000924,2025-12-02,2025-12-02,790.56,555.56,235.0,0.0,successful
REPAY_LN000924_02,LN000924,2025-12-31,2025-12-31,790.56,555.56,235.0,0.0,successful
REPAY_LN000924_03,LN000924,2026-02-01,2026-02-01,790.56,555.56,235.0,0.0,successful
REPAY_LN000924_04,LN000924,2026-03-02,2026-03-02,790.56,555.56,235.0,0.0,successful
REPAY_LN000924_05,LN000924,2026-04-02,2026-04-02,790.56,555.56,235.0,0.0,successful
REPAY_LN000924_06,LN000924,2026-05-02,2026-05-02,790.56,555.56,235.0,0.0,successful
REPAY_LN000925_01,LN000925,2025-11-30,2025-11-30,694.73,555.56,139.17,0.0,successful
REPAY_LN000925_02,LN000925,2026-01-01,2026-01-01,694.73,555.56,139.17,0.0,successful
REPAY_LN000925_03,LN000925,2026-01-31,2026-01-31,694.73,555.56,139.17,0.0,successful
REPAY_LN000925_04,LN000925,2026-03-02,2026-03-02,694.73,555.56,139.17,0.0,successful
REPAY_LN000925_05,LN000925,2026-03-31,2026-03-31,694.73,555.56,139.17,0.0,successful
REPAY_LN000925_06,LN000925,2026-05-02,2026-05-02,694.73,555.56,139.17,0.0,successful
REPAY_LN000926_01,LN000926,2025-12-02,2025-12-02,377.46,333.33,44.13,0.0,successful
REPAY_LN000926_02,LN000926,2025-12-31,2025-12-31,377.46,333.33,44.13,0.0,successful
REPAY_LN000926_03,LN000926,2026-02-02,2026-02-02,377.46,333.33,44.13,0.0,successful
REPAY_LN000926_04,LN000926,2026-03-02,2026-03-02,377.46,333.33,44.13,0.0,successful
REPAY_LN000926_05,LN000926,2026-04-01,2026-04-01,377.46,333.33,44.13,0.0,successful
REPAY_LN000926_06,LN000926,2026-04-30,2026-04-30,377.46,333.33,44.13,0.0,successful
REPAY_LN000927_01,LN000927,2025-11-30,2025-11-30,605.42,416.67,188.75,0.0,successful
REPAY_LN000927_02,LN000927,2026-01-02,2026-01-02,605.42,416.67,188.75,0.0,successful
REPAY_LN000927_03,LN000927,2026-02-02,2026-02-02,605.42,416.67,188.75,0.0,successful
REPAY_LN000927_04,LN000927,2026-02-28,2026-02-28,605.42,416.67,188.75,0.0,successful
REPAY_LN000927_05,LN000927,2026-03-31,2026-03-31,605.42,416.67,188.75,0.0,successful
REPAY_LN000927_06,LN000927,2026-04-30,2026-04-30,605.42,416.67,188.75,0.0,successful
REPAY_LN000928_01,LN000928,2025-12-03,2025-12-03,374.49,222.22,152.27,0.0,successful
REPAY_LN000928_02,LN000928,2026-01-02,2026-01-02,374.49,222.22,152.27,0.0,successful
REPAY_LN000928_03,LN000928,2026-02-02,2026-02-02,374.49,222.22,152.27,0.0,successful
REPAY_LN000928_04,LN000928,2026-03-03,2026-03-03,374.49,222.22,152.27,0.0,successful
REPAY_LN000928_05,LN000928,2026-04-03,2026-04-03,374.49,222.22,152.27,0.0,successful
REPAY_LN000928_06,LN000928,2026-05-03,2026-05-03,374.49,222.22,152.27,0.0,successful
REPAY_LN000929_01,LN000929,2025-12-01,2025-12-01,607.42,416.67,190.75,0.0,successful
REPAY_LN000929_02,LN000929,2026-01-02,2026-01-02,607.42,416.67,190.75,0.0,successful
REPAY_LN000929_03,LN000929,2026-02-03,2026-02-03,607.42,416.67,190.75,0.0,successful
REPAY_LN000929_04,LN000929,2026-03-03,2026-03-03,607.42,416.67,190.75,0.0,successful
REPAY_LN000929_05,LN000929,2026-04-01,2026-04-01,607.42,416.67,190.75,0.0,successful
REPAY_LN000929_06,LN000929,2026-05-01,2026-05-01,607.42,416.67,190.75,0.0,successful
REPAY_LN000929_07,LN000929,2026-06-01,2026-06-01,607.42,416.67,190.75,0.0,successful
REPAY_LN000929_08,LN000929,2026-07-02,2026-07-02,607.42,416.67,190.75,0.0,successful
REPAY_LN000930_01,LN000930,2025-12-03,2025-12-03,2045.5,1666.67,378.83,0.0,successful
REPAY_LN000930_02,LN000930,2026-01-01,2026-01-01,2045.5,1666.67,378.83,0.0,successful
REPAY_LN000930_03,LN000930,2026-02-02,2026-02-02,2045.5,1666.67,378.83,0.0,successful
REPAY_LN000930_04_FAIL,LN000930,2026-03-05,2026-03-05,2045.5,1666.67,378.83,0.0,failed
REPAY_LN000930_05_FAIL,LN000930,2026-04-04,2026-04-04,2045.5,1666.67,378.83,0.0,failed
REPAY_LN000931_01,LN000931,2025-12-02,2025-12-02,919.66,833.33,86.33,0.0,successful
REPAY_LN000931_02,LN000931,2026-01-02,2026-01-02,919.66,833.33,86.33,0.0,successful
REPAY_LN000931_03,LN000931,2026-02-03,2026-02-03,919.66,833.33,86.33,0.0,successful
REPAY_LN000931_04,LN000931,2026-03-03,2026-03-03,919.66,833.33,86.33,0.0,successful
REPAY_LN000931_05,LN000931,2026-04-04,2026-04-04,919.66,833.33,86.33,0.0,successful
REPAY_LN000931_06,LN000931,2026-05-04,2026-05-04,919.66,833.33,86.33,0.0,successful
REPAY_LN000932_01,LN000932,2025-12-02,2025-12-02,919.75,625.0,294.75,0.0,successful
REPAY_LN000932_02,LN000932,2026-01-02,2026-01-02,919.75,625.0,294.75,0.0,successful
REPAY_LN000932_03,LN000932,2026-02-02,2026-02-02,919.75,625.0,294.75,0.0,successful
REPAY_LN000932_04,LN000932,2026-03-04,2026-03-04,919.75,625.0,294.75,0.0,successful
REPAY_LN000932_05,LN000932,2026-04-03,2026-04-03,919.75,625.0,294.75,0.0,successful
REPAY_LN000932_06,LN000932,2026-05-04,2026-05-04,919.75,625.0,294.75,0.0,successful
REPAY_LN000933_01,LN000933,2025-12-03,2025-12-03,1466.28,1111.11,355.17,0.0,successful
REPAY_LN000933_02,LN000933,2026-01-04,2026-01-04,1466.28,1111.11,355.17,0.0,successful
REPAY_LN000933_03,LN000933,2026-02-04,2026-02-04,1466.28,1111.11,355.17,0.0,successful
REPAY_LN000933_04,LN000933,2026-03-03,2026-03-03,1466.28,1111.11,355.17,0.0,successful
REPAY_LN000933_05,LN000933,2026-04-04,2026-04-04,1466.28,1111.11,355.17,0.0,successful
REPAY_LN000933_06,LN000933,2026-05-04,2026-05-04,1466.28,1111.11,355.17,0.0,successful
REPAY_LN000934_01,LN000934,2025-12-02,2025-12-02,208.39,138.89,69.5,0.0,successful
REPAY_LN000934_02,LN000934,2026-01-03,2026-01-03,208.39,138.89,69.5,0.0,successful
REPAY_LN000934_03,LN000934,2026-02-03,2026-02-03,208.39,138.89,69.5,0.0,successful
REPAY_LN000934_04,LN000934,2026-03-02,2026-03-02,208.39,138.89,69.5,0.0,successful
REPAY_LN000934_05,LN000934,2026-04-03,2026-04-03,208.39,138.89,69.5,0.0,successful
REPAY_LN000934_06,LN000934,2026-05-02,2026-05-02,208.39,138.89,69.5,0.0,successful
REPAY_LN000935_01,LN000935,2025-12-04,2025-12-04,1376.88,1250.0,126.88,0.0,successful
REPAY_LN000935_02,LN000935,2026-01-04,2026-01-04,1376.88,1250.0,126.88,0.0,successful
REPAY_LN000935_03,LN000935,2026-02-04,2026-02-04,1376.88,1250.0,126.88,0.0,successful
REPAY_LN000935_04,LN000935,2026-03-04,2026-03-04,1376.88,1250.0,126.88,0.0,successful
REPAY_LN000935_05,LN000935,2026-04-03,2026-04-03,1376.88,1250.0,126.88,0.0,successful
REPAY_LN000935_06,LN000935,2026-05-03,2026-05-03,1376.88,1250.0,126.88,0.0,successful
REPAY_LN000936_01,LN000936,2025-12-04,2025-12-04,332.78,277.78,55.0,0.0,successful
REPAY_LN000936_02,LN000936,2026-01-05,2026-01-05,332.78,277.78,55.0,0.0,successful
REPAY_LN000936_03,LN000936,2026-02-03,2026-02-03,332.78,277.78,55.0,0.0,successful
REPAY_LN000936_04,LN000936,2026-03-04,2026-03-04,332.78,277.78,55.0,0.0,successful
REPAY_LN000936_05,LN000936,2026-04-03,2026-04-03,332.78,277.78,55.0,0.0,successful
REPAY_LN000936_06,LN000936,2026-05-05,2026-05-05,332.78,277.78,55.0,0.0,successful
REPAY_LN000937_01,LN000937,2025-12-05,2025-12-05,445.06,333.33,111.73,0.0,successful
REPAY_LN000937_02,LN000937,2026-01-05,2026-01-05,445.06,333.33,111.73,0.0,successful
REPAY_LN000937_03,LN000937,2026-02-04,2026-02-04,445.06,333.33,111.73,0.0,successful
REPAY_LN000937_04,LN000937,2026-03-04,2026-03-04,445.06,333.33,111.73,0.0,successful
REPAY_LN000937_05,LN000937,2026-04-05,2026-04-05,445.06,333.33,111.73,0.0,successful
REPAY_LN000937_06,LN000937,2026-05-03,2026-05-03,445.06,333.33,111.73,0.0,successful
REPAY_LN000938_01,LN000938,2025-12-04,2025-12-04,1833.92,1666.67,167.25,0.0,successful
REPAY_LN000938_02,LN000938,2026-01-06,2026-01-06,1833.92,1666.67,167.25,0.0,successful
REPAY_LN000938_03,LN000938,2026-02-05,2026-02-05,1833.92,1666.67,167.25,0.0,successful
REPAY_LN000938_04,LN000938,2026-03-04,2026-03-04,1833.92,1666.67,167.25,0.0,successful
REPAY_LN000938_05,LN000938,2026-04-04,2026-04-04,1833.92,1666.67,167.25,0.0,successful
REPAY_LN000938_06,LN000938,2026-05-04,2026-05-04,1833.92,1666.67,167.25,0.0,successful
REPAY_LN000939_01,LN000939,2025-12-05,2025-12-05,2655.88,2500.0,155.88,0.0,successful
REPAY_LN000939_02,LN000939,2026-01-06,2026-01-06,2655.88,2500.0,155.88,0.0,successful
REPAY_LN000939_03,LN000939,2026-02-05,2026-02-05,2655.88,2500.0,155.88,0.0,successful
REPAY_LN000939_04,LN000939,2026-03-04,2026-03-04,2655.88,2500.0,155.88,0.0,successful
REPAY_LN000939_05,LN000939,2026-04-06,2026-04-06,2655.88,2500.0,155.88,0.0,successful
REPAY_LN000939_06,LN000939,2026-05-05,2026-05-05,2655.88,2500.0,155.88,0.0,successful
REPAY_LN000940_01,LN000940,2025-12-06,2025-12-06,1573.75,1250.0,323.75,0.0,successful
REPAY_LN000940_02,LN000940,2026-01-04,2026-01-04,1573.75,1250.0,323.75,0.0,successful
REPAY_LN000940_03,LN000940,2026-02-05,2026-02-05,1573.75,1250.0,323.75,0.0,successful
REPAY_LN000940_04,LN000940,2026-03-06,2026-03-06,1573.75,1250.0,323.75,0.0,successful
REPAY_LN000940_05,LN000940,2026-04-05,2026-04-05,1573.75,1250.0,323.75,0.0,successful
REPAY_LN000940_06,LN000940,2026-05-04,2026-05-04,1573.75,1250.0,323.75,0.0,successful
REPAY_LN000941_01,LN000941,2025-12-07,2025-12-07,507.17,416.67,90.5,0.0,successful
REPAY_LN000941_02,LN000941,2026-01-05,2026-01-05,507.17,416.67,90.5,0.0,successful
REPAY_LN000941_03,LN000941,2026-02-07,2026-02-07,507.17,416.67,90.5,0.0,successful
REPAY_LN000941_04,LN000941,2026-03-05,2026-03-05,507.17,416.67,90.5,0.0,successful
REPAY_LN000941_05,LN000941,2026-04-05,2026-04-05,507.17,416.67,90.5,0.0,successful
REPAY_LN000942_01,LN000942,2025-12-06,2025-12-06,1651.0,1250.0,401.0,0.0,successful
REPAY_LN000942_02,LN000942,2026-01-05,2026-01-05,1651.0,1250.0,401.0,0.0,successful
REPAY_LN000942_03,LN000942,2026-02-06,2026-02-06,1651.0,1250.0,401.0,0.0,successful
REPAY_LN000942_04,LN000942,2026-03-05,2026-03-05,1651.0,1250.0,401.0,0.0,successful
REPAY_LN000942_05,LN000942,2026-04-05,2026-04-05,1651.0,1250.0,401.0,0.0,successful
REPAY_LN000943_01,LN000943,2025-12-07,2025-12-07,912.89,555.56,357.33,0.0,successful
REPAY_LN000943_02,LN000943,2026-01-06,2026-01-06,912.89,555.56,357.33,0.0,successful
REPAY_LN000943_03,LN000943,2026-02-07,2026-02-07,912.89,555.56,357.33,0.0,successful
REPAY_LN000943_04,LN000943,2026-03-06,2026-03-06,912.89,555.56,357.33,0.0,successful
REPAY_LN000943_05,LN000943,2026-04-05,2026-04-05,912.89,555.56,357.33,0.0,successful
REPAY_LN000943_06,LN000943,2026-05-07,2026-05-07,912.89,555.56,357.33,0.0,successful
REPAY_LN000943_07,LN000943,2026-06-06,2026-06-06,912.89,555.56,357.33,0.0,successful
REPAY_LN000943_08,LN000943,2026-07-05,2026-07-05,912.89,555.56,357.33,0.0,successful
REPAY_LN000943_09,LN000943,2026-08-06,2026-08-06,912.89,555.56,357.33,0.0,successful
REPAY_LN000943_10,LN000943,2026-09-06,2026-09-06,912.89,555.56,357.33,0.0,successful
REPAY_LN000943_11,LN000943,2026-10-05,2026-10-05,912.89,555.56,357.33,0.0,successful
REPAY_LN000943_12,LN000943,2026-11-07,2026-11-07,912.89,555.56,357.33,0.0,successful
REPAY_LN000943_13,LN000943,2026-12-05,2026-12-05,912.89,555.56,357.33,0.0,successful
REPAY_LN000944_01,LN000944,2025-12-08,2025-12-08,919.0,625.0,294.0,0.0,successful
REPAY_LN000944_02,LN000944,2026-01-07,2026-01-07,919.0,625.0,294.0,0.0,successful
REPAY_LN000944_03,LN000944,2026-02-07,2026-02-07,919.0,625.0,294.0,0.0,successful
REPAY_LN000944_04,LN000944,2026-03-07,2026-03-07,919.0,625.0,294.0,0.0,successful
REPAY_LN000944_05,LN000944,2026-04-08,2026-04-08,919.0,625.0,294.0,0.0,successful
REPAY_LN000945_01,LN000945,2025-12-06,2025-12-06,747.8,666.67,81.13,0.0,successful
REPAY_LN000945_02,LN000945,2026-01-08,2026-01-08,747.8,666.67,81.13,0.0,successful
REPAY_LN000945_03,LN000945,2026-02-07,2026-02-07,747.8,666.67,81.13,0.0,successful
REPAY_LN000945_04,LN000945,2026-03-07,2026-03-07,747.8,666.67,81.13,0.0,successful
REPAY_LN000945_05,LN000945,2026-04-06,2026-04-06,747.8,666.67,81.13,0.0,successful
REPAY_LN000946_01,LN000946,2025-12-08,2025-12-08,539.71,444.44,95.27,0.0,successful
REPAY_LN000946_02,LN000946,2026-01-08,2026-01-08,539.71,444.44,95.27,0.0,successful
REPAY_LN000946_03,LN000946,2026-02-06,2026-02-06,539.71,444.44,95.27,0.0,successful
REPAY_LN000946_04,LN000946,2026-03-06,2026-03-06,539.71,444.44,95.27,0.0,successful
REPAY_LN000946_05,LN000946,2026-04-07,2026-04-07,539.71,444.44,95.27,0.0,successful
REPAY_LN000947_01,LN000947,2025-12-07,2025-12-07,185.01,138.89,46.12,0.0,successful
REPAY_LN000947_02,LN000947,2026-01-09,2026-01-09,185.01,138.89,46.12,0.0,successful
REPAY_LN000947_03,LN000947,2026-02-08,2026-02-08,185.01,138.89,46.12,0.0,successful
REPAY_LN000947_04,LN000947,2026-03-09,2026-03-09,185.01,138.89,46.12,0.0,successful
REPAY_LN000947_05,LN000947,2026-04-07,2026-04-07,185.01,138.89,46.12,0.0,successful
REPAY_LN000947_06,LN000947,2026-05-07,2026-05-07,185.01,138.89,46.12,0.0,successful
REPAY_LN000947_07,LN000947,2026-06-08,2026-06-08,185.01,138.89,46.12,0.0,successful
REPAY_LN000947_08,LN000947,2026-07-07,2026-07-07,185.01,138.89,46.12,0.0,successful
REPAY_LN000947_09,LN000947,2026-08-08,2026-08-08,185.01,138.89,46.12,0.0,successful
REPAY_LN000947_10,LN000947,2026-09-08,2026-09-08,185.01,138.89,46.12,0.0,successful
REPAY_LN000947_11,LN000947,2026-10-07,2026-10-07,185.01,138.89,46.12,0.0,successful
REPAY_LN000947_12,LN000947,2026-11-09,2026-11-09,185.01,138.89,46.12,0.0,successful
REPAY_LN000948_01,LN000948,2025-12-08,2025-12-08,389.46,333.33,56.13,0.0,successful
REPAY_LN000948_02,LN000948,2026-01-09,2026-01-09,389.46,333.33,56.13,0.0,successful
REPAY_LN000948_03,LN000948,2026-02-07,2026-02-07,389.46,333.33,56.13,0.0,successful
REPAY_LN000948_04,LN000948,2026-03-09,2026-03-09,389.46,333.33,56.13,0.0,successful
REPAY_LN000948_05,LN000948,2026-04-09,2026-04-09,389.46,333.33,56.13,0.0,successful
REPAY_LN000949_01,LN000949,2025-12-10,2025-12-10,1374.6,1333.33,41.27,0.0,successful
REPAY_LN000949_02,LN000949,2026-01-10,2026-01-10,1374.6,1333.33,41.27,0.0,successful
REPAY_LN000949_03,LN000949,2026-02-08,2026-02-08,1374.6,1333.33,41.27,0.0,successful
REPAY_LN000949_04,LN000949,2026-03-08,2026-03-08,1374.6,1333.33,41.27,0.0,successful
REPAY_LN000949_05,LN000949,2026-04-10,2026-04-10,1374.6,1333.33,41.27,0.0,successful
REPAY_LN000950_01,LN000950,2025-12-08,2025-12-08,2662.62,2500.0,162.62,0.0,successful
REPAY_LN000950_02,LN000950,2026-01-08,2026-01-08,2662.62,2500.0,162.62,0.0,successful
REPAY_LN000950_03,LN000950,2026-02-09,2026-02-09,2662.62,2500.0,162.62,0.0,successful
REPAY_LN000950_04,LN000950,2026-03-08,2026-03-08,2662.62,2500.0,162.62,0.0,successful
REPAY_LN000950_05,LN000950,2026-04-10,2026-04-10,2662.62,2500.0,162.62,0.0,successful
REPAY_LN000951_01,LN000951,2025-12-08,2025-12-08,908.5,625.0,283.5,0.0,successful
REPAY_LN000951_02,LN000951,2026-01-08,2026-01-08,908.5,625.0,283.5,0.0,successful
REPAY_LN000951_03,LN000951,2026-02-09,2026-02-09,908.5,625.0,283.5,0.0,successful
REPAY_LN000951_04,LN000951,2026-03-10,2026-03-10,908.5,625.0,283.5,0.0,successful
REPAY_LN000951_05,LN000951,2026-04-10,2026-04-10,908.5,625.0,283.5,0.0,successful
REPAY_LN000951_06,LN000951,2026-05-08,2026-05-08,908.5,625.0,283.5,0.0,successful
REPAY_LN000952_01,LN000952,2025-12-09,2025-12-09,3607.33,3333.33,274.0,0.0,successful
REPAY_LN000952_02,LN000952,2026-01-10,2026-01-10,3607.33,3333.33,274.0,0.0,successful
REPAY_LN000952_03,LN000952,2026-02-09,2026-02-09,3607.33,3333.33,274.0,0.0,successful
REPAY_LN000952_04,LN000952,2026-03-10,2026-03-10,3607.33,3333.33,274.0,0.0,successful
REPAY_LN000952_05,LN000952,2026-04-11,2026-04-11,3607.33,3333.33,274.0,0.0,successful
REPAY_LN000953_01,LN000953,2025-12-11,2025-12-11,672.06,555.56,116.5,0.0,successful
REPAY_LN000953_02,LN000953,2026-01-10,2026-01-10,672.06,555.56,116.5,0.0,successful
REPAY_LN000953_03,LN000953,2026-02-11,2026-02-11,672.06,555.56,116.5,0.0,successful
REPAY_LN000953_04,LN000953,2026-03-09,2026-03-09,672.06,555.56,116.5,0.0,successful
REPAY_LN000953_05,LN000953,2026-04-09,2026-04-09,672.06,555.56,116.5,0.0,successful
REPAY_LN000954_01,LN000954,2025-12-11,2025-12-11,1086.5,833.33,253.17,0.0,successful
REPAY_LN000954_02,LN000954,2026-01-11,2026-01-11,1086.5,833.33,253.17,0.0,successful
REPAY_LN000954_03,LN000954,2026-02-10,2026-02-10,1086.5,833.33,253.17,0.0,successful
REPAY_LN000954_04,LN000954,2026-03-10,2026-03-10,1086.5,833.33,253.17,0.0,successful
REPAY_LN000954_05_FAIL,LN000954,2026-04-12,2026-04-12,1086.5,833.33,253.17,0.0,failed
REPAY_LN000955_01,LN000955,2025-12-11,2025-12-11,1134.08,833.33,300.75,0.0,successful
REPAY_LN000955_02,LN000955,2026-01-10,2026-01-10,1134.08,833.33,300.75,0.0,successful
REPAY_LN000955_03,LN000955,2026-02-12,2026-02-12,1134.08,833.33,300.75,0.0,successful
REPAY_LN000955_04,LN000955,2026-03-11,2026-03-11,1134.08,833.33,300.75,0.0,successful
REPAY_LN000955_05,LN000955,2026-04-11,2026-04-11,1134.08,833.33,300.75,0.0,successful
REPAY_LN000956_01,LN000956,2025-12-11,2025-12-11,1025.58,833.33,192.25,0.0,successful
REPAY_LN000956_02,LN000956,2026-01-12,2026-01-12,1025.58,833.33,192.25,0.0,successful
REPAY_LN000956_03,LN000956,2026-02-10,2026-02-10,1025.58,833.33,192.25,0.0,successful
REPAY_LN000956_04,LN000956,2026-03-10,2026-03-10,1025.58,833.33,192.25,0.0,successful
REPAY_LN000956_05,LN000956,2026-04-12,2026-04-12,1025.58,833.33,192.25,0.0,successful
REPAY_LN000957_01,LN000957,2025-12-11,2025-12-11,505.34,416.67,88.67,0.0,successful
REPAY_LN000957_02,LN000957,2026-01-12,2026-01-12,505.34,416.67,88.67,0.0,successful
REPAY_LN000957_03,LN000957,2026-02-12,2026-02-12,505.34,416.67,88.67,0.0,successful
REPAY_LN000957_04,LN000957,2026-03-11,2026-03-11,505.34,416.67,88.67,0.0,successful
REPAY_LN000957_05,LN000957,2026-04-12,2026-04-12,505.34,416.67,88.67,0.0,successful
REPAY_LN000958_01,LN000958,2025-12-12,2025-12-12,3720.16,3333.33,386.83,0.0,successful
REPAY_LN000958_02,LN000958,2026-01-11,2026-01-11,3720.16,3333.33,386.83,0.0,successful
REPAY_LN000958_03_FAIL,LN000958,2026-02-13,2026-02-13,3720.16,3333.33,386.83,0.0,failed
REPAY_LN000958_04_FAIL,LN000958,2026-03-11,2026-03-11,3720.16,3333.33,386.83,0.0,failed
REPAY_LN000959_01,LN000959,2025-12-13,2025-12-13,1207.58,833.33,374.25,0.0,successful
REPAY_LN000959_02,LN000959,2026-01-13,2026-01-13,1207.58,833.33,374.25,0.0,successful
REPAY_LN000959_03,LN000959,2026-02-13,2026-02-13,1207.58,833.33,374.25,0.0,successful
REPAY_LN000959_04,LN000959,2026-03-13,2026-03-13,1207.58,833.33,374.25,0.0,successful
REPAY_LN000959_05,LN000959,2026-04-12,2026-04-12,1207.58,833.33,374.25,0.0,successful
REPAY_LN000960_01,LN000960,2025-12-11,2025-12-11,3587.83,3333.33,254.5,0.0,successful
REPAY_LN000960_02_FAIL,LN000960,2026-01-14,2026-01-14,3587.83,3333.33,254.5,0.0,failed
REPAY_LN000960_03_FAIL,LN000960,2026-02-12,2026-02-12,3587.83,3333.33,254.5,0.0,failed
REPAY_LN000961_01,LN000961,2025-12-14,2025-12-14,300.5,208.33,92.17,0.0,successful
REPAY_LN000961_02,LN000961,2026-01-14,2026-01-14,300.5,208.33,92.17,0.0,successful
REPAY_LN000961_03,LN000961,2026-02-12,2026-02-12,300.5,208.33,92.17,0.0,successful
REPAY_LN000961_04,LN000961,2026-03-14,2026-03-14,300.5,208.33,92.17,0.0,successful
REPAY_LN000961_05,LN000961,2026-04-14,2026-04-14,300.5,208.33,92.17,0.0,successful
REPAY_LN000961_06,LN000961,2026-05-12,2026-05-12,300.5,208.33,92.17,0.0,successful
REPAY_LN000961_07,LN000961,2026-06-13,2026-06-13,300.5,208.33,92.17,0.0,successful
REPAY_LN000962_01,LN000962,2025-12-13,2025-12-13,1365.28,1111.11,254.17,0.0,successful
REPAY_LN000962_02,LN000962,2026-01-12,2026-01-12,1365.28,1111.11,254.17,0.0,successful
REPAY_LN000962_03,LN000962,2026-02-13,2026-02-13,1365.28,1111.11,254.17,0.0,successful
REPAY_LN000962_04,LN000962,2026-03-13,2026-03-13,1365.28,1111.11,254.17,0.0,successful
REPAY_LN000962_05,LN000962,2026-04-13,2026-04-13,1365.28,1111.11,254.17,0.0,successful
REPAY_LN000963_01,LN000963,2025-12-14,2025-12-14,3500.66,3333.33,167.33,0.0,successful
REPAY_LN000963_02,LN000963,2026-01-14,2026-01-14,3500.66,3333.33,167.33,0.0,successful
REPAY_LN000963_03,LN000963,2026-02-14,2026-02-14,3500.66,3333.33,167.33,0.0,successful
REPAY_LN000963_04,LN000963,2026-03-13,2026-03-13,3500.66,3333.33,167.33,0.0,successful
REPAY_LN000963_05,LN000963,2026-04-14,2026-04-14,3500.66,3333.33,167.33,0.0,successful
REPAY_LN000964_01,LN000964,2025-12-14,2025-12-14,585.84,444.44,141.4,0.0,successful
REPAY_LN000964_02,LN000964,2026-01-13,2026-01-13,585.84,444.44,141.4,0.0,successful
REPAY_LN000964_03,LN000964,2026-02-14,2026-02-14,585.84,444.44,141.4,0.0,successful
REPAY_LN000964_04,LN000964,2026-03-15,2026-03-15,585.84,444.44,141.4,0.0,successful
REPAY_LN000964_05,LN000964,2026-04-14,2026-04-14,585.84,444.44,141.4,0.0,successful
REPAY_LN000965_01,LN000965,2025-12-13,2025-12-13,1839.84,1666.67,173.17,0.0,successful
REPAY_LN000965_02,LN000965,2026-01-13,2026-01-13,1839.84,1666.67,173.17,0.0,successful
REPAY_LN000965_03,LN000965,2026-02-15,2026-02-15,1839.84,1666.67,173.17,0.0,successful
REPAY_LN000965_04,LN000965,2026-03-14,2026-03-14,1839.84,1666.67,173.17,0.0,successful
REPAY_LN000965_05_FAIL,LN000965,2026-04-14,2026-04-14,1839.84,1666.67,173.17,0.0,failed
REPAY_LN000966_01,LN000966,2025-12-14,2025-12-14,367.82,277.78,90.04,0.0,successful
REPAY_LN000966_02,LN000966,2026-01-13,2026-01-13,367.82,277.78,90.04,0.0,successful
REPAY_LN000966_03,LN000966,2026-02-13,2026-02-13,367.82,277.78,90.04,0.0,successful
REPAY_LN000966_04,LN000966,2026-03-14,2026-03-14,367.82,277.78,90.04,0.0,successful
REPAY_LN000966_05,LN000966,2026-04-13,2026-04-13,367.82,277.78,90.04,0.0,successful
REPAY_LN000966_06,LN000966,2026-05-14,2026-05-14,367.82,277.78,90.04,0.0,successful
REPAY_LN000967_01,LN000967,2025-12-16,2025-12-16,2763.38,2500.0,263.38,0.0,successful
REPAY_LN000967_02_FAIL,LN000967,2026-01-16,2026-01-16,2763.38,2500.0,263.38,0.0,failed
REPAY_LN000967_03_FAIL,LN000967,2026-02-17,2026-02-17,2763.38,2500.0,263.38,0.0,failed
REPAY_LN000968_01,LN000968,2025-12-15,2025-12-15,1520.0,1250.0,270.0,0.0,successful
REPAY_LN000968_02,LN000968,2026-01-15,2026-01-15,1520.0,1250.0,270.0,0.0,successful
REPAY_LN000968_03,LN000968,2026-02-15,2026-02-15,1520.0,1250.0,270.0,0.0,successful
REPAY_LN000968_04,LN000968,2026-03-15,2026-03-15,1520.0,1250.0,270.0,0.0,successful
REPAY_LN000968_05_FAIL,LN000968,2026-04-16,2026-04-16,1520.0,1250.0,270.0,0.0,failed
REPAY_LN000969_01,LN000969,2025-12-14,2025-12-14,884.83,833.33,51.5,0.0,successful
REPAY_LN000969_02,LN000969,2026-01-14,2026-01-14,884.83,833.33,51.5,0.0,successful
REPAY_LN000969_03,LN000969,2026-02-14,2026-02-14,884.83,833.33,51.5,0.0,successful
REPAY_LN000969_04,LN000969,2026-03-16,2026-03-16,884.83,833.33,51.5,0.0,successful
REPAY_LN000969_05,LN000969,2026-04-16,2026-04-16,884.83,833.33,51.5,0.0,successful
REPAY_LN000970_01,LN000970,2025-12-16,2025-12-16,2993.75,2500.0,493.75,0.0,successful
REPAY_LN000970_02,LN000970,2026-01-16,2026-01-16,2993.75,2500.0,493.75,0.0,successful
REPAY_LN000970_03,LN000970,2026-02-15,2026-02-15,2993.75,2500.0,493.75,0.0,successful
REPAY_LN000970_04,LN000970,2026-03-16,2026-03-16,2993.75,2500.0,493.75,0.0,successful
REPAY_LN000970_05,LN000970,2026-04-17,2026-04-17,2993.75,2500.0,493.75,0.0,successful
REPAY_LN000971_01,LN000971,2025-12-16,2025-12-16,1467.66,1333.33,134.33,0.0,successful
REPAY_LN000971_02,LN000971,2026-01-15,2026-01-15,1467.66,1333.33,134.33,0.0,successful
REPAY_LN000971_03,LN000971,2026-02-16,2026-02-16,1467.66,1333.33,134.33,0.0,successful
REPAY_LN000971_04,LN000971,2026-03-17,2026-03-17,1467.66,1333.33,134.33,0.0,successful
REPAY_LN000971_05,LN000971,2026-04-15,2026-04-15,1467.66,1333.33,134.33,0.0,successful
REPAY_LN000972_01,LN000972,2025-12-16,2025-12-16,269.89,222.22,47.67,0.0,successful
REPAY_LN000972_02,LN000972,2026-01-17,2026-01-17,269.89,222.22,47.67,0.0,successful
REPAY_LN000972_03,LN000972,2026-02-15,2026-02-15,269.89,222.22,47.67,0.0,successful
REPAY_LN000972_04,LN000972,2026-03-15,2026-03-15,269.89,222.22,47.67,0.0,successful
REPAY_LN000972_05,LN000972,2026-04-17,2026-04-17,269.89,222.22,47.67,0.0,successful
REPAY_LN000973_01,LN000973,2025-12-17,2025-12-17,1350.08,833.33,516.75,0.0,successful
REPAY_LN000973_02,LN000973,2026-01-16,2026-01-16,1350.08,833.33,516.75,0.0,successful
REPAY_LN000973_03,LN000973,2026-02-16,2026-02-16,1350.08,833.33,516.75,0.0,successful
REPAY_LN000973_04,LN000973,2026-03-17,2026-03-17,1350.08,833.33,516.75,0.0,successful
REPAY_LN000973_05,LN000973,2026-04-16,2026-04-16,1350.08,833.33,516.75,0.0,successful
REPAY_LN000973_06,LN000973,2026-05-16,2026-05-16,1350.08,833.33,516.75,0.0,successful
REPAY_LN000973_07,LN000973,2026-06-18,2026-06-18,1350.08,833.33,516.75,0.0,successful
REPAY_LN000973_08,LN000973,2026-07-17,2026-07-17,1350.08,833.33,516.75,0.0,successful
REPAY_LN000973_09,LN000973,2026-08-17,2026-08-17,1350.08,833.33,516.75,0.0,successful
REPAY_LN000973_10,LN000973,2026-09-17,2026-09-17,1350.08,833.33,516.75,0.0,successful
REPAY_LN000973_11,LN000973,2026-10-16,2026-10-16,1350.08,833.33,516.75,0.0,successful
REPAY_LN000973_12,LN000973,2026-11-16,2026-11-16,1350.08,833.33,516.75,0.0,successful
REPAY_LN000973_13,LN000973,2026-12-16,2026-12-16,1350.08,833.33,516.75,0.0,successful
REPAY_LN000974_01,LN000974,2025-12-17,2025-12-17,2245.67,1666.67,579.0,0.0,successful
REPAY_LN000974_02,LN000974,2026-01-16,2026-01-16,2245.67,1666.67,579.0,0.0,successful
REPAY_LN000974_03,LN000974,2026-02-17,2026-02-17,2245.67,1666.67,579.0,0.0,successful
REPAY_LN000974_04,LN000974,2026-03-16,2026-03-16,2245.67,1666.67,579.0,0.0,successful
REPAY_LN000974_05,LN000974,2026-04-17,2026-04-17,2245.67,1666.67,579.0,0.0,successful
REPAY_LN000975_01,LN000975,2025-12-18,2025-12-18,1096.83,833.33,263.5,0.0,successful
REPAY_LN000975_02,LN000975,2026-01-16,2026-01-16,1096.83,833.33,263.5,0.0,successful
REPAY_LN000975_03,LN000975,2026-02-17,2026-02-17,1096.83,833.33,263.5,0.0,successful
REPAY_LN000975_04,LN000975,2026-03-18,2026-03-18,1096.83,833.33,263.5,0.0,successful
REPAY_LN000975_05,LN000975,2026-04-18,2026-04-18,1096.83,833.33,263.5,0.0,successful
REPAY_LN000976_01,LN000976,2025-12-17,2025-12-17,945.0,833.33,111.67,0.0,successful
REPAY_LN000976_02,LN000976,2026-01-18,2026-01-18,945.0,833.33,111.67,0.0,successful
REPAY_LN000976_03,LN000976,2026-02-17,2026-02-17,945.0,833.33,111.67,0.0,successful
REPAY_LN000976_04,LN000976,2026-03-19,2026-03-19,945.0,833.33,111.67,0.0,successful
REPAY_LN000976_05,LN000976,2026-04-17,2026-04-17,945.0,833.33,111.67,0.0,successful
REPAY_LN000977_01,LN000977,2025-12-18,2025-12-18,2256.17,1666.67,589.5,0.0,successful
REPAY_LN000977_02,LN000977,2026-01-19,2026-01-19,2256.17,1666.67,589.5,0.0,successful
REPAY_LN000977_03,LN000977,2026-02-17,2026-02-17,2256.17,1666.67,589.5,0.0,successful
REPAY_LN000977_04,LN000977,2026-03-17,2026-03-17,2256.17,1666.67,589.5,0.0,successful
REPAY_LN000977_05,LN000977,2026-04-17,2026-04-17,2256.17,1666.67,589.5,0.0,successful
REPAY_LN000978_01,LN000978,2025-12-19,2025-12-19,1561.5,1250.0,311.5,0.0,successful
REPAY_LN000978_02,LN000978,2026-01-19,2026-01-19,1561.5,1250.0,311.5,0.0,successful
REPAY_LN000978_03,LN000978,2026-02-18,2026-02-18,1561.5,1250.0,311.5,0.0,successful
REPAY_LN000978_04,LN000978,2026-03-17,2026-03-17,1561.5,1250.0,311.5,0.0,successful
REPAY_LN000978_05,LN000978,2026-04-18,2026-04-18,1561.5,1250.0,311.5,0.0,successful
REPAY_LN000978_06,LN000978,2026-05-19,2026-05-19,1561.5,1250.0,311.5,0.0,successful
REPAY_LN000978_07,LN000978,2026-06-17,2026-06-17,1561.5,1250.0,311.5,0.0,successful
REPAY_LN000979_01,LN000979,2025-12-19,2025-12-19,5459.25,5000.0,459.25,0.0,successful
REPAY_LN000979_02,LN000979,2026-01-18,2026-01-18,5459.25,5000.0,459.25,0.0,successful
REPAY_LN000979_03,LN000979,2026-02-18,2026-02-18,5459.25,5000.0,459.25,0.0,successful
REPAY_LN000979_04,LN000979,2026-03-19,2026-03-19,5459.25,5000.0,459.25,0.0,successful
REPAY_LN000979_05,LN000979,2026-04-20,2026-04-20,5459.25,5000.0,459.25,0.0,successful
REPAY_LN000980_01,LN000980,2025-12-19,2025-12-19,1056.16,833.33,222.83,0.0,successful
REPAY_LN000980_02,LN000980,2026-01-19,2026-01-19,1056.16,833.33,222.83,0.0,successful
REPAY_LN000980_03,LN000980,2026-02-19,2026-02-19,1056.16,833.33,222.83,0.0,successful
REPAY_LN000980_04,LN000980,2026-03-18,2026-03-18,1056.16,833.33,222.83,0.0,successful
REPAY_LN000980_05,LN000980,2026-04-20,2026-04-20,1056.16,833.33,222.83,0.0,successful
REPAY_LN000981_01,LN000981,2025-12-20,2025-12-20,727.31,555.56,171.75,0.0,successful
REPAY_LN000981_02,LN000981,2026-01-18,2026-01-18,727.31,555.56,171.75,0.0,successful
REPAY_LN000981_03,LN000981,2026-02-20,2026-02-20,727.31,555.56,171.75,0.0,successful
REPAY_LN000981_04,LN000981,2026-03-19,2026-03-19,727.31,555.56,171.75,0.0,successful
REPAY_LN000981_05,LN000981,2026-04-20,2026-04-20,727.31,555.56,171.75,0.0,successful
REPAY_LN000982_01,LN000982,2025-12-18,2025-12-18,683.29,416.67,266.62,0.0,successful
REPAY_LN000982_02,LN000982,2026-01-20,2026-01-20,683.29,416.67,266.62,0.0,successful
REPAY_LN000982_03,LN000982,2026-02-18,2026-02-18,683.29,416.67,266.62,0.0,successful
REPAY_LN000982_04,LN000982,2026-03-19,2026-03-19,683.29,416.67,266.62,0.0,successful
REPAY_LN000982_05,LN000982,2026-04-18,2026-04-18,683.29,416.67,266.62,0.0,successful
REPAY_LN000983_01,LN000983,2025-12-21,2025-12-21,280.95,222.22,58.73,0.0,successful
REPAY_LN000983_02,LN000983,2026-01-20,2026-01-20,280.95,222.22,58.73,0.0,successful
REPAY_LN000983_03,LN000983,2026-02-21,2026-02-21,280.95,222.22,58.73,0.0,successful
REPAY_LN000983_04,LN000983,2026-03-19,2026-03-19,280.95,222.22,58.73,0.0,successful
REPAY_LN000983_05,LN000983,2026-04-20,2026-04-20,280.95,222.22,58.73,0.0,successful
REPAY_LN000984_01,LN000984,2025-12-19,2025-12-19,436.11,277.78,158.33,0.0,successful
REPAY_LN000984_02,LN000984,2026-01-21,2026-01-21,436.11,277.78,158.33,0.0,successful
REPAY_LN000984_03,LN000984,2026-02-19,2026-02-19,436.11,277.78,158.33,0.0,successful
REPAY_LN000984_04,LN000984,2026-03-21,2026-03-21,436.11,277.78,158.33,0.0,successful
REPAY_LN000984_05,LN000984,2026-04-21,2026-04-21,436.11,277.78,158.33,0.0,successful
REPAY_LN000985_01,LN000985,2025-12-20,2025-12-20,395.2,277.78,117.42,0.0,successful
REPAY_LN000985_02,LN000985,2026-01-20,2026-01-20,395.2,277.78,117.42,0.0,successful
REPAY_LN000985_03,LN000985,2026-02-19,2026-02-19,395.2,277.78,117.42,0.0,successful
REPAY_LN000985_04,LN000985,2026-03-21,2026-03-21,395.2,277.78,117.42,0.0,successful
REPAY_LN000985_05,LN000985,2026-04-21,2026-04-21,395.2,277.78,117.42,0.0,successful
REPAY_LN000986_01,LN000986,2025-12-21,2025-12-21,1404.33,1333.33,71.0,0.0,successful
REPAY_LN000986_02,LN000986,2026-01-21,2026-01-21,1404.33,1333.33,71.0,0.0,successful
REPAY_LN000986_03,LN000986,2026-02-21,2026-02-21,1404.33,1333.33,71.0,0.0,successful
REPAY_LN000986_04,LN000986,2026-03-21,2026-03-21,1404.33,1333.33,71.0,0.0,successful
REPAY_LN000986_05,LN000986,2026-04-20,2026-04-20,1404.33,1333.33,71.0,0.0,successful
REPAY_LN000987_01,LN000987,2025-12-20,2025-12-20,630.06,555.56,74.5,0.0,successful
REPAY_LN000987_02,LN000987,2026-01-20,2026-01-20,630.06,555.56,74.5,0.0,successful
REPAY_LN000987_03,LN000987,2026-02-20,2026-02-20,630.06,555.56,74.5,0.0,successful
REPAY_LN000987_04,LN000987,2026-03-21,2026-03-21,630.06,555.56,74.5,0.0,successful
REPAY_LN000987_05,LN000987,2026-04-20,2026-04-20,630.06,555.56,74.5,0.0,successful
REPAY_LN000988_01,LN000988,2025-12-20,2025-12-20,500.42,416.67,83.75,0.0,successful
REPAY_LN000988_02,LN000988,2026-01-20,2026-01-20,500.42,416.67,83.75,0.0,successful
REPAY_LN000988_03,LN000988,2026-02-21,2026-02-21,500.42,416.67,83.75,0.0,successful
REPAY_LN000988_04,LN000988,2026-03-22,2026-03-22,500.42,416.67,83.75,0.0,successful
REPAY_LN000988_05,LN000988,2026-04-21,2026-04-21,500.42,416.67,83.75,0.0,successful
REPAY_LN000989_01,LN000989,2025-12-23,2025-12-23,665.89,555.56,110.33,0.0,successful
REPAY_LN000989_02,LN000989,2026-01-23,2026-01-23,665.89,555.56,110.33,0.0,successful
REPAY_LN000989_03,LN000989,2026-02-21,2026-02-21,665.89,555.56,110.33,0.0,successful
REPAY_LN000989_04,LN000989,2026-03-21,2026-03-21,665.89,555.56,110.33,0.0,successful
REPAY_LN000989_05,LN000989,2026-04-21,2026-04-21,665.89,555.56,110.33,0.0,successful
REPAY_LN000990_01,LN000990,2025-12-22,2025-12-22,516.24,444.44,71.8,0.0,successful
REPAY_LN000990_02,LN000990,2026-01-22,2026-01-22,516.24,444.44,71.8,0.0,successful
REPAY_LN000990_03,LN000990,2026-02-21,2026-02-21,516.24,444.44,71.8,0.0,successful
REPAY_LN000990_04,LN000990,2026-03-22,2026-03-22,516.24,444.44,71.8,0.0,successful
REPAY_LN000990_05,LN000990,2026-04-22,2026-04-22,516.24,444.44,71.8,0.0,successful
REPAY_LN000991_01,LN000991,2025-12-23,2025-12-23,2913.25,2500.0,413.25,0.0,successful
REPAY_LN000991_02,LN000991,2026-01-22,2026-01-22,2913.25,2500.0,413.25,0.0,successful
REPAY_LN000991_03,LN000991,2026-02-23,2026-02-23,2913.25,2500.0,413.25,0.0,successful
REPAY_LN000991_04,LN000991,2026-03-21,2026-03-21,2913.25,2500.0,413.25,0.0,successful
REPAY_LN000991_05,LN000991,2026-04-22,2026-04-22,2913.25,2500.0,413.25,0.0,successful
REPAY_LN000992_01,LN000992,2025-12-24,2025-12-24,603.25,416.67,186.58,0.0,successful
REPAY_LN000992_02,LN000992,2026-01-23,2026-01-23,603.25,416.67,186.58,0.0,successful
REPAY_LN000992_03,LN000992,2026-02-24,2026-02-24,603.25,416.67,186.58,0.0,successful
REPAY_LN000992_04,LN000992,2026-03-24,2026-03-24,603.25,416.67,186.58,0.0,successful
REPAY_LN000992_05,LN000992,2026-04-23,2026-04-23,603.25,416.67,186.58,0.0,successful
REPAY_LN000993_01,LN000993,2025-12-22,2025-12-22,1789.34,1666.67,122.67,0.0,successful
REPAY_LN000993_02,LN000993,2026-01-24,2026-01-24,1789.34,1666.67,122.67,0.0,successful
REPAY_LN000993_03,LN000993,2026-02-22,2026-02-22,1789.34,1666.67,122.67,0.0,successful
REPAY_LN000993_04,LN000993,2026-03-23,2026-03-23,1789.34,1666.67,122.67,0.0,successful
REPAY_LN000993_05,LN000993,2026-04-23,2026-04-23,1789.34,1666.67,122.67,0.0,successful
REPAY_LN000994_01,LN000994,2025-12-23,2025-12-23,695.56,555.56,140.0,0.0,successful
REPAY_LN000994_02,LN000994,2026-01-24,2026-01-24,695.56,555.56,140.0,0.0,successful
REPAY_LN000994_03,LN000994,2026-02-25,2026-02-25,695.56,555.56,140.0,0.0,successful
REPAY_LN000994_04,LN000994,2026-03-23,2026-03-23,695.56,555.56,140.0,0.0,successful
REPAY_LN000994_05,LN000994,2026-04-24,2026-04-24,695.56,555.56,140.0,0.0,successful
REPAY_LN000995_01,LN000995,2025-12-24,2025-12-24,545.31,444.44,100.87,0.0,successful
REPAY_LN000995_02,LN000995,2026-01-23,2026-01-23,545.31,444.44,100.87,0.0,successful
REPAY_LN000995_03,LN000995,2026-02-25,2026-02-25,545.31,444.44,100.87,0.0,successful
REPAY_LN000995_04,LN000995,2026-03-23,2026-03-23,545.31,444.44,100.87,0.0,successful
REPAY_LN000995_05,LN000995,2026-04-24,2026-04-24,545.31,444.44,100.87,0.0,successful
REPAY_LN000996_01,LN000996,2025-12-24,2025-12-24,414.26,333.33,80.93,0.0,successful
REPAY_LN000996_02,LN000996,2026-01-23,2026-01-23,414.26,333.33,80.93,0.0,successful
REPAY_LN000996_03,LN000996,2026-02-25,2026-02-25,414.26,333.33,80.93,0.0,successful
REPAY_LN000996_04,LN000996,2026-03-25,2026-03-25,414.26,333.33,80.93,0.0,successful
REPAY_LN000996_05,LN000996,2026-04-25,2026-04-25,414.26,333.33,80.93,0.0,successful
REPAY_LN000997_01,LN000997,2025-12-24,2025-12-24,377.66,277.78,99.88,0.0,successful
REPAY_LN000997_02,LN000997,2026-01-26,2026-01-26,377.66,277.78,99.88,0.0,successful
REPAY_LN000997_03,LN000997,2026-02-26,2026-02-26,377.66,277.78,99.88,0.0,successful
REPAY_LN000997_04,LN000997,2026-03-26,2026-03-26,377.66,277.78,99.88,0.0,successful
REPAY_LN000997_05,LN000997,2026-04-26,2026-04-26,377.66,277.78,99.88,0.0,successful
REPAY_LN000998_01,LN000998,2025-12-25,2025-12-25,2255.67,1666.67,589.0,0.0,successful
REPAY_LN000998_02,LN000998,2026-01-24,2026-01-24,2255.67,1666.67,589.0,0.0,successful
REPAY_LN000998_03,LN000998,2026-02-24,2026-02-24,2255.67,1666.67,589.0,0.0,successful
REPAY_LN000998_04,LN000998,2026-03-26,2026-03-26,2255.67,1666.67,589.0,0.0,successful
REPAY_LN000998_05,LN000998,2026-04-24,2026-04-24,2255.67,1666.67,589.0,0.0,successful
REPAY_LN000999_01,LN000999,2025-12-24,2025-12-24,341.36,277.78,63.58,0.0,successful
REPAY_LN000999_02,LN000999,2026-01-25,2026-01-25,341.36,277.78,63.58,0.0,successful
REPAY_LN000999_03,LN000999,2026-02-24,2026-02-24,341.36,277.78,63.58,0.0,successful
REPAY_LN000999_04,LN000999,2026-03-25,2026-03-25,341.36,277.78,63.58,0.0,successful
REPAY_LN000999_05,LN000999,2026-04-24,2026-04-24,341.36,277.78,63.58,0.0,successful
REPAY_LN001000_01,LN001000,2025-12-25,2025-12-25,917.33,833.33,84.0,0.0,successful
REPAY_LN001000_02,LN001000,2026-01-26,2026-01-26,917.33,833.33,84.0,0.0,successful
REPAY_LN001000_03,LN001000,2026-02-26,2026-02-26,917.33,833.33,84.0,0.0,successful
REPAY_LN001000_04,LN001000,2026-03-25,2026-03-25,917.33,833.33,84.0,0.0,successful
REPAY_LN001000_05_FAIL,LN001000,2026-04-27,2026-04-27,917.33,833.33,84.0,0.0,failed
REPAY_LN001001_01,LN001001,2025-12-26,2025-12-26,713.27,666.67,46.6,0.0,successful
REPAY_LN001001_02,LN001001,2026-01-26,2026-01-26,713.27,666.67,46.6,0.0,successful
REPAY_LN001001_03,LN001001,2026-02-26,2026-02-26,713.27,666.67,46.6,0.0,successful
REPAY_LN001001_04,LN001001,2026-03-26,2026-03-26,713.27,666.67,46.6,0.0,successful
REPAY_LN001001_05,LN001001,2026-04-27,2026-04-27,713.27,666.67,46.6,0.0,successful
REPAY_LN001002_01,LN001002,2025-12-26,2025-12-26,406.33,333.33,73.0,0.0,successful
REPAY_LN001002_02,LN001002,2026-01-26,2026-01-26,406.33,333.33,73.0,0.0,successful
REPAY_LN001002_03,LN001002,2026-02-26,2026-02-26,406.33,333.33,73.0,0.0,successful
REPAY_LN001002_04,LN001002,2026-03-26,2026-03-26,406.33,333.33,73.0,0.0,successful
REPAY_LN001002_05,LN001002,2026-04-25,2026-04-25,406.33,333.33,73.0,0.0,successful
REPAY_LN001003_01,LN001003,2025-12-28,2025-12-28,786.07,666.67,119.4,0.0,successful
REPAY_LN001003_02,LN001003,2026-01-26,2026-01-26,786.07,666.67,119.4,0.0,successful
REPAY_LN001003_03,LN001003,2026-02-28,2026-02-28,786.07,666.67,119.4,0.0,successful
REPAY_LN001003_04,LN001003,2026-03-27,2026-03-27,786.07,666.67,119.4,0.0,successful
REPAY_LN001003_05,LN001003,2026-04-27,2026-04-27,786.07,666.67,119.4,0.0,successful
REPAY_LN001004_01,LN001004,2025-12-28,2025-12-28,504.55,416.67,87.88,0.0,successful
REPAY_LN001004_02,LN001004,2026-01-26,2026-01-26,504.55,416.67,87.88,0.0,successful
REPAY_LN001004_03,LN001004,2026-02-28,2026-02-28,504.55,416.67,87.88,0.0,successful
REPAY_LN001004_04,LN001004,2026-03-27,2026-03-27,504.55,416.67,87.88,0.0,successful
REPAY_LN001004_05,LN001004,2026-04-26,2026-04-26,504.55,416.67,87.88,0.0,successful
REPAY_LN001004_06,LN001004,2026-05-28,2026-05-28,504.55,416.67,87.88,0.0,successful
REPAY_LN001004_07,LN001004,2026-06-28,2026-06-28,504.55,416.67,87.88,0.0,successful
REPAY_LN001004_08,LN001004,2026-07-26,2026-07-26,504.55,416.67,87.88,0.0,successful
REPAY_LN001004_09,LN001004,2026-08-28,2026-08-28,504.55,416.67,87.88,0.0,successful
REPAY_LN001004_10,LN001004,2026-09-27,2026-09-27,504.55,416.67,87.88,0.0,successful
REPAY_LN001004_11,LN001004,2026-10-26,2026-10-26,504.55,416.67,87.88,0.0,successful
REPAY_LN001005_01,LN001005,2025-12-29,2025-12-29,652.67,416.67,236.0,0.0,successful
REPAY_LN001005_02,LN001005,2026-01-28,2026-01-28,652.67,416.67,236.0,0.0,successful
REPAY_LN001005_03,LN001005,2026-03-01,2026-03-01,652.67,416.67,236.0,0.0,successful
REPAY_LN001005_04,LN001005,2026-03-27,2026-03-27,652.67,416.67,236.0,0.0,successful
REPAY_LN001005_05,LN001005,2026-04-29,2026-04-29,652.67,416.67,236.0,0.0,successful
REPAY_LN001006_01,LN001006,2025-12-29,2025-12-29,2042.17,1666.67,375.5,0.0,successful
REPAY_LN001006_02,LN001006,2026-01-29,2026-01-29,2042.17,1666.67,375.5,0.0,successful
REPAY_LN001006_03,LN001006,2026-02-28,2026-02-28,2042.17,1666.67,375.5,0.0,successful
REPAY_LN001006_04,LN001006,2026-03-28,2026-03-28,2042.17,1666.67,375.5,0.0,successful
REPAY_LN001006_05,LN001006,2026-04-29,2026-04-29,2042.17,1666.67,375.5,0.0,successful
REPAY_LN001007_01,LN001007,2025-12-29,2025-12-29,857.06,555.56,301.5,0.0,successful
REPAY_LN001007_02,LN001007,2026-01-27,2026-01-27,857.06,555.56,301.5,0.0,successful
REPAY_LN001007_03,LN001007,2026-03-01,2026-03-01,857.06,555.56,301.5,0.0,successful
REPAY_LN001007_04,LN001007,2026-03-27,2026-03-27,857.06,555.56,301.5,0.0,successful
REPAY_LN001007_05,LN001007,2026-04-28,2026-04-28,857.06,555.56,301.5,0.0,successful
REPAY_LN001008_01,LN001008,2025-12-29,2025-12-29,1440.62,1250.0,190.62,0.0,successful
REPAY_LN001008_02,LN001008,2026-01-27,2026-01-27,1440.62,1250.0,190.62,0.0,successful
REPAY_LN001008_03,LN001008,2026-02-28,2026-02-28,1440.62,1250.0,190.62,0.0,successful
REPAY_LN001008_04,LN001008,2026-03-27,2026-03-27,1440.62,1250.0,190.62,0.0,successful
REPAY_LN001008_05,LN001008,2026-04-28,2026-04-28,1440.62,1250.0,190.62,0.0,successful
REPAY_LN001009_01,LN001009,2025-12-30,2025-12-30,1151.5,833.33,318.17,0.0,successful
REPAY_LN001009_02,LN001009,2026-01-28,2026-01-28,1151.5,833.33,318.17,0.0,successful
REPAY_LN001009_03,LN001009,2026-03-01,2026-03-01,1151.5,833.33,318.17,0.0,successful
REPAY_LN001009_04,LN001009,2026-03-28,2026-03-28,1151.5,833.33,318.17,0.0,successful
REPAY_LN001009_05,LN001009,2026-04-28,2026-04-28,1151.5,833.33,318.17,0.0,successful
REPAY_LN001009_06,LN001009,2026-05-30,2026-05-30,1151.5,833.33,318.17,0.0,successful
REPAY_LN001009_07,LN001009,2026-06-30,2026-06-30,1151.5,833.33,318.17,0.0,successful
REPAY_LN001010_01,LN001010,2025-12-30,2025-12-30,296.37,208.33,88.04,0.0,successful
REPAY_LN001010_02,LN001010,2026-01-29,2026-01-29,296.37,208.33,88.04,0.0,successful
REPAY_LN001010_03,LN001010,2026-03-02,2026-03-02,296.37,208.33,88.04,0.0,successful
REPAY_LN001010_04,LN001010,2026-03-28,2026-03-28,296.37,208.33,88.04,0.0,successful
REPAY_LN001010_05,LN001010,2026-04-29,2026-04-29,296.37,208.33,88.04,0.0,successful
REPAY_LN001011_01,LN001011,2025-12-30,2025-12-30,924.5,833.33,91.17,0.0,successful
REPAY_LN001011_02,LN001011,2026-01-28,2026-01-28,924.5,833.33,91.17,0.0,successful
REPAY_LN001011_03,LN001011,2026-02-28,2026-02-28,924.5,833.33,91.17,0.0,successful
REPAY_LN001011_04,LN001011,2026-03-29,2026-03-29,924.5,833.33,91.17,0.0,successful
REPAY_LN001011_05,LN001011,2026-04-28,2026-04-28,924.5,833.33,91.17,0.0,successful
REPAY_LN001012_01,LN001012,2025-12-29,2025-12-29,1969.17,1666.67,302.5,0.0,successful
REPAY_LN001012_02,LN001012,2026-01-31,2026-01-31,1969.17,1666.67,302.5,0.0,successful
REPAY_LN001012_03_FAIL,LN001012,2026-03-04,2026-03-04,1969.17,1666.67,302.5,0.0,failed
REPAY_LN001012_04_FAIL,LN001012,2026-04-02,2026-04-02,1969.17,1666.67,302.5,0.0,failed
REPAY_LN001013_01,LN001013,2025-12-30,2025-12-30,343.35,222.22,121.13,0.0,successful
REPAY_LN001013_02,LN001013,2026-01-29,2026-01-29,343.35,222.22,121.13,0.0,successful
REPAY_LN001013_03,LN001013,2026-03-01,2026-03-01,343.35,222.22,121.13,0.0,successful
REPAY_LN001013_04,LN001013,2026-03-30,2026-03-30,343.35,222.22,121.13,0.0,successful
REPAY_LN001013_05,LN001013,2026-04-30,2026-04-30,343.35,222.22,121.13,0.0,successful
REPAY_LN001013_06,LN001013,2026-05-31,2026-05-31,343.35,222.22,121.13,0.0,successful
REPAY_LN001013_07,LN001013,2026-07-01,2026-07-01,343.35,222.22,121.13,0.0,successful
REPAY_LN001013_08,LN001013,2026-07-31,2026-07-31,343.35,222.22,121.13,0.0,successful
REPAY_LN001013_09,LN001013,2026-08-31,2026-08-31,343.35,222.22,121.13,0.0,successful
REPAY_LN001014_01,LN001014,2025-12-29,2025-12-29,568.92,416.67,152.25,0.0,successful
REPAY_LN001014_02,LN001014,2026-01-29,2026-01-29,568.92,416.67,152.25,0.0,successful
REPAY_LN001014_03,LN001014,2026-03-02,2026-03-02,568.92,416.67,152.25,0.0,successful
REPAY_LN001014_04,LN001014,2026-03-31,2026-03-31,568.92,416.67,152.25,0.0,successful
REPAY_LN001014_05,LN001014,2026-04-29,2026-04-29,568.92,416.67,152.25,0.0,successful
REPAY_LN001015_01,LN001015,2025-12-31,2025-12-31,791.07,666.67,124.4,0.0,successful
REPAY_LN001015_02,LN001015,2026-01-31,2026-01-31,791.07,666.67,124.4,0.0,successful
REPAY_LN001015_03,LN001015,2026-03-02,2026-03-02,791.07,666.67,124.4,0.0,successful
REPAY_LN001015_04,LN001015,2026-03-31,2026-03-31,791.07,666.67,124.4,0.0,successful
REPAY_LN001015_05,LN001015,2026-05-02,2026-05-02,791.07,666.67,124.4,0.0,successful
REPAY_LN001016_01,LN001016,2025-12-30,2025-12-30,2719.12,2500.0,219.12,0.0,successful
REPAY_LN001016_02_FAIL,LN001016,2026-02-03,2026-02-03,2719.12,2500.0,219.12,0.0,failed
REPAY_LN001016_03_FAIL,LN001016,2026-03-02,2026-03-02,2719.12,2500.0,219.12,0.0,failed
REPAY_LN001017_01,LN001017,2025-12-30,2025-12-30,1911.17,1666.67,244.5,0.0,successful
REPAY_LN001017_02,LN001017,2026-01-31,2026-01-31,1911.17,1666.67,244.5,0.0,successful
REPAY_LN001017_03,LN001017,2026-02-28,2026-02-28,1911.17,1666.67,244.5,0.0,successful
REPAY_LN001017_04,LN001017,2026-03-30,2026-03-30,1911.17,1666.67,244.5,0.0,successful
REPAY_LN001017_05,LN001017,2026-05-02,2026-05-02,1911.17,1666.67,244.5,0.0,successful
REPAY_LN001018_01,LN001018,2026-01-01,2026-01-01,3707.83,3333.33,374.5,0.0,successful
REPAY_LN001018_02,LN001018,2026-01-30,2026-01-30,3707.83,3333.33,374.5,0.0,successful
REPAY_LN001018_03,LN001018,2026-03-01,2026-03-01,3707.83,3333.33,374.5,0.0,successful
REPAY_LN001018_04,LN001018,2026-03-31,2026-03-31,3707.83,3333.33,374.5,0.0,successful
REPAY_LN001018_05,LN001018,2026-05-02,2026-05-02,3707.83,3333.33,374.5,0.0,successful
REPAY_LN001019_01,LN001019,2026-01-03,2026-01-03,1813.59,1666.67,146.92,0.0,successful
REPAY_LN001019_02,LN001019,2026-02-02,2026-02-02,1813.59,1666.67,146.92,0.0,successful
REPAY_LN001019_03,LN001019,2026-03-02,2026-03-02,1813.59,1666.67,146.92,0.0,successful
REPAY_LN001019_04,LN001019,2026-04-02,2026-04-02,1813.59,1666.67,146.92,0.0,successful
REPAY_LN001019_05,LN001019,2026-05-03,2026-05-03,1813.59,1666.67,146.92,0.0,successful
REPAY_LN001020_01,LN001020,2026-01-02,2026-01-02,464.53,277.78,186.75,0.0,successful
REPAY_LN001020_02,LN001020,2026-02-03,2026-02-03,464.53,277.78,186.75,0.0,successful
REPAY_LN001020_03,LN001020,2026-03-01,2026-03-01,464.53,277.78,186.75,0.0,successful
REPAY_LN001020_04,LN001020,2026-04-01,2026-04-01,464.53,277.78,186.75,0.0,successful
REPAY_LN001020_05,LN001020,2026-05-01,2026-05-01,464.53,277.78,186.75,0.0,successful
REPAY_LN001021_01,LN001021,2026-01-02,2026-01-02,742.07,666.67,75.4,0.0,successful
REPAY_LN001021_02,LN001021,2026-02-03,2026-02-03,742.07,666.67,75.4,0.0,successful
REPAY_LN001021_03,LN001021,2026-03-02,2026-03-02,742.07,666.67,75.4,0.0,successful
REPAY_LN001021_04,LN001021,2026-04-03,2026-04-03,742.07,666.67,75.4,0.0,successful
REPAY_LN001021_05,LN001021,2026-05-02,2026-05-02,742.07,666.67,75.4,0.0,successful
REPAY_LN001022_01,LN001022,2026-01-02,2026-01-02,231.06,138.89,92.17,0.0,successful
REPAY_LN001022_02,LN001022,2026-02-04,2026-02-04,231.06,138.89,92.17,0.0,successful
REPAY_LN001022_03,LN001022,2026-03-03,2026-03-03,231.06,138.89,92.17,0.0,successful
REPAY_LN001022_04,LN001022,2026-04-04,2026-04-04,231.06,138.89,92.17,0.0,successful
REPAY_LN001022_05,LN001022,2026-05-04,2026-05-04,231.06,138.89,92.17,0.0,successful
REPAY_LN001023_01,LN001023,2026-01-03,2026-01-03,614.42,416.67,197.75,0.0,successful
REPAY_LN001023_02,LN001023,2026-02-03,2026-02-03,614.42,416.67,197.75,0.0,successful
REPAY_LN001023_03,LN001023,2026-03-04,2026-03-04,614.42,416.67,197.75,0.0,successful
REPAY_LN001023_04,LN001023,2026-04-04,2026-04-04,614.42,416.67,197.75,0.0,successful
REPAY_LN001023_05,LN001023,2026-05-02,2026-05-02,614.42,416.67,197.75,0.0,successful
REPAY_LN001024_01,LN001024,2026-01-02,2026-01-02,742.38,625.0,117.38,0.0,successful
REPAY_LN001024_02,LN001024,2026-02-02,2026-02-02,742.38,625.0,117.38,0.0,successful
REPAY_LN001024_03,LN001024,2026-03-04,2026-03-04,742.38,625.0,117.38,0.0,successful
REPAY_LN001024_04,LN001024,2026-04-02,2026-04-02,742.38,625.0,117.38,0.0,successful
REPAY_LN001024_05,LN001024,2026-05-04,2026-05-04,742.38,625.0,117.38,0.0,successful
REPAY_LN001024_06,LN001024,2026-06-04,2026-06-04,742.38,625.0,117.38,0.0,successful
REPAY_LN001024_07,LN001024,2026-07-03,2026-07-03,742.38,625.0,117.38,0.0,successful
REPAY_LN001024_08,LN001024,2026-08-04,2026-08-04,742.38,625.0,117.38,0.0,successful
REPAY_LN001025_01,LN001025,2026-01-05,2026-01-05,310.82,277.78,33.04,0.0,successful
REPAY_LN001025_02,LN001025,2026-02-03,2026-02-03,310.82,277.78,33.04,0.0,successful
REPAY_LN001025_03,LN001025,2026-03-05,2026-03-05,310.82,277.78,33.04,0.0,successful
REPAY_LN001025_04,LN001025,2026-04-05,2026-04-05,310.82,277.78,33.04,0.0,successful
REPAY_LN001025_05,LN001025,2026-05-04,2026-05-04,310.82,277.78,33.04,0.0,successful
REPAY_LN001026_01,LN001026,2026-01-04,2026-01-04,737.5,625.0,112.5,0.0,successful
REPAY_LN001026_02,LN001026,2026-02-03,2026-02-03,737.5,625.0,112.5,0.0,successful
REPAY_LN001026_03,LN001026,2026-03-03,2026-03-03,737.5,625.0,112.5,0.0,successful
REPAY_LN001026_04,LN001026,2026-04-04,2026-04-04,737.5,625.0,112.5,0.0,successful
REPAY_LN001026_05,LN001026,2026-05-04,2026-05-04,737.5,625.0,112.5,0.0,successful
REPAY_LN001027_01,LN001027,2026-01-05,2026-01-05,469.13,416.67,52.46,0.0,successful
REPAY_LN001027_02,LN001027,2026-02-03,2026-02-03,469.13,416.67,52.46,0.0,successful
REPAY_LN001027_03,LN001027,2026-03-03,2026-03-03,469.13,416.67,52.46,0.0,successful
REPAY_LN001027_04,LN001027,2026-04-05,2026-04-05,469.13,416.67,52.46,0.0,successful
REPAY_LN001027_05,LN001027,2026-05-05,2026-05-05,469.13,416.67,52.46,0.0,successful
REPAY_LN001028_01,LN001028,2026-01-04,2026-01-04,428.0,333.33,94.67,0.0,successful
REPAY_LN001028_02,LN001028,2026-02-05,2026-02-05,428.0,333.33,94.67,0.0,successful
REPAY_LN001028_03,LN001028,2026-03-05,2026-03-05,428.0,333.33,94.67,0.0,successful
REPAY_LN001028_04,LN001028,2026-04-06,2026-04-06,428.0,333.33,94.67,0.0,successful
REPAY_LN001028_05,LN001028,2026-05-04,2026-05-04,428.0,333.33,94.67,0.0,successful
REPAY_LN001029_01,LN001029,2026-01-06,2026-01-06,1266.11,1111.11,155.0,0.0,successful
REPAY_LN001029_02,LN001029,2026-02-05,2026-02-05,1266.11,1111.11,155.0,0.0,successful
REPAY_LN001029_03,LN001029,2026-03-05,2026-03-05,1266.11,1111.11,155.0,0.0,successful
REPAY_LN001029_04,LN001029,2026-04-06,2026-04-06,1266.11,1111.11,155.0,0.0,successful
REPAY_LN001029_05,LN001029,2026-05-05,2026-05-05,1266.11,1111.11,155.0,0.0,successful
REPAY_LN001030_01,LN001030,2026-01-04,2026-01-04,725.31,555.56,169.75,0.0,successful
REPAY_LN001030_02,LN001030,2026-02-06,2026-02-06,725.31,555.56,169.75,0.0,successful
REPAY_LN001030_03,LN001030,2026-03-06,2026-03-06,725.31,555.56,169.75,0.0,successful
REPAY_LN001030_04,LN001030,2026-04-06,2026-04-06,725.31,555.56,169.75,0.0,successful
REPAY_LN001030_05,LN001030,2026-05-05,2026-05-05,725.31,555.56,169.75,0.0,successful
REPAY_LN001031_01,LN001031,2026-01-04,2026-01-04,841.88,625.0,216.88,0.0,successful
REPAY_LN001031_02,LN001031,2026-02-06,2026-02-06,841.88,625.0,216.88,0.0,successful
REPAY_LN001031_03,LN001031,2026-03-06,2026-03-06,841.88,625.0,216.88,0.0,successful
REPAY_LN001031_04,LN001031,2026-04-05,2026-04-05,841.88,625.0,216.88,0.0,successful
REPAY_LN001031_05,LN001031,2026-05-04,2026-05-04,841.88,625.0,216.88,0.0,successful
REPAY_LN001032_01,LN001032,2026-01-07,2026-01-07,375.09,222.22,152.87,0.0,successful
REPAY_LN001032_02,LN001032,2026-02-06,2026-02-06,375.09,222.22,152.87,0.0,successful
REPAY_LN001032_03,LN001032,2026-03-07,2026-03-07,375.09,222.22,152.87,0.0,successful
REPAY_LN001032_04,LN001032,2026-04-06,2026-04-06,375.09,222.22,152.87,0.0,successful
REPAY_LN001033_01,LN001033,2026-01-05,2026-01-05,2590.12,2500.0,90.12,0.0,successful
REPAY_LN001033_02,LN001033,2026-02-06,2026-02-06,2590.12,2500.0,90.12,0.0,successful
REPAY_LN001033_03,LN001033,2026-03-07,2026-03-07,2590.12,2500.0,90.12,0.0,successful
REPAY_LN001033_04,LN001033,2026-04-07,2026-04-07,2590.12,2500.0,90.12,0.0,successful
REPAY_LN001034_01,LN001034,2026-01-06,2026-01-06,460.96,416.67,44.29,0.0,successful
REPAY_LN001034_02,LN001034,2026-02-05,2026-02-05,460.96,416.67,44.29,0.0,successful
REPAY_LN001034_03,LN001034,2026-03-05,2026-03-05,460.96,416.67,44.29,0.0,successful
REPAY_LN001034_04,LN001034,2026-04-07,2026-04-07,460.96,416.67,44.29,0.0,successful
REPAY_LN001035_01,LN001035,2026-01-08,2026-01-08,309.95,277.78,32.17,0.0,successful
REPAY_LN001035_02,LN001035,2026-02-07,2026-02-07,309.95,277.78,32.17,0.0,successful
REPAY_LN001035_03,LN001035,2026-03-07,2026-03-07,309.95,277.78,32.17,0.0,successful
REPAY_LN001035_04,LN001035,2026-04-07,2026-04-07,309.95,277.78,32.17,0.0,successful
REPAY_LN001036_01,LN001036,2026-01-06,2026-01-06,2657.5,2500.0,157.5,0.0,successful
REPAY_LN001036_02,LN001036,2026-02-06,2026-02-06,2657.5,2500.0,157.5,0.0,successful
REPAY_LN001036_03,LN001036,2026-03-08,2026-03-08,2657.5,2500.0,157.5,0.0,successful
REPAY_LN001036_04,LN001036,2026-04-08,2026-04-08,2657.5,2500.0,157.5,0.0,successful
REPAY_LN001037_01,LN001037,2026-01-08,2026-01-08,224.31,138.89,85.42,0.0,successful
REPAY_LN001037_02,LN001037,2026-02-07,2026-02-07,224.31,138.89,85.42,0.0,successful
REPAY_LN001037_03,LN001037,2026-03-06,2026-03-06,224.31,138.89,85.42,0.0,successful
REPAY_LN001037_04,LN001037,2026-04-08,2026-04-08,224.31,138.89,85.42,0.0,successful
REPAY_LN001038_01,LN001038,2026-01-09,2026-01-09,1791.84,1666.67,125.17,0.0,successful
REPAY_LN001038_02,LN001038,2026-02-09,2026-02-09,1791.84,1666.67,125.17,0.0,successful
REPAY_LN001038_03,LN001038,2026-03-09,2026-03-09,1791.84,1666.67,125.17,0.0,successful
REPAY_LN001038_04,LN001038,2026-04-09,2026-04-09,1791.84,1666.67,125.17,0.0,successful
REPAY_LN001039_01,LN001039,2026-01-09,2026-01-09,3722.66,3333.33,389.33,0.0,successful
REPAY_LN001039_02_FAIL,LN001039,2026-02-08,2026-02-08,3722.66,3333.33,389.33,0.0,failed
REPAY_LN001039_03_FAIL,LN001039,2026-03-11,2026-03-11,3722.66,3333.33,389.33,0.0,failed
REPAY_LN001040_01,LN001040,2026-01-08,2026-01-08,358.36,277.78,80.58,0.0,successful
REPAY_LN001040_02,LN001040,2026-02-07,2026-02-07,358.36,277.78,80.58,0.0,successful
REPAY_LN001040_03,LN001040,2026-03-08,2026-03-08,358.36,277.78,80.58,0.0,successful
REPAY_LN001040_04,LN001040,2026-04-07,2026-04-07,358.36,277.78,80.58,0.0,successful
REPAY_LN001041_01,LN001041,2026-01-08,2026-01-08,585.29,416.67,168.62,0.0,successful
REPAY_LN001041_02,LN001041,2026-02-10,2026-02-10,585.29,416.67,168.62,0.0,successful
REPAY_LN001041_03,LN001041,2026-03-08,2026-03-08,585.29,416.67,168.62,0.0,successful
REPAY_LN001041_04,LN001041,2026-04-08,2026-04-08,585.29,416.67,168.62,0.0,successful
REPAY_LN001042_01,LN001042,2026-01-10,2026-01-10,1381.73,1333.33,48.4,0.0,successful
REPAY_LN001042_02,LN001042,2026-02-09,2026-02-09,1381.73,1333.33,48.4,0.0,successful
REPAY_LN001042_03,LN001042,2026-03-10,2026-03-10,1381.73,1333.33,48.4,0.0,successful
REPAY_LN001042_04,LN001042,2026-04-10,2026-04-10,1381.73,1333.33,48.4,0.0,successful
REPAY_LN001043_01,LN001043,2026-01-09,2026-01-09,291.49,222.22,69.27,0.0,successful
REPAY_LN001043_02,LN001043,2026-02-08,2026-02-08,291.49,222.22,69.27,0.0,successful
REPAY_LN001043_03,LN001043,2026-03-08,2026-03-08,291.49,222.22,69.27,0.0,successful
REPAY_LN001043_04,LN001043,2026-04-10,2026-04-10,291.49,222.22,69.27,0.0,successful
REPAY_LN001043_05,LN001043,2026-05-10,2026-05-10,291.49,222.22,69.27,0.0,successful
REPAY_LN001043_06,LN001043,2026-06-08,2026-06-08,291.49,222.22,69.27,0.0,successful
REPAY_LN001043_07,LN001043,2026-07-08,2026-07-08,291.49,222.22,69.27,0.0,successful
REPAY_LN001043_08,LN001043,2026-08-08,2026-08-08,291.49,222.22,69.27,0.0,successful
REPAY_LN001043_09,LN001043,2026-09-09,2026-09-09,291.49,222.22,69.27,0.0,successful
REPAY_LN001043_10,LN001043,2026-10-09,2026-10-09,291.49,222.22,69.27,0.0,successful
REPAY_LN001044_01,LN001044,2026-01-10,2026-01-10,937.41,833.33,104.08,0.0,successful
REPAY_LN001044_02,LN001044,2026-02-11,2026-02-11,937.41,833.33,104.08,0.0,successful
REPAY_LN001044_03,LN001044,2026-03-09,2026-03-09,937.41,833.33,104.08,0.0,successful
REPAY_LN001044_04,LN001044,2026-04-09,2026-04-09,937.41,833.33,104.08,0.0,successful
REPAY_LN001045_01,LN001045,2026-01-11,2026-01-11,1224.08,833.33,390.75,0.0,successful
REPAY_LN001045_02,LN001045,2026-02-09,2026-02-09,1224.08,833.33,390.75,0.0,successful
REPAY_LN001045_03,LN001045,2026-03-11,2026-03-11,1224.08,833.33,390.75,0.0,successful
REPAY_LN001045_04,LN001045,2026-04-11,2026-04-11,1224.08,833.33,390.75,0.0,successful
REPAY_LN001046_01,LN001046,2026-01-11,2026-01-11,1036.83,833.33,203.5,0.0,successful
REPAY_LN001046_02,LN001046,2026-02-10,2026-02-10,1036.83,833.33,203.5,0.0,successful
REPAY_LN001046_03,LN001046,2026-03-11,2026-03-11,1036.83,833.33,203.5,0.0,successful
REPAY_LN001046_04,LN001046,2026-04-11,2026-04-11,1036.83,833.33,203.5,0.0,successful
REPAY_LN001047_01,LN001047,2026-01-12,2026-01-12,736.54,666.67,69.87,0.0,successful
REPAY_LN001047_02,LN001047,2026-02-11,2026-02-11,736.54,666.67,69.87,0.0,successful
REPAY_LN001047_03,LN001047,2026-03-10,2026-03-10,736.54,666.67,69.87,0.0,successful
REPAY_LN001047_04,LN001047,2026-04-11,2026-04-11,736.54,666.67,69.87,0.0,successful
REPAY_LN001048_01,LN001048,2026-01-12,2026-01-12,495.42,416.67,78.75,0.0,successful
REPAY_LN001048_02,LN001048,2026-02-11,2026-02-11,495.42,416.67,78.75,0.0,successful
REPAY_LN001048_03,LN001048,2026-03-10,2026-03-10,495.42,416.67,78.75,0.0,successful
REPAY_LN001048_04,LN001048,2026-04-10,2026-04-10,495.42,416.67,78.75,0.0,successful
REPAY_LN001049_01,LN001049,2026-01-13,2026-01-13,5377.75,5000.0,377.75,0.0,successful
REPAY_LN001049_02,LN001049,2026-02-11,2026-02-11,5377.75,5000.0,377.75,0.0,successful
REPAY_LN001049_03,LN001049,2026-03-12,2026-03-12,5377.75,5000.0,377.75,0.0,successful
REPAY_LN001049_04,LN001049,2026-04-12,2026-04-12,5377.75,5000.0,377.75,0.0,successful
REPAY_LN001050_01,LN001050,2026-01-11,2026-01-11,666.56,555.56,111.0,0.0,successful
REPAY_LN001050_02,LN001050,2026-02-13,2026-02-13,666.56,555.56,111.0,0.0,successful
REPAY_LN001050_03,LN001050,2026-03-13,2026-03-13,666.56,555.56,111.0,0.0,successful
REPAY_LN001050_04,LN001050,2026-04-12,2026-04-12,666.56,555.56,111.0,0.0,successful
REPAY_LN001051_01,LN001051,2026-01-11,2026-01-11,2886.25,2500.0,386.25,0.0,successful
REPAY_LN001051_02,LN001051,2026-02-12,2026-02-12,2886.25,2500.0,386.25,0.0,successful
REPAY_LN001051_03,LN001051,2026-03-12,2026-03-12,2886.25,2500.0,386.25,0.0,successful
REPAY_LN001051_04,LN001051,2026-04-12,2026-04-12,2886.25,2500.0,386.25,0.0,successful
REPAY_LN001052_01,LN001052,2026-01-13,2026-01-13,335.99,277.78,58.21,0.0,successful
REPAY_LN001052_02,LN001052,2026-02-11,2026-02-11,335.99,277.78,58.21,0.0,successful
REPAY_LN001052_03,LN001052,2026-03-11,2026-03-11,335.99,277.78,58.21,0.0,successful
REPAY_LN001052_04,LN001052,2026-04-13,2026-04-13,335.99,277.78,58.21,0.0,successful
REPAY_LN001053_01,LN001053,2026-01-13,2026-01-13,1404.12,1250.0,154.12,0.0,successful
REPAY_LN001053_02,LN001053,2026-02-13,2026-02-13,1404.12,1250.0,154.12,0.0,successful
REPAY_LN001053_03,LN001053,2026-03-14,2026-03-14,1404.12,1250.0,154.12,0.0,successful
REPAY_LN001053_04,LN001053,2026-04-12,2026-04-12,1404.12,1250.0,154.12,0.0,successful
REPAY_LN001054_01,LN001054,2026-01-14,2026-01-14,733.06,555.56,177.5,0.0,successful
REPAY_LN001054_02,LN001054,2026-02-12,2026-02-12,733.06,555.56,177.5,0.0,successful
REPAY_LN001054_03,LN001054,2026-03-12,2026-03-12,733.06,555.56,177.5,0.0,successful
REPAY_LN001054_04,LN001054,2026-04-12,2026-04-12,733.06,555.56,177.5,0.0,successful
REPAY_LN001055_01,LN001055,2026-01-13,2026-01-13,432.95,277.78,155.17,0.0,successful
REPAY_LN001055_02,LN001055,2026-02-13,2026-02-13,432.95,277.78,155.17,0.0,successful
REPAY_LN001055_03,LN001055,2026-03-14,2026-03-14,432.95,277.78,155.17,0.0,successful
REPAY_LN001055_04,LN001055,2026-04-14,2026-04-14,432.95,277.78,155.17,0.0,successful
REPAY_LN001056_01,LN001056,2026-01-14,2026-01-14,451.46,416.67,34.79,0.0,successful
REPAY_LN001056_02,LN001056,2026-02-15,2026-02-15,451.46,416.67,34.79,0.0,successful
REPAY_LN001056_03,LN001056,2026-03-14,2026-03-14,451.46,416.67,34.79,0.0,successful
REPAY_LN001056_04,LN001056,2026-04-14,2026-04-14,451.46,416.67,34.79,0.0,successful
REPAY_LN001057_01,LN001057,2026-01-13,2026-01-13,570.71,444.44,126.27,0.0,successful
REPAY_LN001057_02,LN001057,2026-02-13,2026-02-13,570.71,444.44,126.27,0.0,successful
REPAY_LN001057_03,LN001057,2026-03-14,2026-03-14,570.71,444.44,126.27,0.0,successful
REPAY_LN001057_04,LN001057,2026-04-13,2026-04-13,570.71,444.44,126.27,0.0,successful
REPAY_LN001058_01,LN001058,2026-01-15,2026-01-15,2760.5,2500.0,260.5,0.0,successful
REPAY_LN001058_02,LN001058,2026-02-14,2026-02-14,2760.5,2500.0,260.5,0.0,successful
REPAY_LN001058_03,LN001058,2026-03-16,2026-03-16,2760.5,2500.0,260.5,0.0,successful
REPAY_LN001058_04,LN001058,2026-04-16,2026-04-16,2760.5,2500.0,260.5,0.0,successful
REPAY_LN001059_01,LN001059,2026-01-15,2026-01-15,373.82,222.22,151.6,0.0,successful
REPAY_LN001059_02,LN001059,2026-02-15,2026-02-15,373.82,222.22,151.6,0.0,successful
REPAY_LN001059_03,LN001059,2026-03-14,2026-03-14,373.82,222.22,151.6,0.0,successful
REPAY_LN001059_04,LN001059,2026-04-14,2026-04-14,373.82,222.22,151.6,0.0,successful
REPAY_LN001060_01,LN001060,2026-01-16,2026-01-16,583.05,416.67,166.38,0.0,successful
REPAY_LN001060_02,LN001060,2026-02-17,2026-02-17,583.05,416.67,166.38,0.0,successful
REPAY_LN001060_03,LN001060,2026-03-17,2026-03-17,583.05,416.67,166.38,0.0,successful
REPAY_LN001060_04,LN001060,2026-04-16,2026-04-16,583.05,416.67,166.38,0.0,successful
REPAY_LN001061_01,LN001061,2026-01-17,2026-01-17,2822.0,2500.0,322.0,0.0,successful
REPAY_LN001061_02,LN001061,2026-02-16,2026-02-16,2822.0,2500.0,322.0,0.0,successful
REPAY_LN001061_03,LN001061,2026-03-15,2026-03-15,2822.0,2500.0,322.0,0.0,successful
REPAY_LN001061_04,LN001061,2026-04-17,2026-04-17,2822.0,2500.0,322.0,0.0,successful
REPAY_LN001062_01,LN001062,2026-01-17,2026-01-17,495.29,416.67,78.62,0.0,successful
REPAY_LN001062_02,LN001062,2026-02-15,2026-02-15,495.29,416.67,78.62,0.0,successful
REPAY_LN001062_03,LN001062,2026-03-15,2026-03-15,495.29,416.67,78.62,0.0,successful
REPAY_LN001062_04,LN001062,2026-04-17,2026-04-17,495.29,416.67,78.62,0.0,successful
REPAY_LN001063_01,LN001063,2026-01-17,2026-01-17,217.72,138.89,78.83,0.0,successful
REPAY_LN001063_02,LN001063,2026-02-18,2026-02-18,217.72,138.89,78.83,0.0,successful
REPAY_LN001063_03,LN001063,2026-03-17,2026-03-17,217.72,138.89,78.83,0.0,successful
REPAY_LN001063_04,LN001063,2026-04-16,2026-04-16,217.72,138.89,78.83,0.0,successful
REPAY_LN001063_05,LN001063,2026-05-17,2026-05-17,217.72,138.89,78.83,0.0,successful
REPAY_LN001063_06,LN001063,2026-06-17,2026-06-17,217.72,138.89,78.83,0.0,successful
REPAY_LN001063_07,LN001063,2026-07-18,2026-07-18,217.72,138.89,78.83,0.0,successful
REPAY_LN001063_08,LN001063,2026-08-17,2026-08-17,217.72,138.89,78.83,0.0,successful
REPAY_LN001063_09,LN001063,2026-09-18,2026-09-18,217.72,138.89,78.83,0.0,successful
REPAY_LN001063_10,LN001063,2026-10-18,2026-10-18,217.72,138.89,78.83,0.0,successful
REPAY_LN001063_11,LN001063,2026-11-18,2026-11-18,217.72,138.89,78.83,0.0,successful
REPAY_LN001063_12,LN001063,2026-12-16,2026-12-16,217.72,138.89,78.83,0.0,successful
REPAY_LN001063_13,LN001063,2027-01-17,2027-01-17,217.72,138.89,78.83,0.0,successful
REPAY_LN001064_01,LN001064,2026-01-17,2026-01-17,1385.4,1333.33,52.07,0.0,successful
REPAY_LN001064_02,LN001064,2026-02-17,2026-02-17,1385.4,1333.33,52.07,0.0,successful
REPAY_LN001064_03,LN001064,2026-03-18,2026-03-18,1385.4,1333.33,52.07,0.0,successful
REPAY_LN001064_04,LN001064,2026-04-16,2026-04-16,1385.4,1333.33,52.07,0.0,successful
REPAY_LN001065_01,LN001065,2026-01-18,2026-01-18,685.56,555.56,130.0,0.0,successful
REPAY_LN001065_02,LN001065,2026-02-17,2026-02-17,685.56,555.56,130.0,0.0,successful
REPAY_LN001065_03,LN001065,2026-03-18,2026-03-18,685.56,555.56,130.0,0.0,successful
REPAY_LN001065_04,LN001065,2026-04-18,2026-04-18,685.56,555.56,130.0,0.0,successful
REPAY_LN001066_01,LN001066,2026-01-18,2026-01-18,817.67,666.67,151.0,0.0,successful
REPAY_LN001066_02,LN001066,2026-02-19,2026-02-19,817.67,666.67,151.0,0.0,successful
REPAY_LN001066_03,LN001066,2026-03-19,2026-03-19,817.67,666.67,151.0,0.0,successful
REPAY_LN001066_04,LN001066,2026-04-17,2026-04-17,817.67,666.67,151.0,0.0,successful
REPAY_LN001067_01,LN001067,2026-01-19,2026-01-19,738.94,666.67,72.27,0.0,successful
REPAY_LN001067_02,LN001067,2026-02-17,2026-02-17,738.94,666.67,72.27,0.0,successful
REPAY_LN001067_03,LN001067,2026-03-18,2026-03-18,738.94,666.67,72.27,0.0,successful
REPAY_LN001067_04,LN001067,2026-04-17,2026-04-17,738.94,666.67,72.27,0.0,successful
REPAY_LN001068_01,LN001068,2026-01-19,2026-01-19,1468.13,1333.33,134.8,0.0,successful
REPAY_LN001068_02,LN001068,2026-02-18,2026-02-18,1468.13,1333.33,134.8,0.0,successful
REPAY_LN001068_03,LN001068,2026-03-19,2026-03-19,1468.13,1333.33,134.8,0.0,successful
REPAY_LN001068_04,LN001068,2026-04-19,2026-04-19,1468.13,1333.33,134.8,0.0,successful
REPAY_LN001069_01,LN001069,2026-01-18,2026-01-18,210.68,138.89,71.79,0.0,successful
REPAY_LN001069_02,LN001069,2026-02-20,2026-02-20,210.68,138.89,71.79,0.0,successful
REPAY_LN001069_03,LN001069,2026-03-18,2026-03-18,210.68,138.89,71.79,0.0,successful
REPAY_LN001069_04,LN001069,2026-04-19,2026-04-19,210.68,138.89,71.79,0.0,successful
REPAY_LN001070_01,LN001070,2026-01-19,2026-01-19,527.67,416.67,111.0,0.0,successful
REPAY_LN001070_02,LN001070,2026-02-20,2026-02-20,527.67,416.67,111.0,0.0,successful
REPAY_LN001070_03,LN001070,2026-03-18,2026-03-18,527.67,416.67,111.0,0.0,successful
REPAY_LN001070_04,LN001070,2026-04-20,2026-04-20,527.67,416.67,111.0,0.0,successful
REPAY_LN001071_01,LN001071,2026-01-20,2026-01-20,479.75,416.67,63.08,0.0,successful
REPAY_LN001071_02,LN001071,2026-02-20,2026-02-20,479.75,416.67,63.08,0.0,successful
REPAY_LN001071_03,LN001071,2026-03-20,2026-03-20,479.75,416.67,63.08,0.0,successful
REPAY_LN001071_04,LN001071,2026-04-18,2026-04-18,479.75,416.67,63.08,0.0,successful
REPAY_LN001072_01,LN001072,2026-01-21,2026-01-21,1345.58,833.33,512.25,0.0,successful
REPAY_LN001072_02,LN001072,2026-02-20,2026-02-20,1345.58,833.33,512.25,0.0,successful
REPAY_LN001072_03,LN001072,2026-03-19,2026-03-19,1345.58,833.33,512.25,0.0,successful
REPAY_LN001072_04,LN001072,2026-04-21,2026-04-21,1345.58,833.33,512.25,0.0,successful
REPAY_LN001073_01,LN001073,2026-01-19,2026-01-19,1739.17,1666.67,72.5,0.0,successful
REPAY_LN001073_02,LN001073,2026-02-21,2026-02-21,1739.17,1666.67,72.5,0.0,successful
REPAY_LN001073_03,LN001073,2026-03-20,2026-03-20,1739.17,1666.67,72.5,0.0,successful
REPAY_LN001073_04,LN001073,2026-04-20,2026-04-20,1739.17,1666.67,72.5,0.0,successful
REPAY_LN001074_01,LN001074,2026-01-20,2026-01-20,904.83,833.33,71.5,0.0,successful
REPAY_LN001074_02,LN001074,2026-02-19,2026-02-19,904.83,833.33,71.5,0.0,successful
REPAY_LN001074_03,LN001074,2026-03-20,2026-03-20,904.83,833.33,71.5,0.0,successful
REPAY_LN001074_04,LN001074,2026-04-21,2026-04-21,904.83,833.33,71.5,0.0,successful
REPAY_LN001075_01,LN001075,2026-01-22,2026-01-22,263.82,222.22,41.6,0.0,successful
REPAY_LN001075_02,LN001075,2026-02-22,2026-02-22,263.82,222.22,41.6,0.0,successful
REPAY_LN001075_03,LN001075,2026-03-20,2026-03-20,263.82,222.22,41.6,0.0,successful
REPAY_LN001075_04,LN001075,2026-04-20,2026-04-20,263.82,222.22,41.6,0.0,successful
REPAY_LN001076_01,LN001076,2026-01-21,2026-01-21,5450.25,5000.0,450.25,0.0,successful
REPAY_LN001076_02,LN001076,2026-02-20,2026-02-20,5450.25,5000.0,450.25,0.0,successful
REPAY_LN001076_03,LN001076,2026-03-22,2026-03-22,5450.25,5000.0,450.25,0.0,successful
REPAY_LN001076_04,LN001076,2026-04-22,2026-04-22,5450.25,5000.0,450.25,0.0,successful
REPAY_LN001077_01,LN001077,2026-01-22,2026-01-22,869.54,833.33,36.21,0.0,successful
REPAY_LN001077_02,LN001077,2026-02-20,2026-02-20,869.54,833.33,36.21,0.0,successful
REPAY_LN001077_03,LN001077,2026-03-22,2026-03-22,869.54,833.33,36.21,0.0,successful
REPAY_LN001077_04,LN001077,2026-04-21,2026-04-21,869.54,833.33,36.21,0.0,successful
REPAY_LN001078_01,LN001078,2026-01-20,2026-01-20,2711.75,2500.0,211.75,0.0,successful
REPAY_LN001078_02,LN001078,2026-02-22,2026-02-22,2711.75,2500.0,211.75,0.0,successful
REPAY_LN001078_03,LN001078,2026-03-22,2026-03-22,2711.75,2500.0,211.75,0.0,successful
REPAY_LN001078_04,LN001078,2026-04-20,2026-04-20,2711.75,2500.0,211.75,0.0,successful
REPAY_LN001079_01,LN001079,2026-01-21,2026-01-21,5269.75,5000.0,269.75,0.0,successful
REPAY_LN001079_02,LN001079,2026-02-22,2026-02-22,5269.75,5000.0,269.75,0.0,successful
REPAY_LN001079_03,LN001079,2026-03-21,2026-03-21,5269.75,5000.0,269.75,0.0,successful
REPAY_LN001079_04,LN001079,2026-04-23,2026-04-23,5269.75,5000.0,269.75,0.0,successful
REPAY_LN001080_01,LN001080,2026-01-22,2026-01-22,3569.83,3333.33,236.5,0.0,successful
REPAY_LN001080_02,LN001080,2026-02-23,2026-02-23,3569.83,3333.33,236.5,0.0,successful
REPAY_LN001080_03,LN001080,2026-03-23,2026-03-23,3569.83,3333.33,236.5,0.0,successful
REPAY_LN001080_04,LN001080,2026-04-23,2026-04-23,3569.83,3333.33,236.5,0.0,successful
REPAY_LN001081_01,LN001081,2026-01-21,2026-01-21,585.67,416.67,169.0,0.0,successful
REPAY_LN001081_02,LN001081,2026-02-21,2026-02-21,585.67,416.67,169.0,0.0,successful
REPAY_LN001081_03,LN001081,2026-03-23,2026-03-23,585.67,416.67,169.0,0.0,successful
REPAY_LN001081_04,LN001081,2026-04-21,2026-04-21,585.67,416.67,169.0,0.0,successful
REPAY_LN001082_01,LN001082,2026-01-23,2026-01-23,1518.25,1250.0,268.25,0.0,successful
REPAY_LN001082_02,LN001082,2026-02-21,2026-02-21,1518.25,1250.0,268.25,0.0,successful
REPAY_LN001082_03,LN001082,2026-03-21,2026-03-21,1518.25,1250.0,268.25,0.0,successful
REPAY_LN001082_04,LN001082,2026-04-21,2026-04-21,1518.25,1250.0,268.25,0.0,successful
REPAY_LN001083_01,LN001083,2026-01-23,2026-01-23,1405.12,1250.0,155.12,0.0,successful
REPAY_LN001083_02,LN001083,2026-02-22,2026-02-22,1405.12,1250.0,155.12,0.0,successful
REPAY_LN001083_03,LN001083,2026-03-23,2026-03-23,1405.12,1250.0,155.12,0.0,successful
REPAY_LN001083_04,LN001083,2026-04-23,2026-04-23,1405.12,1250.0,155.12,0.0,successful
REPAY_LN001084_01,LN001084,2026-01-23,2026-01-23,498.92,416.67,82.25,0.0,successful
REPAY_LN001084_02,LN001084,2026-02-24,2026-02-24,498.92,416.67,82.25,0.0,successful
REPAY_LN001084_03,LN001084,2026-03-22,2026-03-22,498.92,416.67,82.25,0.0,successful
REPAY_LN001084_04,LN001084,2026-04-24,2026-04-24,498.92,416.67,82.25,0.0,successful
REPAY_LN001085_01,LN001085,2026-01-23,2026-01-23,1249.28,1111.11,138.17,0.0,successful
REPAY_LN001085_02,LN001085,2026-02-22,2026-02-22,1249.28,1111.11,138.17,0.0,successful
REPAY_LN001085_03,LN001085,2026-03-24,2026-03-24,1249.28,1111.11,138.17,0.0,successful
REPAY_LN001085_04,LN001085,2026-04-23,2026-04-23,1249.28,1111.11,138.17,0.0,successful
REPAY_LN001086_01,LN001086,2026-01-25,2026-01-25,169.81,138.89,30.92,0.0,successful
REPAY_LN001086_02,LN001086,2026-02-25,2026-02-25,169.81,138.89,30.92,0.0,successful
REPAY_LN001086_03,LN001086,2026-03-23,2026-03-23,169.81,138.89,30.92,0.0,successful
REPAY_LN001086_04,LN001086,2026-04-23,2026-04-23,169.81,138.89,30.92,0.0,successful
REPAY_LN001087_01,LN001087,2026-01-25,2026-01-25,437.6,333.33,104.27,0.0,successful
REPAY_LN001087_02,LN001087,2026-02-23,2026-02-23,437.6,333.33,104.27,0.0,successful
REPAY_LN001087_03,LN001087,2026-03-23,2026-03-23,437.6,333.33,104.27,0.0,successful
REPAY_LN001087_04,LN001087,2026-04-25,2026-04-25,437.6,333.33,104.27,0.0,successful
REPAY_LN001088_01,LN001088,2026-01-23,2026-01-23,1432.2,1333.33,98.87,0.0,successful
REPAY_LN001088_02,LN001088,2026-02-23,2026-02-23,1432.2,1333.33,98.87,0.0,successful
REPAY_LN001088_03,LN001088,2026-03-24,2026-03-24,1432.2,1333.33,98.87,0.0,successful
REPAY_LN001088_04,LN001088,2026-04-23,2026-04-23,1432.2,1333.33,98.87,0.0,successful
REPAY_LN001089_01,LN001089,2026-01-24,2026-01-24,2074.42,1666.67,407.75,0.0,successful
REPAY_LN001089_02,LN001089,2026-02-25,2026-02-25,2074.42,1666.67,407.75,0.0,successful
REPAY_LN001089_03,LN001089,2026-03-24,2026-03-24,2074.42,1666.67,407.75,0.0,successful
REPAY_LN001089_04,LN001089,2026-04-25,2026-04-25,2074.42,1666.67,407.75,0.0,successful
REPAY_LN001090_01,LN001090,2026-01-24,2026-01-24,711.79,416.67,295.12,0.0,successful
REPAY_LN001090_02,LN001090,2026-02-24,2026-02-24,711.79,416.67,295.12,0.0,successful
REPAY_LN001090_03,LN001090,2026-03-25,2026-03-25,711.79,416.67,295.12,0.0,successful
REPAY_LN001090_04,LN001090,2026-04-26,2026-04-26,711.79,416.67,295.12,0.0,successful
REPAY_LN001091_01,LN001091,2026-01-24,2026-01-24,3567.5,3333.33,234.17,0.0,successful
REPAY_LN001091_02,LN001091,2026-02-25,2026-02-25,3567.5,3333.33,234.17,0.0,successful
REPAY_LN001091_03,LN001091,2026-03-25,2026-03-25,3567.5,3333.33,234.17,0.0,successful
REPAY_LN001091_04,LN001091,2026-04-25,2026-04-25,3567.5,3333.33,234.17,0.0,successful
REPAY_LN001092_01,LN001092,2026-01-24,2026-01-24,950.41,833.33,117.08,0.0,successful
REPAY_LN001092_02,LN001092,2026-02-26,2026-02-26,950.41,833.33,117.08,0.0,successful
REPAY_LN001092_03,LN001092,2026-03-24,2026-03-24,950.41,833.33,117.08,0.0,successful
REPAY_LN001092_04,LN001092,2026-04-24,2026-04-24,950.41,833.33,117.08,0.0,successful
REPAY_LN001093_01,LN001093,2026-01-27,2026-01-27,997.25,833.33,163.92,0.0,successful
REPAY_LN001093_02,LN001093,2026-02-26,2026-02-26,997.25,833.33,163.92,0.0,successful
REPAY_LN001093_03,LN001093,2026-03-25,2026-03-25,997.25,833.33,163.92,0.0,successful
REPAY_LN001093_04,LN001093,2026-04-26,2026-04-26,997.25,833.33,163.92,0.0,successful
REPAY_LN001094_01,LN001094,2026-01-26,2026-01-26,1790.09,1666.67,123.42,0.0,successful
REPAY_LN001094_02,LN001094,2026-02-27,2026-02-27,1790.09,1666.67,123.42,0.0,successful
REPAY_LN001094_03,LN001094,2026-03-27,2026-03-27,1790.09,1666.67,123.42,0.0,successful
REPAY_LN001094_04,LN001094,2026-04-27,2026-04-27,1790.09,1666.67,123.42,0.0,successful
REPAY_LN001095_01,LN001095,2026-01-27,2026-01-27,2022.5,1666.67,355.83,0.0,successful
REPAY_LN001095_02,LN001095,2026-02-27,2026-02-27,2022.5,1666.67,355.83,0.0,successful
REPAY_LN001095_03,LN001095,2026-03-26,2026-03-26,2022.5,1666.67,355.83,0.0,successful
REPAY_LN001095_04,LN001095,2026-04-27,2026-04-27,2022.5,1666.67,355.83,0.0,successful
REPAY_LN001096_01,LN001096,2026-01-28,2026-01-28,3471.33,3333.33,138.0,0.0,successful
REPAY_LN001096_02,LN001096,2026-02-28,2026-02-28,3471.33,3333.33,138.0,0.0,successful
REPAY_LN001096_03,LN001096,2026-03-28,2026-03-28,3471.33,3333.33,138.0,0.0,successful
REPAY_LN001096_04,LN001096,2026-04-28,2026-04-28,3471.33,3333.33,138.0,0.0,successful
REPAY_LN001097_01,LN001097,2026-01-27,2026-01-27,1386.11,1111.11,275.0,0.0,successful
REPAY_LN001097_02,LN001097,2026-02-28,2026-02-28,1386.11,1111.11,275.0,0.0,successful
REPAY_LN001097_03,LN001097,2026-03-26,2026-03-26,1386.11,1111.11,275.0,0.0,successful
REPAY_LN001097_04,LN001097,2026-04-27,2026-04-27,1386.11,1111.11,275.0,0.0,successful
REPAY_LN001098_01,LN001098,2026-01-29,2026-01-29,1483.06,1333.33,149.73,0.0,successful
REPAY_LN001098_02,LN001098,2026-02-27,2026-02-27,1483.06,1333.33,149.73,0.0,successful
REPAY_LN001098_03,LN001098,2026-03-29,2026-03-29,1483.06,1333.33,149.73,0.0,successful
REPAY_LN001098_04,LN001098,2026-04-28,2026-04-28,1483.06,1333.33,149.73,0.0,successful
REPAY_LN001099_01,LN001099,2026-01-28,2026-01-28,2119.17,1666.67,452.5,0.0,successful
REPAY_LN001099_02,LN001099,2026-02-27,2026-02-27,2119.17,1666.67,452.5,0.0,successful
REPAY_LN001099_03,LN001099,2026-03-29,2026-03-29,2119.17,1666.67,452.5,0.0,successful
REPAY_LN001099_04,LN001099,2026-04-28,2026-04-28,2119.17,1666.67,452.5,0.0,successful
REPAY_LN001099_05,LN001099,2026-05-29,2026-05-29,2119.17,1666.67,452.5,0.0,successful
REPAY_LN001100_01,LN001100,2026-01-29,2026-01-29,587.0,416.67,170.33,0.0,successful
REPAY_LN001100_02,LN001100,2026-02-28,2026-02-28,587.0,416.67,170.33,0.0,successful
REPAY_LN001100_03,LN001100,2026-03-29,2026-03-29,587.0,416.67,170.33,0.0,successful
REPAY_LN001100_04,LN001100,2026-04-27,2026-04-27,587.0,416.67,170.33,0.0,successful
REPAY_LN001101_01,LN001101,2026-01-28,2026-01-28,1993.5,1666.67,326.83,0.0,successful
REPAY_LN001101_02,LN001101,2026-02-28,2026-02-28,1993.5,1666.67,326.83,0.0,successful
REPAY_LN001101_03,LN001101,2026-03-29,2026-03-29,1993.5,1666.67,326.83,0.0,successful
REPAY_LN001101_04,LN001101,2026-04-30,2026-04-30,1993.5,1666.67,326.83,0.0,successful
REPAY_LN001102_01,LN001102,2026-01-30,2026-01-30,1417.37,1250.0,167.37,0.0,successful
REPAY_LN001102_02,LN001102,2026-03-02,2026-03-02,1417.37,1250.0,167.37,0.0,successful
REPAY_LN001102_03,LN001102,2026-03-30,2026-03-30,1417.37,1250.0,167.37,0.0,successful
REPAY_LN001102_04,LN001102,2026-04-28,2026-04-28,1417.37,1250.0,167.37,0.0,successful
REPAY_LN001103_01,LN001103,2026-01-29,2026-01-29,275.22,222.22,53.0,0.0,successful
REPAY_LN001103_02,LN001103,2026-02-28,2026-02-28,275.22,222.22,53.0,0.0,successful
REPAY_LN001103_03,LN001103,2026-03-28,2026-03-28,275.22,222.22,53.0,0.0,successful
REPAY_LN001103_04,LN001103,2026-04-29,2026-04-29,275.22,222.22,53.0,0.0,successful
REPAY_LN001104_01,LN001104,2026-01-30,2026-01-30,5331.75,5000.0,331.75,0.0,successful
REPAY_LN001104_02,LN001104,2026-02-28,2026-02-28,5331.75,5000.0,331.75,0.0,successful
REPAY_LN001104_03,LN001104,2026-03-31,2026-03-31,5331.75,5000.0,331.75,0.0,successful
REPAY_LN001104_04,LN001104,2026-04-30,2026-04-30,5331.75,5000.0,331.75,0.0,successful
REPAY_LN001105_01,LN001105,2026-01-30,2026-01-30,474.25,416.67,57.58,0.0,successful
REPAY_LN001105_02,LN001105,2026-02-28,2026-02-28,474.25,416.67,57.58,0.0,successful
REPAY_LN001105_03,LN001105,2026-03-31,2026-03-31,474.25,416.67,57.58,0.0,successful
REPAY_LN001105_04,LN001105,2026-04-30,2026-04-30,474.25,416.67,57.58,0.0,successful
REPAY_LN001106_01,LN001106,2026-01-29,2026-01-29,477.11,277.78,199.33,0.0,successful
REPAY_LN001106_02,LN001106,2026-03-01,2026-03-01,477.11,277.78,199.33,0.0,successful
REPAY_LN001106_03,LN001106,2026-03-31,2026-03-31,477.11,277.78,199.33,0.0,successful
REPAY_LN001106_04,LN001106,2026-04-29,2026-04-29,477.11,277.78,199.33,0.0,successful
REPAY_LN001107_01,LN001107,2026-01-30,2026-01-30,1200.0,833.33,366.67,0.0,successful
REPAY_LN001107_02,LN001107,2026-03-02,2026-03-02,1200.0,833.33,366.67,0.0,successful
REPAY_LN001107_03,LN001107,2026-03-30,2026-03-30,1200.0,833.33,366.67,0.0,successful
REPAY_LN001107_04,LN001107,2026-05-02,2026-05-02,1200.0,833.33,366.67,0.0,successful
REPAY_LN001108_01,LN001108,2026-01-31,2026-01-31,3476.0,3333.33,142.67,0.0,successful
REPAY_LN001108_02,LN001108,2026-03-01,2026-03-01,3476.0,3333.33,142.67,0.0,successful
REPAY_LN001108_03_FAIL,LN001108,2026-04-01,2026-04-01,3476.0,3333.33,142.67,0.0,failed
REPAY_LN001108_04_FAIL,LN001108,2026-05-01,2026-05-01,3476.0,3333.33,142.67,0.0,failed
REPAY_LN001109_01,LN001109,2026-02-01,2026-02-01,590.71,444.44,146.27,0.0,successful
REPAY_LN001109_02,LN001109,2026-03-02,2026-03-02,590.71,444.44,146.27,0.0,successful
REPAY_LN001109_03,LN001109,2026-03-31,2026-03-31,590.71,444.44,146.27,0.0,successful
REPAY_LN001109_04,LN001109,2026-05-01,2026-05-01,590.71,444.44,146.27,0.0,successful
REPAY_LN001110_01,LN001110,2026-02-01,2026-02-01,996.33,833.33,163.0,0.0,successful
REPAY_LN001110_02,LN001110,2026-03-02,2026-03-02,996.33,833.33,163.0,0.0,successful
REPAY_LN001110_03,LN001110,2026-04-01,2026-04-01,996.33,833.33,163.0,0.0,successful
REPAY_LN001110_04,LN001110,2026-04-30,2026-04-30,996.33,833.33,163.0,0.0,successful
REPAY_LN001111_01,LN001111,2026-02-01,2026-02-01,1950.42,1666.67,283.75,0.0,successful
REPAY_LN001111_02,LN001111,2026-03-01,2026-03-01,1950.42,1666.67,283.75,0.0,successful
REPAY_LN001111_03,LN001111,2026-04-02,2026-04-02,1950.42,1666.67,283.75,0.0,successful
REPAY_LN001111_04,LN001111,2026-04-30,2026-04-30,1950.42,1666.67,283.75,0.0,successful
REPAY_LN001112_01,LN001112,2026-02-02,2026-02-02,2168.92,1666.67,502.25,0.0,successful
REPAY_LN001112_02,LN001112,2026-02-28,2026-02-28,2168.92,1666.67,502.25,0.0,successful
REPAY_LN001112_03,LN001112,2026-03-31,2026-03-31,2168.92,1666.67,502.25,0.0,successful
REPAY_LN001112_04,LN001112,2026-05-01,2026-05-01,2168.92,1666.67,502.25,0.0,successful
REPAY_LN001113_01,LN001113,2026-02-02,2026-02-02,629.17,416.67,212.5,0.0,successful
REPAY_LN001113_02,LN001113,2026-03-03,2026-03-03,629.17,416.67,212.5,0.0,successful
REPAY_LN001113_03,LN001113,2026-04-03,2026-04-03,629.17,416.67,212.5,0.0,successful
REPAY_LN001113_04,LN001113,2026-05-03,2026-05-03,629.17,416.67,212.5,0.0,successful
REPAY_LN001114_01,LN001114,2026-02-01,2026-02-01,913.25,625.0,288.25,0.0,successful
REPAY_LN001114_02,LN001114,2026-03-03,2026-03-03,913.25,625.0,288.25,0.0,successful
REPAY_LN001114_03,LN001114,2026-04-01,2026-04-01,913.25,625.0,288.25,0.0,successful
REPAY_LN001114_04,LN001114,2026-05-01,2026-05-01,913.25,625.0,288.25,0.0,successful
REPAY_LN001115_01,LN001115,2026-02-02,2026-02-02,368.89,222.22,146.67,0.0,successful
REPAY_LN001115_02,LN001115,2026-03-02,2026-03-02,368.89,222.22,146.67,0.0,successful
REPAY_LN001115_03,LN001115,2026-04-02,2026-04-02,368.89,222.22,146.67,0.0,successful
REPAY_LN001115_04,LN001115,2026-05-03,2026-05-03,368.89,222.22,146.67,0.0,successful
REPAY_LN001116_01,LN001116,2026-02-02,2026-02-02,461.75,416.67,45.08,0.0,successful
REPAY_LN001116_02,LN001116,2026-03-02,2026-03-02,461.75,416.67,45.08,0.0,successful
REPAY_LN001116_03,LN001116,2026-04-03,2026-04-03,461.75,416.67,45.08,0.0,successful
REPAY_LN001116_04,LN001116,2026-05-03,2026-05-03,461.75,416.67,45.08,0.0,successful
REPAY_LN001117_01,LN001117,2026-02-03,2026-02-03,882.12,625.0,257.12,0.0,successful
REPAY_LN001117_02,LN001117,2026-03-04,2026-03-04,882.12,625.0,257.12,0.0,successful
REPAY_LN001117_03,LN001117,2026-04-04,2026-04-04,882.12,625.0,257.12,0.0,successful
REPAY_LN001117_04,LN001117,2026-05-02,2026-05-02,882.12,625.0,257.12,0.0,successful
REPAY_LN001118_01,LN001118,2026-02-03,2026-02-03,787.75,625.0,162.75,0.0,successful
REPAY_LN001118_02,LN001118,2026-03-03,2026-03-03,787.75,625.0,162.75,0.0,successful
REPAY_LN001118_03,LN001118,2026-04-03,2026-04-03,787.75,625.0,162.75,0.0,successful
REPAY_LN001118_04,LN001118,2026-05-04,2026-05-04,787.75,625.0,162.75,0.0,successful
REPAY_LN001119_01,LN001119,2026-02-05,2026-02-05,601.11,444.44,156.67,0.0,successful
REPAY_LN001119_02,LN001119,2026-03-04,2026-03-04,601.11,444.44,156.67,0.0,successful
REPAY_LN001119_03,LN001119,2026-04-05,2026-04-05,601.11,444.44,156.67,0.0,successful
REPAY_LN001119_04,LN001119,2026-05-04,2026-05-04,601.11,444.44,156.67,0.0,successful
REPAY_LN001120_01,LN001120,2026-02-03,2026-02-03,1831.34,1666.67,164.67,0.0,successful
REPAY_LN001120_02,LN001120,2026-03-05,2026-03-05,1831.34,1666.67,164.67,0.0,successful
REPAY_LN001120_03,LN001120,2026-04-03,2026-04-03,1831.34,1666.67,164.67,0.0,successful
REPAY_LN001120_04,LN001120,2026-05-05,2026-05-05,1831.34,1666.67,164.67,0.0,successful
REPAY_LN001121_01,LN001121,2026-02-04,2026-02-04,454.17,416.67,37.5,0.0,successful
REPAY_LN001121_02,LN001121,2026-03-04,2026-03-04,454.17,416.67,37.5,0.0,successful
REPAY_LN001121_03,LN001121,2026-04-05,2026-04-05,454.17,416.67,37.5,0.0,successful
REPAY_LN001121_04_FAIL,LN001121,2026-05-07,2026-05-07,454.17,416.67,37.5,0.0,failed
REPAY_LN001122_01,LN001122,2026-02-06,2026-02-06,739.31,555.56,183.75,0.0,successful
REPAY_LN001122_02,LN001122,2026-03-06,2026-03-06,739.31,555.56,183.75,0.0,successful
REPAY_LN001122_03,LN001122,2026-04-04,2026-04-04,739.31,555.56,183.75,0.0,successful
REPAY_LN001122_04,LN001122,2026-05-06,2026-05-06,739.31,555.56,183.75,0.0,successful
REPAY_LN001123_01,LN001123,2026-02-06,2026-02-06,2724.25,2500.0,224.25,0.0,successful
REPAY_LN001123_02,LN001123,2026-03-04,2026-03-04,2724.25,2500.0,224.25,0.0,successful
REPAY_LN001123_03,LN001123,2026-04-04,2026-04-04,2724.25,2500.0,224.25,0.0,successful
REPAY_LN001123_04,LN001123,2026-05-06,2026-05-06,2724.25,2500.0,224.25,0.0,successful
REPAY_LN001124_01,LN001124,2026-02-06,2026-02-06,476.34,416.67,59.67,0.0,successful
REPAY_LN001124_02,LN001124,2026-03-05,2026-03-05,476.34,416.67,59.67,0.0,successful
REPAY_LN001124_03,LN001124,2026-04-06,2026-04-06,476.34,416.67,59.67,0.0,successful
REPAY_LN001125_01,LN001125,2026-02-06,2026-02-06,1468.62,1250.0,218.62,0.0,successful
REPAY_LN001125_02,LN001125,2026-03-06,2026-03-06,1468.62,1250.0,218.62,0.0,successful
REPAY_LN001125_03_FAIL,LN001125,2026-04-09,2026-04-09,1468.62,1250.0,218.62,0.0,failed
REPAY_LN001126_01,LN001126,2026-02-05,2026-02-05,333.15,222.22,110.93,0.0,successful
REPAY_LN001126_02,LN001126,2026-03-07,2026-03-07,333.15,222.22,110.93,0.0,successful
REPAY_LN001126_03,LN001126,2026-04-07,2026-04-07,333.15,222.22,110.93,0.0,successful
REPAY_LN001127_01,LN001127,2026-02-06,2026-02-06,1379.94,1111.11,268.83,0.0,successful
REPAY_LN001127_02,LN001127,2026-03-06,2026-03-06,1379.94,1111.11,268.83,0.0,successful
REPAY_LN001127_03,LN001127,2026-04-07,2026-04-07,1379.94,1111.11,268.83,0.0,successful
REPAY_LN001128_01,LN001128,2026-02-07,2026-02-07,3464.0,3333.33,130.67,0.0,successful
REPAY_LN001128_02,LN001128,2026-03-06,2026-03-06,3464.0,3333.33,130.67,0.0,successful
REPAY_LN001128_03,LN001128,2026-04-08,2026-04-08,3464.0,3333.33,130.67,0.0,successful
REPAY_LN001129_01,LN001129,2026-02-07,2026-02-07,472.45,277.78,194.67,0.0,successful
REPAY_LN001129_02,LN001129,2026-03-06,2026-03-06,472.45,277.78,194.67,0.0,successful
REPAY_LN001129_03,LN001129,2026-04-06,2026-04-06,472.45,277.78,194.67,0.0,successful
REPAY_LN001130_01,LN001130,2026-02-07,2026-02-07,2142.67,1666.67,476.0,0.0,successful
REPAY_LN001130_02,LN001130,2026-03-08,2026-03-08,2142.67,1666.67,476.0,0.0,successful
REPAY_LN001130_03,LN001130,2026-04-07,2026-04-07,2142.67,1666.67,476.0,0.0,successful
REPAY_LN001131_01,LN001131,2026-02-09,2026-02-09,1626.75,1250.0,376.75,0.0,successful
REPAY_LN001131_02,LN001131,2026-03-07,2026-03-07,1626.75,1250.0,376.75,0.0,successful
REPAY_LN001131_03,LN001131,2026-04-08,2026-04-08,1626.75,1250.0,376.75,0.0,successful
REPAY_LN001132_01,LN001132,2026-02-09,2026-02-09,300.0,208.33,91.67,0.0,successful
REPAY_LN001132_02,LN001132,2026-03-09,2026-03-09,300.0,208.33,91.67,0.0,successful
REPAY_LN001132_03,LN001132,2026-04-07,2026-04-07,300.0,208.33,91.67,0.0,successful
REPAY_LN001133_01,LN001133,2026-02-08,2026-02-08,828.73,555.56,273.17,0.0,successful
REPAY_LN001133_02,LN001133,2026-03-10,2026-03-10,828.73,555.56,273.17,0.0,successful
REPAY_LN001133_03,LN001133,2026-04-08,2026-04-08,828.73,555.56,273.17,0.0,successful
REPAY_LN001134_01,LN001134,2026-02-10,2026-02-10,260.33,208.33,52.0,0.0,successful
REPAY_LN001134_02,LN001134,2026-03-08,2026-03-08,260.33,208.33,52.0,0.0,successful
REPAY_LN001134_03,LN001134,2026-04-10,2026-04-10,260.33,208.33,52.0,0.0,successful
REPAY_LN001134_04,LN001134,2026-05-08,2026-05-08,260.33,208.33,52.0,0.0,successful
REPAY_LN001134_05,LN001134,2026-06-08,2026-06-08,260.33,208.33,52.0,0.0,successful
REPAY_LN001135_01,LN001135,2026-02-09,2026-02-09,326.45,277.78,48.67,0.0,successful
REPAY_LN001135_02,LN001135,2026-03-09,2026-03-09,326.45,277.78,48.67,0.0,successful
REPAY_LN001135_03,LN001135,2026-04-10,2026-04-10,326.45,277.78,48.67,0.0,successful
REPAY_LN001135_04,LN001135,2026-05-09,2026-05-09,326.45,277.78,48.67,0.0,successful
REPAY_LN001135_05,LN001135,2026-06-09,2026-06-09,326.45,277.78,48.67,0.0,successful
REPAY_LN001136_01,LN001136,2026-02-10,2026-02-10,287.12,208.33,78.79,0.0,successful
REPAY_LN001136_02,LN001136,2026-03-11,2026-03-11,287.12,208.33,78.79,0.0,successful
REPAY_LN001136_03,LN001136,2026-04-10,2026-04-10,287.12,208.33,78.79,0.0,successful
REPAY_LN001136_04,LN001136,2026-05-10,2026-05-10,287.12,208.33,78.79,0.0,successful
REPAY_LN001136_05,LN001136,2026-06-11,2026-06-11,287.12,208.33,78.79,0.0,successful
REPAY_LN001136_06,LN001136,2026-07-10,2026-07-10,287.12,208.33,78.79,0.0,successful
REPAY_LN001137_01,LN001137,2026-02-10,2026-02-10,247.58,208.33,39.25,0.0,successful
REPAY_LN001137_02,LN001137,2026-03-11,2026-03-11,247.58,208.33,39.25,0.0,successful
REPAY_LN001137_03,LN001137,2026-04-09,2026-04-09,247.58,208.33,39.25,0.0,successful
REPAY_LN001138_01,LN001138,2026-02-12,2026-02-12,1054.83,833.33,221.5,0.0,successful
REPAY_LN001138_02,LN001138,2026-03-11,2026-03-11,1054.83,833.33,221.5,0.0,successful
REPAY_LN001138_03,LN001138,2026-04-12,2026-04-12,1054.83,833.33,221.5,0.0,successful
REPAY_LN001138_04,LN001138,2026-05-10,2026-05-10,1054.83,833.33,221.5,0.0,successful
REPAY_LN001138_05,LN001138,2026-06-11,2026-06-11,1054.83,833.33,221.5,0.0,successful
REPAY_LN001138_06,LN001138,2026-07-10,2026-07-10,1054.83,833.33,221.5,0.0,successful
REPAY_LN001139_01,LN001139,2026-02-10,2026-02-10,3727.33,3333.33,394.0,0.0,successful
REPAY_LN001139_02,LN001139,2026-03-12,2026-03-12,3727.33,3333.33,394.0,0.0,successful
REPAY_LN001139_03,LN001139,2026-04-11,2026-04-11,3727.33,3333.33,394.0,0.0,successful
REPAY_LN001140_01,LN001140,2026-02-11,2026-02-11,910.58,833.33,77.25,0.0,successful
REPAY_LN001140_02,LN001140,2026-03-11,2026-03-11,910.58,833.33,77.25,0.0,successful
REPAY_LN001140_03,LN001140,2026-04-11,2026-04-11,910.58,833.33,77.25,0.0,successful
REPAY_LN001141_01,LN001141,2026-02-12,2026-02-12,486.73,333.33,153.4,0.0,successful
REPAY_LN001141_02,LN001141,2026-03-13,2026-03-13,486.73,333.33,153.4,0.0,successful
REPAY_LN001141_03,LN001141,2026-04-12,2026-04-12,486.73,333.33,153.4,0.0,successful
REPAY_LN001142_01,LN001142,2026-02-11,2026-02-11,1955.5,1666.67,288.83,0.0,successful
REPAY_LN001142_02,LN001142,2026-03-11,2026-03-11,1955.5,1666.67,288.83,0.0,successful
REPAY_LN001142_03,LN001142,2026-04-12,2026-04-12,1955.5,1666.67,288.83,0.0,successful
REPAY_LN001143_01,LN001143,2026-02-13,2026-02-13,1453.0,1333.33,119.67,0.0,successful
REPAY_LN001143_02,LN001143,2026-03-12,2026-03-12,1453.0,1333.33,119.67,0.0,successful
REPAY_LN001143_03_FAIL,LN001143,2026-04-16,2026-04-16,1453.0,1333.33,119.67,0.0,failed
REPAY_LN001144_01,LN001144,2026-02-13,2026-02-13,2015.0,1666.67,348.33,0.0,successful
REPAY_LN001144_02,LN001144,2026-03-13,2026-03-13,2015.0,1666.67,348.33,0.0,successful
REPAY_LN001144_03,LN001144,2026-04-13,2026-04-13,2015.0,1666.67,348.33,0.0,successful
REPAY_LN001145_01,LN001145,2026-02-15,2026-02-15,351.2,277.78,73.42,0.0,successful
REPAY_LN001145_02,LN001145,2026-03-15,2026-03-15,351.2,277.78,73.42,0.0,successful
REPAY_LN001145_03,LN001145,2026-04-13,2026-04-13,351.2,277.78,73.42,0.0,successful
REPAY_LN001146_01,LN001146,2026-02-13,2026-02-13,5189.75,5000.0,189.75,0.0,successful
REPAY_LN001146_02,LN001146,2026-03-14,2026-03-14,5189.75,5000.0,189.75,0.0,successful
REPAY_LN001146_03,LN001146,2026-04-13,2026-04-13,5189.75,5000.0,189.75,0.0,successful
REPAY_LN001147_01,LN001147,2026-02-14,2026-02-14,537.57,444.44,93.13,0.0,successful
REPAY_LN001147_02,LN001147,2026-03-13,2026-03-13,537.57,444.44,93.13,0.0,successful
REPAY_LN001147_03,LN001147,2026-04-14,2026-04-14,537.57,444.44,93.13,0.0,successful
REPAY_LN001148_01,LN001148,2026-02-16,2026-02-16,3608.33,3333.33,275.0,0.0,successful
REPAY_LN001148_02,LN001148,2026-03-15,2026-03-15,3608.33,3333.33,275.0,0.0,successful
REPAY_LN001148_03,LN001148,2026-04-16,2026-04-16,3608.33,3333.33,275.0,0.0,successful
REPAY_LN001149_01,LN001149,2026-02-16,2026-02-16,5380.5,5000.0,380.5,0.0,successful
REPAY_LN001149_02,LN001149,2026-03-14,2026-03-14,5380.5,5000.0,380.5,0.0,successful
REPAY_LN001149_03,LN001149,2026-04-14,2026-04-14,5380.5,5000.0,380.5,0.0,successful
REPAY_LN001150_01,LN001150,2026-02-16,2026-02-16,2617.62,2500.0,117.62,0.0,successful
REPAY_LN001150_02,LN001150,2026-03-15,2026-03-15,2617.62,2500.0,117.62,0.0,successful
REPAY_LN001150_03,LN001150,2026-04-15,2026-04-15,2617.62,2500.0,117.62,0.0,successful
REPAY_LN001151_01,LN001151,2026-02-16,2026-02-16,802.34,666.67,135.67,0.0,successful
REPAY_LN001151_02,LN001151,2026-03-16,2026-03-16,802.34,666.67,135.67,0.0,successful
REPAY_LN001151_03,LN001151,2026-04-17,2026-04-17,802.34,666.67,135.67,0.0,successful
REPAY_LN001152_01,LN001152,2026-02-17,2026-02-17,5414.0,5000.0,414.0,0.0,successful
REPAY_LN001152_02,LN001152,2026-03-16,2026-03-16,5414.0,5000.0,414.0,0.0,successful
REPAY_LN001152_03,LN001152,2026-04-15,2026-04-15,5414.0,5000.0,414.0,0.0,successful
REPAY_LN001153_01,LN001153,2026-02-17,2026-02-17,2082.42,1666.67,415.75,0.0,successful
REPAY_LN001153_02,LN001153,2026-03-16,2026-03-16,2082.42,1666.67,415.75,0.0,successful
REPAY_LN001153_03,LN001153,2026-04-18,2026-04-18,2082.42,1666.67,415.75,0.0,successful
REPAY_LN001154_01,LN001154,2026-02-17,2026-02-17,1236.33,833.33,403.0,0.0,successful
REPAY_LN001154_02,LN001154,2026-03-16,2026-03-16,1236.33,833.33,403.0,0.0,successful
REPAY_LN001154_03,LN001154,2026-04-16,2026-04-16,1236.33,833.33,403.0,0.0,successful
REPAY_LN001154_04,LN001154,2026-05-17,2026-05-17,1236.33,833.33,403.0,0.0,successful
REPAY_LN001154_05,LN001154,2026-06-17,2026-06-17,1236.33,833.33,403.0,0.0,successful
REPAY_LN001154_06,LN001154,2026-07-16,2026-07-16,1236.33,833.33,403.0,0.0,successful
REPAY_LN001154_07,LN001154,2026-08-18,2026-08-18,1236.33,833.33,403.0,0.0,successful
REPAY_LN001154_08,LN001154,2026-09-16,2026-09-16,1236.33,833.33,403.0,0.0,successful
REPAY_LN001154_09,LN001154,2026-10-17,2026-10-17,1236.33,833.33,403.0,0.0,successful
REPAY_LN001154_10,LN001154,2026-11-18,2026-11-18,1236.33,833.33,403.0,0.0,successful
REPAY_LN001154_11,LN001154,2026-12-18,2026-12-18,1236.33,833.33,403.0,0.0,successful
REPAY_LN001154_12,LN001154,2027-01-18,2027-01-18,1236.33,833.33,403.0,0.0,successful
REPAY_LN001154_13,LN001154,2027-02-18,2027-02-18,1236.33,833.33,403.0,0.0,successful
REPAY_LN001154_14,LN001154,2027-03-17,2027-03-17,1236.33,833.33,403.0,0.0,successful
REPAY_LN001155_01,LN001155,2026-02-19,2026-02-19,357.53,277.78,79.75,0.0,successful
REPAY_LN001155_02,LN001155,2026-03-17,2026-03-17,357.53,277.78,79.75,0.0,successful
REPAY_LN001155_03,LN001155,2026-04-17,2026-04-17,357.53,277.78,79.75,0.0,successful
REPAY_LN001156_01,LN001156,2026-02-17,2026-02-17,238.08,208.33,29.75,0.0,successful
REPAY_LN001156_02,LN001156,2026-03-18,2026-03-18,238.08,208.33,29.75,0.0,successful
REPAY_LN001156_03,LN001156,2026-04-19,2026-04-19,238.08,208.33,29.75,0.0,successful
REPAY_LN001157_01,LN001157,2026-02-17,2026-02-17,5294.25,5000.0,294.25,0.0,successful
REPAY_LN001157_02,LN001157,2026-03-17,2026-03-17,5294.25,5000.0,294.25,0.0,successful
REPAY_LN001157_03,LN001157,2026-04-17,2026-04-17,5294.25,5000.0,294.25,0.0,successful
REPAY_LN001158_01,LN001158,2026-02-20,2026-02-20,253.21,208.33,44.88,0.0,successful
REPAY_LN001158_02,LN001158,2026-03-18,2026-03-18,253.21,208.33,44.88,0.0,successful
REPAY_LN001158_03,LN001158,2026-04-20,2026-04-20,253.21,208.33,44.88,0.0,successful
REPAY_LN001159_01,LN001159,2026-02-20,2026-02-20,586.71,444.44,142.27,0.0,successful
REPAY_LN001159_02,LN001159,2026-03-20,2026-03-20,586.71,444.44,142.27,0.0,successful
REPAY_LN001159_03,LN001159,2026-04-19,2026-04-19,586.71,444.44,142.27,0.0,successful
REPAY_LN001160_01,LN001160,2026-02-19,2026-02-19,538.31,444.44,93.87,0.0,successful
REPAY_LN001160_02,LN001160,2026-03-20,2026-03-20,538.31,444.44,93.87,0.0,successful
REPAY_LN001160_03,LN001160,2026-04-20,2026-04-20,538.31,444.44,93.87,0.0,successful
REPAY_LN001161_01,LN001161,2026-02-20,2026-02-20,242.12,208.33,33.79,0.0,successful
REPAY_LN001161_02,LN001161,2026-03-20,2026-03-20,242.12,208.33,33.79,0.0,successful
REPAY_LN001161_03,LN001161,2026-04-21,2026-04-21,242.12,208.33,33.79,0.0,successful
REPAY_LN001162_01,LN001162,2026-02-20,2026-02-20,1397.94,1111.11,286.83,0.0,successful
REPAY_LN001162_02,LN001162,2026-03-19,2026-03-19,1397.94,1111.11,286.83,0.0,successful
REPAY_LN001162_03,LN001162,2026-04-21,2026-04-21,1397.94,1111.11,286.83,0.0,successful
REPAY_LN001163_01,LN001163,2026-02-21,2026-02-21,184.68,138.89,45.79,0.0,successful
REPAY_LN001163_02,LN001163,2026-03-20,2026-03-20,184.68,138.89,45.79,0.0,successful
REPAY_LN001163_03,LN001163,2026-04-19,2026-04-19,184.68,138.89,45.79,0.0,successful
REPAY_LN001164_01,LN001164,2026-02-21,2026-02-21,799.88,625.0,174.88,0.0,successful
REPAY_LN001164_02,LN001164,2026-03-20,2026-03-20,799.88,625.0,174.88,0.0,successful
REPAY_LN001164_03,LN001164,2026-04-20,2026-04-20,799.88,625.0,174.88,0.0,successful
REPAY_LN001165_01,LN001165,2026-02-20,2026-02-20,3493.66,3333.33,160.33,0.0,successful
REPAY_LN001165_02_FAIL,LN001165,2026-03-23,2026-03-23,3493.66,3333.33,160.33,0.0,failed
REPAY_LN001165_03_FAIL,LN001165,2026-04-21,2026-04-21,3493.66,3333.33,160.33,0.0,failed
REPAY_LN001166_01,LN001166,2026-02-23,2026-02-23,2748.62,2500.0,248.62,0.0,successful
REPAY_LN001166_02,LN001166,2026-03-21,2026-03-21,2748.62,2500.0,248.62,0.0,successful
REPAY_LN001166_03,LN001166,2026-04-22,2026-04-22,2748.62,2500.0,248.62,0.0,successful
REPAY_LN001167_01,LN001167,2026-02-21,2026-02-21,366.2,277.78,88.42,0.0,successful
REPAY_LN001167_02,LN001167,2026-03-22,2026-03-22,366.2,277.78,88.42,0.0,successful
REPAY_LN001167_03,LN001167,2026-04-21,2026-04-21,366.2,277.78,88.42,0.0,successful
REPAY_LN001168_01,LN001168,2026-02-21,2026-02-21,1398.46,1333.33,65.13,0.0,successful
REPAY_LN001168_02,LN001168,2026-03-23,2026-03-23,1398.46,1333.33,65.13,0.0,successful
REPAY_LN001168_03,LN001168,2026-04-21,2026-04-21,1398.46,1333.33,65.13,0.0,successful
REPAY_LN001169_01,LN001169,2026-02-22,2026-02-22,377.42,222.22,155.2,0.0,successful
REPAY_LN001169_02,LN001169,2026-03-22,2026-03-22,377.42,222.22,155.2,0.0,successful
REPAY_LN001169_03,LN001169,2026-04-23,2026-04-23,377.42,222.22,155.2,0.0,successful
REPAY_LN001170_01,LN001170,2026-02-24,2026-02-24,339.78,277.78,62.0,0.0,successful
REPAY_LN001170_02,LN001170,2026-03-24,2026-03-24,339.78,277.78,62.0,0.0,successful
REPAY_LN001170_03,LN001170,2026-04-22,2026-04-22,339.78,277.78,62.0,0.0,successful
REPAY_LN001171_01,LN001171,2026-02-22,2026-02-22,5154.0,5000.0,154.0,0.0,successful
REPAY_LN001171_02,LN001171,2026-03-23,2026-03-23,5154.0,5000.0,154.0,0.0,successful
REPAY_LN001171_03,LN001171,2026-04-22,2026-04-22,5154.0,5000.0,154.0,0.0,successful
REPAY_LN001172_01,LN001172,2026-02-25,2026-02-25,779.54,666.67,112.87,0.0,successful
REPAY_LN001172_02,LN001172,2026-03-25,2026-03-25,779.54,666.67,112.87,0.0,successful
REPAY_LN001172_03,LN001172,2026-04-24,2026-04-24,779.54,666.67,112.87,0.0,successful
REPAY_LN001173_01,LN001173,2026-02-24,2026-02-24,5372.75,5000.0,372.75,0.0,successful
REPAY_LN001173_02,LN001173,2026-03-25,2026-03-25,5372.75,5000.0,372.75,0.0,successful
REPAY_LN001173_03,LN001173,2026-04-24,2026-04-24,5372.75,5000.0,372.75,0.0,successful
REPAY_LN001174_01,LN001174,2026-02-23,2026-02-23,573.64,444.44,129.2,0.0,successful
REPAY_LN001174_02,LN001174,2026-03-23,2026-03-23,573.64,444.44,129.2,0.0,successful
REPAY_LN001174_03,LN001174,2026-04-24,2026-04-24,573.64,444.44,129.2,0.0,successful
REPAY_LN001175_01,LN001175,2026-02-26,2026-02-26,2633.25,2500.0,133.25,0.0,successful
REPAY_LN001175_02_FAIL,LN001175,2026-03-28,2026-03-28,2633.25,2500.0,133.25,0.0,failed
REPAY_LN001175_03_FAIL,LN001175,2026-04-26,2026-04-26,2633.25,2500.0,133.25,0.0,failed
REPAY_LN001176_01,LN001176,2026-02-25,2026-02-25,706.55,416.67,289.88,0.0,successful
REPAY_LN001176_02,LN001176,2026-03-25,2026-03-25,706.55,416.67,289.88,0.0,successful
REPAY_LN001176_03,LN001176,2026-04-24,2026-04-24,706.55,416.67,289.88,0.0,successful
REPAY_LN001177_01,LN001177,2026-02-24,2026-02-24,1469.75,1250.0,219.75,0.0,successful
REPAY_LN001177_02,LN001177,2026-03-26,2026-03-26,1469.75,1250.0,219.75,0.0,successful
REPAY_LN001177_03,LN001177,2026-04-25,2026-04-25,1469.75,1250.0,219.75,0.0,successful
REPAY_LN001178_01,LN001178,2026-02-26,2026-02-26,440.8,333.33,107.47,0.0,successful
REPAY_LN001178_02,LN001178,2026-03-27,2026-03-27,440.8,333.33,107.47,0.0,successful
REPAY_LN001178_03,LN001178,2026-04-25,2026-04-25,440.8,333.33,107.47,0.0,successful
REPAY_LN001178_04,LN001178,2026-05-27,2026-05-27,440.8,333.33,107.47,0.0,successful
REPAY_LN001178_05,LN001178,2026-06-25,2026-06-25,440.8,333.33,107.47,0.0,successful
REPAY_LN001178_06,LN001178,2026-07-26,2026-07-26,440.8,333.33,107.47,0.0,successful
REPAY_LN001178_07,LN001178,2026-08-27,2026-08-27,440.8,333.33,107.47,0.0,successful
REPAY_LN001179_01,LN001179,2026-02-25,2026-02-25,1225.83,833.33,392.5,0.0,successful
REPAY_LN001179_02,LN001179,2026-03-25,2026-03-25,1225.83,833.33,392.5,0.0,successful
REPAY_LN001179_03,LN001179,2026-04-26,2026-04-26,1225.83,833.33,392.5,0.0,successful
REPAY_LN001180_01,LN001180,2026-02-27,2026-02-27,491.34,416.67,74.67,0.0,successful
REPAY_LN001180_02,LN001180,2026-03-27,2026-03-27,491.34,416.67,74.67,0.0,successful
REPAY_LN001180_03,LN001180,2026-04-27,2026-04-27,491.34,416.67,74.67,0.0,successful
REPAY_LN001181_01,LN001181,2026-02-26,2026-02-26,893.62,833.33,60.29,0.0,successful
REPAY_LN001181_02,LN001181,2026-03-25,2026-03-25,893.62,833.33,60.29,0.0,successful
REPAY_LN001181_03,LN001181,2026-04-25,2026-04-25,893.62,833.33,60.29,0.0,successful
REPAY_LN001182_01,LN001182,2026-02-28,2026-02-28,1952.42,1666.67,285.75,0.0,successful
REPAY_LN001182_02,LN001182,2026-03-26,2026-03-26,1952.42,1666.67,285.75,0.0,successful
REPAY_LN001182_03,LN001182,2026-04-28,2026-04-28,1952.42,1666.67,285.75,0.0,successful
REPAY_LN001183_01,LN001183,2026-02-27,2026-02-27,1413.0,1250.0,163.0,0.0,successful
REPAY_LN001183_02,LN001183,2026-03-27,2026-03-27,1413.0,1250.0,163.0,0.0,successful
REPAY_LN001183_03,LN001183,2026-04-27,2026-04-27,1413.0,1250.0,163.0,0.0,successful
REPAY_LN001184_01,LN001184,2026-03-01,2026-03-01,373.61,277.78,95.83,0.0,successful
REPAY_LN001184_02,LN001184,2026-03-27,2026-03-27,373.61,277.78,95.83,0.0,successful
REPAY_LN001184_03,LN001184,2026-04-28,2026-04-28,373.61,277.78,95.83,0.0,successful
REPAY_LN001185_01,LN001185,2026-02-28,2026-02-28,589.42,416.67,172.75,0.0,successful
REPAY_LN001185_02,LN001185,2026-03-28,2026-03-28,589.42,416.67,172.75,0.0,successful
REPAY_LN001185_03,LN001185,2026-04-28,2026-04-28,589.42,416.67,172.75,0.0,successful
REPAY_LN001185_04,LN001185,2026-05-27,2026-05-27,589.42,416.67,172.75,0.0,successful
REPAY_LN001185_05,LN001185,2026-06-27,2026-06-27,589.42,416.67,172.75,0.0,successful
REPAY_LN001185_06,LN001185,2026-07-29,2026-07-29,589.42,416.67,172.75,0.0,successful
REPAY_LN001185_07,LN001185,2026-08-28,2026-08-28,589.42,416.67,172.75,0.0,successful
REPAY_LN001185_08,LN001185,2026-09-28,2026-09-28,589.42,416.67,172.75,0.0,successful
REPAY_LN001186_01,LN001186,2026-02-28,2026-02-28,876.91,833.33,43.58,0.0,successful
REPAY_LN001186_02,LN001186,2026-03-29,2026-03-29,876.91,833.33,43.58,0.0,successful
REPAY_LN001186_03,LN001186,2026-04-30,2026-04-30,876.91,833.33,43.58,0.0,successful
REPAY_LN001187_01,LN001187,2026-03-01,2026-03-01,1337.94,1111.11,226.83,0.0,successful
REPAY_LN001187_02,LN001187,2026-03-28,2026-03-28,1337.94,1111.11,226.83,0.0,successful
REPAY_LN001187_03,LN001187,2026-04-30,2026-04-30,1337.94,1111.11,226.83,0.0,successful
REPAY_LN001188_01,LN001188,2026-03-02,2026-03-02,294.71,208.33,86.38,0.0,successful
REPAY_LN001188_02,LN001188,2026-03-29,2026-03-29,294.71,208.33,86.38,0.0,successful
REPAY_LN001188_03,LN001188,2026-04-29,2026-04-29,294.71,208.33,86.38,0.0,successful
REPAY_LN001188_04,LN001188,2026-05-28,2026-05-28,294.71,208.33,86.38,0.0,successful
REPAY_LN001188_05,LN001188,2026-06-30,2026-06-30,294.71,208.33,86.38,0.0,successful
REPAY_LN001188_06,LN001188,2026-07-29,2026-07-29,294.71,208.33,86.38,0.0,successful
REPAY_LN001189_01,LN001189,2026-03-01,2026-03-01,568.37,444.44,123.93,0.0,successful
REPAY_LN001189_02,LN001189,2026-03-30,2026-03-30,568.37,444.44,123.93,0.0,successful
REPAY_LN001189_03,LN001189,2026-05-01,2026-05-01,568.37,444.44,123.93,0.0,successful
REPAY_LN001190_01,LN001190,2026-03-02,2026-03-02,1487.06,1333.33,153.73,0.0,successful
REPAY_LN001190_02,LN001190,2026-03-31,2026-03-31,1487.06,1333.33,153.73,0.0,successful
REPAY_LN001190_03,LN001190,2026-04-30,2026-04-30,1487.06,1333.33,153.73,0.0,successful
REPAY_LN001191_01,LN001191,2026-03-02,2026-03-02,1918.67,1666.67,252.0,0.0,successful
REPAY_LN001191_02,LN001191,2026-03-30,2026-03-30,1918.67,1666.67,252.0,0.0,successful
REPAY_LN001191_03,LN001191,2026-05-01,2026-05-01,1918.67,1666.67,252.0,0.0,successful
REPAY_LN001192_01,LN001192,2026-03-02,2026-03-02,2776.62,2500.0,276.62,0.0,successful
REPAY_LN001192_02,LN001192,2026-03-31,2026-03-31,2776.62,2500.0,276.62,0.0,successful
REPAY_LN001192_03_FAIL,LN001192,2026-05-03,2026-05-03,2776.62,2500.0,276.62,0.0,failed
REPAY_LN001193_01,LN001193,2026-03-02,2026-03-02,745.14,666.67,78.47,0.0,successful
REPAY_LN001193_02,LN001193,2026-04-01,2026-04-01,745.14,666.67,78.47,0.0,successful
REPAY_LN001193_03,LN001193,2026-05-02,2026-05-02,745.14,666.67,78.47,0.0,successful
REPAY_LN001194_01,LN001194,2026-02-28,2026-02-28,1012.83,833.33,179.5,0.0,successful
REPAY_LN001194_02,LN001194,2026-03-31,2026-03-31,1012.83,833.33,179.5,0.0,successful
REPAY_LN001194_03,LN001194,2026-04-30,2026-04-30,1012.83,833.33,179.5,0.0,successful
REPAY_LN001195_01,LN001195,2026-03-02,2026-03-02,518.67,416.67,102.0,0.0,successful
REPAY_LN001195_02,LN001195,2026-04-01,2026-04-01,518.67,416.67,102.0,0.0,successful
REPAY_LN001195_03,LN001195,2026-05-01,2026-05-01,518.67,416.67,102.0,0.0,successful
REPAY_LN001196_01,LN001196,2026-03-01,2026-03-01,1492.5,1250.0,242.5,0.0,successful
REPAY_LN001196_02,LN001196,2026-04-01,2026-04-01,1492.5,1250.0,242.5,0.0,successful
REPAY_LN001196_03,LN001196,2026-05-01,2026-05-01,1492.5,1250.0,242.5,0.0,successful
REPAY_LN001197_01,LN001197,2026-03-02,2026-03-02,2209.67,1666.67,543.0,0.0,successful
REPAY_LN001197_02,LN001197,2026-04-01,2026-04-01,2209.67,1666.67,543.0,0.0,successful
REPAY_LN001197_03,LN001197,2026-04-30,2026-04-30,2209.67,1666.67,543.0,0.0,successful
REPAY_LN001198_01,LN001198,2026-03-01,2026-03-01,1842.67,1666.67,176.0,0.0,successful
REPAY_LN001198_02,LN001198,2026-04-01,2026-04-01,1842.67,1666.67,176.0,0.0,successful
REPAY_LN001198_03,LN001198,2026-04-30,2026-04-30,1842.67,1666.67,176.0,0.0,successful
REPAY_LN001199_01,LN001199,2026-03-01,2026-03-01,735.23,555.56,179.67,0.0,successful
REPAY_LN001199_02,LN001199,2026-04-01,2026-04-01,735.23,555.56,179.67,0.0,successful
REPAY_LN001199_03,LN001199,2026-05-01,2026-05-01,735.23,555.56,179.67,0.0,successful
REPAY_LN001200_01,LN001200,2026-03-02,2026-03-02,526.64,444.44,82.2,0.0,successful
REPAY_LN001200_02,LN001200,2026-04-01,2026-04-01,526.64,444.44,82.2,0.0,successful
REPAY_LN001200_03,LN001200,2026-05-03,2026-05-03,526.64,444.44,82.2,0.0,successful
REPAY_LN001201_01,LN001201,2026-03-03,2026-03-03,1477.38,1250.0,227.38,0.0,successful
REPAY_LN001201_02,LN001201,2026-04-04,2026-04-04,1477.38,1250.0,227.38,0.0,successful
REPAY_LN001201_03,LN001201,2026-05-03,2026-05-03,1477.38,1250.0,227.38,0.0,successful
REPAY_LN001202_01,LN001202,2026-03-03,2026-03-03,1419.2,1333.33,85.87,0.0,successful
REPAY_LN001202_02,LN001202,2026-04-04,2026-04-04,1419.2,1333.33,85.87,0.0,successful
REPAY_LN001202_03,LN001202,2026-05-02,2026-05-02,1419.2,1333.33,85.87,0.0,successful
REPAY_LN001203_01,LN001203,2026-03-02,2026-03-02,5518.0,5000.0,518.0,0.0,successful
REPAY_LN001203_02,LN001203,2026-04-03,2026-04-03,5518.0,5000.0,518.0,0.0,successful
REPAY_LN001203_03_FAIL,LN001203,2026-05-04,2026-05-04,5518.0,5000.0,518.0,0.0,failed
REPAY_LN001204_01,LN001204,2026-03-04,2026-03-04,3462.83,3333.33,129.5,0.0,successful
REPAY_LN001204_02,LN001204,2026-04-03,2026-04-03,3462.83,3333.33,129.5,0.0,successful
REPAY_LN001204_03,LN001204,2026-05-03,2026-05-03,3462.83,3333.33,129.5,0.0,successful
REPAY_LN001205_01,LN001205,2026-03-04,2026-03-04,175.43,138.89,36.54,0.0,successful
REPAY_LN001205_02,LN001205,2026-04-05,2026-04-05,175.43,138.89,36.54,0.0,successful
REPAY_LN001205_03,LN001205,2026-05-03,2026-05-03,175.43,138.89,36.54,0.0,successful
REPAY_LN001205_04,LN001205,2026-06-05,2026-06-05,175.43,138.89,36.54,0.0,successful
REPAY_LN001205_05,LN001205,2026-07-03,2026-07-03,175.43,138.89,36.54,0.0,successful
REPAY_LN001205_06,LN001205,2026-08-04,2026-08-04,175.43,138.89,36.54,0.0,successful
REPAY_LN001205_07,LN001205,2026-09-04,2026-09-04,175.43,138.89,36.54,0.0,successful
REPAY_LN001205_08,LN001205,2026-10-03,2026-10-03,175.43,138.89,36.54,0.0,successful
REPAY_LN001205_09,LN001205,2026-11-03,2026-11-03,175.43,138.89,36.54,0.0,successful
REPAY_LN001205_10,LN001205,2026-12-03,2026-12-03,175.43,138.89,36.54,0.0,successful
REPAY_LN001205_11,LN001205,2027-01-04,2027-01-04,175.43,138.89,36.54,0.0,successful
REPAY_LN001205_12,LN001205,2027-02-03,2027-02-03,175.43,138.89,36.54,0.0,successful
REPAY_LN001205_13,LN001205,2027-03-04,2027-03-04,175.43,138.89,36.54,0.0,successful
REPAY_LN001206_01,LN001206,2026-03-05,2026-03-05,5342.5,5000.0,342.5,0.0,successful
REPAY_LN001206_02,LN001206,2026-04-04,2026-04-04,5342.5,5000.0,342.5,0.0,successful
REPAY_LN001206_03,LN001206,2026-05-05,2026-05-05,5342.5,5000.0,342.5,0.0,successful
REPAY_LN001207_01,LN001207,2026-03-04,2026-03-04,297.66,208.33,89.33,0.0,successful
REPAY_LN001207_02,LN001207,2026-04-05,2026-04-05,297.66,208.33,89.33,0.0,successful
REPAY_LN001207_03,LN001207,2026-05-04,2026-05-04,297.66,208.33,89.33,0.0,successful
REPAY_LN001207_04,LN001207,2026-06-04,2026-06-04,297.66,208.33,89.33,0.0,successful
REPAY_LN001207_05,LN001207,2026-07-04,2026-07-04,297.66,208.33,89.33,0.0,successful
REPAY_LN001207_06,LN001207,2026-08-05,2026-08-05,297.66,208.33,89.33,0.0,successful
REPAY_LN001207_07,LN001207,2026-09-04,2026-09-04,297.66,208.33,89.33,0.0,successful
REPAY_LN001207_08,LN001207,2026-10-06,2026-10-06,297.66,208.33,89.33,0.0,successful
REPAY_LN001207_09,LN001207,2026-11-06,2026-11-06,297.66,208.33,89.33,0.0,successful
REPAY_LN001208_01,LN001208,2026-03-06,2026-03-06,641.17,416.67,224.5,0.0,successful
REPAY_LN001208_02,LN001208,2026-04-05,2026-04-05,641.17,416.67,224.5,0.0,successful
REPAY_LN001208_03,LN001208,2026-05-05,2026-05-05,641.17,416.67,224.5,0.0,successful
REPAY_LN001208_04,LN001208,2026-06-05,2026-06-05,641.17,416.67,224.5,0.0,successful
REPAY_LN001208_05,LN001208,2026-07-05,2026-07-05,641.17,416.67,224.5,0.0,successful
REPAY_LN001208_06,LN001208,2026-08-05,2026-08-05,641.17,416.67,224.5,0.0,successful
REPAY_LN001208_07,LN001208,2026-09-04,2026-09-04,641.17,416.67,224.5,0.0,successful
REPAY_LN001209_01,LN001209,2026-03-04,2026-03-04,723.8,666.67,57.13,0.0,successful
REPAY_LN001209_02,LN001209,2026-04-04,2026-04-04,723.8,666.67,57.13,0.0,successful
REPAY_LN001209_03,LN001209,2026-05-04,2026-05-04,723.8,666.67,57.13,0.0,successful
REPAY_LN001210_01,LN001210,2026-03-06,2026-03-06,1987.84,1666.67,321.17,0.0,successful
REPAY_LN001210_02,LN001210,2026-04-06,2026-04-06,1987.84,1666.67,321.17,0.0,successful
REPAY_LN001210_03,LN001210,2026-05-04,2026-05-04,1987.84,1666.67,321.17,0.0,successful
REPAY_LN001210_04,LN001210,2026-06-05,2026-06-05,1987.84,1666.67,321.17,0.0,successful
REPAY_LN001211_01,LN001211,2026-03-07,2026-03-07,3519.5,3333.33,186.17,0.0,successful
REPAY_LN001211_02,LN001211,2026-04-07,2026-04-07,3519.5,3333.33,186.17,0.0,successful
REPAY_LN001212_01,LN001212,2026-03-07,2026-03-07,493.26,333.33,159.93,0.0,successful
REPAY_LN001212_02,LN001212,2026-04-07,2026-04-07,493.26,333.33,159.93,0.0,successful
REPAY_LN001213_01,LN001213,2026-03-05,2026-03-05,2679.0,2500.0,179.0,0.0,successful
REPAY_LN001213_02,LN001213,2026-04-06,2026-04-06,2679.0,2500.0,179.0,0.0,successful
REPAY_LN001214_01,LN001214,2026-03-06,2026-03-06,2031.0,1666.67,364.33,0.0,successful
REPAY_LN001214_02,LN001214,2026-04-08,2026-04-08,2031.0,1666.67,364.33,0.0,successful
REPAY_LN001215_01,LN001215,2026-03-08,2026-03-08,1422.5,1250.0,172.5,0.0,successful
REPAY_LN001215_02,LN001215,2026-04-07,2026-04-07,1422.5,1250.0,172.5,0.0,successful
REPAY_LN001216_01,LN001216,2026-03-07,2026-03-07,1860.5,1666.67,193.83,0.0,successful
REPAY_LN001216_02,LN001216,2026-04-06,2026-04-06,1860.5,1666.67,193.83,0.0,successful
REPAY_LN001217_01,LN001217,2026-03-08,2026-03-08,761.75,625.0,136.75,0.0,successful
REPAY_LN001217_02,LN001217,2026-04-07,2026-04-07,761.75,625.0,136.75,0.0,successful
REPAY_LN001218_01,LN001218,2026-03-07,2026-03-07,3032.75,2500.0,532.75,0.0,successful
REPAY_LN001218_02,LN001218,2026-04-09,2026-04-09,3032.75,2500.0,532.75,0.0,successful
REPAY_LN001219_01,LN001219,2026-03-07,2026-03-07,3528.33,3333.33,195.0,0.0,successful
REPAY_LN001219_02,LN001219,2026-04-09,2026-04-09,3528.33,3333.33,195.0,0.0,successful
REPAY_LN001220_01,LN001220,2026-03-08,2026-03-08,905.58,833.33,72.25,0.0,successful
REPAY_LN001220_02,LN001220,2026-04-08,2026-04-08,905.58,833.33,72.25,0.0,successful
REPAY_LN001220_03,LN001220,2026-05-09,2026-05-09,905.58,833.33,72.25,0.0,successful
REPAY_LN001220_04,LN001220,2026-06-08,2026-06-08,905.58,833.33,72.25,0.0,successful
REPAY_LN001221_01,LN001221,2026-03-08,2026-03-08,1797.0,1666.67,130.33,0.0,successful
REPAY_LN001221_02,LN001221,2026-04-10,2026-04-10,1797.0,1666.67,130.33,0.0,successful
REPAY_LN001222_01,LN001222,2026-03-10,2026-03-10,1743.59,1666.67,76.92,0.0,successful
REPAY_LN001222_02,LN001222,2026-04-10,2026-04-10,1743.59,1666.67,76.92,0.0,successful
REPAY_LN001223_01,LN001223,2026-03-08,2026-03-08,949.66,833.33,116.33,0.0,successful
REPAY_LN001223_02,LN001223,2026-04-09,2026-04-09,949.66,833.33,116.33,0.0,successful
REPAY_LN001224_01,LN001224,2026-03-09,2026-03-09,823.67,666.67,157.0,0.0,successful
REPAY_LN001224_02,LN001224,2026-04-10,2026-04-10,823.67,666.67,157.0,0.0,successful
REPAY_LN001224_03,LN001224,2026-05-10,2026-05-10,823.67,666.67,157.0,0.0,successful
REPAY_LN001224_04,LN001224,2026-06-11,2026-06-11,823.67,666.67,157.0,0.0,successful
REPAY_LN001225_01,LN001225,2026-03-09,2026-03-09,1541.5,1250.0,291.5,0.0,successful
REPAY_LN001225_02,LN001225,2026-04-10,2026-04-10,1541.5,1250.0,291.5,0.0,successful
REPAY_LN001226_01,LN001226,2026-03-11,2026-03-11,815.14,666.67,148.47,0.0,successful
REPAY_LN001226_02,LN001226,2026-04-11,2026-04-11,815.14,666.67,148.47,0.0,successful
REPAY_LN001226_03,LN001226,2026-05-10,2026-05-10,815.14,666.67,148.47,0.0,successful
REPAY_LN001226_04,LN001226,2026-06-09,2026-06-09,815.14,666.67,148.47,0.0,successful
REPAY_LN001227_01,LN001227,2026-03-11,2026-03-11,472.95,277.78,195.17,0.0,successful
REPAY_LN001227_02,LN001227,2026-04-10,2026-04-10,472.95,277.78,195.17,0.0,successful
REPAY_LN001228_01,LN001228,2026-03-11,2026-03-11,546.17,444.44,101.73,0.0,successful
REPAY_LN001228_02,LN001228,2026-04-12,2026-04-12,546.17,444.44,101.73,0.0,successful
REPAY_LN001229_01,LN001229,2026-03-10,2026-03-10,2682.25,2500.0,182.25,0.0,successful
REPAY_LN001229_02,LN001229,2026-04-12,2026-04-12,2682.25,2500.0,182.25,0.0,successful
REPAY_LN001230_01,LN001230,2026-03-11,2026-03-11,3621.66,3333.33,288.33,0.0,successful
REPAY_LN001230_02,LN001230,2026-04-12,2026-04-12,3621.66,3333.33,288.33,0.0,successful
REPAY_LN001231_01,LN001231,2026-03-11,2026-03-11,3042.75,2500.0,542.75,0.0,successful
REPAY_LN001231_02,LN001231,2026-04-11,2026-04-11,3042.75,2500.0,542.75,0.0,successful
REPAY_LN001231_03,LN001231,2026-05-11,2026-05-11,3042.75,2500.0,542.75,0.0,successful
REPAY_LN001231_04,LN001231,2026-06-13,2026-06-13,3042.75,2500.0,542.75,0.0,successful
REPAY_LN001232_01,LN001232,2026-03-13,2026-03-13,1410.13,1333.33,76.8,0.0,successful
REPAY_LN001232_02,LN001232,2026-04-12,2026-04-12,1410.13,1333.33,76.8,0.0,successful
REPAY_LN001233_01,LN001233,2026-03-13,2026-03-13,1867.5,1666.67,200.83,0.0,successful
REPAY_LN001233_02,LN001233,2026-04-12,2026-04-12,1867.5,1666.67,200.83,0.0,successful
REPAY_LN001234_01,LN001234,2026-03-13,2026-03-13,1746.0,1250.0,496.0,0.0,successful
REPAY_LN001234_02,LN001234,2026-04-14,2026-04-14,1746.0,1250.0,496.0,0.0,successful
REPAY_LN001234_03,LN001234,2026-05-12,2026-05-12,1746.0,1250.0,496.0,0.0,successful
REPAY_LN001234_04,LN001234,2026-06-12,2026-06-12,1746.0,1250.0,496.0,0.0,successful
REPAY_LN001234_05,LN001234,2026-07-14,2026-07-14,1746.0,1250.0,496.0,0.0,successful
REPAY_LN001234_06,LN001234,2026-08-12,2026-08-12,1746.0,1250.0,496.0,0.0,successful
REPAY_LN001234_07,LN001234,2026-09-12,2026-09-12,1746.0,1250.0,496.0,0.0,successful
REPAY_LN001235_01,LN001235,2026-03-14,2026-03-14,1429.75,1250.0,179.75,0.0,successful
REPAY_LN001235_02,LN001235,2026-04-14,2026-04-14,1429.75,1250.0,179.75,0.0,successful
REPAY_LN001236_01,LN001236,2026-03-14,2026-03-14,404.28,277.78,126.5,0.0,successful
REPAY_LN001236_02,LN001236,2026-04-15,2026-04-15,404.28,277.78,126.5,0.0,successful
REPAY_LN001237_01,LN001237,2026-03-15,2026-03-15,2871.25,2500.0,371.25,0.0,successful
REPAY_LN001237_02,LN001237,2026-04-13,2026-04-13,2871.25,2500.0,371.25,0.0,successful
REPAY_LN001238_01,LN001238,2026-03-15,2026-03-15,319.99,277.78,42.21,0.0,successful
REPAY_LN001238_02,LN001238,2026-04-13,2026-04-13,319.99,277.78,42.21,0.0,successful
REPAY_LN001239_01,LN001239,2026-03-15,2026-03-15,2586.75,2500.0,86.75,0.0,successful
REPAY_LN001239_02,LN001239,2026-04-15,2026-04-15,2586.75,2500.0,86.75,0.0,successful
REPAY_LN001240_01,LN001240,2026-03-15,2026-03-15,1170.58,833.33,337.25,0.0,successful
REPAY_LN001240_02,LN001240,2026-04-16,2026-04-16,1170.58,833.33,337.25,0.0,successful
REPAY_LN001241_01,LN001241,2026-03-16,2026-03-16,1477.75,1250.0,227.75,0.0,successful
REPAY_LN001241_02,LN001241,2026-04-14,2026-04-14,1477.75,1250.0,227.75,0.0,successful
REPAY_LN001242_01,LN001242,2026-03-15,2026-03-15,498.17,416.67,81.5,0.0,successful
REPAY_LN001242_02,LN001242,2026-04-16,2026-04-16,498.17,416.67,81.5,0.0,successful
REPAY_LN001243_01,LN001243,2026-03-17,2026-03-17,887.0,833.33,53.67,0.0,successful
REPAY_LN001243_02,LN001243,2026-04-15,2026-04-15,887.0,833.33,53.67,0.0,successful
REPAY_LN001244_01,LN001244,2026-03-16,2026-03-16,384.53,333.33,51.2,0.0,successful
REPAY_LN001244_02,LN001244,2026-04-15,2026-04-15,384.53,333.33,51.2,0.0,successful
REPAY_LN001244_03,LN001244,2026-05-15,2026-05-15,384.53,333.33,51.2,0.0,successful
REPAY_LN001244_04,LN001244,2026-06-16,2026-06-16,384.53,333.33,51.2,0.0,successful
REPAY_LN001244_05,LN001244,2026-07-17,2026-07-17,384.53,333.33,51.2,0.0,successful
REPAY_LN001244_06,LN001244,2026-08-15,2026-08-15,384.53,333.33,51.2,0.0,successful
REPAY_LN001244_07,LN001244,2026-09-15,2026-09-15,384.53,333.33,51.2,0.0,successful
REPAY_LN001244_08,LN001244,2026-10-16,2026-10-16,384.53,333.33,51.2,0.0,successful
REPAY_LN001245_01,LN001245,2026-03-17,2026-03-17,750.73,555.56,195.17,0.0,successful
REPAY_LN001245_02,LN001245,2026-04-17,2026-04-17,750.73,555.56,195.17,0.0,successful
REPAY_LN001246_01,LN001246,2026-03-18,2026-03-18,333.35,222.22,111.13,0.0,successful
REPAY_LN001246_02,LN001246,2026-04-18,2026-04-18,333.35,222.22,111.13,0.0,successful
REPAY_LN001247_01,LN001247,2026-03-19,2026-03-19,1882.92,1666.67,216.25,0.0,successful
REPAY_LN001247_02,LN001247,2026-04-18,2026-04-18,1882.92,1666.67,216.25,0.0,successful
REPAY_LN001248_01,LN001248,2026-03-17,2026-03-17,701.62,625.0,76.62,0.0,successful
REPAY_LN001248_02,LN001248,2026-04-19,2026-04-19,701.62,625.0,76.62,0.0,successful
REPAY_LN001249_01,LN001249,2026-03-19,2026-03-19,2246.92,1666.67,580.25,0.0,successful
REPAY_LN001249_02,LN001249,2026-04-20,2026-04-20,2246.92,1666.67,580.25,0.0,successful
REPAY_LN001250_01,LN001250,2026-03-18,2026-03-18,1409.13,1333.33,75.8,0.0,successful
REPAY_LN001250_02,LN001250,2026-04-18,2026-04-18,1409.13,1333.33,75.8,0.0,successful
REPAY_LN001251_01,LN001251,2026-03-19,2026-03-19,2592.0,2500.0,92.0,0.0,successful
REPAY_LN001251_02,LN001251,2026-04-18,2026-04-18,2592.0,2500.0,92.0,0.0,successful
REPAY_LN001252_01,LN001252,2026-03-20,2026-03-20,1876.17,1666.67,209.5,0.0,successful
REPAY_LN001252_02,LN001252,2026-04-20,2026-04-20,1876.17,1666.67,209.5,0.0,successful
REPAY_LN001253_01,LN001253,2026-03-20,2026-03-20,504.29,416.67,87.62,0.0,successful
REPAY_LN001253_02,LN001253,2026-04-20,2026-04-20,504.29,416.67,87.62,0.0,successful
REPAY_LN001254_01,LN001254,2026-03-20,2026-03-20,1414.0,1250.0,164.0,0.0,successful
REPAY_LN001254_02,LN001254,2026-04-20,2026-04-20,1414.0,1250.0,164.0,0.0,successful
REPAY_LN001255_01,LN001255,2026-03-20,2026-03-20,1471.75,1250.0,221.75,0.0,successful
REPAY_LN001255_02,LN001255,2026-04-20,2026-04-20,1471.75,1250.0,221.75,0.0,successful
REPAY_LN001256_01,LN001256,2026-03-21,2026-03-21,1414.8,1333.33,81.47,0.0,successful
REPAY_LN001256_02,LN001256,2026-04-21,2026-04-21,1414.8,1333.33,81.47,0.0,successful
REPAY_LN001257_01,LN001257,2026-03-20,2026-03-20,3663.33,3333.33,330.0,0.0,successful
REPAY_LN001257_02,LN001257,2026-04-22,2026-04-22,3663.33,3333.33,330.0,0.0,successful
REPAY_LN001258_01,LN001258,2026-03-23,2026-03-23,643.79,416.67,227.12,0.0,successful
REPAY_LN001258_02,LN001258,2026-04-23,2026-04-23,643.79,416.67,227.12,0.0,successful
REPAY_LN001259_01,LN001259,2026-03-21,2026-03-21,507.44,444.44,63.0,0.0,successful
REPAY_LN001259_02,LN001259,2026-04-22,2026-04-22,507.44,444.44,63.0,0.0,successful
REPAY_LN001260_01,LN001260,2026-03-22,2026-03-22,520.17,416.67,103.5,0.0,successful
REPAY_LN001260_02,LN001260,2026-04-23,2026-04-23,520.17,416.67,103.5,0.0,successful
REPAY_LN001261_01,LN001261,2026-03-23,2026-03-23,446.7,277.78,168.92,0.0,successful
REPAY_LN001261_02,LN001261,2026-04-22,2026-04-22,446.7,277.78,168.92,0.0,successful
REPAY_LN001262_01,LN001262,2026-03-24,2026-03-24,2577.12,2500.0,77.12,0.0,successful
REPAY_LN001262_02,LN001262,2026-04-24,2026-04-24,2577.12,2500.0,77.12,0.0,successful
REPAY_LN001263_01,LN001263,2026-03-23,2026-03-23,1067.0,833.33,233.67,0.0,successful
REPAY_LN001263_02,LN001263,2026-04-24,2026-04-24,1067.0,833.33,233.67,0.0,successful
REPAY_LN001264_01,LN001264,2026-03-25,2026-03-25,551.55,416.67,134.88,0.0,successful
REPAY_LN001264_02,LN001264,2026-04-23,2026-04-23,551.55,416.67,134.88,0.0,successful
REPAY_LN001265_01,LN001265,2026-03-25,2026-03-25,1485.26,1333.33,151.93,0.0,successful
REPAY_LN001265_02,LN001265,2026-04-23,2026-04-23,1485.26,1333.33,151.93,0.0,successful
REPAY_LN001266_01,LN001266,2026-03-24,2026-03-24,312.95,277.78,35.17,0.0,successful
REPAY_LN001266_02,LN001266,2026-04-23,2026-04-23,312.95,277.78,35.17,0.0,successful
REPAY_LN001267_01,LN001267,2026-03-24,2026-03-24,478.46,416.67,61.79,0.0,successful
REPAY_LN001267_02,LN001267,2026-04-23,2026-04-23,478.46,416.67,61.79,0.0,successful
REPAY_LN001268_01,LN001268,2026-03-24,2026-03-24,761.87,666.67,95.2,0.0,successful
REPAY_LN001268_02,LN001268,2026-04-24,2026-04-24,761.87,666.67,95.2,0.0,successful
REPAY_LN001269_01,LN001269,2026-03-26,2026-03-26,941.58,833.33,108.25,0.0,successful
REPAY_LN001269_02,LN001269,2026-04-26,2026-04-26,941.58,833.33,108.25,0.0,successful
REPAY_LN001270_01,LN001270,2026-03-27,2026-03-27,496.05,416.67,79.38,0.0,successful
REPAY_LN001270_02,LN001270,2026-04-27,2026-04-27,496.05,416.67,79.38,0.0,successful
REPAY_LN001271_01,LN001271,2026-03-27,2026-03-27,900.08,833.33,66.75,0.0,successful
REPAY_LN001271_02,LN001271,2026-04-25,2026-04-25,900.08,833.33,66.75,0.0,successful
REPAY_LN001272_01,LN001272,2026-03-28,2026-03-28,608.31,555.56,52.75,0.0,successful
REPAY_LN001272_02,LN001272,2026-04-27,2026-04-27,608.31,555.56,52.75,0.0,successful
REPAY_LN001273_01,LN001273,2026-03-26,2026-03-26,480.34,416.67,63.67,0.0,successful
REPAY_LN001273_02,LN001273,2026-04-26,2026-04-26,480.34,416.67,63.67,0.0,successful
REPAY_LN001274_01,LN001274,2026-03-27,2026-03-27,333.29,222.22,111.07,0.0,successful
REPAY_LN001274_02,LN001274,2026-04-28,2026-04-28,333.29,222.22,111.07,0.0,successful
REPAY_LN001275_01,LN001275,2026-03-28,2026-03-28,745.38,625.0,120.38,0.0,successful
REPAY_LN001275_02,LN001275,2026-04-27,2026-04-27,745.38,625.0,120.38,0.0,successful
REPAY_LN001276_01,LN001276,2026-03-27,2026-03-27,786.34,666.67,119.67,0.0,successful
REPAY_LN001276_02,LN001276,2026-04-27,2026-04-27,786.34,666.67,119.67,0.0,successful
REPAY_LN001277_01,LN001277,2026-03-29,2026-03-29,388.95,277.78,111.17,0.0,successful
REPAY_LN001277_02,LN001277,2026-04-30,2026-04-30,388.95,277.78,111.17,0.0,successful
REPAY_LN001278_01,LN001278,2026-03-28,2026-03-28,164.68,138.89,25.79,0.0,successful
REPAY_LN001278_02,LN001278,2026-04-30,2026-04-30,164.68,138.89,25.79,0.0,successful
REPAY_LN001279_01,LN001279,2026-03-28,2026-03-28,1084.83,833.33,251.5,0.0,successful
REPAY_LN001279_02,LN001279,2026-04-30,2026-04-30,1084.83,833.33,251.5,0.0,successful
REPAY_LN001280_01,LN001280,2026-03-29,2026-03-29,2775.25,2500.0,275.25,0.0,successful
REPAY_LN001280_02,LN001280,2026-04-28,2026-04-28,2775.25,2500.0,275.25,0.0,successful
REPAY_LN001281_01,LN001281,2026-04-01,2026-04-01,2887.25,2500.0,387.25,0.0,successful
REPAY_LN001281_02,LN001281,2026-05-01,2026-05-01,2887.25,2500.0,387.25,0.0,successful
REPAY_LN001282_01,LN001282,2026-04-02,2026-04-02,312.24,277.78,34.46,0.0,successful
REPAY_LN001282_02,LN001282,2026-05-02,2026-05-02,312.24,277.78,34.46,0.0,successful
REPAY_LN001283_01,LN001283,2026-04-03,2026-04-03,2585.5,2500.0,85.5,0.0,successful
REPAY_LN001283_02,LN001283,2026-05-02,2026-05-02,2585.5,2500.0,85.5,0.0,successful
REPAY_LN001284_01,LN001284,2026-04-02,2026-04-02,325.74,277.78,47.96,0.0,successful
REPAY_LN001284_02,LN001284,2026-05-04,2026-05-04,325.74,277.78,47.96,0.0,successful
REPAY_LN001285_01,LN001285,2026-04-03,2026-04-03,516.91,444.44,72.47,0.0,successful
REPAY_LN001285_02,LN001285,2026-05-04,2026-05-04,516.91,444.44,72.47,0.0,successful
REPAY_LN001286_01,LN001286,2026-04-04,2026-04-04,485.25,416.67,68.58,0.0,successful
REPAY_LN001286_02,LN001286,2026-05-04,2026-05-04,485.25,416.67,68.58,0.0,successful
REPAY_LN001287_01,LN001287,2026-04-02,2026-04-02,209.72,138.89,70.83,0.0,successful
REPAY_LN001287_02,LN001287,2026-05-02,2026-05-02,209.72,138.89,70.83,0.0,successful
REPAY_LN001288_01,LN001288,2026-04-04,2026-04-04,1078.16,833.33,244.83,0.0,successful
REPAY_LN001288_02,LN001288,2026-05-03,2026-05-03,1078.16,833.33,244.83,0.0,successful
REPAY_LN001289_01,LN001289,2026-04-05,2026-04-05,342.95,277.78,65.17,0.0,successful
REPAY_LN001289_02,LN001289,2026-05-05,2026-05-05,342.95,277.78,65.17,0.0,successful
REPAY_LN001290_01,LN001290,2026-04-05,2026-04-05,2687.88,2500.0,187.88,0.0,successful
REPAY_LN001290_02,LN001290,2026-05-03,2026-05-03,2687.88,2500.0,187.88,0.0,successful
REPAY_LN001291_01,LN001291,2026-04-06,2026-04-06,959.71,833.33,126.38,0.0,successful
REPAY_LN001291_02,LN001291,2026-05-05,2026-05-05,959.71,833.33,126.38,0.0,successful
REPAY_LN001292_01,LN001292,2026-04-05,2026-04-05,594.17,444.44,149.73,0.0,successful
REPAY_LN001292_02,LN001292,2026-05-04,2026-05-04,594.17,444.44,149.73,0.0,successful
REPAY_LN001293_01,LN001293,2026-04-04,2026-04-04,1797.92,1666.67,131.25,0.0,successful
REPAY_LN001293_02,LN001293,2026-05-04,2026-05-04,1797.92,1666.67,131.25,0.0,successful
REPAY_LN001294_01,LN001294,2026-04-05,2026-04-05,1478.33,1333.33,145.0,0.0,successful
REPAY_LN001295_01,LN001295,2026-04-07,2026-04-07,940.83,833.33,107.5,0.0,successful
REPAY_LN001296_01,LN001296,2026-04-07,2026-04-07,1466.25,1250.0,216.25,0.0,successful
REPAY_LN001296_02,LN001296,2026-05-06,2026-05-06,1466.25,1250.0,216.25,0.0,successful
REPAY_LN001296_03,LN001296,2026-06-07,2026-06-07,1466.25,1250.0,216.25,0.0,successful
REPAY_LN001296_04,LN001296,2026-07-07,2026-07-07,1466.25,1250.0,216.25,0.0,successful
REPAY_LN001296_05,LN001296,2026-08-07,2026-08-07,1466.25,1250.0,216.25,0.0,successful
REPAY_LN001296_06,LN001296,2026-09-05,2026-09-05,1466.25,1250.0,216.25,0.0,successful
REPAY_LN001297_01,LN001297,2026-04-07,2026-04-07,410.11,277.78,132.33,0.0,successful
REPAY_LN001298_01,LN001298,2026-04-06,2026-04-06,2793.75,2500.0,293.75,0.0,successful
REPAY_LN001299_01,LN001299,2026-04-07,2026-04-07,266.5,208.33,58.17,0.0,successful
REPAY_LN001300_01,LN001300,2026-04-09,2026-04-09,1357.12,1250.0,107.12,0.0,successful
REPAY_LN001301_01,LN001301,2026-04-08,2026-04-08,1027.95,833.33,194.62,0.0,successful
REPAY_LN001301_02,LN001301,2026-05-08,2026-05-08,1027.95,833.33,194.62,0.0,successful
REPAY_LN001301_03,LN001301,2026-06-08,2026-06-08,1027.95,833.33,194.62,0.0,successful
REPAY_LN001301_04,LN001301,2026-07-07,2026-07-07,1027.95,833.33,194.62,0.0,successful
REPAY_LN001302_01,LN001302,2026-04-08,2026-04-08,2767.0,2500.0,267.0,0.0,successful
REPAY_LN001303_01,LN001303,2026-04-08,2026-04-08,1420.73,1333.33,87.4,0.0,successful
REPAY_LN001303_02,LN001303,2026-05-09,2026-05-09,1420.73,1333.33,87.4,0.0,successful
REPAY_LN001304_01,LN001304,2026-04-08,2026-04-08,1344.44,1111.11,233.33,0.0,successful
REPAY_LN001305_01,LN001305,2026-04-11,2026-04-11,1852.42,1666.67,185.75,0.0,successful
REPAY_LN001306_01,LN001306,2026-04-10,2026-04-10,411.8,333.33,78.47,0.0,successful
REPAY_LN001306_02,LN001306,2026-05-10,2026-05-10,411.8,333.33,78.47,0.0,successful
REPAY_LN001306_03,LN001306,2026-06-09,2026-06-09,411.8,333.33,78.47,0.0,successful
REPAY_LN001306_04,LN001306,2026-07-10,2026-07-10,411.8,333.33,78.47,0.0,successful
REPAY_LN001306_05,LN001306,2026-08-10,2026-08-10,411.8,333.33,78.47,0.0,successful
REPAY_LN001306_06,LN001306,2026-09-09,2026-09-09,411.8,333.33,78.47,0.0,successful
REPAY_LN001306_07,LN001306,2026-10-10,2026-10-10,411.8,333.33,78.47,0.0,successful
REPAY_LN001307_01,LN001307,2026-04-10,2026-04-10,367.22,222.22,145.0,0.0,successful
REPAY_LN001308_01,LN001308,2026-04-11,2026-04-11,484.46,416.67,67.79,0.0,successful
REPAY_LN001309_01,LN001309,2026-04-12,2026-04-12,896.12,833.33,62.79,0.0,successful
REPAY_LN001310_01,LN001310,2026-04-12,2026-04-12,3721.83,3333.33,388.5,0.0,successful
REPAY_LN001311_01,LN001311,2026-04-11,2026-04-11,591.91,444.44,147.47,0.0,successful
REPAY_LN001312_01,LN001312,2026-04-10,2026-04-10,243.0,208.33,34.67,0.0,successful
REPAY_LN001313_01,LN001313,2026-04-13,2026-04-13,966.08,833.33,132.75,0.0,successful
REPAY_LN001314_01,LN001314,2026-04-13,2026-04-13,3723.33,3333.33,390.0,0.0,successful
REPAY_LN001315_01,LN001315,2026-04-11,2026-04-11,2058.5,1666.67,391.83,0.0,successful
REPAY_LN001316_01,LN001316,2026-04-12,2026-04-12,1200.33,833.33,367.0,0.0,successful
REPAY_LN001317_01,LN001317,2026-04-12,2026-04-12,401.66,333.33,68.33,0.0,successful
REPAY_LN001318_01,LN001318,2026-04-12,2026-04-12,1872.34,1666.67,205.67,0.0,successful
REPAY_LN001319_01,LN001319,2026-04-14,2026-04-14,608.25,416.67,191.58,0.0,successful
REPAY_LN001319_02,LN001319,2026-05-15,2026-05-15,608.25,416.67,191.58,0.0,successful
REPAY_LN001319_03,LN001319,2026-06-13,2026-06-13,608.25,416.67,191.58,0.0,successful
REPAY_LN001319_04,LN001319,2026-07-15,2026-07-15,608.25,416.67,191.58,0.0,successful
REPAY_LN001319_05,LN001319,2026-08-15,2026-08-15,608.25,416.67,191.58,0.0,successful
REPAY_LN001319_06,LN001319,2026-09-14,2026-09-14,608.25,416.67,191.58,0.0,successful
REPAY_LN001319_07,LN001319,2026-10-13,2026-10-13,608.25,416.67,191.58,0.0,successful
REPAY_LN001320_01,LN001320,2026-04-13,2026-04-13,210.35,138.89,71.46,0.0,successful
REPAY_LN001321_01,LN001321,2026-04-15,2026-04-15,164.89,138.89,26.0,0.0,successful
REPAY_LN001322_01,LN001322,2026-04-15,2026-04-15,512.59,416.67,95.92,0.0,successful
REPAY_LN001323_01,LN001323,2026-04-15,2026-04-15,713.89,555.56,158.33,0.0,successful
REPAY_LN001324_01,LN001324,2026-04-15,2026-04-15,567.84,416.67,151.17,0.0,successful
REPAY_LN001325_01,LN001325,2026-04-17,2026-04-17,382.2,277.78,104.42,0.0,successful
REPAY_LN001325_02,LN001325,2026-05-16,2026-05-16,382.2,277.78,104.42,0.0,successful
REPAY_LN001325_03,LN001325,2026-06-15,2026-06-15,382.2,277.78,104.42,0.0,successful
REPAY_LN001325_04,LN001325,2026-07-15,2026-07-15,382.2,277.78,104.42,0.0,successful
REPAY_LN001325_05,LN001325,2026-08-16,2026-08-16,382.2,277.78,104.42,0.0,successful
REPAY_LN001325_06,LN001325,2026-09-16,2026-09-16,382.2,277.78,104.42,0.0,successful
REPAY_LN001325_07,LN001325,2026-10-16,2026-10-16,382.2,277.78,104.42,0.0,successful
REPAY_LN001325_08,LN001325,2026-11-16,2026-11-16,382.2,277.78,104.42,0.0,successful
REPAY_LN001326_01,LN001326,2026-04-16,2026-04-16,2728.75,2500.0,228.75,0.0,successful
REPAY_LN001327_01,LN001327,2026-04-16,2026-04-16,369.9,277.78,92.12,0.0,successful
REPAY_LN001328_01,LN001328,2026-04-18,2026-04-18,988.33,833.33,155.0,0.0,successful
REPAY_LN001329_01,LN001329,2026-04-17,2026-04-17,608.31,555.56,52.75,0.0,successful
REPAY_LN001329_02,LN001329,2026-05-16,2026-05-16,608.31,555.56,52.75,0.0,successful
REPAY_LN001329_03,LN001329,2026-06-16,2026-06-16,608.31,555.56,52.75,0.0,successful
REPAY_LN001329_04,LN001329,2026-07-18,2026-07-18,608.31,555.56,52.75,0.0,successful
REPAY_LN001329_05,LN001329,2026-08-18,2026-08-18,608.31,555.56,52.75,0.0,successful
REPAY_LN001329_06,LN001329,2026-09-18,2026-09-18,608.31,555.56,52.75,0.0,successful
REPAY_LN001330_01,LN001330,2026-04-19,2026-04-19,1165.33,833.33,332.0,0.0,successful
REPAY_LN001331_01,LN001331,2026-04-17,2026-04-17,1413.26,1333.33,79.93,0.0,successful
REPAY_LN001332_01,LN001332,2026-04-19,2026-04-19,731.73,555.56,176.17,0.0,successful
REPAY_LN001333_01,LN001333,2026-04-19,2026-04-19,493.92,416.67,77.25,0.0,successful
REPAY_LN001334_01,LN001334,2026-04-18,2026-04-18,579.55,416.67,162.88,0.0,successful
REPAY_LN001335_01,LN001335,2026-04-18,2026-04-18,496.75,416.67,80.08,0.0,successful
REPAY_LN001336_01,LN001336,2026-04-19,2026-04-19,1340.61,1111.11,229.5,0.0,successful
REPAY_LN001337_01,LN001337,2026-04-20,2026-04-20,1750.84,1666.67,84.17,0.0,successful
REPAY_LN001338_01,LN001338,2026-04-20,2026-04-20,312.86,277.78,35.08,0.0,successful
REPAY_LN001339_01,LN001339,2026-04-20,2026-04-20,1161.5,833.33,328.17,0.0,successful
REPAY_LN001339_02,LN001339,2026-05-21,2026-05-21,1161.5,833.33,328.17,0.0,successful
REPAY_LN001339_03,LN001339,2026-06-20,2026-06-20,1161.5,833.33,328.17,0.0,successful
REPAY_LN001339_04,LN001339,2026-07-22,2026-07-22,1161.5,833.33,328.17,0.0,successful
REPAY_LN001339_05,LN001339,2026-08-20,2026-08-20,1161.5,833.33,328.17,0.0,successful
REPAY_LN001339_06,LN001339,2026-09-22,2026-09-22,1161.5,833.33,328.17,0.0,successful
REPAY_LN001340_01,LN001340,2026-04-21,2026-04-21,536.91,444.44,92.47,0.0,successful
REPAY_LN001340_02,LN001340,2026-05-22,2026-05-22,536.91,444.44,92.47,0.0,successful
REPAY_LN001340_03,LN001340,2026-06-20,2026-06-20,536.91,444.44,92.47,0.0,successful
REPAY_LN001340_04,LN001340,2026-07-22,2026-07-22,536.91,444.44,92.47,0.0,successful
REPAY_LN001340_05,LN001340,2026-08-22,2026-08-22,536.91,444.44,92.47,0.0,successful
REPAY_LN001341_01,LN001341,2026-04-22,2026-04-22,374.82,277.78,97.04,0.0,successful
REPAY_LN001342_01,LN001342,2026-04-22,2026-04-22,1771.92,1666.67,105.25,0.0,successful
REPAY_LN001343_01,LN001343,2026-04-22,2026-04-22,1808.84,1666.67,142.17,0.0,successful
REPAY_LN001344_01,LN001344,2026-04-24,2026-04-24,1714.5,1250.0,464.5,0.0,successful
REPAY_LN001344_02,LN001344,2026-05-24,2026-05-24,1714.5,1250.0,464.5,0.0,successful
REPAY_LN001344_03,LN001344,2026-06-22,2026-06-22,1714.5,1250.0,464.5,0.0,successful
REPAY_LN001344_04,LN001344,2026-07-22,2026-07-22,1714.5,1250.0,464.5,0.0,successful
REPAY_LN001344_05,LN001344,2026-08-22,2026-08-22,1714.5,1250.0,464.5,0.0,successful
REPAY_LN001345_01,LN001345,2026-04-23,2026-04-23,1900.67,1666.67,234.0,0.0,successful
REPAY_LN001346_01,LN001346,2026-04-25,2026-04-25,3554.5,3333.33,221.17,0.0,successful
REPAY_LN001347_01,LN001347,2026-04-25,2026-04-25,460.36,277.78,182.58,0.0,successful
REPAY_LN001348_01,LN001348,2026-04-23,2026-04-23,677.39,555.56,121.83,0.0,successful
REPAY_LN001349_01,LN001349,2026-04-24,2026-04-24,1489.93,1333.33,156.6,0.0,successful
REPAY_LN001350_01,LN001350,2026-04-26,2026-04-26,472.79,416.67,56.12,0.0,successful
REPAY_LN001351_01,LN001351,2026-04-25,2026-04-25,1914.84,1666.67,248.17,0.0,successful
REPAY_LN001352_01,LN001352,2026-04-25,2026-04-25,361.82,277.78,84.04,0.0,successful
REPAY_LN001353_01,LN001353,2026-04-25,2026-04-25,1027.16,833.33,193.83,0.0,successful
REPAY_LN001354_01,LN001354,2026-04-27,2026-04-27,211.93,138.89,73.04,0.0,successful
REPAY_LN001355_01,LN001355,2026-04-28,2026-04-28,1170.0,833.33,336.67,0.0,successful
REPAY_LN001356_01,LN001356,2026-04-26,2026-04-26,237.91,208.33,29.58,0.0,successful
REPAY_LN001357_01,LN001357,2026-04-27,2026-04-27,291.79,208.33,83.46,0.0,successful
REPAY_LN001357_02,LN001357,2026-05-27,2026-05-27,291.79,208.33,83.46,0.0,successful
REPAY_LN001357_03,LN001357,2026-06-27,2026-06-27,291.79,208.33,83.46,0.0,successful
REPAY_LN001357_04,LN001357,2026-07-27,2026-07-27,291.79,208.33,83.46,0.0,successful
REPAY_LN001357_05,LN001357,2026-08-26,2026-08-26,291.79,208.33,83.46,0.0,successful
REPAY_LN001358_01,LN001358,2026-04-27,2026-04-27,2767.5,2500.0,267.5,0.0,successful
REPAY_LN001359_01,LN001359,2026-04-27,2026-04-27,1836.5,1666.67,169.83,0.0,successful
REPAY_LN001359_02,LN001359,2026-05-29,2026-05-29,1836.5,1666.67,169.83,0.0,successful
REPAY_LN001359_03,LN001359,2026-06-28,2026-06-28,1836.5,1666.67,169.83,0.0,successful
REPAY_LN001360_01,LN001360,2026-04-27,2026-04-27,3701.5,3333.33,368.17,0.0,successful
REPAY_LN001361_01,LN001361,2026-04-29,2026-04-29,1718.0,1250.0,468.0,0.0,successful
REPAY_LN001362_01,LN001362,2026-04-30,2026-04-30,711.39,555.56,155.83,0.0,successful
REPAY_LN001362_02,LN001362,2026-05-28,2026-05-28,711.39,555.56,155.83,0.0,successful
REPAY_LN001362_03,LN001362,2026-06-30,2026-06-30,711.39,555.56,155.83,0.0,successful
REPAY_LN001362_04,LN001362,2026-07-28,2026-07-28,711.39,555.56,155.83,0.0,successful
REPAY_LN001362_05,LN001362,2026-08-30,2026-08-30,711.39,555.56,155.83,0.0,successful
REPAY_LN001362_06,LN001362,2026-09-28,2026-09-28,711.39,555.56,155.83,0.0,successful
REPAY_LN001362_07,LN001362,2026-10-30,2026-10-30,711.39,555.56,155.83,0.0,successful
REPAY_LN001363_01,LN001363,2026-04-28,2026-04-28,1796.84,1666.67,130.17,0.0,successful
REPAY_LN001364_01,LN001364,2026-04-29,2026-04-29,863.91,833.33,30.58,0.0,successful
REPAY_LN001365_01,LN001365,2026-04-29,2026-04-29,368.62,222.22,146.4,0.0,successful
REPAY_LN001366_01,LN001366,2026-05-01,2026-05-01,354.28,277.78,76.5,0.0,successful
REPAY_LN001367_01,LN001367,2026-05-01,2026-05-01,2179.17,1666.67,512.5,0.0,successful
REPAY_LN001368_01,LN001368,2026-04-30,2026-04-30,843.62,625.0,218.62,0.0,successful
REPAY_LN001369_01,LN001369,2026-05-01,2026-05-01,913.89,555.56,358.33,0.0,successful
REPAY_LN001370_01,LN001370,2026-04-30,2026-04-30,284.41,208.33,76.08,0.0,successful
REPAY_LN001371_01,LN001371,2026-05-01,2026-05-01,1789.92,1666.67,123.25,0.0,successful
REPAY_LN001372_01,LN001372,2026-05-01,2026-05-01,889.91,833.33,56.58,0.0,successful
REPAY_LN001372_02,LN001372,2026-06-02,2026-06-02,889.91,833.33,56.58,0.0,successful
REPAY_LN001372_03,LN001372,2026-07-01,2026-07-01,889.91,833.33,56.58,0.0,successful
REPAY_LN001372_04,LN001372,2026-08-01,2026-08-01,889.91,833.33,56.58,0.0,successful
REPAY_LN001373_01,LN001373,2026-05-01,2026-05-01,1427.33,1333.33,94.0,0.0,successful
REPAY_LN001374_01,LN001374,2026-05-01,2026-05-01,1710.0,1250.0,460.0,0.0,successful
REPAY_LN001375_01,LN001375,2026-05-03,2026-05-03,338.78,277.78,61.0,0.0,successful
REPAY_LN001376_01,LN001376,2026-05-02,2026-05-02,856.39,555.56,300.83,0.0,successful
REPAY_LN001377_01,LN001377,2026-05-01,2026-05-01,3523.0,3333.33,189.67,0.0,successful
REPAY_LN001378_01,LN001378,2026-05-02,2026-05-02,758.23,555.56,202.67,0.0,successful
REPAY_LN001379_01,LN001379,2026-05-03,2026-05-03,768.8,666.67,102.13,0.0,successful
REPAY_LN001380_01,LN001380,2026-05-04,2026-05-04,1291.11,1111.11,180.0,0.0,successful
REPAY_LN001381_01,LN001381,2026-05-05,2026-05-05,2162.42,1666.67,495.75,0.0,successful
REPAY_LN001382_01,LN001382,2026-05-04,2026-05-04,276.04,208.33,67.71,0.0,successful
REPAY_LN001383_01,LN001383,2026-05-05,2026-05-05,1857.09,1666.67,190.42,0.0,successful
REPAY_LN001384_01,LN001384,2026-05-06,2026-05-06,651.67,416.67,235.0,0.0,successful
REPAY_LN001385_01,LN001385,2026-05-06,2026-05-06,1087.33,833.33,254.0,0.0,successful
REPAY_LN001386_01,LN001386,2026-05-04,2026-05-04,235.83,208.33,27.5,0.0,successful
REPAY_LN001386_02,LN001386,2026-06-04,2026-06-04,235.83,208.33,27.5,0.0,successful
REPAY_LN001386_03,LN001386,2026-07-04,2026-07-04,235.83,208.33,27.5,0.0,successful
REPAY_LN001386_04,LN001386,2026-08-04,2026-08-04,235.83,208.33,27.5,0.0,successful
REPAY_LN001386_05,LN001386,2026-09-06,2026-09-06,235.83,208.33,27.5,0.0,successful
REPAY_LN001386_06,LN001386,2026-10-06,2026-10-06,235.83,208.33,27.5,0.0,successful
REPAY_LN001386_07,LN001386,2026-11-06,2026-11-06,235.83,208.33,27.5,0.0,successful
REPAY_LN001386_08,LN001386,2026-12-05,2026-12-05,235.83,208.33,27.5,0.0,successful
