loan_id,installment_no,due_date,loan_overdue_flag,installment_overdue_flag,installment_settled_flag,due_principal,paid_principal,due_interest,paid_interest
LN000001,1,2026-02-15,0,0,1,1666.67,1666.67,279.0,279.0
LN000001,2,2026-03-15,0,0,1,1666.67,1666.67,279.0,279.0
LN000001,3,2026-04-15,0,0,1,1666.67,1666.67,279.0,279.0
LN000001,4,2026-05-15,0,0,0,1666.67,0.0,279.0,0.0
LN000001,5,2026-06-15,0,0,0,1666.67,0.0,279.0,0.0
LN000001,6,2026-07-15,0,0,0,1666.67,0.0,279.0,0.0
LN000001,7,2026-08-15,0,0,0,1666.67,0.0,279.0,0.0
LN000001,8,2026-09-15,0,0,0,1666.67,0.0,279.0,0.0
LN000001,9,2026-10-15,0,0,0,1666.67,0.0,279.0,0.0
LN000001,10,2026-11-15,0,0,0,1666.67,0.0,279.0,0.0
LN000001,11,2026-12-15,0,0,0,1666.67,0.0,279.0,0.0
LN000001,12,2027-01-15,0,0,0,1666.63,0.0,279.0,0.0
LN000002,1,2026-04-29,0,0,0,833.33,0.0,53.08,0.0
LN000002,2,2026-05-29,0,0,0,833.33,0.0,53.08,0.0
LN000002,3,2026-06-29,0,0,0,833.33,0.0,53.08,0.0
LN000002,4,2026-07-29,0,0,0,833.33,0.0,53.08,0.0
LN000002,5,2026-08-29,0,0,0,833.33,0.0,53.08,0.0
LN000002,6,2026-09-29,0,0,0,833.33,0.0,53.08,0.0
LN000002,7,2026-10-29,0,0,0,833.33,0.0,53.08,0.0
LN000002,8,2026-11-29,0,0,0,833.33,0.0,53.08,0.0
LN000002,9,2026-12-29,0,0,0,833.33,0.0,53.08,0.0
LN000002,10,2027-01-29,0,0,0,833.33,0.0,53.08,0.0
LN000002,11,2027-02-28,0,0,0,833.33,0.0,53.08,0.0
LN000002,12,2027-03-29,0,0,0,833.37,0.0,53.08,0.0
LN000003,1,2026-03-06,0,0,1,625.0,625.0,116.25,116.25
LN000003,2,2026-04-06,0,0,1,625.0,625.0,116.25,116.25
LN000003,3,2026-05-06,0,0,1,625.0,625.0,116.25,116.25
LN000003,4,2026-06-06,0,0,0,625.0,0.0,116.25,0.0
LN000003,5,2026-07-06,0,0,0,625.0,0.0,116.25,0.0
LN000003,6,2026-08-06,0,0,0,625.0,0.0,116.25,0.0
LN000003,7,2026-09-06,0,0,0,625.0,0.0,116.25,0.0
LN000003,8,2026-10-06,0,0,0,625.0,0.0,116.25,0.0
LN000003,9,2026-11-06,0,0,0,625.0,0.0,116.25,0.0
LN000003,10,2026-12-06,0,0,0,625.0,0.0,116.25,0.0
LN000003,11,2027-01-06,0,0,0,625.0,0.0,116.25,0.0
LN000003,12,2027-02-06,0,0,0,625.0,0.0,116.25,0.0
LN000003,13,2027-03-06,0,0,0,625.0,0.0,116.25,0.0
LN000003,14,2027-04-06,0,0,0,625.0,0.0,116.25,0.0
LN000003,15,2027-05-06,0,0,0,625.0,0.0,116.25,0.0
LN000003,16,2027-06-06,0,0,0,625.0,0.0,116.25,0.0
LN000003,17,2027-07-06,0,0,0,625.0,0.0,116.25,0.0
LN000003,18,2027-08-06,0,0,0,625.0,0.0,116.25,0.0
LN000003,19,2027-09-06,0,0,0,625.0,0.0,116.25,0.0
LN000003,20,2027-10-06,0,0,0,625.0,0.0,116.25,0.0
LN000003,21,2027-11-06,0,0,0,625.0,0.0,116.25,0.0
LN000003,22,2027-12-06,0,0,0,625.0,0.0,116.25,0.0
LN000003,23,2028-01-06,0,0,0,625.0,0.0,116.25,0.0
LN000003,24,2028-02-06,0,0,0,625.0,0.0,116.25,0.0
LN000004,1,2026-03-28,0,0,1,833.33,833.33,294.12,294.12
LN000004,2,2026-04-28,0,0,1,833.33,833.33,294.12,294.12
LN000004,3,2026-05-28,0,0,0,833.33,0.0,294.12,0.0
LN000004,4,2026-06-28,0,0,0,833.33,0.0,294.12,0.0
LN000004,5,2026-07-28,0,0,0,833.33,0.0,294.12,0.0
LN000004,6,2026-08-28,0,0,0,833.33,0.0,294.12,0.0
LN000004,7,2026-09-28,0,0,0,833.33,0.0,294.12,0.0
LN000004,8,2026-10-28,0,0,0,833.33,0.0,294.12,0.0
LN000004,9,2026-11-28,0,0,0,833.33,0.0,294.12,0.0
LN000004,10,2026-12-28,0,0,0,833.33,0.0,294.12,0.0
LN000004,11,2027-01-28,0,0,0,833.33,0.0,294.12,0.0
LN000004,12,2027-02-28,0,0,0,833.33,0.0,294.12,0.0
LN000004,13,2027-03-28,0,0,0,833.33,0.0,294.12,0.0
LN000004,14,2027-04-28,0,0,0,833.33,0.0,294.12,0.0
LN000004,15,2027-05-28,0,0,0,833.33,0.0,294.12,0.0
LN000004,16,2027-06-28,0,0,0,833.33,0.0,294.12,0.0
LN000004,17,2027-07-28,0,0,0,833.33,0.0,294.12,0.0
LN000004,18,2027-08-28,0,0,0,833.39,0.0,294.12,0.0
LN000005,1,2026-02-03,0,0,1,1666.67,1666.67,235.17,235.17
LN000005,2,2026-03-03,0,0,0,1666.67,0.0,235.17,0.0
LN000005,3,2026-04-03,0,0,0,1666.67,0.0,235.17,0.0
LN000005,4,2026-05-03,0,0,0,1666.67,0.0,235.17,0.0
LN000005,5,2026-06-03,0,0,0,1666.67,0.0,235.17,0.0
LN000005,6,2026-07-03,0,0,0,1666.67,0.0,235.17,0.0
LN000005,7,2026-08-03,0,0,0,1666.67,0.0,235.17,0.0
LN000005,8,2026-09-03,0,0,0,1666.67,0.0,235.17,0.0
LN000005,9,2026-10-03,0,0,0,1666.67,0.0,235.17,0.0
LN000005,10,2026-11-03,0,0,0,1666.67,0.0,235.17,0.0
LN000005,11,2026-12-03,0,0,0,1666.67,0.0,235.17,0.0
LN000005,12,2027-01-03,0,0,0,1666.63,0.0,235.17,0.0
LN000006,1,2026-02-14,0,0,0,416.67,0.0,26.21,0.0
LN000006,2,2026-03-14,0,0,0,416.67,0.0,26.21,0.0
LN000006,3,2026-04-14,0,0,0,416.67,0.0,26.21,0.0
LN000006,4,2026-05-14,0,0,0,416.67,0.0,26.21,0.0
LN000006,5,2026-06-14,0,0,0,416.67,0.0,26.21,0.0
LN000006,6,2026-07-14,0,0,0,416.67,0.0,26.21,0.0
LN000006,7,2026-08-14,0,0,0,416.67,0.0,26.21,0.0
LN000006,8,2026-09-14,0,0,0,416.67,0.0,26.21,0.0
LN000006,9,2026-10-14,0,0,0,416.67,0.0,26.21,0.0
LN000006,10,2026-11-14,0,0,0,416.67,0.0,26.21,0.0
LN000006,11,2026-12-14,0,0,0,416.67,0.0,26.21,0.0
LN000006,12,2027-01-14,0,0,0,416.63,0.0,26.21,0.0
LN000007,1,2026-04-12,0,0,1,416.67,416.67,186.42,186.42
LN000007,2,2026-05-12,0,0,1,416.67,416.67,186.42,186.42
LN000007,3,2026-06-12,0,0,1,416.67,416.67,186.42,186.42
LN000007,4,2026-07-12,0,0,0,416.67,0.0,186.42,0.0
LN000007,5,2026-08-12,0,0,0,416.67,0.0,186.42,0.0
LN000007,6,2026-09-12,0,0,0,416.67,0.0,186.42,0.0
LN000007,7,2026-10-12,0,0,0,416.67,0.0,186.42,0.0
LN000007,8,2026-11-12,0,0,0,416.67,0.0,186.42,0.0
LN000007,9,2026-12-12,0,0,0,416.67,0.0,186.42,0.0
LN000007,10,2027-01-12,0,0,0,416.67,0.0,186.42,0.0
LN000007,11,2027-02-12,0,0,0,416.67,0.0,186.42,0.0
LN000007,12,2027-03-12,0,0,0,416.67,0.0,186.42,0.0
LN000007,13,2027-04-12,0,0,0,416.67,0.0,186.42,0.0
LN000007,14,2027-05-12,0,0,0,416.67,0.0,186.42,0.0
LN000007,15,2027-06-12,0,0,0,416.67,0.0,186.42,0.0
LN000007,16,2027-07-12,0,0,0,416.67,0.0,186.42,0.0
LN000007,17,2027-08-12,0,0,0,416.67,0.0,186.42,0.0
LN000007,18,2027-09-12,0,0,0,416.67,0.0,186.42,0.0
LN000007,19,2027-10-12,0,0,0,416.67,0.0,186.42,0.0
LN000007,20,2027-11-12,0,0,0,416.67,0.0,186.42,0.0
LN000007,21,2027-12-12,0,0,0,416.67,0.0,186.42,0.0
LN000007,22,2028-01-12,0,0,0,416.67,0.0,186.42,0.0
LN000007,23,2028-02-12,0,0,0,416.67,0.0,186.42,0.0
LN000007,24,2028-03-12,0,0,0,416.59,0.0,186.42,0.0
LN000008,1,2026-02-06,0,0,1,1250.0,1250.0,116.62,116.62
LN000008,2,2026-03-06,0,0,0,1250.0,0.0,116.62,0.0
LN000008,3,2026-04-06,0,0,0,1250.0,0.0,116.62,0.0
LN000008,4,2026-05-06,0,0,0,1250.0,0.0,116.62,0.0
LN000008,5,2026-06-06,0,0,0,1250.0,0.0,116.62,0.0
LN000008,6,2026-07-06,0,0,0,1250.0,0.0,116.62,0.0
LN000008,7,2026-08-06,0,0,0,1250.0,0.0,116.62,0.0
LN000008,8,2026-09-06,0,0,0,1250.0,0.0,116.62,0.0
LN000008,9,2026-10-06,0,0,0,1250.0,0.0,116.62,0.0
LN000008,10,2026-11-06,0,0,0,1250.0,0.0,116.62,0.0
LN000008,11,2026-12-06,0,0,0,1250.0,0.0,116.62,0.0
LN000008,12,2027-01-06,0,0,0,1250.0,0.0,116.62,0.0
LN000009,1,2026-04-15,0,0,1,1250.0,1250.0,477.25,477.25
LN000009,2,2026-05-15,0,0,0,1250.0,0.0,477.25,0.0
LN000009,3,2026-06-15,0,0,0,1250.0,0.0,477.25,0.0
LN000009,4,2026-07-15,0,0,0,1250.0,0.0,477.25,0.0
LN000009,5,2026-08-15,0,0,0,1250.0,0.0,477.25,0.0
LN000009,6,2026-09-15,0,0,0,1250.0,0.0,477.25,0.0
LN000009,7,2026-10-15,0,0,0,1250.0,0.0,477.25,0.0
LN000009,8,2026-11-15,0,0,0,1250.0,0.0,477.25,0.0
LN000009,9,2026-12-15,0,0,0,1250.0,0.0,477.25,0.0
LN000009,10,2027-01-15,0,0,0,1250.0,0.0,477.25,0.0
LN000009,11,2027-02-15,0,0,0,1250.0,0.0,477.25,0.0
LN000009,12,2027-03-15,0,0,0,1250.0,0.0,477.25,0.0
LN000009,13,2027-04-15,0,0,0,1250.0,0.0,477.25,0.0
LN000009,14,2027-05-15,0,0,0,1250.0,0.0,477.25,0.0
LN000009,15,2027-06-15,0,0,0,1250.0,0.0,477.25,0.0
LN000009,16,2027-07-15,0,0,0,1250.0,0.0,477.25,0.0
LN000009,17,2027-08-15,0,0,0,1250.0,0.0,477.25,0.0
LN000009,18,2027-09-15,0,0,0,1250.0,0.0,477.25,0.0
LN000009,19,2027-10-15,0,0,0,1250.0,0.0,477.25,0.0
LN000009,20,2027-11-15,0,0,0,1250.0,0.0,477.25,0.0
LN000009,21,2027-12-15,0,0,0,1250.0,0.0,477.25,0.0
LN000009,22,2028-01-15,0,0,0,1250.0,0.0,477.25,0.0
LN000009,23,2028-02-15,0,0,0,1250.0,0.0,477.25,0.0
LN000009,24,2028-03-15,0,0,0,1250.0,0.0,477.25,0.0
LN000010,1,2026-02-24,0,0,0,416.67,0.0,211.62,0.0
LN000010,2,2026-03-24,0,0,0,416.67,0.0,211.62,0.0
LN000010,3,2026-04-24,0,0,0,416.67,0.0,211.62,0.0
LN000010,4,2026-05-24,0,0,0,416.67,0.0,211.62,0.0
LN000010,5,2026-06-24,0,0,0,416.67,0.0,211.62,0.0
LN000010,6,2026-07-24,0,0,0,416.67,0.0,211.62,0.0
LN000010,7,2026-08-24,0,0,0,416.67,0.0,211.62,0.0
LN000010,8,2026-09-24,0,0,0,416.67,0.0,211.62,0.0
LN000010,9,2026-10-24,0,0,0,416.67,0.0,211.62,0.0
LN000010,10,2026-11-24,0,0,0,416.67,0.0,211.62,0.0
LN000010,11,2026-12-24,0,0,0,416.67,0.0,211.62,0.0
LN000010,12,2027-01-24,0,0,0,416.67,0.0,211.62,0.0
LN000010,13,2027-02-24,0,0,0,416.67,0.0,211.62,0.0
LN000010,14,2027-03-24,0,0,0,416.67,0.0,211.62,0.0
LN000010,15,2027-04-24,0,0,0,416.67,0.0,211.62,0.0
LN000010,16,2027-05-24,0,0,0,416.67,0.0,211.62,0.0
LN000010,17,2027-06-24,0,0,0,416.67,0.0,211.62,0.0
LN000010,18,2027-07-24,0,0,0,416.67,0.0,211.62,0.0
LN000010,19,2027-08-24,0,0,0,416.67,0.0,211.62,0.0
LN000010,20,2027-09-24,0,0,0,416.67,0.0,211.62,0.0
LN000010,21,2027-10-24,0,0,0,416.67,0.0,211.62,0.0
LN000010,22,2027-11-24,0,0,0,416.67,0.0,211.62,0.0
LN000010,23,2027-12-24,0,0,0,416.67,0.0,211.62,0.0
LN000010,24,2028-01-24,0,0,0,416.67,0.0,211.62,0.0
LN000010,25,2028-02-24,0,0,0,416.67,0.0,211.62,0.0
LN000010,26,2028-03-24,0,0,0,416.67,0.0,211.62,0.0
LN000010,27,2028-04-24,0,0,0,416.67,0.0,211.62,0.0
LN000010,28,2028-05-24,0,0,0,416.67,0.0,211.62,0.0
LN000010,29,2028-06-24,0,0,0,416.67,0.0,211.62,0.0
LN000010,30,2028-07-24,0,0,0,416.67,0.0,211.62,0.0
LN000010,31,2028-08-24,0,0,0,416.67,0.0,211.62,0.0
LN000010,32,2028-09-24,0,0,0,416.67,0.0,211.62,0.0
LN000010,33,2028-10-24,0,0,0,416.67,0.0,211.62,0.0
LN000010,34,2028-11-24,0,0,0,416.67,0.0,211.62,0.0
LN000010,35,2028-12-24,0,0,0,416.67,0.0,211.62,0.0
LN000010,36,2029-01-24,0,0,0,416.55,0.0,211.62,0.0
LN000011,1,2026-03-13,0,0,1,208.33,208.33,82.92,82.92
LN000011,2,2026-04-13,0,0,1,208.33,208.33,82.92,82.92
LN000011,3,2026-05-13,0,0,1,208.33,208.33,82.92,82.92
LN000011,4,2026-06-13,0,0,0,208.33,0.0,82.92,0.0
LN000011,5,2026-07-13,0,0,0,208.33,0.0,82.92,0.0
LN000011,6,2026-08-13,0,0,0,208.33,0.0,82.92,0.0
LN000011,7,2026-09-13,0,0,0,208.33,0.0,82.92,0.0
LN000011,8,2026-10-13,0,0,0,208.33,0.0,82.92,0.0
LN000011,9,2026-11-13,0,0,0,208.33,0.0,82.92,0.0
LN000011,10,2026-12-13,0,0,0,208.33,0.0,82.92,0.0
LN000011,11,2027-01-13,0,0,0,208.33,0.0,82.92,0.0
LN000011,12,2027-02-13,0,0,0,208.33,0.0,82.92,0.0
LN000011,13,2027-03-13,0,0,0,208.33,0.0,82.92,0.0
LN000011,14,2027-04-13,0,0,0,208.33,0.0,82.92,0.0
LN000011,15,2027-05-13,0,0,0,208.33,0.0,82.92,0.0
LN000011,16,2027-06-13,0,0,0,208.33,0.0,82.92,0.0
LN000011,17,2027-07-13,0,0,0,208.33,0.0,82.92,0.0
LN000011,18,2027-08-13,0,0,0,208.33,0.0,82.92,0.0
LN000011,19,2027-09-13,0,0,0,208.33,0.0,82.92,0.0
LN000011,20,2027-10-13,0,0,0,208.33,0.0,82.92,0.0
LN000011,21,2027-11-13,0,0,0,208.33,0.0,82.92,0.0
LN000011,22,2027-12-13,0,0,0,208.33,0.0,82.92,0.0
LN000011,23,2028-01-13,0,0,0,208.33,0.0,82.92,0.0
LN000011,24,2028-02-13,0,0,0,208.41,0.0,82.92,0.0
LN000012,1,2026-03-04,0,0,1,833.33,833.33,61.08,61.08
LN000012,2,2026-04-04,0,0,0,833.33,0.0,61.08,0.0
LN000012,3,2026-05-04,0,0,0,833.33,0.0,61.08,0.0
LN000012,4,2026-06-04,0,0,0,833.33,0.0,61.08,0.0
LN000012,5,2026-07-04,0,0,0,833.33,0.0,61.08,0.0
LN000012,6,2026-08-04,0,0,0,833.33,0.0,61.08,0.0
LN000012,7,2026-09-04,0,0,0,833.33,0.0,61.08,0.0
LN000012,8,2026-10-04,0,0,0,833.33,0.0,61.08,0.0
LN000012,9,2026-11-04,0,0,0,833.33,0.0,61.08,0.0
LN000012,10,2026-12-04,0,0,0,833.33,0.0,61.08,0.0
LN000012,11,2027-01-04,0,0,0,833.33,0.0,61.08,0.0
LN000012,12,2027-02-04,0,0,0,833.37,0.0,61.08,0.0
LN000013,1,2026-04-14,0,0,1,222.22,222.22,51.47,51.47
LN000013,2,2026-05-14,0,0,1,222.22,222.22,51.47,51.47
LN000013,3,2026-06-14,0,0,0,222.22,0.0,51.47,0.0
LN000013,4,2026-07-14,0,0,0,222.22,0.0,51.47,0.0
LN000013,5,2026-08-14,0,0,0,222.22,0.0,51.47,0.0
LN000013,6,2026-09-14,0,0,0,222.22,0.0,51.47,0.0
LN000013,7,2026-10-14,0,0,0,222.22,0.0,51.47,0.0
LN000013,8,2026-11-14,0,0,0,222.22,0.0,51.47,0.0
LN000013,9,2026-12-14,0,0,0,222.22,0.0,51.47,0.0
LN000013,10,2027-01-14,0,0,0,222.22,0.0,51.47,0.0
LN000013,11,2027-02-14,0,0,0,222.22,0.0,51.47,0.0
LN000013,12,2027-03-14,0,0,0,222.22,0.0,51.47,0.0
LN000013,13,2027-04-14,0,0,0,222.22,0.0,51.47,0.0
LN000013,14,2027-05-14,0,0,0,222.22,0.0,51.47,0.0
LN000013,15,2027-06-14,0,0,0,222.22,0.0,51.47,0.0
LN000013,16,2027-07-14,0,0,0,222.22,0.0,51.47,0.0
LN000013,17,2027-08-14,0,0,0,222.22,0.0,51.47,0.0
LN000013,18,2027-09-14,0,0,0,222.22,0.0,51.47,0.0
LN000013,19,2027-10-14,0,0,0,222.22,0.0,51.47,0.0
LN000013,20,2027-11-14,0,0,0,222.22,0.0,51.47,0.0
LN000013,21,2027-12-14,0,0,0,222.22,0.0,51.47,0.0
LN000013,22,2028-01-14,0,0,0,222.22,0.0,51.47,0.0
LN000013,23,2028-02-14,0,0,0,222.22,0.0,51.47,0.0
LN000013,24,2028-03-14,0,0,0,222.22,0.0,51.47,0.0
LN000013,25,2028-04-14,0,0,0,222.22,0.0,51.47,0.0
LN000013,26,2028-05-14,0,0,0,222.22,0.0,51.47,0.0
LN000013,27,2028-06-14,0,0,0,222.22,0.0,51.47,0.0
LN000013,28,2028-07-14,0,0,0,222.22,0.0,51.47,0.0
LN000013,29,2028-08-14,0,0,0,222.22,0.0,51.47,0.0
LN000013,30,2028-09-14,0,0,0,222.22,0.0,51.47,0.0
LN000013,31,2028-10-14,0,0,0,222.22,0.0,51.47,0.0
LN000013,32,2028-11-14,0,0,0,222.22,0.0,51.47,0.0
LN000013,33,2028-12-14,0,0,0,222.22,0.0,51.47,0.0
LN000013,34,2029-01-14,0,0,0,222.22,0.0,51.47,0.0
LN000013,35,2029-02-14,0,0,0,222.22,0.0,51.47,0.0
LN000013,36,2029-03-14,0,0,0,222.3,0.0,51.47,0.0
LN000014,1,2026-04-06,0,0,1,833.33,833.33,532.0,532.0
LN000014,2,2026-05-06,0,0,1,833.33,833.33,532.0,532.0
LN000014,3,2026-06-06,0,0,0,833.33,0.0,532.0,0.0
LN000014,4,2026-07-06,0,0,0,833.33,0.0,532.0,0.0
LN000014,5,2026-08-06,0,0,0,833.33,0.0,532.0,0.0
LN000014,6,2026-09-06,0,0,0,833.33,0.0,532.0,0.0
LN000014,7,2026-10-06,0,0,0,833.33,0.0,532.0,0.0
LN000014,8,2026-11-06,0,0,0,833.33,0.0,532.0,0.0
LN000014,9,2026-12-06,0,0,0,833.33,0.0,532.0,0.0
LN000014,10,2027-01-06,0,0,0,833.33,0.0,532.0,0.0
LN000014,11,2027-02-06,0,0,0,833.33,0.0,532.0,0.0
LN000014,12,2027-03-06,0,0,0,833.33,0.0,532.0,0.0
LN000014,13,2027-04-06,0,0,0,833.33,0.0,532.0,0.0
LN000014,14,2027-05-06,0,0,0,833.33,0.0,532.0,0.0
LN000014,15,2027-06-06,0,0,0,833.33,0.0,532.0,0.0
LN000014,16,2027-07-06,0,0,0,833.33,0.0,532.0,0.0
LN000014,17,2027-08-06,0,0,0,833.33,0.0,532.0,0.0
LN000014,18,2027-09-06,0,0,0,833.33,0.0,532.0,0.0
LN000014,19,2027-10-06,0,0,0,833.33,0.0,532.0,0.0
LN000014,20,2027-11-06,0,0,0,833.33,0.0,532.0,0.0
LN000014,21,2027-12-06,0,0,0,833.33,0.0,532.0,0.0
LN000014,22,2028-01-06,0,0,0,833.33,0.0,532.0,0.0
LN000014,23,2028-02-06,0,0,0,833.33,0.0,532.0,0.0
LN000014,24,2028-03-06,0,0,0,833.33,0.0,532.0,0.0
LN000014,25,2028-04-06,0,0,0,833.33,0.0,532.0,0.0
LN000014,26,2028-05-06,0,0,0,833.33,0.0,532.0,0.0
LN000014,27,2028-06-06,0,0,0,833.33,0.0,532.0,0.0
LN000014,28,2028-07-06,0,0,0,833.33,0.0,532.0,0.0
LN000014,29,2028-08-06,0,0,0,833.33,0.0,532.0,0.0
LN000014,30,2028-09-06,0,0,0,833.33,0.0,532.0,0.0
LN000014,31,2028-10-06,0,0,0,833.33,0.0,532.0,0.0
LN000014,32,2028-11-06,0,0,0,833.33,0.0,532.0,0.0
LN000014,33,2028-12-06,0,0,0,833.33,0.0,532.0,0.0
LN000014,34,2029-01-06,0,0,0,833.33,0.0,532.0,0.0
LN000014,35,2029-02-06,0,0,0,833.33,0.0,532.0,0.0
LN000014,36,2029-03-06,0,0,0,833.45,0.0,532.0,0.0
LN000015,1,2026-04-20,0,0,1,444.44,444.44,92.73,92.73
LN000015,2,2026-05-20,0,0,1,444.44,444.44,92.73,92.73
LN000015,3,2026-06-20,0,0,1,444.44,444.44,92.73,92.73
LN000015,4,2026-07-20,0,0,0,444.44,0.0,92.73,0.0
LN000015,5,2026-08-20,0,0,0,444.44,0.0,92.73,0.0
LN000015,6,2026-09-20,0,0,0,444.44,0.0,92.73,0.0
LN000015,7,2026-10-20,0,0,0,444.44,0.0,92.73,0.0
LN000015,8,2026-11-20,0,0,0,444.44,0.0,92.73,0.0
LN000015,9,2026-12-20,0,0,0,444.44,0.0,92.73,0.0
LN000015,10,2027-01-20,0,0,0,444.44,0.0,92.73,0.0
LN000015,11,2027-02-20,0,0,0,444.44,0.0,92.73,0.0
LN000015,12,2027-03-20,0,0,0,444.44,0.0,92.73,0.0
LN000015,13,2027-04-20,0,0,0,444.44,0.0,92.73,0.0
LN000015,14,2027-05-20,0,0,0,444.44,0.0,92.73,0.0
LN000015,15,2027-06-20,0,0,0,444.44,0.0,92.73,0.0
LN000015,16,2027-07-20,0,0,0,444.44,0.0,92.73,0.0
LN000015,17,2027-08-20,0,0,0,444.44,0.0,92.73,0.0
LN000015,18,2027-09-20,0,0,0,444.52,0.0,92.73,0.0
LN000016,1,2026-02-04,0,0,1,555.56,555.56,262.0,262.0
LN000016,2,2026-03-04,0,0,1,555.56,555.56,262.0,262.0
LN000016,3,2026-04-04,0,0,1,555.56,555.56,262.0,262.0
LN000016,4,2026-05-04,0,0,0,555.56,0.0,262.0,0.0
LN000016,5,2026-06-04,0,0,0,555.56,0.0,262.0,0.0
LN000016,6,2026-07-04,0,0,0,555.56,0.0,262.0,0.0
LN000016,7,2026-08-04,0,0,0,555.56,0.0,262.0,0.0
LN000016,8,2026-09-04,0,0,0,555.56,0.0,262.0,0.0
LN000016,9,2026-10-04,0,0,0,555.56,0.0,262.0,0.0
LN000016,10,2026-11-04,0,0,0,555.56,0.0,262.0,0.0
LN000016,11,2026-12-04,0,0,0,555.56,0.0,262.0,0.0
LN000016,12,2027-01-04,0,0,0,555.56,0.0,262.0,0.0
LN000016,13,2027-02-04,0,0,0,555.56,0.0,262.0,0.0
LN000016,14,2027-03-04,0,0,0,555.56,0.0,262.0,0.0
LN000016,15,2027-04-04,0,0,0,555.56,0.0,262.0,0.0
LN000016,16,2027-05-04,0,0,0,555.56,0.0,262.0,0.0
LN000016,17,2027-06-04,0,0,0,555.56,0.0,262.0,0.0
LN000016,18,2027-07-04,0,0,0,555.56,0.0,262.0,0.0
LN000016,19,2027-08-04,0,0,0,555.56,0.0,262.0,0.0
LN000016,20,2027-09-04,0,0,0,555.56,0.0,262.0,0.0
LN000016,21,2027-10-04,0,0,0,555.56,0.0,262.0,0.0
LN000016,22,2027-11-04,0,0,0,555.56,0.0,262.0,0.0
LN000016,23,2027-12-04,0,0,0,555.56,0.0,262.0,0.0
LN000016,24,2028-01-04,0,0,0,555.56,0.0,262.0,0.0
LN000016,25,2028-02-04,0,0,0,555.56,0.0,262.0,0.0
LN000016,26,2028-03-04,0,0,0,555.56,0.0,262.0,0.0
LN000016,27,2028-04-04,0,0,0,555.56,0.0,262.0,0.0
LN000016,28,2028-05-04,0,0,0,555.56,0.0,262.0,0.0
LN000016,29,2028-06-04,0,0,0,555.56,0.0,262.0,0.0
LN000016,30,2028-07-04,0,0,0,555.56,0.0,262.0,0.0
LN000016,31,2028-08-04,0,0,0,555.56,0.0,262.0,0.0
LN000016,32,2028-09-04,0,0,0,555.56,0.0,262.0,0.0
LN000016,33,2028-10-04,0,0,0,555.56,0.0,262.0,0.0
LN000016,34,2028-11-04,0,0,0,555.56,0.0,262.0,0.0
LN000016,35,2028-12-04,0,0,0,555.56,0.0,262.0,0.0
LN000016,36,2029-01-04,0,0,0,555.4,0.0,262.0,0.0
LN000017,1,2026-04-12,0,0,1,2500.0,2500.0,546.25,546.25
LN000017,2,2026-05-12,0,0,1,2500.0,2500.0,546.25,546.25
LN000017,3,2026-06-12,0,0,1,2500.0,2500.0,546.25,546.25
LN000017,4,2026-07-12,0,0,0,2500.0,0.0,546.25,0.0
LN000017,5,2026-08-12,0,0,0,2500.0,0.0,546.25,0.0
LN000017,6,2026-09-12,0,0,0,2500.0,0.0,546.25,0.0
LN000017,7,2026-10-12,0,0,0,2500.0,0.0,546.25,0.0
LN000017,8,2026-11-12,0,0,0,2500.0,0.0,546.25,0.0
LN000017,9,2026-12-12,0,0,0,2500.0,0.0,546.25,0.0
LN000017,10,2027-01-12,0,0,0,2500.0,0.0,546.25,0.0
LN000017,11,2027-02-12,0,0,0,2500.0,0.0,546.25,0.0
LN000017,12,2027-03-12,0,0,0,2500.0,0.0,546.25,0.0
LN000018,1,2026-02-28,0,0,1,833.33,833.33,168.75,168.75
LN000018,2,2026-03-28,0,0,1,833.33,833.33,168.75,168.75
LN000018,3,2026-04-28,0,0,0,833.33,0.0,168.75,0.0
LN000018,4,2026-05-28,0,0,0,833.33,0.0,168.75,0.0
LN000018,5,2026-06-28,0,0,0,833.33,0.0,168.75,0.0
LN000018,6,2026-07-28,0,0,0,833.33,0.0,168.75,0.0
LN000018,7,2026-08-28,0,0,0,833.33,0.0,168.75,0.0
LN000018,8,2026-09-28,0,0,0,833.33,0.0,168.75,0.0
LN000018,9,2026-10-28,0,0,0,833.33,0.0,168.75,0.0
LN000018,10,2026-11-28,0,0,0,833.33,0.0,168.75,0.0
LN000018,11,2026-12-28,0,0,0,833.33,0.0,168.75,0.0
LN000018,12,2027-01-28,0,0,0,833.33,0.0,168.75,0.0
LN000018,13,2027-02-28,0,0,0,833.33,0.0,168.75,0.0
LN000018,14,2027-03-28,0,0,0,833.33,0.0,168.75,0.0
LN000018,15,2027-04-28,0,0,0,833.33,0.0,168.75,0.0
LN000018,16,2027-05-28,0,0,0,833.33,0.0,168.75,0.0
LN000018,17,2027-06-28,0,0,0,833.33,0.0,168.75,0.0
LN000018,18,2027-07-28,0,0,0,833.39,0.0,168.75,0.0
LN000019,1,2026-02-01,0,0,0,833.33,0.0,150.25,0.0
LN000019,2,2026-03-01,0,0,0,833.33,0.0,150.25,0.0
LN000019,3,2026-04-01,0,0,0,833.33,0.0,150.25,0.0
LN000019,4,2026-05-01,0,0,0,833.33,0.0,150.25,0.0
LN000019,5,2026-06-01,0,0,0,833.33,0.0,150.25,0.0
LN000019,6,2026-07-01,0,0,0,833.33,0.0,150.25,0.0
LN000019,7,2026-08-01,0,0,0,833.33,0.0,150.25,0.0
LN000019,8,2026-09-01,0,0,0,833.33,0.0,150.25,0.0
LN000019,9,2026-10-01,0,0,0,833.33,0.0,150.25,0.0
LN000019,10,2026-11-01,0,0,0,833.33,0.0,150.25,0.0
LN000019,11,2026-12-01,0,0,0,833.33,0.0,150.25,0.0
LN000019,12,2027-01-01,0,0,0,833.33,0.0,150.25,0.0
LN000019,13,2027-02-01,0,0,0,833.33,0.0,150.25,0.0
LN000019,14,2027-03-01,0,0,0,833.33,0.0,150.25,0.0
LN000019,15,2027-04-01,0,0,0,833.33,0.0,150.25,0.0
LN000019,16,2027-05-01,0,0,0,833.33,0.0,150.25,0.0
LN000019,17,2027-06-01,0,0,0,833.33,0.0,150.25,0.0
LN000019,18,2027-07-01,0,0,0,833.33,0.0,150.25,0.0
LN000019,19,2027-08-01,0,0,0,833.33,0.0,150.25,0.0
LN000019,20,2027-09-01,0,0,0,833.33,0.0,150.25,0.0
LN000019,21,2027-10-01,0,0,0,833.33,0.0,150.25,0.0
LN000019,22,2027-11-01,0,0,0,833.33,0.0,150.25,0.0
LN000019,23,2027-12-01,0,0,0,833.33,0.0,150.25,0.0
LN000019,24,2028-01-01,0,0,0,833.33,0.0,150.25,0.0
LN000019,25,2028-02-01,0,0,0,833.33,0.0,150.25,0.0
LN000019,26,2028-03-01,0,0,0,833.33,0.0,150.25,0.0
LN000019,27,2028-04-01,0,0,0,833.33,0.0,150.25,0.0
LN000019,28,2028-05-01,0,0,0,833.33,0.0,150.25,0.0
LN000019,29,2028-06-01,0,0,0,833.33,0.0,150.25,0.0
LN000019,30,2028-07-01,0,0,0,833.33,0.0,150.25,0.0
LN000019,31,2028-08-01,0,0,0,833.33,0.0,150.25,0.0
LN000019,32,2028-09-01,0,0,0,833.33,0.0,150.25,0.0
LN000019,33,2028-10-01,0,0,0,833.33,0.0,150.25,0.0
LN000019,34,2028-11-01,0,0,0,833.33,0.0,150.25,0.0
LN000019,35,2028-12-01,0,0,0,833.33,0.0,150.25,0.0
LN000019,36,2029-01-01,0,0,0,833.45,0.0,150.25,0.0
LN000020,1,2026-04-13,0,0,1,1666.67,1666.67,250.0,250.0
LN000020,2,2026-05-13,0,0,1,1666.67,1666.67,250.0,250.0
LN000020,3,2026-06-13,0,0,0,1666.67,0.0,250.0,0.0
LN000020,4,2026-07-13,0,0,0,1666.67,0.0,250.0,0.0
LN000020,5,2026-08-13,0,0,0,1666.67,0.0,250.0,0.0
LN000020,6,2026-09-13,0,0,0,1666.67,0.0,250.0,0.0
LN000020,7,2026-10-13,0,0,0,1666.67,0.0,250.0,0.0
LN000020,8,2026-11-13,0,0,0,1666.67,0.0,250.0,0.0
LN000020,9,2026-12-13,0,0,0,1666.67,0.0,250.0,0.0
LN000020,10,2027-01-13,0,0,0,1666.67,0.0,250.0,0.0
LN000020,11,2027-02-13,0,0,0,1666.67,0.0,250.0,0.0
LN000020,12,2027-03-13,0,0,0,1666.67,0.0,250.0,0.0
LN000020,13,2027-04-13,0,0,0,1666.67,0.0,250.0,0.0
LN000020,14,2027-05-13,0,0,0,1666.67,0.0,250.0,0.0
LN000020,15,2027-06-13,0,0,0,1666.67,0.0,250.0,0.0
LN000020,16,2027-07-13,0,0,0,1666.67,0.0,250.0,0.0
LN000020,17,2027-08-13,0,0,0,1666.67,0.0,250.0,0.0
LN000020,18,2027-09-13,0,0,0,1666.61,0.0,250.0,0.0
LN000021,1,2026-04-20,0,0,0,833.33,0.0,55.29,0.0
LN000021,2,2026-05-20,0,0,0,833.33,0.0,55.29,0.0
LN000021,3,2026-06-20,0,0,0,833.33,0.0,55.29,0.0
LN000021,4,2026-07-20,0,0,0,833.33,0.0,55.29,0.0
LN000021,5,2026-08-20,0,0,0,833.33,0.0,55.29,0.0
LN000021,6,2026-09-20,0,0,0,833.35,0.0,55.29,0.0
LN000022,1,2026-03-08,0,0,1,833.33,833.33,36.12,36.12
LN000022,2,2026-04-08,0,0,1,833.33,833.33,36.12,36.12
LN000022,3,2026-05-08,0,0,0,833.33,0.0,36.12,0.0
LN000022,4,2026-06-08,0,0,0,833.33,0.0,36.12,0.0
LN000022,5,2026-07-08,0,0,0,833.33,0.0,36.12,0.0
LN000022,6,2026-08-08,0,0,0,833.35,0.0,36.12,0.0
LN000023,1,2026-02-02,0,0,0,3333.33,0.0,203.5,0.0
LN000023,2,2026-03-02,0,0,0,3333.33,0.0,203.5,0.0
LN000023,3,2026-04-02,0,0,0,3333.33,0.0,203.5,0.0
LN000023,4,2026-05-02,0,0,0,3333.33,0.0,203.5,0.0
LN000023,5,2026-06-02,0,0,0,3333.33,0.0,203.5,0.0
LN000023,6,2026-07-02,0,0,0,3333.35,0.0,203.5,0.0
LN000024,1,2026-03-13,0,0,1,1250.0,1250.0,259.0,259.0
LN000024,2,2026-04-13,0,0,0,1250.0,0.0,259.0,0.0
LN000024,3,2026-05-13,0,0,0,1250.0,0.0,259.0,0.0
LN000024,4,2026-06-13,0,0,0,1250.0,0.0,259.0,0.0
LN000024,5,2026-07-13,0,0,0,1250.0,0.0,259.0,0.0
LN000024,6,2026-08-13,0,0,0,1250.0,0.0,259.0,0.0
LN000024,7,2026-09-13,0,0,0,1250.0,0.0,259.0,0.0
LN000024,8,2026-10-13,0,0,0,1250.0,0.0,259.0,0.0
LN000024,9,2026-11-13,0,0,0,1250.0,0.0,259.0,0.0
LN000024,10,2026-12-13,0,0,0,1250.0,0.0,259.0,0.0
LN000024,11,2027-01-13,0,0,0,1250.0,0.0,259.0,0.0
LN000024,12,2027-02-13,0,0,0,1250.0,0.0,259.0,0.0
LN000024,13,2027-03-13,0,0,0,1250.0,0.0,259.0,0.0
LN000024,14,2027-04-13,0,0,0,1250.0,0.0,259.0,0.0
LN000024,15,2027-05-13,0,0,0,1250.0,0.0,259.0,0.0
LN000024,16,2027-06-13,0,0,0,1250.0,0.0,259.0,0.0
LN000024,17,2027-07-13,0,0,0,1250.0,0.0,259.0,0.0
LN000024,18,2027-08-13,0,0,0,1250.0,0.0,259.0,0.0
LN000024,19,2027-09-13,0,0,0,1250.0,0.0,259.0,0.0
LN000024,20,2027-10-13,0,0,0,1250.0,0.0,259.0,0.0
LN000024,21,2027-11-13,0,0,0,1250.0,0.0,259.0,0.0
LN000024,22,2027-12-13,0,0,0,1250.0,0.0,259.0,0.0
LN000024,23,2028-01-13,0,0,0,1250.0,0.0,259.0,0.0
LN000024,24,2028-02-13,0,0,0,1250.0,0.0,259.0,0.0
LN000025,1,2026-02-17,0,0,0,1111.11,0.0,289.67,0.0
LN000025,2,2026-03-17,0,0,0,1111.11,0.0,289.67,0.0
LN000025,3,2026-04-17,0,0,0,1111.11,0.0,289.67,0.0
LN000025,4,2026-05-17,0,0,0,1111.11,0.0,289.67,0.0
LN000025,5,2026-06-17,0,0,0,1111.11,0.0,289.67,0.0
LN000025,6,2026-07-17,0,0,0,1111.11,0.0,289.67,0.0
LN000025,7,2026-08-17,0,0,0,1111.11,0.0,289.67,0.0
LN000025,8,2026-09-17,0,0,0,1111.11,0.0,289.67,0.0
LN000025,9,2026-10-17,0,0,0,1111.11,0.0,289.67,0.0
LN000025,10,2026-11-17,0,0,0,1111.11,0.0,289.67,0.0
LN000025,11,2026-12-17,0,0,0,1111.11,0.0,289.67,0.0
LN000025,12,2027-01-17,0,0,0,1111.11,0.0,289.67,0.0
LN000025,13,2027-02-17,0,0,0,1111.11,0.0,289.67,0.0
LN000025,14,2027-03-17,0,0,0,1111.11,0.0,289.67,0.0
LN000025,15,2027-04-17,0,0,0,1111.11,0.0,289.67,0.0
LN000025,16,2027-05-17,0,0,0,1111.11,0.0,289.67,0.0
LN000025,17,2027-06-17,0,0,0,1111.11,0.0,289.67,0.0
LN000025,18,2027-07-17,0,0,0,1111.13,0.0,289.67,0.0
LN000026,1,2026-03-28,0,0,1,833.33,833.33,357.5,357.5
LN000026,2,2026-04-28,0,0,1,833.33,833.33,357.5,357.5
LN000026,3,2026-05-28,0,0,0,833.33,0.0,357.5,0.0
LN000026,4,2026-06-28,0,0,0,833.33,0.0,357.5,0.0
LN000026,5,2026-07-28,0,0,0,833.33,0.0,357.5,0.0
LN000026,6,2026-08-28,0,0,0,833.33,0.0,357.5,0.0
LN000026,7,2026-09-28,0,0,0,833.33,0.0,357.5,0.0
LN000026,8,2026-10-28,0,0,0,833.33,0.0,357.5,0.0
LN000026,9,2026-11-28,0,0,0,833.33,0.0,357.5,0.0
LN000026,10,2026-12-28,0,0,0,833.33,0.0,357.5,0.0
LN000026,11,2027-01-28,0,0,0,833.33,0.0,357.5,0.0
LN000026,12,2027-02-28,0,0,0,833.33,0.0,357.5,0.0
LN000026,13,2027-03-28,0,0,0,833.33,0.0,357.5,0.0
LN000026,14,2027-04-28,0,0,0,833.33,0.0,357.5,0.0
LN000026,15,2027-05-28,0,0,0,833.33,0.0,357.5,0.0
LN000026,16,2027-06-28,0,0,0,833.33,0.0,357.5,0.0
LN000026,17,2027-07-28,0,0,0,833.33,0.0,357.5,0.0
LN000026,18,2027-08-28,0,0,0,833.33,0.0,357.5,0.0
LN000026,19,2027-09-28,0,0,0,833.33,0.0,357.5,0.0
LN000026,20,2027-10-28,0,0,0,833.33,0.0,357.5,0.0
LN000026,21,2027-11-28,0,0,0,833.33,0.0,357.5,0.0
LN000026,22,2027-12-28,0,0,0,833.33,0.0,357.5,0.0
LN000026,23,2028-01-28,0,0,0,833.33,0.0,357.5,0.0
LN000026,24,2028-02-28,0,0,0,833.41,0.0,357.5,0.0
LN000027,1,2026-04-30,0,0,1,416.67,416.67,102.33,102.33
LN000027,2,2026-05-31,0,0,1,416.67,416.67,102.33,102.33
LN000027,3,2026-06-30,0,0,1,416.67,416.67,102.33,102.33
LN000027,4,2026-07-31,0,0,0,416.67,0.0,102.33,0.0
LN000027,5,2026-08-31,0,0,0,416.67,0.0,102.33,0.0
LN000027,6,2026-09-30,0,0,0,416.67,0.0,102.33,0.0
LN000027,7,2026-10-31,0,0,0,416.67,0.0,102.33,0.0
LN000027,8,2026-11-30,0,0,0,416.67,0.0,102.33,0.0
LN000027,9,2026-12-31,0,0,0,416.67,0.0,102.33,0.0
LN000027,10,2027-01-31,0,0,0,416.67,0.0,102.33,0.0
LN000027,11,2027-02-28,0,0,0,416.67,0.0,102.33,0.0
LN000027,12,2027-03-31,0,0,0,416.67,0.0,102.33,0.0
LN000027,13,2027-04-30,0,0,0,416.67,0.0,102.33,0.0
LN000027,14,2027-05-31,0,0,0,416.67,0.0,102.33,0.0
LN000027,15,2027-06-30,0,0,0,416.67,0.0,102.33,0.0
LN000027,16,2027-07-31,0,0,0,416.67,0.0,102.33,0.0
LN000027,17,2027-08-31,0,0,0,416.67,0.0,102.33,0.0
LN000027,18,2027-09-30,0,0,0,416.67,0.0,102.33,0.0
LN000027,19,2027-10-31,0,0,0,416.67,0.0,102.33,0.0
LN000027,20,2027-11-30,0,0,0,416.67,0.0,102.33,0.0
LN000027,21,2027-12-31,0,0,0,416.67,0.0,102.33,0.0
LN000027,22,2028-01-31,0,0,0,416.67,0.0,102.33,0.0
LN000027,23,2028-02-29,0,0,0,416.67,0.0,102.33,0.0
LN000027,24,2028-03-31,0,0,0,416.59,0.0,102.33,0.0
LN000028,1,2026-03-08,0,0,1,833.33,833.33,75.67,75.67
LN000028,2,2026-04-08,0,0,1,833.33,833.33,75.67,75.67
LN000028,3,2026-05-08,0,0,0,833.33,0.0,75.67,0.0
LN000028,4,2026-06-08,0,0,0,833.33,0.0,75.67,0.0
LN000028,5,2026-07-08,0,0,0,833.33,0.0,75.67,0.0
LN000028,6,2026-08-08,0,0,0,833.35,0.0,75.67,0.0
LN000029,1,2026-02-28,0,0,1,833.33,833.33,84.25,84.25
LN000029,2,2026-03-31,0,0,1,833.33,833.33,84.25,84.25
LN000029,3,2026-04-30,0,0,0,833.33,0.0,84.25,0.0
LN000029,4,2026-05-31,0,0,0,833.33,0.0,84.25,0.0
LN000029,5,2026-06-30,0,0,0,833.33,0.0,84.25,0.0
LN000029,6,2026-07-31,0,0,0,833.33,0.0,84.25,0.0
LN000029,7,2026-08-31,0,0,0,833.33,0.0,84.25,0.0
LN000029,8,2026-09-30,0,0,0,833.33,0.0,84.25,0.0
LN000029,9,2026-10-31,0,0,0,833.33,0.0,84.25,0.0
LN000029,10,2026-11-30,0,0,0,833.33,0.0,84.25,0.0
LN000029,11,2026-12-31,0,0,0,833.33,0.0,84.25,0.0
LN000029,12,2027-01-31,0,0,0,833.37,0.0,84.25,0.0
LN000030,1,2026-02-02,0,0,1,833.33,833.33,553.75,553.75
LN000030,2,2026-03-02,0,0,1,833.33,833.33,553.75,553.75
LN000030,3,2026-04-02,0,0,1,833.33,833.33,553.75,553.75
LN000030,4,2026-05-02,0,0,0,833.33,0.0,553.75,0.0
LN000030,5,2026-06-02,0,0,0,833.33,0.0,553.75,0.0
LN000030,6,2026-07-02,0,0,0,833.33,0.0,553.75,0.0
LN000030,7,2026-08-02,0,0,0,833.33,0.0,553.75,0.0
LN000030,8,2026-09-02,0,0,0,833.33,0.0,553.75,0.0
LN000030,9,2026-10-02,0,0,0,833.33,0.0,553.75,0.0
LN000030,10,2026-11-02,0,0,0,833.33,0.0,553.75,0.0
LN000030,11,2026-12-02,0,0,0,833.33,0.0,553.75,0.0
LN000030,12,2027-01-02,0,0,0,833.33,0.0,553.75,0.0
LN000030,13,2027-02-02,0,0,0,833.33,0.0,553.75,0.0
LN000030,14,2027-03-02,0,0,0,833.33,0.0,553.75,0.0
LN000030,15,2027-04-02,0,0,0,833.33,0.0,553.75,0.0
LN000030,16,2027-05-02,0,0,0,833.33,0.0,553.75,0.0
LN000030,17,2027-06-02,0,0,0,833.33,0.0,553.75,0.0
LN000030,18,2027-07-02,0,0,0,833.33,0.0,553.75,0.0
LN000030,19,2027-08-02,0,0,0,833.33,0.0,553.75,0.0
LN000030,20,2027-09-02,0,0,0,833.33,0.0,553.75,0.0
LN000030,21,2027-10-02,0,0,0,833.33,0.0,553.75,0.0
LN000030,22,2027-11-02,0,0,0,833.33,0.0,553.75,0.0
LN000030,23,2027-12-02,0,0,0,833.33,0.0,553.75,0.0
LN000030,24,2028-01-02,0,0,0,833.33,0.0,553.75,0.0
LN000030,25,2028-02-02,0,0,0,833.33,0.0,553.75,0.0
LN000030,26,2028-03-02,0,0,0,833.33,0.0,553.75,0.0
LN000030,27,2028-04-02,0,0,0,833.33,0.0,553.75,0.0
LN000030,28,2028-05-02,0,0,0,833.33,0.0,553.75,0.0
LN000030,29,2028-06-02,0,0,0,833.33,0.0,553.75,0.0
LN000030,30,2028-07-02,0,0,0,833.33,0.0,553.75,0.0
LN000030,31,2028-08-02,0,0,0,833.33,0.0,553.75,0.0
LN000030,32,2028-09-02,0,0,0,833.33,0.0,553.75,0.0
LN000030,33,2028-10-02,0,0,0,833.33,0.0,553.75,0.0
LN000030,34,2028-11-02,0,0,0,833.33,0.0,553.75,0.0
LN000030,35,2028-12-02,0,0,0,833.33,0.0,553.75,0.0
LN000030,36,2029-01-02,0,0,0,833.45,0.0,553.75,0.0
LN000031,1,2026-02-19,0,0,1,1666.67,1666.67,178.42,178.42
LN000031,2,2026-03-19,0,0,1,1666.67,1666.67,178.42,178.42
LN000031,3,2026-04-19,0,0,1,1666.67,1666.67,178.42,178.42
LN000031,4,2026-05-19,0,0,0,1666.67,0.0,178.42,0.0
LN000031,5,2026-06-19,0,0,0,1666.67,0.0,178.42,0.0
LN000031,6,2026-07-19,0,0,0,1666.65,0.0,178.42,0.0
LN000032,1,2026-04-13,0,0,1,2500.0,2500.0,205.62,205.62
LN000032,2,2026-05-13,0,0,0,2500.0,0.0,205.62,0.0
LN000032,3,2026-06-13,0,0,0,2500.0,0.0,205.62,0.0
LN000032,4,2026-07-13,0,0,0,2500.0,0.0,205.62,0.0
LN000032,5,2026-08-13,0,0,0,2500.0,0.0,205.62,0.0
LN000032,6,2026-09-13,0,0,0,2500.0,0.0,205.62,0.0
LN000033,1,2026-04-23,0,0,0,1666.67,0.0,147.83,0.0
LN000033,2,2026-05-23,0,0,0,1666.67,0.0,147.83,0.0
LN000033,3,2026-06-23,0,0,0,1666.67,0.0,147.83,0.0
LN000033,4,2026-07-23,0,0,0,1666.67,0.0,147.83,0.0
LN000033,5,2026-08-23,0,0,0,1666.67,0.0,147.83,0.0
LN000033,6,2026-09-23,0,0,0,1666.65,0.0,147.83,0.0
LN000034,1,2026-03-02,0,0,0,833.33,0.0,157.5,0.0
LN000034,2,2026-04-02,0,0,0,833.33,0.0,157.5,0.0
LN000034,3,2026-05-02,0,0,0,833.33,0.0,157.5,0.0
LN000034,4,2026-06-02,0,0,0,833.33,0.0,157.5,0.0
LN000034,5,2026-07-02,0,0,0,833.33,0.0,157.5,0.0
LN000034,6,2026-08-02,0,0,0,833.33,0.0,157.5,0.0
LN000034,7,2026-09-02,0,0,0,833.33,0.0,157.5,0.0
LN000034,8,2026-10-02,0,0,0,833.33,0.0,157.5,0.0
LN000034,9,2026-11-02,0,0,0,833.33,0.0,157.5,0.0
LN000034,10,2026-12-02,0,0,0,833.33,0.0,157.5,0.0
LN000034,11,2027-01-02,0,0,0,833.33,0.0,157.5,0.0
LN000034,12,2027-02-02,0,0,0,833.33,0.0,157.5,0.0
LN000034,13,2027-03-02,0,0,0,833.33,0.0,157.5,0.0
LN000034,14,2027-04-02,0,0,0,833.33,0.0,157.5,0.0
LN000034,15,2027-05-02,0,0,0,833.33,0.0,157.5,0.0
LN000034,16,2027-06-02,0,0,0,833.33,0.0,157.5,0.0
LN000034,17,2027-07-02,0,0,0,833.33,0.0,157.5,0.0
LN000034,18,2027-08-02,0,0,0,833.39,0.0,157.5,0.0
LN000035,1,2026-04-17,0,0,1,833.33,833.33,269.25,269.25
LN000035,2,2026-05-17,0,0,1,833.33,833.33,269.25,269.25
LN000035,3,2026-06-17,0,0,1,833.33,833.33,269.25,269.25
LN000035,4,2026-07-17,0,0,0,833.33,0.0,269.25,0.0
LN000035,5,2026-08-17,0,0,0,833.33,0.0,269.25,0.0
LN000035,6,2026-09-17,0,0,0,833.33,0.0,269.25,0.0
LN000035,7,2026-10-17,0,0,0,833.33,0.0,269.25,0.0
LN000035,8,2026-11-17,0,0,0,833.33,0.0,269.25,0.0
LN000035,9,2026-12-17,0,0,0,833.33,0.0,269.25,0.0
LN000035,10,2027-01-17,0,0,0,833.33,0.0,269.25,0.0
LN000035,11,2027-02-17,0,0,0,833.33,0.0,269.25,0.0
LN000035,12,2027-03-17,0,0,0,833.33,0.0,269.25,0.0
LN000035,13,2027-04-17,0,0,0,833.33,0.0,269.25,0.0
LN000035,14,2027-05-17,0,0,0,833.33,0.0,269.25,0.0
LN000035,15,2027-06-17,0,0,0,833.33,0.0,269.25,0.0
LN000035,16,2027-07-17,0,0,0,833.33,0.0,269.25,0.0
LN000035,17,2027-08-17,0,0,0,833.33,0.0,269.25,0.0
LN000035,18,2027-09-17,0,0,0,833.33,0.0,269.25,0.0
LN000035,19,2027-10-17,0,0,0,833.33,0.0,269.25,0.0
LN000035,20,2027-11-17,0,0,0,833.33,0.0,269.25,0.0
LN000035,21,2027-12-17,0,0,0,833.33,0.0,269.25,0.0
LN000035,22,2028-01-17,0,0,0,833.33,0.0,269.25,0.0
LN000035,23,2028-02-17,0,0,0,833.33,0.0,269.25,0.0
LN000035,24,2028-03-17,0,0,0,833.33,0.0,269.25,0.0
LN000035,25,2028-04-17,0,0,0,833.33,0.0,269.25,0.0
LN000035,26,2028-05-17,0,0,0,833.33,0.0,269.25,0.0
LN000035,27,2028-06-17,0,0,0,833.33,0.0,269.25,0.0
LN000035,28,2028-07-17,0,0,0,833.33,0.0,269.25,0.0
LN000035,29,2028-08-17,0,0,0,833.33,0.0,269.25,0.0
LN000035,30,2028-09-17,0,0,0,833.33,0.0,269.25,0.0
LN000035,31,2028-10-17,0,0,0,833.33,0.0,269.25,0.0
LN000035,32,2028-11-17,0,0,0,833.33,0.0,269.25,0.0
LN000035,33,2028-12-17,0,0,0,833.33,0.0,269.25,0.0
LN000035,34,2029-01-17,0,0,0,833.33,0.0,269.25,0.0
LN000035,35,2029-02-17,0,0,0,833.33,0.0,269.25,0.0
LN000035,36,2029-03-17,0,0,0,833.45,0.0,269.25,0.0
LN000036,1,2026-02-21,0,0,1,2500.0,2500.0,225.5,225.5
LN000036,2,2026-03-21,0,0,1,2500.0,2500.0,225.5,225.5
LN000036,3,2026-04-21,0,0,0,2500.0,0.0,225.5,0.0
LN000036,4,2026-05-21,0,0,0,2500.0,0.0,225.5,0.0
LN000036,5,2026-06-21,0,0,0,2500.0,0.0,225.5,0.0
LN000036,6,2026-07-21,0,0,0,2500.0,0.0,225.5,0.0
LN000037,1,2026-03-17,0,0,0,1666.67,0.0,165.25,0.0
LN000037,2,2026-04-17,0,0,0,1666.67,0.0,165.25,0.0
LN000037,3,2026-05-17,0,0,0,1666.67,0.0,165.25,0.0
LN000037,4,2026-06-17,0,0,0,1666.67,0.0,165.25,0.0
LN000037,5,2026-07-17,0,0,0,1666.67,0.0,165.25,0.0
LN000037,6,2026-08-17,0,0,0,1666.65,0.0,165.25,0.0
LN000038,1,2026-03-15,0,0,1,277.78,277.78,162.17,162.17
LN000038,2,2026-04-15,0,0,1,277.78,277.78,162.17,162.17
LN000038,3,2026-05-15,0,0,0,277.78,0.0,162.17,0.0
LN000038,4,2026-06-15,0,0,0,277.78,0.0,162.17,0.0
LN000038,5,2026-07-15,0,0,0,277.78,0.0,162.17,0.0
LN000038,6,2026-08-15,0,0,0,277.78,0.0,162.17,0.0
LN000038,7,2026-09-15,0,0,0,277.78,0.0,162.17,0.0
LN000038,8,2026-10-15,0,0,0,277.78,0.0,162.17,0.0
LN000038,9,2026-11-15,0,0,0,277.78,0.0,162.17,0.0
LN000038,10,2026-12-15,0,0,0,277.78,0.0,162.17,0.0
LN000038,11,2027-01-15,0,0,0,277.78,0.0,162.17,0.0
LN000038,12,2027-02-15,0,0,0,277.78,0.0,162.17,0.0
LN000038,13,2027-03-15,0,0,0,277.78,0.0,162.17,0.0
LN000038,14,2027-04-15,0,0,0,277.78,0.0,162.17,0.0
LN000038,15,2027-05-15,0,0,0,277.78,0.0,162.17,0.0
LN000038,16,2027-06-15,0,0,0,277.78,0.0,162.17,0.0
LN000038,17,2027-07-15,0,0,0,277.78,0.0,162.17,0.0
LN000038,18,2027-08-15,0,0,0,277.78,0.0,162.17,0.0
LN000038,19,2027-09-15,0,0,0,277.78,0.0,162.17,0.0
LN000038,20,2027-10-15,0,0,0,277.78,0.0,162.17,0.0
LN000038,21,2027-11-15,0,0,0,277.78,0.0,162.17,0.0
LN000038,22,2027-12-15,0,0,0,277.78,0.0,162.17,0.0
LN000038,23,2028-01-15,0,0,0,277.78,0.0,162.17,0.0
LN000038,24,2028-02-15,0,0,0,277.78,0.0,162.17,0.0
LN000038,25,2028-03-15,0,0,0,277.78,0.0,162.17,0.0
LN000038,26,2028-04-15,0,0,0,277.78,0.0,162.17,0.0
LN000038,27,2028-05-15,0,0,0,277.78,0.0,162.17,0.0
LN000038,28,2028-06-15,0,0,0,277.78,0.0,162.17,0.0
LN000038,29,2028-07-15,0,0,0,277.78,0.0,162.17,0.0
LN000038,30,2028-08-15,0,0,0,277.78,0.0,162.17,0.0
LN000038,31,2028-09-15,0,0,0,277.78,0.0,162.17,0.0
LN000038,32,2028-10-15,0,0,0,277.78,0.0,162.17,0.0
LN000038,33,2028-11-15,0,0,0,277.78,0.0,162.17,0.0
LN000038,34,2028-12-15,0,0,0,277.78,0.0,162.17,0.0
LN000038,35,2029-01-15,0,0,0,277.78,0.0,162.17,0.0
LN000038,36,2029-02-15,0,0,0,277.7,0.0,162.17,0.0
LN000039,1,2026-03-22,0,0,1,416.67,416.67,266.88,266.88
LN000039,2,2026-04-22,0,0,1,416.67,416.67,266.88,266.88
LN000039,3,2026-05-22,0,0,1,416.67,416.67,266.88,266.88
LN000039,4,2026-06-22,0,0,0,416.67,0.0,266.88,0.0
LN000039,5,2026-07-22,0,0,0,416.67,0.0,266.88,0.0
LN000039,6,2026-08-22,0,0,0,416.67,0.0,266.88,0.0
LN000039,7,2026-09-22,0,0,0,416.67,0.0,266.88,0.0
LN000039,8,2026-10-22,0,0,0,416.67,0.0,266.88,0.0
LN000039,9,2026-11-22,0,0,0,416.67,0.0,266.88,0.0
LN000039,10,2026-12-22,0,0,0,416.67,0.0,266.88,0.0
LN000039,11,2027-01-22,0,0,0,416.67,0.0,266.88,0.0
LN000039,12,2027-02-22,0,0,0,416.67,0.0,266.88,0.0
LN000039,13,2027-03-22,0,0,0,416.67,0.0,266.88,0.0
LN000039,14,2027-04-22,0,0,0,416.67,0.0,266.88,0.0
LN000039,15,2027-05-22,0,0,0,416.67,0.0,266.88,0.0
LN000039,16,2027-06-22,0,0,0,416.67,0.0,266.88,0.0
LN000039,17,2027-07-22,0,0,0,416.67,0.0,266.88,0.0
LN000039,18,2027-08-22,0,0,0,416.67,0.0,266.88,0.0
LN000039,19,2027-09-22,0,0,0,416.67,0.0,266.88,0.0
LN000039,20,2027-10-22,0,0,0,416.67,0.0,266.88,0.0
LN000039,21,2027-11-22,0,0,0,416.67,0.0,266.88,0.0
LN000039,22,2027-12-22,0,0,0,416.67,0.0,266.88,0.0
LN000039,23,2028-01-22,0,0,0,416.67,0.0,266.88,0.0
LN000039,24,2028-02-22,0,0,0,416.67,0.0,266.88,0.0
LN000039,25,2028-03-22,0,0,0,416.67,0.0,266.88,0.0
LN000039,26,2028-04-22,0,0,0,416.67,0.0,266.88,0.0
LN000039,27,2028-05-22,0,0,0,416.67,0.0,266.88,0.0
LN000039,28,2028-06-22,0,0,0,416.67,0.0,266.88,0.0
LN000039,29,2028-07-22,0,0,0,416.67,0.0,266.88,0.0
LN000039,30,2028-08-22,0,0,0,416.67,0.0,266.88,0.0
LN000039,31,2028-09-22,0,0,0,416.67,0.0,266.88,0.0
LN000039,32,2028-10-22,0,0,0,416.67,0.0,266.88,0.0
LN000039,33,2028-11-22,0,0,0,416.67,0.0,266.88,0.0
LN000039,34,2028-12-22,0,0,0,416.67,0.0,266.88,0.0
LN000039,35,2029-01-22,0,0,0,416.67,0.0,266.88,0.0
LN000039,36,2029-02-22,0,0,0,416.55,0.0,266.88,0.0
LN000040,1,2026-02-18,0,0,0,2500.0,0.0,463.25,0.0
LN000040,2,2026-03-18,0,0,0,2500.0,0.0,463.25,0.0
LN000040,3,2026-04-18,0,0,0,2500.0,0.0,463.25,0.0
LN000040,4,2026-05-18,0,0,0,2500.0,0.0,463.25,0.0
LN000040,5,2026-06-18,0,0,0,2500.0,0.0,463.25,0.0
LN000040,6,2026-07-18,0,0,0,2500.0,0.0,463.25,0.0
LN000040,7,2026-08-18,0,0,0,2500.0,0.0,463.25,0.0
LN000040,8,2026-09-18,0,0,0,2500.0,0.0,463.25,0.0
LN000040,9,2026-10-18,0,0,0,2500.0,0.0,463.25,0.0
LN000040,10,2026-11-18,0,0,0,2500.0,0.0,463.25,0.0
LN000040,11,2026-12-18,0,0,0,2500.0,0.0,463.25,0.0
LN000040,12,2027-01-18,0,0,0,2500.0,0.0,463.25,0.0
LN000041,1,2026-02-02,0,0,1,138.89,138.89,35.25,35.25
LN000041,2,2026-03-02,0,0,1,138.89,138.89,35.25,35.25
LN000041,3,2026-04-02,0,0,0,138.89,0.0,35.25,0.0
LN000041,4,2026-05-02,0,0,0,138.89,0.0,35.25,0.0
LN000041,5,2026-06-02,0,0,0,138.89,0.0,35.25,0.0
LN000041,6,2026-07-02,0,0,0,138.89,0.0,35.25,0.0
LN000041,7,2026-08-02,0,0,0,138.89,0.0,35.25,0.0
LN000041,8,2026-09-02,0,0,0,138.89,0.0,35.25,0.0
LN000041,9,2026-10-02,0,0,0,138.89,0.0,35.25,0.0
LN000041,10,2026-11-02,0,0,0,138.89,0.0,35.25,0.0
LN000041,11,2026-12-02,0,0,0,138.89,0.0,35.25,0.0
LN000041,12,2027-01-02,0,0,0,138.89,0.0,35.25,0.0
LN000041,13,2027-02-02,0,0,0,138.89,0.0,35.25,0.0
LN000041,14,2027-03-02,0,0,0,138.89,0.0,35.25,0.0
LN000041,15,2027-04-02,0,0,0,138.89,0.0,35.25,0.0
LN000041,16,2027-05-02,0,0,0,138.89,0.0,35.25,0.0
LN000041,17,2027-06-02,0,0,0,138.89,0.0,35.25,0.0
LN000041,18,2027-07-02,0,0,0,138.89,0.0,35.25,0.0
LN000041,19,2027-08-02,0,0,0,138.89,0.0,35.25,0.0
LN000041,20,2027-09-02,0,0,0,138.89,0.0,35.25,0.0
LN000041,21,2027-10-02,0,0,0,138.89,0.0,35.25,0.0
LN000041,22,2027-11-02,0,0,0,138.89,0.0,35.25,0.0
LN000041,23,2027-12-02,0,0,0,138.89,0.0,35.25,0.0
LN000041,24,2028-01-02,0,0,0,138.89,0.0,35.25,0.0
LN000041,25,2028-02-02,0,0,0,138.89,0.0,35.25,0.0
LN000041,26,2028-03-02,0,0,0,138.89,0.0,35.25,0.0
LN000041,27,2028-04-02,0,0,0,138.89,0.0,35.25,0.0
LN000041,28,2028-05-02,0,0,0,138.89,0.0,35.25,0.0
LN000041,29,2028-06-02,0,0,0,138.89,0.0,35.25,0.0
LN000041,30,2028-07-02,0,0,0,138.89,0.0,35.25,0.0
LN000041,31,2028-08-02,0,0,0,138.89,0.0,35.25,0.0
LN000041,32,2028-09-02,0,0,0,138.89,0.0,35.25,0.0
LN000041,33,2028-10-02,0,0,0,138.89,0.0,35.25,0.0
LN000041,34,2028-11-02,0,0,0,138.89,0.0,35.25,0.0
LN000041,35,2028-12-02,0,0,0,138.89,0.0,35.25,0.0
LN000041,36,2029-01-02,0,0,0,138.85,0.0,35.25,0.0
LN000042,1,2026-02-25,0,0,0,2500.0,0.0,190.0,0.0
LN000042,2,2026-03-25,0,0,0,2500.0,0.0,190.0,0.0
LN000042,3,2026-04-25,0,0,0,2500.0,0.0,190.0,0.0
LN000042,4,2026-05-25,0,0,0,2500.0,0.0,190.0,0.0
LN000042,5,2026-06-25,0,0,0,2500.0,0.0,190.0,0.0
LN000042,6,2026-07-25,0,0,0,2500.0,0.0,190.0,0.0
LN000043,1,2026-04-05,0,0,1,1250.0,1250.0,508.0,508.0
LN000043,2,2026-05-05,0,0,1,1250.0,1250.0,508.0,508.0
LN000043,3,2026-06-05,0,0,0,1250.0,0.0,508.0,0.0
LN000043,4,2026-07-05,0,0,0,1250.0,0.0,508.0,0.0
LN000043,5,2026-08-05,0,0,0,1250.0,0.0,508.0,0.0
LN000043,6,2026-09-05,0,0,0,1250.0,0.0,508.0,0.0
LN000043,7,2026-10-05,0,0,0,1250.0,0.0,508.0,0.0
LN000043,8,2026-11-05,0,0,0,1250.0,0.0,508.0,0.0
LN000043,9,2026-12-05,0,0,0,1250.0,0.0,508.0,0.0
LN000043,10,2027-01-05,0,0,0,1250.0,0.0,508.0,0.0
LN000043,11,2027-02-05,0,0,0,1250.0,0.0,508.0,0.0
LN000043,12,2027-03-05,0,0,0,1250.0,0.0,508.0,0.0
LN000043,13,2027-04-05,0,0,0,1250.0,0.0,508.0,0.0
LN000043,14,2027-05-05,0,0,0,1250.0,0.0,508.0,0.0
LN000043,15,2027-06-05,0,0,0,1250.0,0.0,508.0,0.0
LN000043,16,2027-07-05,0,0,0,1250.0,0.0,508.0,0.0
LN000043,17,2027-08-05,0,0,0,1250.0,0.0,508.0,0.0
LN000043,18,2027-09-05,0,0,0,1250.0,0.0,508.0,0.0
LN000043,19,2027-10-05,0,0,0,1250.0,0.0,508.0,0.0
LN000043,20,2027-11-05,0,0,0,1250.0,0.0,508.0,0.0
LN000043,21,2027-12-05,0,0,0,1250.0,0.0,508.0,0.0
LN000043,22,2028-01-05,0,0,0,1250.0,0.0,508.0,0.0
LN000043,23,2028-02-05,0,0,0,1250.0,0.0,508.0,0.0
LN000043,24,2028-03-05,0,0,0,1250.0,0.0,508.0,0.0
LN000044,1,2026-03-01,0,0,1,2500.0,2500.0,297.75,297.75
LN000044,2,2026-04-01,0,0,1,2500.0,2500.0,297.75,297.75
LN000044,3,2026-05-01,0,0,1,2500.0,2500.0,297.75,297.75
LN000044,4,2026-06-01,0,0,0,2500.0,0.0,297.75,0.0
LN000044,5,2026-07-01,0,0,0,2500.0,0.0,297.75,0.0
LN000044,6,2026-08-01,0,0,0,2500.0,0.0,297.75,0.0
LN000044,7,2026-09-01,0,0,0,2500.0,0.0,297.75,0.0
LN000044,8,2026-10-01,0,0,0,2500.0,0.0,297.75,0.0
LN000044,9,2026-11-01,0,0,0,2500.0,0.0,297.75,0.0
LN000044,10,2026-12-01,0,0,0,2500.0,0.0,297.75,0.0
LN000044,11,2027-01-01,0,0,0,2500.0,0.0,297.75,0.0
LN000044,12,2027-02-01,0,0,0,2500.0,0.0,297.75,0.0
LN000045,1,2026-03-27,0,0,1,277.78,277.78,27.79,27.79
LN000045,2,2026-04-27,0,0,0,277.78,0.0,27.79,0.0
LN000045,3,2026-05-27,0,0,0,277.78,0.0,27.79,0.0
LN000045,4,2026-06-27,0,0,0,277.78,0.0,27.79,0.0
LN000045,5,2026-07-27,0,0,0,277.78,0.0,27.79,0.0
LN000045,6,2026-08-27,0,0,0,277.78,0.0,27.79,0.0
LN000045,7,2026-09-27,0,0,0,277.78,0.0,27.79,0.0
LN000045,8,2026-10-27,0,0,0,277.78,0.0,27.79,0.0
LN000045,9,2026-11-27,0,0,0,277.78,0.0,27.79,0.0
LN000045,10,2026-12-27,0,0,0,277.78,0.0,27.79,0.0
LN000045,11,2027-01-27,0,0,0,277.78,0.0,27.79,0.0
LN000045,12,2027-02-27,0,0,0,277.78,0.0,27.79,0.0
LN000045,13,2027-03-27,0,0,0,277.78,0.0,27.79,0.0
LN000045,14,2027-04-27,0,0,0,277.78,0.0,27.79,0.0
LN000045,15,2027-05-27,0,0,0,277.78,0.0,27.79,0.0
LN000045,16,2027-06-27,0,0,0,277.78,0.0,27.79,0.0
LN000045,17,2027-07-27,0,0,0,277.78,0.0,27.79,0.0
LN000045,18,2027-08-27,0,0,0,277.74,0.0,27.79,0.0
LN000046,1,2026-03-22,0,0,1,625.0,625.0,215.12,215.12
LN000046,2,2026-04-22,0,0,1,625.0,625.0,215.12,215.12
LN000046,3,2026-05-22,0,0,0,625.0,0.0,215.12,0.0
LN000046,4,2026-06-22,0,0,0,625.0,0.0,215.12,0.0
LN000046,5,2026-07-22,0,0,0,625.0,0.0,215.12,0.0
LN000046,6,2026-08-22,0,0,0,625.0,0.0,215.12,0.0
LN000046,7,2026-09-22,0,0,0,625.0,0.0,215.12,0.0
LN000046,8,2026-10-22,0,0,0,625.0,0.0,215.12,0.0
LN000046,9,2026-11-22,0,0,0,625.0,0.0,215.12,0.0
LN000046,10,2026-12-22,0,0,0,625.0,0.0,215.12,0.0
LN000046,11,2027-01-22,0,0,0,625.0,0.0,215.12,0.0
LN000046,12,2027-02-22,0,0,0,625.0,0.0,215.12,0.0
LN000046,13,2027-03-22,0,0,0,625.0,0.0,215.12,0.0
LN000046,14,2027-04-22,0,0,0,625.0,0.0,215.12,0.0
LN000046,15,2027-05-22,0,0,0,625.0,0.0,215.12,0.0
LN000046,16,2027-06-22,0,0,0,625.0,0.0,215.12,0.0
LN000046,17,2027-07-22,0,0,0,625.0,0.0,215.12,0.0
LN000046,18,2027-08-22,0,0,0,625.0,0.0,215.12,0.0
LN000046,19,2027-09-22,0,0,0,625.0,0.0,215.12,0.0
LN000046,20,2027-10-22,0,0,0,625.0,0.0,215.12,0.0
LN000046,21,2027-11-22,0,0,0,625.0,0.0,215.12,0.0
LN000046,22,2027-12-22,0,0,0,625.0,0.0,215.12,0.0
LN000046,23,2028-01-22,0,0,0,625.0,0.0,215.12,0.0
LN000046,24,2028-02-22,0,0,0,625.0,0.0,215.12,0.0
LN000047,1,2026-03-23,0,0,1,1666.67,1666.67,390.83,390.83
LN000047,2,2026-04-23,0,0,1,1666.67,1666.67,390.83,390.83
LN000047,3,2026-05-23,0,0,0,1666.67,0.0,390.83,0.0
LN000047,4,2026-06-23,0,0,0,1666.67,0.0,390.83,0.0
LN000047,5,2026-07-23,0,0,0,1666.67,0.0,390.83,0.0
LN000047,6,2026-08-23,0,0,0,1666.67,0.0,390.83,0.0
LN000047,7,2026-09-23,0,0,0,1666.67,0.0,390.83,0.0
LN000047,8,2026-10-23,0,0,0,1666.67,0.0,390.83,0.0
LN000047,9,2026-11-23,0,0,0,1666.67,0.0,390.83,0.0
LN000047,10,2026-12-23,0,0,0,1666.67,0.0,390.83,0.0
LN000047,11,2027-01-23,0,0,0,1666.67,0.0,390.83,0.0
LN000047,12,2027-02-23,0,0,0,1666.63,0.0,390.83,0.0
LN000048,1,2026-04-04,0,0,1,222.22,222.22,49.4,49.4
LN000048,2,2026-05-04,0,0,1,222.22,222.22,49.4,49.4
LN000048,3,2026-06-04,0,0,0,222.22,0.0,49.4,0.0
LN000048,4,2026-07-04,0,0,0,222.22,0.0,49.4,0.0
LN000048,5,2026-08-04,0,0,0,222.22,0.0,49.4,0.0
LN000048,6,2026-09-04,0,0,0,222.22,0.0,49.4,0.0
LN000048,7,2026-10-04,0,0,0,222.22,0.0,49.4,0.0
LN000048,8,2026-11-04,0,0,0,222.22,0.0,49.4,0.0
LN000048,9,2026-12-04,0,0,0,222.22,0.0,49.4,0.0
LN000048,10,2027-01-04,0,0,0,222.22,0.0,49.4,0.0
LN000048,11,2027-02-04,0,0,0,222.22,0.0,49.4,0.0
LN000048,12,2027-03-04,0,0,0,222.22,0.0,49.4,0.0
LN000048,13,2027-04-04,0,0,0,222.22,0.0,49.4,0.0
LN000048,14,2027-05-04,0,0,0,222.22,0.0,49.4,0.0
LN000048,15,2027-06-04,0,0,0,222.22,0.0,49.4,0.0
LN000048,16,2027-07-04,0,0,0,222.22,0.0,49.4,0.0
LN000048,17,2027-08-04,0,0,0,222.22,0.0,49.4,0.0
LN000048,18,2027-09-04,0,0,0,222.22,0.0,49.4,0.0
LN000048,19,2027-10-04,0,0,0,222.22,0.0,49.4,0.0
LN000048,20,2027-11-04,0,0,0,222.22,0.0,49.4,0.0
LN000048,21,2027-12-04,0,0,0,222.22,0.0,49.4,0.0
LN000048,22,2028-01-04,0,0,0,222.22,0.0,49.4,0.0
LN000048,23,2028-02-04,0,0,0,222.22,0.0,49.4,0.0
LN000048,24,2028-03-04,0,0,0,222.22,0.0,49.4,0.0
LN000048,25,2028-04-04,0,0,0,222.22,0.0,49.4,0.0
LN000048,26,2028-05-04,0,0,0,222.22,0.0,49.4,0.0
LN000048,27,2028-06-04,0,0,0,222.22,0.0,49.4,0.0
LN000048,28,2028-07-04,0,0,0,222.22,0.0,49.4,0.0
LN000048,29,2028-08-04,0,0,0,222.22,0.0,49.4,0.0
LN000048,30,2028-09-04,0,0,0,222.22,0.0,49.4,0.0
LN000048,31,2028-10-04,0,0,0,222.22,0.0,49.4,0.0
LN000048,32,2028-11-04,0,0,0,222.22,0.0,49.4,0.0
LN000048,33,2028-12-04,0,0,0,222.22,0.0,49.4,0.0
LN000048,34,2029-01-04,0,0,0,222.22,0.0,49.4,0.0
LN000048,35,2029-02-04,0,0,0,222.22,0.0,49.4,0.0
LN000048,36,2029-03-04,0,0,0,222.3,0.0,49.4,0.0
LN000049,1,2026-02-23,0,0,1,1250.0,1250.0,167.0,167.0
LN000049,2,2026-03-23,0,0,1,1250.0,1250.0,167.0,167.0
LN000049,3,2026-04-23,0,0,0,1250.0,0.0,167.0,0.0
LN000049,4,2026-05-23,0,0,0,1250.0,0.0,167.0,0.0
LN000049,5,2026-06-23,0,0,0,1250.0,0.0,167.0,0.0
LN000049,6,2026-07-23,0,0,0,1250.0,0.0,167.0,0.0
LN000049,7,2026-08-23,0,0,0,1250.0,0.0,167.0,0.0
LN000049,8,2026-09-23,0,0,0,1250.0,0.0,167.0,0.0
LN000049,9,2026-10-23,0,0,0,1250.0,0.0,167.0,0.0
LN000049,10,2026-11-23,0,0,0,1250.0,0.0,167.0,0.0
LN000049,11,2026-12-23,0,0,0,1250.0,0.0,167.0,0.0
LN000049,12,2027-01-23,0,0,0,1250.0,0.0,167.0,0.0
LN000050,1,2026-03-17,0,0,0,555.56,0.0,184.0,0.0
LN000050,2,2026-04-17,0,0,0,555.56,0.0,184.0,0.0
LN000050,3,2026-05-17,0,0,0,555.56,0.0,184.0,0.0
LN000050,4,2026-06-17,0,0,0,555.56,0.0,184.0,0.0
LN000050,5,2026-07-17,0,0,0,555.56,0.0,184.0,0.0
LN000050,6,2026-08-17,0,0,0,555.56,0.0,184.0,0.0
LN000050,7,2026-09-17,0,0,0,555.56,0.0,184.0,0.0
LN000050,8,2026-10-17,0,0,0,555.56,0.0,184.0,0.0
LN000050,9,2026-11-17,0,0,0,555.56,0.0,184.0,0.0
LN000050,10,2026-12-17,0,0,0,555.56,0.0,184.0,0.0
LN000050,11,2027-01-17,0,0,0,555.56,0.0,184.0,0.0
LN000050,12,2027-02-17,0,0,0,555.56,0.0,184.0,0.0
LN000050,13,2027-03-17,0,0,0,555.56,0.0,184.0,0.0
LN000050,14,2027-04-17,0,0,0,555.56,0.0,184.0,0.0
LN000050,15,2027-05-17,0,0,0,555.56,0.0,184.0,0.0
LN000050,16,2027-06-17,0,0,0,555.56,0.0,184.0,0.0
LN000050,17,2027-07-17,0,0,0,555.56,0.0,184.0,0.0
LN000050,18,2027-08-17,0,0,0,555.56,0.0,184.0,0.0
LN000050,19,2027-09-17,0,0,0,555.56,0.0,184.0,0.0
LN000050,20,2027-10-17,0,0,0,555.56,0.0,184.0,0.0
LN000050,21,2027-11-17,0,0,0,555.56,0.0,184.0,0.0
LN000050,22,2027-12-17,0,0,0,555.56,0.0,184.0,0.0
LN000050,23,2028-01-17,0,0,0,555.56,0.0,184.0,0.0
LN000050,24,2028-02-17,0,0,0,555.56,0.0,184.0,0.0
LN000050,25,2028-03-17,0,0,0,555.56,0.0,184.0,0.0
LN000050,26,2028-04-17,0,0,0,555.56,0.0,184.0,0.0
LN000050,27,2028-05-17,0,0,0,555.56,0.0,184.0,0.0
LN000050,28,2028-06-17,0,0,0,555.56,0.0,184.0,0.0
LN000050,29,2028-07-17,0,0,0,555.56,0.0,184.0,0.0
LN000050,30,2028-08-17,0,0,0,555.56,0.0,184.0,0.0
LN000050,31,2028-09-17,0,0,0,555.56,0.0,184.0,0.0
LN000050,32,2028-10-17,0,0,0,555.56,0.0,184.0,0.0
LN000050,33,2028-11-17,0,0,0,555.56,0.0,184.0,0.0
LN000050,34,2028-12-17,0,0,0,555.56,0.0,184.0,0.0
LN000050,35,2029-01-17,0,0,0,555.56,0.0,184.0,0.0
LN000050,36,2029-02-17,0,0,0,555.4,0.0,184.0,0.0
LN000051,1,2026-04-08,0,0,1,1666.67,1666.67,163.67,163.67
LN000051,2,2026-05-08,0,0,0,1666.67,0.0,163.67,0.0
LN000051,3,2026-06-08,0,0,0,1666.67,0.0,163.67,0.0
LN000051,4,2026-07-08,0,0,0,1666.67,0.0,163.67,0.0
LN000051,5,2026-08-08,0,0,0,1666.67,0.0,163.67,0.0
LN000051,6,2026-09-08,0,0,0,1666.65,0.0,163.67,0.0
LN000052,1,2026-03-15,0,0,1,833.33,833.33,590.75,590.75
LN000052,2,2026-04-15,0,0,1,833.33,833.33,590.75,590.75
LN000052,3,2026-05-15,0,0,1,833.33,833.33,590.75,590.75
LN000052,4,2026-06-15,0,0,0,833.33,0.0,590.75,0.0
LN000052,5,2026-07-15,0,0,0,833.33,0.0,590.75,0.0
LN000052,6,2026-08-15,0,0,0,833.33,0.0,590.75,0.0
LN000052,7,2026-09-15,0,0,0,833.33,0.0,590.75,0.0
LN000052,8,2026-10-15,0,0,0,833.33,0.0,590.75,0.0
LN000052,9,2026-11-15,0,0,0,833.33,0.0,590.75,0.0
LN000052,10,2026-12-15,0,0,0,833.33,0.0,590.75,0.0
LN000052,11,2027-01-15,0,0,0,833.33,0.0,590.75,0.0
LN000052,12,2027-02-15,0,0,0,833.33,0.0,590.75,0.0
LN000052,13,2027-03-15,0,0,0,833.33,0.0,590.75,0.0
LN000052,14,2027-04-15,0,0,0,833.33,0.0,590.75,0.0
LN000052,15,2027-05-15,0,0,0,833.33,0.0,590.75,0.0
LN000052,16,2027-06-15,0,0,0,833.33,0.0,590.75,0.0
LN000052,17,2027-07-15,0,0,0,833.33,0.0,590.75,0.0
LN000052,18,2027-08-15,0,0,0,833.33,0.0,590.75,0.0
LN000052,19,2027-09-15,0,0,0,833.33,0.0,590.75,0.0
LN000052,20,2027-10-15,0,0,0,833.33,0.0,590.75,0.0
LN000052,21,2027-11-15,0,0,0,833.33,0.0,590.75,0.0
LN000052,22,2027-12-15,0,0,0,833.33,0.0,590.75,0.0
LN000052,23,2028-01-15,0,0,0,833.33,0.0,590.75,0.0
LN000052,24,2028-02-15,0,0,0,833.33,0.0,590.75,0.0
LN000052,25,2028-03-15,0,0,0,833.33,0.0,590.75,0.0
LN000052,26,2028-04-15,0,0,0,833.33,0.0,590.75,0.0
LN000052,27,2028-05-15,0,0,0,833.33,0.0,590.75,0.0
LN000052,28,2028-06-15,0,0,0,833.33,0.0,590.75,0.0
LN000052,29,2028-07-15,0,0,0,833.33,0.0,590.75,0.0
LN000052,30,2028-08-15,0,0,0,833.33,0.0,590.75,0.0
LN000052,31,2028-09-15,0,0,0,833.33,0.0,590.75,0.0
LN000052,32,2028-10-15,0,0,0,833.33,0.0,590.75,0.0
LN000052,33,2028-11-15,0,0,0,833.33,0.0,590.75,0.0
LN000052,34,2028-12-15,0,0,0,833.33,0.0,590.75,0.0
LN000052,35,2029-01-15,0,0,0,833.33,0.0,590.75,0.0
LN000052,36,2029-02-15,0,0,0,833.45,0.0,590.75,0.0
LN000053,1,2026-04-26,0,0,0,138.89,0.0,59.83,0.0
LN000053,2,2026-05-26,0,0,0,138.89,0.0,59.83,0.0
LN000053,3,2026-06-26,0,0,0,138.89,0.0,59.83,0.0
LN000053,4,2026-07-26,0,0,0,138.89,0.0,59.83,0.0
LN000053,5,2026-08-26,0,0,0,138.89,0.0,59.83,0.0
LN000053,6,2026-09-26,0,0,0,138.89,0.0,59.83,0.0
LN000053,7,2026-10-26,0,0,0,138.89,0.0,59.83,0.0
LN000053,8,2026-11-26,0,0,0,138.89,0.0,59.83,0.0
LN000053,9,2026-12-26,0,0,0,138.89,0.0,59.83,0.0
LN000053,10,2027-01-26,0,0,0,138.89,0.0,59.83,0.0
LN000053,11,2027-02-26,0,0,0,138.89,0.0,59.83,0.0
LN000053,12,2027-03-26,0,0,0,138.89,0.0,59.83,0.0
LN000053,13,2027-04-26,0,0,0,138.89,0.0,59.83,0.0
LN000053,14,2027-05-26,0,0,0,138.89,0.0,59.83,0.0
LN000053,15,2027-06-26,0,0,0,138.89,0.0,59.83,0.0
LN000053,16,2027-07-26,0,0,0,138.89,0.0,59.83,0.0
LN000053,17,2027-08-26,0,0,0,138.89,0.0,59.83,0.0
LN000053,18,2027-09-26,0,0,0,138.89,0.0,59.83,0.0
LN000053,19,2027-10-26,0,0,0,138.89,0.0,59.83,0.0
LN000053,20,2027-11-26,0,0,0,138.89,0.0,59.83,0.0
LN000053,21,2027-12-26,0,0,0,138.89,0.0,59.83,0.0
LN000053,22,2028-01-26,0,0,0,138.89,0.0,59.83,0.0
LN000053,23,2028-02-26,0,0,0,138.89,0.0,59.83,0.0
LN000053,24,2028-03-26,0,0,0,138.89,0.0,59.83,0.0
LN000053,25,2028-04-26,0,0,0,138.89,0.0,59.83,0.0
LN000053,26,2028-05-26,0,0,0,138.89,0.0,59.83,0.0
LN000053,27,2028-06-26,0,0,0,138.89,0.0,59.83,0.0
LN000053,28,2028-07-26,0,0,0,138.89,0.0,59.83,0.0
LN000053,29,2028-08-26,0,0,0,138.89,0.0,59.83,0.0
LN000053,30,2028-09-26,0,0,0,138.89,0.0,59.83,0.0
LN000053,31,2028-10-26,0,0,0,138.89,0.0,59.83,0.0
LN000053,32,2028-11-26,0,0,0,138.89,0.0,59.83,0.0
LN000053,33,2028-12-26,0,0,0,138.89,0.0,59.83,0.0
LN000053,34,2029-01-26,0,0,0,138.89,0.0,59.83,0.0
LN000053,35,2029-02-26,0,0,0,138.89,0.0,59.83,0.0
LN000053,36,2029-03-26,0,0,0,138.85,0.0,59.83,0.0
LN000054,1,2026-04-10,0,0,1,1250.0,1250.0,159.25,159.25
LN000054,2,2026-05-10,0,0,1,1250.0,1250.0,159.25,159.25
LN000054,3,2026-06-10,0,0,0,1250.0,0.0,159.25,0.0
LN000054,4,2026-07-10,0,0,0,1250.0,0.0,159.25,0.0
LN000054,5,2026-08-10,0,0,0,1250.0,0.0,159.25,0.0
LN000054,6,2026-09-10,0,0,0,1250.0,0.0,159.25,0.0
LN000054,7,2026-10-10,0,0,0,1250.0,0.0,159.25,0.0
LN000054,8,2026-11-10,0,0,0,1250.0,0.0,159.25,0.0
LN000054,9,2026-12-10,0,0,0,1250.0,0.0,159.25,0.0
LN000054,10,2027-01-10,0,0,0,1250.0,0.0,159.25,0.0
LN000054,11,2027-02-10,0,0,0,1250.0,0.0,159.25,0.0
LN000054,12,2027-03-10,0,0,0,1250.0,0.0,159.25,0.0
LN000055,1,2026-04-10,0,0,0,444.44,0.0,43.2,0.0
LN000055,2,2026-05-10,0,0,0,444.44,0.0,43.2,0.0
LN000055,3,2026-06-10,0,0,0,444.44,0.0,43.2,0.0
LN000055,4,2026-07-10,0,0,0,444.44,0.0,43.2,0.0
LN000055,5,2026-08-10,0,0,0,444.44,0.0,43.2,0.0
LN000055,6,2026-09-10,0,0,0,444.44,0.0,43.2,0.0
LN000055,7,2026-10-10,0,0,0,444.44,0.0,43.2,0.0
LN000055,8,2026-11-10,0,0,0,444.44,0.0,43.2,0.0
LN000055,9,2026-12-10,0,0,0,444.44,0.0,43.2,0.0
LN000055,10,2027-01-10,0,0,0,444.44,0.0,43.2,0.0
LN000055,11,2027-02-10,0,0,0,444.44,0.0,43.2,0.0
LN000055,12,2027-03-10,0,0,0,444.44,0.0,43.2,0.0
LN000055,13,2027-04-10,0,0,0,444.44,0.0,43.2,0.0
LN000055,14,2027-05-10,0,0,0,444.44,0.0,43.2,0.0
LN000055,15,2027-06-10,0,0,0,444.44,0.0,43.2,0.0
LN000055,16,2027-07-10,0,0,0,444.44,0.0,43.2,0.0
LN000055,17,2027-08-10,0,0,0,444.44,0.0,43.2,0.0
LN000055,18,2027-09-10,0,0,0,444.52,0.0,43.2,0.0
LN000056,1,2026-03-04,0,0,1,277.78,277.78,85.83,85.83
LN000056,2,2026-04-04,0,0,0,277.78,0.0,85.83,0.0
LN000056,3,2026-05-04,0,0,0,277.78,0.0,85.83,0.0
LN000056,4,2026-06-04,0,0,0,277.78,0.0,85.83,0.0
LN000056,5,2026-07-04,0,0,0,277.78,0.0,85.83,0.0
LN000056,6,2026-08-04,0,0,0,277.78,0.0,85.83,0.0
LN000056,7,2026-09-04,0,0,0,277.78,0.0,85.83,0.0
LN000056,8,2026-10-04,0,0,0,277.78,0.0,85.83,0.0
LN000056,9,2026-11-04,0,0,0,277.78,0.0,85.83,0.0
LN000056,10,2026-12-04,0,0,0,277.78,0.0,85.83,0.0
LN000056,11,2027-01-04,0,0,0,277.78,0.0,85.83,0.0
LN000056,12,2027-02-04,0,0,0,277.78,0.0,85.83,0.0
LN000056,13,2027-03-04,0,0,0,277.78,0.0,85.83,0.0
LN000056,14,2027-04-04,0,0,0,277.78,0.0,85.83,0.0
LN000056,15,2027-05-04,0,0,0,277.78,0.0,85.83,0.0
LN000056,16,2027-06-04,0,0,0,277.78,0.0,85.83,0.0
LN000056,17,2027-07-04,0,0,0,277.78,0.0,85.83,0.0
LN000056,18,2027-08-04,0,0,0,277.74,0.0,85.83,0.0
LN000057,1,2026-04-06,0,0,0,222.22,0.0,64.8,0.0
LN000057,2,2026-05-06,0,0,0,222.22,0.0,64.8,0.0
LN000057,3,2026-06-06,0,0,0,222.22,0.0,64.8,0.0
LN000057,4,2026-07-06,0,0,0,222.22,0.0,64.8,0.0
LN000057,5,2026-08-06,0,0,0,222.22,0.0,64.8,0.0
LN000057,6,2026-09-06,0,0,0,222.22,0.0,64.8,0.0
LN000057,7,2026-10-06,0,0,0,222.22,0.0,64.8,0.0
LN000057,8,2026-11-06,0,0,0,222.22,0.0,64.8,0.0
LN000057,9,2026-12-06,0,0,0,222.22,0.0,64.8,0.0
LN000057,10,2027-01-06,0,0,0,222.22,0.0,64.8,0.0
LN000057,11,2027-02-06,0,0,0,222.22,0.0,64.8,0.0
LN000057,12,2027-03-06,0,0,0,222.22,0.0,64.8,0.0
LN000057,13,2027-04-06,0,0,0,222.22,0.0,64.8,0.0
LN000057,14,2027-05-06,0,0,0,222.22,0.0,64.8,0.0
LN000057,15,2027-06-06,0,0,0,222.22,0.0,64.8,0.0
LN000057,16,2027-07-06,0,0,0,222.22,0.0,64.8,0.0
LN000057,17,2027-08-06,0,0,0,222.22,0.0,64.8,0.0
LN000057,18,2027-09-06,0,0,0,222.22,0.0,64.8,0.0
LN000057,19,2027-10-06,0,0,0,222.22,0.0,64.8,0.0
LN000057,20,2027-11-06,0,0,0,222.22,0.0,64.8,0.0
LN000057,21,2027-12-06,0,0,0,222.22,0.0,64.8,0.0
LN000057,22,2028-01-06,0,0,0,222.22,0.0,64.8,0.0
LN000057,23,2028-02-06,0,0,0,222.22,0.0,64.8,0.0
LN000057,24,2028-03-06,0,0,0,222.22,0.0,64.8,0.0
LN000057,25,2028-04-06,0,0,0,222.22,0.0,64.8,0.0
LN000057,26,2028-05-06,0,0,0,222.22,0.0,64.8,0.0
LN000057,27,2028-06-06,0,0,0,222.22,0.0,64.8,0.0
LN000057,28,2028-07-06,0,0,0,222.22,0.0,64.8,0.0
LN000057,29,2028-08-06,0,0,0,222.22,0.0,64.8,0.0
LN000057,30,2028-09-06,0,0,0,222.22,0.0,64.8,0.0
LN000057,31,2028-10-06,0,0,0,222.22,0.0,64.8,0.0
LN000057,32,2028-11-06,0,0,0,222.22,0.0,64.8,0.0
LN000057,33,2028-12-06,0,0,0,222.22,0.0,64.8,0.0
LN000057,34,2029-01-06,0,0,0,222.22,0.0,64.8,0.0
LN000057,35,2029-02-06,0,0,0,222.22,0.0,64.8,0.0
LN000057,36,2029-03-06,0,0,0,222.3,0.0,64.8,0.0
LN000058,1,2026-02-01,0,0,1,1333.33,1333.33,121.93,121.93
LN000058,2,2026-03-01,0,0,1,1333.33,1333.33,121.93,121.93
LN000058,3,2026-04-01,0,0,1,1333.33,1333.33,121.93,121.93
LN000058,4,2026-05-01,0,0,0,1333.33,0.0,121.93,0.0
LN000058,5,2026-06-01,0,0,0,1333.33,0.0,121.93,0.0
LN000058,6,2026-07-01,0,0,0,1333.35,0.0,121.93,0.0
LN000059,1,2026-04-14,0,0,1,333.33,333.33,71.27,71.27
LN000059,2,2026-05-14,0,0,1,333.33,333.33,71.27,71.27
LN000059,3,2026-06-14,0,0,1,333.33,333.33,71.27,71.27
LN000059,4,2026-07-14,0,0,0,333.33,0.0,71.27,0.0
LN000059,5,2026-08-14,0,0,0,333.33,0.0,71.27,0.0
LN000059,6,2026-09-14,0,0,0,333.33,0.0,71.27,0.0
LN000059,7,2026-10-14,0,0,0,333.33,0.0,71.27,0.0
LN000059,8,2026-11-14,0,0,0,333.33,0.0,71.27,0.0
LN000059,9,2026-12-14,0,0,0,333.33,0.0,71.27,0.0
LN000059,10,2027-01-14,0,0,0,333.33,0.0,71.27,0.0
LN000059,11,2027-02-14,0,0,0,333.33,0.0,71.27,0.0
LN000059,12,2027-03-14,0,0,0,333.33,0.0,71.27,0.0
LN000059,13,2027-04-14,0,0,0,333.33,0.0,71.27,0.0
LN000059,14,2027-05-14,0,0,0,333.33,0.0,71.27,0.0
LN000059,15,2027-06-14,0,0,0,333.33,0.0,71.27,0.0
LN000059,16,2027-07-14,0,0,0,333.33,0.0,71.27,0.0
LN000059,17,2027-08-14,0,0,0,333.33,0.0,71.27,0.0
LN000059,18,2027-09-14,0,0,0,333.33,0.0,71.27,0.0
LN000059,19,2027-10-14,0,0,0,333.33,0.0,71.27,0.0
LN000059,20,2027-11-14,0,0,0,333.33,0.0,71.27,0.0
LN000059,21,2027-12-14,0,0,0,333.33,0.0,71.27,0.0
LN000059,22,2028-01-14,0,0,0,333.33,0.0,71.27,0.0
LN000059,23,2028-02-14,0,0,0,333.33,0.0,71.27,0.0
LN000059,24,2028-03-14,0,0,0,333.41,0.0,71.27,0.0
LN000060,1,2026-02-28,0,0,1,833.33,833.33,85.25,85.25
LN000060,2,2026-03-28,0,0,1,833.33,833.33,85.25,85.25
LN000060,3,2026-04-28,0,0,1,833.33,833.33,85.25,85.25
LN000060,4,2026-05-28,0,0,0,833.33,0.0,85.25,0.0
LN000060,5,2026-06-28,0,0,0,833.33,0.0,85.25,0.0
LN000060,6,2026-07-28,0,0,0,833.35,0.0,85.25,0.0
LN000061,1,2026-02-24,0,0,1,208.33,208.33,79.88,79.88
LN000061,2,2026-03-24,0,0,1,208.33,208.33,79.88,79.88
LN000061,3,2026-04-24,0,0,1,208.33,208.33,79.88,79.88
LN000061,4,2026-05-24,0,0,0,208.33,0.0,79.88,0.0
LN000061,5,2026-06-24,0,0,0,208.33,0.0,79.88,0.0
LN000061,6,2026-07-24,0,0,0,208.33,0.0,79.88,0.0
LN000061,7,2026-08-24,0,0,0,208.33,0.0,79.88,0.0
LN000061,8,2026-09-24,0,0,0,208.33,0.0,79.88,0.0
LN000061,9,2026-10-24,0,0,0,208.33,0.0,79.88,0.0
LN000061,10,2026-11-24,0,0,0,208.33,0.0,79.88,0.0
LN000061,11,2026-12-24,0,0,0,208.33,0.0,79.88,0.0
LN000061,12,2027-01-24,0,0,0,208.33,0.0,79.88,0.0
LN000061,13,2027-02-24,0,0,0,208.33,0.0,79.88,0.0
LN000061,14,2027-03-24,0,0,0,208.33,0.0,79.88,0.0
LN000061,15,2027-04-24,0,0,0,208.33,0.0,79.88,0.0
LN000061,16,2027-05-24,0,0,0,208.33,0.0,79.88,0.0
LN000061,17,2027-06-24,0,0,0,208.33,0.0,79.88,0.0
LN000061,18,2027-07-24,0,0,0,208.33,0.0,79.88,0.0
LN000061,19,2027-08-24,0,0,0,208.33,0.0,79.88,0.0
LN000061,20,2027-09-24,0,0,0,208.33,0.0,79.88,0.0
LN000061,21,2027-10-24,0,0,0,208.33,0.0,79.88,0.0
LN000061,22,2027-11-24,0,0,0,208.33,0.0,79.88,0.0
LN000061,23,2027-12-24,0,0,0,208.33,0.0,79.88,0.0
LN000061,24,2028-01-24,0,0,0,208.41,0.0,79.88,0.0
LN000062,1,2026-02-23,0,0,1,555.56,555.56,171.5,171.5
LN000062,2,2026-03-23,0,0,1,555.56,555.56,171.5,171.5
LN000062,3,2026-04-23,0,0,0,555.56,0.0,171.5,0.0
LN000062,4,2026-05-23,0,0,0,555.56,0.0,171.5,0.0
LN000062,5,2026-06-23,0,0,0,555.56,0.0,171.5,0.0
LN000062,6,2026-07-23,0,0,0,555.56,0.0,171.5,0.0
LN000062,7,2026-08-23,0,0,0,555.56,0.0,171.5,0.0
LN000062,8,2026-09-23,0,0,0,555.56,0.0,171.5,0.0
LN000062,9,2026-10-23,0,0,0,555.56,0.0,171.5,0.0
LN000062,10,2026-11-23,0,0,0,555.56,0.0,171.5,0.0
LN000062,11,2026-12-23,0,0,0,555.56,0.0,171.5,0.0
LN000062,12,2027-01-23,0,0,0,555.56,0.0,171.5,0.0
LN000062,13,2027-02-23,0,0,0,555.56,0.0,171.5,0.0
LN000062,14,2027-03-23,0,0,0,555.56,0.0,171.5,0.0
LN000062,15,2027-04-23,0,0,0,555.56,0.0,171.5,0.0
LN000062,16,2027-05-23,0,0,0,555.56,0.0,171.5,0.0
LN000062,17,2027-06-23,0,0,0,555.56,0.0,171.5,0.0
LN000062,18,2027-07-23,0,0,0,555.56,0.0,171.5,0.0
LN000062,19,2027-08-23,0,0,0,555.56,0.0,171.5,0.0
LN000062,20,2027-09-23,0,0,0,555.56,0.0,171.5,0.0
LN000062,21,2027-10-23,0,0,0,555.56,0.0,171.5,0.0
LN000062,22,2027-11-23,0,0,0,555.56,0.0,171.5,0.0
LN000062,23,2027-12-23,0,0,0,555.56,0.0,171.5,0.0
LN000062,24,2028-01-23,0,0,0,555.56,0.0,171.5,0.0
LN000062,25,2028-02-23,0,0,0,555.56,0.0,171.5,0.0
LN000062,26,2028-03-23,0,0,0,555.56,0.0,171.5,0.0
LN000062,27,2028-04-23,0,0,0,555.56,0.0,171.5,0.0
LN000062,28,2028-05-23,0,0,0,555.56,0.0,171.5,0.0
LN000062,29,2028-06-23,0,0,0,555.56,0.0,171.5,0.0
LN000062,30,2028-07-23,0,0,0,555.56,0.0,171.5,0.0
LN000062,31,2028-08-23,0,0,0,555.56,0.0,171.5,0.0
LN000062,32,2028-09-23,0,0,0,555.56,0.0,171.5,0.0
LN000062,33,2028-10-23,0,0,0,555.56,0.0,171.5,0.0
LN000062,34,2028-11-23,0,0,0,555.56,0.0,171.5,0.0
LN000062,35,2028-12-23,0,0,0,555.56,0.0,171.5,0.0
LN000062,36,2029-01-23,0,0,0,555.4,0.0,171.5,0.0
LN000063,1,2026-02-17,0,0,1,416.67,416.67,261.0,261.0
LN000063,2,2026-03-17,0,0,0,416.67,0.0,261.0,0.0
LN000063,3,2026-04-17,0,0,0,416.67,0.0,261.0,0.0
LN000063,4,2026-05-17,0,0,0,416.67,0.0,261.0,0.0
LN000063,5,2026-06-17,0,0,0,416.67,0.0,261.0,0.0
LN000063,6,2026-07-17,0,0,0,416.67,0.0,261.0,0.0
LN000063,7,2026-08-17,0,0,0,416.67,0.0,261.0,0.0
LN000063,8,2026-09-17,0,0,0,416.67,0.0,261.0,0.0
LN000063,9,2026-10-17,0,0,0,416.67,0.0,261.0,0.0
LN000063,10,2026-11-17,0,0,0,416.67,0.0,261.0,0.0
LN000063,11,2026-12-17,0,0,0,416.67,0.0,261.0,0.0
LN000063,12,2027-01-17,0,0,0,416.67,0.0,261.0,0.0
LN000063,13,2027-02-17,0,0,0,416.67,0.0,261.0,0.0
LN000063,14,2027-03-17,0,0,0,416.67,0.0,261.0,0.0
LN000063,15,2027-04-17,0,0,0,416.67,0.0,261.0,0.0
LN000063,16,2027-05-17,0,0,0,416.67,0.0,261.0,0.0
LN000063,17,2027-06-17,0,0,0,416.67,0.0,261.0,0.0
LN000063,18,2027-07-17,0,0,0,416.67,0.0,261.0,0.0
LN000063,19,2027-08-17,0,0,0,416.67,0.0,261.0,0.0
LN000063,20,2027-09-17,0,0,0,416.67,0.0,261.0,0.0
LN000063,21,2027-10-17,0,0,0,416.67,0.0,261.0,0.0
LN000063,22,2027-11-17,0,0,0,416.67,0.0,261.0,0.0
LN000063,23,2027-12-17,0,0,0,416.67,0.0,261.0,0.0
LN000063,24,2028-01-17,0,0,0,416.67,0.0,261.0,0.0
LN000063,25,2028-02-17,0,0,0,416.67,0.0,261.0,0.0
LN000063,26,2028-03-17,0,0,0,416.67,0.0,261.0,0.0
LN000063,27,2028-04-17,0,0,0,416.67,0.0,261.0,0.0
LN000063,28,2028-05-17,0,0,0,416.67,0.0,261.0,0.0
LN000063,29,2028-06-17,0,0,0,416.67,0.0,261.0,0.0
LN000063,30,2028-07-17,0,0,0,416.67,0.0,261.0,0.0
LN000063,31,2028-08-17,0,0,0,416.67,0.0,261.0,0.0
LN000063,32,2028-09-17,0,0,0,416.67,0.0,261.0,0.0
LN000063,33,2028-10-17,0,0,0,416.67,0.0,261.0,0.0
LN000063,34,2028-11-17,0,0,0,416.67,0.0,261.0,0.0
LN000063,35,2028-12-17,0,0,0,416.67,0.0,261.0,0.0
LN000063,36,2029-01-17,0,0,0,416.55,0.0,261.0,0.0
LN000064,1,2026-02-12,0,0,0,416.67,0.0,63.67,0.0
LN000064,2,2026-03-12,0,0,0,416.67,0.0,63.67,0.0
LN000064,3,2026-04-12,0,0,0,416.67,0.0,63.67,0.0
LN000064,4,2026-05-12,0,0,0,416.67,0.0,63.67,0.0
LN000064,5,2026-06-12,0,0,0,416.67,0.0,63.67,0.0
LN000064,6,2026-07-12,0,0,0,416.67,0.0,63.67,0.0
LN000064,7,2026-08-12,0,0,0,416.67,0.0,63.67,0.0
LN000064,8,2026-09-12,0,0,0,416.67,0.0,63.67,0.0
LN000064,9,2026-10-12,0,0,0,416.67,0.0,63.67,0.0
LN000064,10,2026-11-12,0,0,0,416.67,0.0,63.67,0.0
LN000064,11,2026-12-12,0,0,0,416.67,0.0,63.67,0.0
LN000064,12,2027-01-12,0,0,0,416.67,0.0,63.67,0.0
LN000064,13,2027-02-12,0,0,0,416.67,0.0,63.67,0.0
LN000064,14,2027-03-12,0,0,0,416.67,0.0,63.67,0.0
LN000064,15,2027-04-12,0,0,0,416.67,0.0,63.67,0.0
LN000064,16,2027-05-12,0,0,0,416.67,0.0,63.67,0.0
LN000064,17,2027-06-12,0,0,0,416.67,0.0,63.67,0.0
LN000064,18,2027-07-12,0,0,0,416.67,0.0,63.67,0.0
LN000064,19,2027-08-12,0,0,0,416.67,0.0,63.67,0.0
LN000064,20,2027-09-12,0,0,0,416.67,0.0,63.67,0.0
LN000064,21,2027-10-12,0,0,0,416.67,0.0,63.67,0.0
LN000064,22,2027-11-12,0,0,0,416.67,0.0,63.67,0.0
LN000064,23,2027-12-12,0,0,0,416.67,0.0,63.67,0.0
LN000064,24,2028-01-12,0,0,0,416.59,0.0,63.67,0.0
LN000065,1,2026-04-10,0,0,1,138.89,138.89,66.54,66.54
LN000065,2,2026-05-10,0,0,0,138.89,0.0,66.54,0.0
LN000065,3,2026-06-10,0,0,0,138.89,0.0,66.54,0.0
LN000065,4,2026-07-10,0,0,0,138.89,0.0,66.54,0.0
LN000065,5,2026-08-10,0,0,0,138.89,0.0,66.54,0.0
LN000065,6,2026-09-10,0,0,0,138.89,0.0,66.54,0.0
LN000065,7,2026-10-10,0,0,0,138.89,0.0,66.54,0.0
LN000065,8,2026-11-10,0,0,0,138.89,0.0,66.54,0.0
LN000065,9,2026-12-10,0,0,0,138.89,0.0,66.54,0.0
LN000065,10,2027-01-10,0,0,0,138.89,0.0,66.54,0.0
LN000065,11,2027-02-10,0,0,0,138.89,0.0,66.54,0.0
LN000065,12,2027-03-10,0,0,0,138.89,0.0,66.54,0.0
LN000065,13,2027-04-10,0,0,0,138.89,0.0,66.54,0.0
LN000065,14,2027-05-10,0,0,0,138.89,0.0,66.54,0.0
LN000065,15,2027-06-10,0,0,0,138.89,0.0,66.54,0.0
LN000065,16,2027-07-10,0,0,0,138.89,0.0,66.54,0.0
LN000065,17,2027-08-10,0,0,0,138.89,0.0,66.54,0.0
LN000065,18,2027-09-10,0,0,0,138.89,0.0,66.54,0.0
LN000065,19,2027-10-10,0,0,0,138.89,0.0,66.54,0.0
LN000065,20,2027-11-10,0,0,0,138.89,0.0,66.54,0.0
LN000065,21,2027-12-10,0,0,0,138.89,0.0,66.54,0.0
LN000065,22,2028-01-10,0,0,0,138.89,0.0,66.54,0.0
LN000065,23,2028-02-10,0,0,0,138.89,0.0,66.54,0.0
LN000065,24,2028-03-10,0,0,0,138.89,0.0,66.54,0.0
LN000065,25,2028-04-10,0,0,0,138.89,0.0,66.54,0.0
LN000065,26,2028-05-10,0,0,0,138.89,0.0,66.54,0.0
LN000065,27,2028-06-10,0,0,0,138.89,0.0,66.54,0.0
LN000065,28,2028-07-10,0,0,0,138.89,0.0,66.54,0.0
LN000065,29,2028-08-10,0,0,0,138.89,0.0,66.54,0.0
LN000065,30,2028-09-10,0,0,0,138.89,0.0,66.54,0.0
LN000065,31,2028-10-10,0,0,0,138.89,0.0,66.54,0.0
LN000065,32,2028-11-10,0,0,0,138.89,0.0,66.54,0.0
LN000065,33,2028-12-10,0,0,0,138.89,0.0,66.54,0.0
LN000065,34,2029-01-10,0,0,0,138.89,0.0,66.54,0.0
LN000065,35,2029-02-10,0,0,0,138.89,0.0,66.54,0.0
LN000065,36,2029-03-10,0,0,0,138.85,0.0,66.54,0.0
LN000066,1,2026-02-16,0,0,0,1666.67,0.0,379.33,0.0
LN000066,2,2026-03-16,0,0,0,1666.67,0.0,379.33,0.0
LN000066,3,2026-04-16,0,0,0,1666.67,0.0,379.33,0.0
LN000066,4,2026-05-16,0,0,0,1666.67,0.0,379.33,0.0
LN000066,5,2026-06-16,0,0,0,1666.67,0.0,379.33,0.0
LN000066,6,2026-07-16,0,0,0,1666.67,0.0,379.33,0.0
LN000066,7,2026-08-16,0,0,0,1666.67,0.0,379.33,0.0
LN000066,8,2026-09-16,0,0,0,1666.67,0.0,379.33,0.0
LN000066,9,2026-10-16,0,0,0,1666.67,0.0,379.33,0.0
LN000066,10,2026-11-16,0,0,0,1666.67,0.0,379.33,0.0
LN000066,11,2026-12-16,0,0,0,1666.67,0.0,379.33,0.0
LN000066,12,2027-01-16,0,0,0,1666.63,0.0,379.33,0.0
LN000067,1,2026-03-04,0,0,1,416.67,416.67,155.83,155.83
LN000067,2,2026-04-04,0,0,1,416.67,416.67,155.83,155.83
LN000067,3,2026-05-04,0,0,1,416.67,416.67,155.83,155.83
LN000067,4,2026-06-04,0,0,0,416.67,0.0,155.83,0.0
LN000067,5,2026-07-04,0,0,0,416.67,0.0,155.83,0.0
LN000067,6,2026-08-04,0,0,0,416.67,0.0,155.83,0.0
LN000067,7,2026-09-04,0,0,0,416.67,0.0,155.83,0.0
LN000067,8,2026-10-04,0,0,0,416.67,0.0,155.83,0.0
LN000067,9,2026-11-04,0,0,0,416.67,0.0,155.83,0.0
LN000067,10,2026-12-04,0,0,0,416.67,0.0,155.83,0.0
LN000067,11,2027-01-04,0,0,0,416.67,0.0,155.83,0.0
LN000067,12,2027-02-04,0,0,0,416.67,0.0,155.83,0.0
LN000067,13,2027-03-04,0,0,0,416.67,0.0,155.83,0.0
LN000067,14,2027-04-04,0,0,0,416.67,0.0,155.83,0.0
LN000067,15,2027-05-04,0,0,0,416.67,0.0,155.83,0.0
LN000067,16,2027-06-04,0,0,0,416.67,0.0,155.83,0.0
LN000067,17,2027-07-04,0,0,0,416.67,0.0,155.83,0.0
LN000067,18,2027-08-04,0,0,0,416.67,0.0,155.83,0.0
LN000067,19,2027-09-04,0,0,0,416.67,0.0,155.83,0.0
LN000067,20,2027-10-04,0,0,0,416.67,0.0,155.83,0.0
LN000067,21,2027-11-04,0,0,0,416.67,0.0,155.83,0.0
LN000067,22,2027-12-04,0,0,0,416.67,0.0,155.83,0.0
LN000067,23,2028-01-04,0,0,0,416.67,0.0,155.83,0.0
LN000067,24,2028-02-04,0,0,0,416.59,0.0,155.83,0.0
LN000068,1,2026-02-16,0,0,1,2500.0,2500.0,465.5,465.5
LN000068,2,2026-03-16,0,0,1,2500.0,2500.0,465.5,465.5
LN000068,3,2026-04-16,0,0,0,2500.0,0.0,465.5,0.0
LN000068,4,2026-05-16,0,0,0,2500.0,0.0,465.5,0.0
LN000068,5,2026-06-16,0,0,0,2500.0,0.0,465.5,0.0
LN000068,6,2026-07-16,0,0,0,2500.0,0.0,465.5,0.0
LN000068,7,2026-08-16,0,0,0,2500.0,0.0,465.5,0.0
LN000068,8,2026-09-16,0,0,0,2500.0,0.0,465.5,0.0
LN000068,9,2026-10-16,0,0,0,2500.0,0.0,465.5,0.0
LN000068,10,2026-11-16,0,0,0,2500.0,0.0,465.5,0.0
LN000068,11,2026-12-16,0,0,0,2500.0,0.0,465.5,0.0
LN000068,12,2027-01-16,0,0,0,2500.0,0.0,465.5,0.0
LN000069,1,2026-04-06,0,0,0,555.56,0.0,170.0,0.0
LN000069,2,2026-05-06,0,0,0,555.56,0.0,170.0,0.0
LN000069,3,2026-06-06,0,0,0,555.56,0.0,170.0,0.0
LN000069,4,2026-07-06,0,0,0,555.56,0.0,170.0,0.0
LN000069,5,2026-08-06,0,0,0,555.56,0.0,170.0,0.0
LN000069,6,2026-09-06,0,0,0,555.56,0.0,170.0,0.0
LN000069,7,2026-10-06,0,0,0,555.56,0.0,170.0,0.0
LN000069,8,2026-11-06,0,0,0,555.56,0.0,170.0,0.0
LN000069,9,2026-12-06,0,0,0,555.56,0.0,170.0,0.0
LN000069,10,2027-01-06,0,0,0,555.56,0.0,170.0,0.0
LN000069,11,2027-02-06,0,0,0,555.56,0.0,170.0,0.0
LN000069,12,2027-03-06,0,0,0,555.56,0.0,170.0,0.0
LN000069,13,2027-04-06,0,0,0,555.56,0.0,170.0,0.0
LN000069,14,2027-05-06,0,0,0,555.56,0.0,170.0,0.0
LN000069,15,2027-06-06,0,0,0,555.56,0.0,170.0,0.0
LN000069,16,2027-07-06,0,0,0,555.56,0.0,170.0,0.0
LN000069,17,2027-08-06,0,0,0,555.56,0.0,170.0,0.0
LN000069,18,2027-09-06,0,0,0,555.56,0.0,170.0,0.0
LN000069,19,2027-10-06,0,0,0,555.56,0.0,170.0,0.0
LN000069,20,2027-11-06,0,0,0,555.56,0.0,170.0,0.0
LN000069,21,2027-12-06,0,0,0,555.56,0.0,170.0,0.0
LN000069,22,2028-01-06,0,0,0,555.56,0.0,170.0,0.0
LN000069,23,2028-02-06,0,0,0,555.56,0.0,170.0,0.0
LN000069,24,2028-03-06,0,0,0,555.56,0.0,170.0,0.0
LN000069,25,2028-04-06,0,0,0,555.56,0.0,170.0,0.0
LN000069,26,2028-05-06,0,0,0,555.56,0.0,170.0,0.0
LN000069,27,2028-06-06,0,0,0,555.56,0.0,170.0,0.0
LN000069,28,2028-07-06,0,0,0,555.56,0.0,170.0,0.0
LN000069,29,2028-08-06,0,0,0,555.56,0.0,170.0,0.0
LN000069,30,2028-09-06,0,0,0,555.56,0.0,170.0,0.0
LN000069,31,2028-10-06,0,0,0,555.56,0.0,170.0,0.0
LN000069,32,2028-11-06,0,0,0,555.56,0.0,170.0,0.0
LN000069,33,2028-12-06,0,0,0,555.56,0.0,170.0,0.0
LN000069,34,2029-01-06,0,0,0,555.56,0.0,170.0,0.0
LN000069,35,2029-02-06,0,0,0,555.56,0.0,170.0,0.0
LN000069,36,2029-03-06,0,0,0,555.4,0.0,170.0,0.0
LN000070,1,2026-04-12,0,0,1,625.0,625.0,153.75,153.75
LN000070,2,2026-05-12,0,0,0,625.0,0.0,153.75,0.0
LN000070,3,2026-06-12,0,0,0,625.0,0.0,153.75,0.0
LN000070,4,2026-07-12,0,0,0,625.0,0.0,153.75,0.0
LN000070,5,2026-08-12,0,0,0,625.0,0.0,153.75,0.0
LN000070,6,2026-09-12,0,0,0,625.0,0.0,153.75,0.0
LN000070,7,2026-10-12,0,0,0,625.0,0.0,153.75,0.0
LN000070,8,2026-11-12,0,0,0,625.0,0.0,153.75,0.0
LN000070,9,2026-12-12,0,0,0,625.0,0.0,153.75,0.0
LN000070,10,2027-01-12,0,0,0,625.0,0.0,153.75,0.0
LN000070,11,2027-02-12,0,0,0,625.0,0.0,153.75,0.0
LN000070,12,2027-03-12,0,0,0,625.0,0.0,153.75,0.0
LN000070,13,2027-04-12,0,0,0,625.0,0.0,153.75,0.0
LN000070,14,2027-05-12,0,0,0,625.0,0.0,153.75,0.0
LN000070,15,2027-06-12,0,0,0,625.0,0.0,153.75,0.0
LN000070,16,2027-07-12,0,0,0,625.0,0.0,153.75,0.0
LN000070,17,2027-08-12,0,0,0,625.0,0.0,153.75,0.0
LN000070,18,2027-09-12,0,0,0,625.0,0.0,153.75,0.0
LN000070,19,2027-10-12,0,0,0,625.0,0.0,153.75,0.0
LN000070,20,2027-11-12,0,0,0,625.0,0.0,153.75,0.0
LN000070,21,2027-12-12,0,0,0,625.0,0.0,153.75,0.0
LN000070,22,2028-01-12,0,0,0,625.0,0.0,153.75,0.0
LN000070,23,2028-02-12,0,0,0,625.0,0.0,153.75,0.0
LN000070,24,2028-03-12,0,0,0,625.0,0.0,153.75,0.0
LN000071,1,2026-03-23,0,0,1,444.44,444.44,148.73,148.73
LN000071,2,2026-04-23,0,0,1,444.44,444.44,148.73,148.73
LN000071,3,2026-05-23,0,0,0,444.44,0.0,148.73,0.0
LN000071,4,2026-06-23,0,0,0,444.44,0.0,148.73,0.0
LN000071,5,2026-07-23,0,0,0,444.44,0.0,148.73,0.0
LN000071,6,2026-08-23,0,0,0,444.44,0.0,148.73,0.0
LN000071,7,2026-09-23,0,0,0,444.44,0.0,148.73,0.0
LN000071,8,2026-10-23,0,0,0,444.44,0.0,148.73,0.0
LN000071,9,2026-11-23,0,0,0,444.44,0.0,148.73,0.0
LN000071,10,2026-12-23,0,0,0,444.44,0.0,148.73,0.0
LN000071,11,2027-01-23,0,0,0,444.44,0.0,148.73,0.0
LN000071,12,2027-02-23,0,0,0,444.44,0.0,148.73,0.0
LN000071,13,2027-03-23,0,0,0,444.44,0.0,148.73,0.0
LN000071,14,2027-04-23,0,0,0,444.44,0.0,148.73,0.0
LN000071,15,2027-05-23,0,0,0,444.44,0.0,148.73,0.0
LN000071,16,2027-06-23,0,0,0,444.44,0.0,148.73,0.0
LN000071,17,2027-07-23,0,0,0,444.44,0.0,148.73,0.0
LN000071,18,2027-08-23,0,0,0,444.52,0.0,148.73,0.0
LN000072,1,2026-02-19,0,0,1,3333.33,3333.33,346.83,346.83
LN000072,2,2026-03-19,0,0,1,3333.33,3333.33,346.83,346.83
LN000072,3,2026-04-19,0,0,0,3333.33,0.0,346.83,0.0
LN000072,4,2026-05-19,0,0,0,3333.33,0.0,346.83,0.0
LN000072,5,2026-06-19,0,0,0,3333.33,0.0,346.83,0.0
LN000072,6,2026-07-19,0,0,0,3333.35,0.0,346.83,0.0
LN000073,1,2026-04-04,0,0,1,138.89,138.89,90.12,90.12
LN000073,2,2026-05-04,0,0,0,138.89,0.0,90.12,0.0
LN000073,3,2026-06-04,0,0,0,138.89,0.0,90.12,0.0
LN000073,4,2026-07-04,0,0,0,138.89,0.0,90.12,0.0
LN000073,5,2026-08-04,0,0,0,138.89,0.0,90.12,0.0
LN000073,6,2026-09-04,0,0,0,138.89,0.0,90.12,0.0
LN000073,7,2026-10-04,0,0,0,138.89,0.0,90.12,0.0
LN000073,8,2026-11-04,0,0,0,138.89,0.0,90.12,0.0
LN000073,9,2026-12-04,0,0,0,138.89,0.0,90.12,0.0
LN000073,10,2027-01-04,0,0,0,138.89,0.0,90.12,0.0
LN000073,11,2027-02-04,0,0,0,138.89,0.0,90.12,0.0
LN000073,12,2027-03-04,0,0,0,138.89,0.0,90.12,0.0
LN000073,13,2027-04-04,0,0,0,138.89,0.0,90.12,0.0
LN000073,14,2027-05-04,0,0,0,138.89,0.0,90.12,0.0
LN000073,15,2027-06-04,0,0,0,138.89,0.0,90.12,0.0
LN000073,16,2027-07-04,0,0,0,138.89,0.0,90.12,0.0
LN000073,17,2027-08-04,0,0,0,138.89,0.0,90.12,0.0
LN000073,18,2027-09-04,0,0,0,138.89,0.0,90.12,0.0
LN000073,19,2027-10-04,0,0,0,138.89,0.0,90.12,0.0
LN000073,20,2027-11-04,0,0,0,138.89,0.0,90.12,0.0
LN000073,21,2027-12-04,0,0,0,138.89,0.0,90.12,0.0
LN000073,22,2028-01-04,0,0,0,138.89,0.0,90.12,0.0
LN000073,23,2028-02-04,0,0,0,138.89,0.0,90.12,0.0
LN000073,24,2028-03-04,0,0,0,138.89,0.0,90.12,0.0
LN000073,25,2028-04-04,0,0,0,138.89,0.0,90.12,0.0
LN000073,26,2028-05-04,0,0,0,138.89,0.0,90.12,0.0
LN000073,27,2028-06-04,0,0,0,138.89,0.0,90.12,0.0
LN000073,28,2028-07-04,0,0,0,138.89,0.0,90.12,0.0
LN000073,29,2028-08-04,0,0,0,138.89,0.0,90.12,0.0
LN000073,30,2028-09-04,0,0,0,138.89,0.0,90.12,0.0
LN000073,31,2028-10-04,0,0,0,138.89,0.0,90.12,0.0
LN000073,32,2028-11-04,0,0,0,138.89,0.0,90.12,0.0
LN000073,33,2028-12-04,0,0,0,138.89,0.0,90.12,0.0
LN000073,34,2029-01-04,0,0,0,138.89,0.0,90.12,0.0
LN000073,35,2029-02-04,0,0,0,138.89,0.0,90.12,0.0
LN000073,36,2029-03-04,0,0,0,138.85,0.0,90.12,0.0
LN000074,1,2026-03-14,0,0,1,555.56,555.56,196.83,196.83
LN000074,2,2026-04-14,0,0,0,555.56,0.0,196.83,0.0
LN000074,3,2026-05-14,0,0,0,555.56,0.0,196.83,0.0
LN000074,4,2026-06-14,0,0,0,555.56,0.0,196.83,0.0
LN000074,5,2026-07-14,0,0,0,555.56,0.0,196.83,0.0
LN000074,6,2026-08-14,0,0,0,555.56,0.0,196.83,0.0
LN000074,7,2026-09-14,0,0,0,555.56,0.0,196.83,0.0
LN000074,8,2026-10-14,0,0,0,555.56,0.0,196.83,0.0
LN000074,9,2026-11-14,0,0,0,555.56,0.0,196.83,0.0
LN000074,10,2026-12-14,0,0,0,555.56,0.0,196.83,0.0
LN000074,11,2027-01-14,0,0,0,555.56,0.0,196.83,0.0
LN000074,12,2027-02-14,0,0,0,555.56,0.0,196.83,0.0
LN000074,13,2027-03-14,0,0,0,555.56,0.0,196.83,0.0
LN000074,14,2027-04-14,0,0,0,555.56,0.0,196.83,0.0
LN000074,15,2027-05-14,0,0,0,555.56,0.0,196.83,0.0
LN000074,16,2027-06-14,0,0,0,555.56,0.0,196.83,0.0
LN000074,17,2027-07-14,0,0,0,555.56,0.0,196.83,0.0
LN000074,18,2027-08-14,0,0,0,555.56,0.0,196.83,0.0
LN000074,19,2027-09-14,0,0,0,555.56,0.0,196.83,0.0
LN000074,20,2027-10-14,0,0,0,555.56,0.0,196.83,0.0
LN000074,21,2027-11-14,0,0,0,555.56,0.0,196.83,0.0
LN000074,22,2027-12-14,0,0,0,555.56,0.0,196.83,0.0
LN000074,23,2028-01-14,0,0,0,555.56,0.0,196.83,0.0
LN000074,24,2028-02-14,0,0,0,555.56,0.0,196.83,0.0
LN000074,25,2028-03-14,0,0,0,555.56,0.0,196.83,0.0
LN000074,26,2028-04-14,0,0,0,555.56,0.0,196.83,0.0
LN000074,27,2028-05-14,0,0,0,555.56,0.0,196.83,0.0
LN000074,28,2028-06-14,0,0,0,555.56,0.0,196.83,0.0
LN000074,29,2028-07-14,0,0,0,555.56,0.0,196.83,0.0
LN000074,30,2028-08-14,0,0,0,555.56,0.0,196.83,0.0
LN000074,31,2028-09-14,0,0,0,555.56,0.0,196.83,0.0
LN000074,32,2028-10-14,0,0,0,555.56,0.0,196.83,0.0
LN000074,33,2028-11-14,0,0,0,555.56,0.0,196.83,0.0
LN000074,34,2028-12-14,0,0,0,555.56,0.0,196.83,0.0
LN000074,35,2029-01-14,0,0,0,555.56,0.0,196.83,0.0
LN000074,36,2029-02-14,0,0,0,555.4,0.0,196.83,0.0
LN000075,1,2026-02-19,0,0,0,1333.33,0.0,59.93,0.0
LN000075,2,2026-03-19,0,0,0,1333.33,0.0,59.93,0.0
LN000075,3,2026-04-19,0,0,0,1333.33,0.0,59.93,0.0
LN000075,4,2026-05-19,0,0,0,1333.33,0.0,59.93,0.0
LN000075,5,2026-06-19,0,0,0,1333.33,0.0,59.93,0.0
LN000075,6,2026-07-19,0,0,0,1333.35,0.0,59.93,0.0
LN000076,1,2026-02-03,0,0,1,416.67,416.67,93.62,93.62
LN000076,2,2026-03-03,0,0,0,416.67,0.0,93.62,0.0
LN000076,3,2026-04-03,0,0,0,416.67,0.0,93.62,0.0
LN000076,4,2026-05-03,0,0,0,416.67,0.0,93.62,0.0
LN000076,5,2026-06-03,0,0,0,416.67,0.0,93.62,0.0
LN000076,6,2026-07-03,0,0,0,416.67,0.0,93.62,0.0
LN000076,7,2026-08-03,0,0,0,416.67,0.0,93.62,0.0
LN000076,8,2026-09-03,0,0,0,416.67,0.0,93.62,0.0
LN000076,9,2026-10-03,0,0,0,416.67,0.0,93.62,0.0
LN000076,10,2026-11-03,0,0,0,416.67,0.0,93.62,0.0
LN000076,11,2026-12-03,0,0,0,416.67,0.0,93.62,0.0
LN000076,12,2027-01-03,0,0,0,416.63,0.0,93.62,0.0
LN000077,1,2026-02-28,0,0,1,666.67,666.67,62.6,62.6
LN000077,2,2026-03-28,0,0,0,666.67,0.0,62.6,0.0
LN000077,3,2026-04-28,0,0,0,666.67,0.0,62.6,0.0
LN000077,4,2026-05-28,0,0,0,666.67,0.0,62.6,0.0
LN000077,5,2026-06-28,0,0,0,666.67,0.0,62.6,0.0
LN000077,6,2026-07-28,0,0,0,666.67,0.0,62.6,0.0
LN000077,7,2026-08-28,0,0,0,666.67,0.0,62.6,0.0
LN000077,8,2026-09-28,0,0,0,666.67,0.0,62.6,0.0
LN000077,9,2026-10-28,0,0,0,666.67,0.0,62.6,0.0
LN000077,10,2026-11-28,0,0,0,666.67,0.0,62.6,0.0
LN000077,11,2026-12-28,0,0,0,666.67,0.0,62.6,0.0
LN000077,12,2027-01-28,0,0,0,666.63,0.0,62.6,0.0
LN000078,1,2026-03-19,0,0,0,1111.11,0.0,392.33,0.0
LN000078,2,2026-04-19,0,0,0,1111.11,0.0,392.33,0.0
LN000078,3,2026-05-19,0,0,0,1111.11,0.0,392.33,0.0
LN000078,4,2026-06-19,0,0,0,1111.11,0.0,392.33,0.0
LN000078,5,2026-07-19,0,0,0,1111.11,0.0,392.33,0.0
LN000078,6,2026-08-19,0,0,0,1111.11,0.0,392.33,0.0
LN000078,7,2026-09-19,0,0,0,1111.11,0.0,392.33,0.0
LN000078,8,2026-10-19,0,0,0,1111.11,0.0,392.33,0.0
LN000078,9,2026-11-19,0,0,0,1111.11,0.0,392.33,0.0
LN000078,10,2026-12-19,0,0,0,1111.11,0.0,392.33,0.0
LN000078,11,2027-01-19,0,0,0,1111.11,0.0,392.33,0.0
LN000078,12,2027-02-19,0,0,0,1111.11,0.0,392.33,0.0
LN000078,13,2027-03-19,0,0,0,1111.11,0.0,392.33,0.0
LN000078,14,2027-04-19,0,0,0,1111.11,0.0,392.33,0.0
LN000078,15,2027-05-19,0,0,0,1111.11,0.0,392.33,0.0
LN000078,16,2027-06-19,0,0,0,1111.11,0.0,392.33,0.0
LN000078,17,2027-07-19,0,0,0,1111.11,0.0,392.33,0.0
LN000078,18,2027-08-19,0,0,0,1111.13,0.0,392.33,0.0
LN000079,1,2026-03-02,0,0,1,555.56,555.56,305.5,305.5
LN000079,2,2026-04-02,0,0,1,555.56,555.56,305.5,305.5
LN000079,3,2026-05-02,0,0,0,555.56,0.0,305.5,0.0
LN000079,4,2026-06-02,0,0,0,555.56,0.0,305.5,0.0
LN000079,5,2026-07-02,0,0,0,555.56,0.0,305.5,0.0
LN000079,6,2026-08-02,0,0,0,555.56,0.0,305.5,0.0
LN000079,7,2026-09-02,0,0,0,555.56,0.0,305.5,0.0
LN000079,8,2026-10-02,0,0,0,555.56,0.0,305.5,0.0
LN000079,9,2026-11-02,0,0,0,555.56,0.0,305.5,0.0
LN000079,10,2026-12-02,0,0,0,555.56,0.0,305.5,0.0
LN000079,11,2027-01-02,0,0,0,555.56,0.0,305.5,0.0
LN000079,12,2027-02-02,0,0,0,555.56,0.0,305.5,0.0
LN000079,13,2027-03-02,0,0,0,555.56,0.0,305.5,0.0
LN000079,14,2027-04-02,0,0,0,555.56,0.0,305.5,0.0
LN000079,15,2027-05-02,0,0,0,555.56,0.0,305.5,0.0
LN000079,16,2027-06-02,0,0,0,555.56,0.0,305.5,0.0
LN000079,17,2027-07-02,0,0,0,555.56,0.0,305.5,0.0
LN000079,18,2027-08-02,0,0,0,555.56,0.0,305.5,0.0
LN000079,19,2027-09-02,0,0,0,555.56,0.0,305.5,0.0
LN000079,20,2027-10-02,0,0,0,555.56,0.0,305.5,0.0
LN000079,21,2027-11-02,0,0,0,555.56,0.0,305.5,0.0
LN000079,22,2027-12-02,0,0,0,555.56,0.0,305.5,0.0
LN000079,23,2028-01-02,0,0,0,555.56,0.0,305.5,0.0
LN000079,24,2028-02-02,0,0,0,555.56,0.0,305.5,0.0
LN000079,25,2028-03-02,0,0,0,555.56,0.0,305.5,0.0
LN000079,26,2028-04-02,0,0,0,555.56,0.0,305.5,0.0
LN000079,27,2028-05-02,0,0,0,555.56,0.0,305.5,0.0
LN000079,28,2028-06-02,0,0,0,555.56,0.0,305.5,0.0
LN000079,29,2028-07-02,0,0,0,555.56,0.0,305.5,0.0
LN000079,30,2028-08-02,0,0,0,555.56,0.0,305.5,0.0
LN000079,31,2028-09-02,0,0,0,555.56,0.0,305.5,0.0
LN000079,32,2028-10-02,0,0,0,555.56,0.0,305.5,0.0
LN000079,33,2028-11-02,0,0,0,555.56,0.0,305.5,0.0
LN000079,34,2028-12-02,0,0,0,555.56,0.0,305.5,0.0
LN000079,35,2029-01-02,0,0,0,555.56,0.0,305.5,0.0
LN000079,36,2029-02-02,0,0,0,555.4,0.0,305.5,0.0
LN000080,1,2026-04-23,0,0,0,1666.67,0.0,284.0,0.0
LN000080,2,2026-05-23,0,0,0,1666.67,0.0,284.0,0.0
LN000080,3,2026-06-23,0,0,0,1666.67,0.0,284.0,0.0
LN000080,4,2026-07-23,0,0,0,1666.67,0.0,284.0,0.0
LN000080,5,2026-08-23,0,0,0,1666.67,0.0,284.0,0.0
LN000080,6,2026-09-23,0,0,0,1666.67,0.0,284.0,0.0
LN000080,7,2026-10-23,0,0,0,1666.67,0.0,284.0,0.0
LN000080,8,2026-11-23,0,0,0,1666.67,0.0,284.0,0.0
LN000080,9,2026-12-23,0,0,0,1666.67,0.0,284.0,0.0
LN000080,10,2027-01-23,0,0,0,1666.67,0.0,284.0,0.0
LN000080,11,2027-02-23,0,0,0,1666.67,0.0,284.0,0.0
LN000080,12,2027-03-23,0,0,0,1666.63,0.0,284.0,0.0
LN000081,1,2026-03-02,0,0,1,1333.33,1333.33,158.47,158.47
LN000081,2,2026-04-02,0,0,1,1333.33,1333.33,158.47,158.47
LN000081,3,2026-05-02,0,0,1,1333.33,1333.33,158.47,158.47
LN000081,4,2026-06-02,0,0,0,1333.33,0.0,158.47,0.0
LN000081,5,2026-07-02,0,0,0,1333.33,0.0,158.47,0.0
LN000081,6,2026-08-02,0,0,0,1333.35,0.0,158.47,0.0
LN000082,1,2026-04-04,0,0,1,277.78,277.78,176.33,176.33
LN000082,2,2026-05-04,0,0,1,277.78,277.78,176.33,176.33
LN000082,3,2026-06-04,0,0,1,277.78,277.78,176.33,176.33
LN000082,4,2026-07-04,0,0,0,277.78,0.0,176.33,0.0
LN000082,5,2026-08-04,0,0,0,277.78,0.0,176.33,0.0
LN000082,6,2026-09-04,0,0,0,277.78,0.0,176.33,0.0
LN000082,7,2026-10-04,0,0,0,277.78,0.0,176.33,0.0
LN000082,8,2026-11-04,0,0,0,277.78,0.0,176.33,0.0
LN000082,9,2026-12-04,0,0,0,277.78,0.0,176.33,0.0
LN000082,10,2027-01-04,0,0,0,277.78,0.0,176.33,0.0
LN000082,11,2027-02-04,0,0,0,277.78,0.0,176.33,0.0
LN000082,12,2027-03-04,0,0,0,277.78,0.0,176.33,0.0
LN000082,13,2027-04-04,0,0,0,277.78,0.0,176.33,0.0
LN000082,14,2027-05-04,0,0,0,277.78,0.0,176.33,0.0
LN000082,15,2027-06-04,0,0,0,277.78,0.0,176.33,0.0
LN000082,16,2027-07-04,0,0,0,277.78,0.0,176.33,0.0
LN000082,17,2027-08-04,0,0,0,277.78,0.0,176.33,0.0
LN000082,18,2027-09-04,0,0,0,277.78,0.0,176.33,0.0
LN000082,19,2027-10-04,0,0,0,277.78,0.0,176.33,0.0
LN000082,20,2027-11-04,0,0,0,277.78,0.0,176.33,0.0
LN000082,21,2027-12-04,0,0,0,277.78,0.0,176.33,0.0
LN000082,22,2028-01-04,0,0,0,277.78,0.0,176.33,0.0
LN000082,23,2028-02-04,0,0,0,277.78,0.0,176.33,0.0
LN000082,24,2028-03-04,0,0,0,277.78,0.0,176.33,0.0
LN000082,25,2028-04-04,0,0,0,277.78,0.0,176.33,0.0
LN000082,26,2028-05-04,0,0,0,277.78,0.0,176.33,0.0
LN000082,27,2028-06-04,0,0,0,277.78,0.0,176.33,0.0
LN000082,28,2028-07-04,0,0,0,277.78,0.0,176.33,0.0
LN000082,29,2028-08-04,0,0,0,277.78,0.0,176.33,0.0
LN000082,30,2028-09-04,0,0,0,277.78,0.0,176.33,0.0
LN000082,31,2028-10-04,0,0,0,277.78,0.0,176.33,0.0
LN000082,32,2028-11-04,0,0,0,277.78,0.0,176.33,0.0
LN000082,33,2028-12-04,0,0,0,277.78,0.0,176.33,0.0
LN000082,34,2029-01-04,0,0,0,277.78,0.0,176.33,0.0
LN000082,35,2029-02-04,0,0,0,277.78,0.0,176.33,0.0
LN000082,36,2029-03-04,0,0,0,277.7,0.0,176.33,0.0
LN000083,1,2026-02-20,0,0,1,833.33,833.33,461.25,461.25
LN000083,2,2026-03-20,0,0,1,833.33,833.33,461.25,461.25
LN000083,3,2026-04-20,0,0,1,833.33,833.33,461.25,461.25
LN000083,4,2026-05-20,0,0,0,833.33,0.0,461.25,0.0
LN000083,5,2026-06-20,0,0,0,833.33,0.0,461.25,0.0
LN000083,6,2026-07-20,0,0,0,833.33,0.0,461.25,0.0
LN000083,7,2026-08-20,0,0,0,833.33,0.0,461.25,0.0
LN000083,8,2026-09-20,0,0,0,833.33,0.0,461.25,0.0
LN000083,9,2026-10-20,0,0,0,833.33,0.0,461.25,0.0
LN000083,10,2026-11-20,0,0,0,833.33,0.0,461.25,0.0
LN000083,11,2026-12-20,0,0,0,833.33,0.0,461.25,0.0
LN000083,12,2027-01-20,0,0,0,833.33,0.0,461.25,0.0
LN000083,13,2027-02-20,0,0,0,833.33,0.0,461.25,0.0
LN000083,14,2027-03-20,0,0,0,833.33,0.0,461.25,0.0
LN000083,15,2027-04-20,0,0,0,833.33,0.0,461.25,0.0
LN000083,16,2027-05-20,0,0,0,833.33,0.0,461.25,0.0
LN000083,17,2027-06-20,0,0,0,833.33,0.0,461.25,0.0
LN000083,18,2027-07-20,0,0,0,833.33,0.0,461.25,0.0
LN000083,19,2027-08-20,0,0,0,833.33,0.0,461.25,0.0
LN000083,20,2027-09-20,0,0,0,833.33,0.0,461.25,0.0
LN000083,21,2027-10-20,0,0,0,833.33,0.0,461.25,0.0
LN000083,22,2027-11-20,0,0,0,833.33,0.0,461.25,0.0
LN000083,23,2027-12-20,0,0,0,833.33,0.0,461.25,0.0
LN000083,24,2028-01-20,0,0,0,833.33,0.0,461.25,0.0
LN000083,25,2028-02-20,0,0,0,833.33,0.0,461.25,0.0
LN000083,26,2028-03-20,0,0,0,833.33,0.0,461.25,0.0
LN000083,27,2028-04-20,0,0,0,833.33,0.0,461.25,0.0
LN000083,28,2028-05-20,0,0,0,833.33,0.0,461.25,0.0
LN000083,29,2028-06-20,0,0,0,833.33,0.0,461.25,0.0
LN000083,30,2028-07-20,0,0,0,833.33,0.0,461.25,0.0
LN000083,31,2028-08-20,0,0,0,833.33,0.0,461.25,0.0
LN000083,32,2028-09-20,0,0,0,833.33,0.0,461.25,0.0
LN000083,33,2028-10-20,0,0,0,833.33,0.0,461.25,0.0
LN000083,34,2028-11-20,0,0,0,833.33,0.0,461.25,0.0
LN000083,35,2028-12-20,0,0,0,833.33,0.0,461.25,0.0
LN000083,36,2029-01-20,0,0,0,833.45,0.0,461.25,0.0
LN000084,1,2026-03-22,0,0,1,1666.67,1666.67,383.5,383.5
LN000084,2,2026-04-22,0,0,0,1666.67,0.0,383.5,0.0
LN000084,3,2026-05-22,0,0,0,1666.67,0.0,383.5,0.0
LN000084,4,2026-06-22,0,0,0,1666.67,0.0,383.5,0.0
LN000084,5,2026-07-22,0,0,0,1666.67,0.0,383.5,0.0
LN000084,6,2026-08-22,0,0,0,1666.67,0.0,383.5,0.0
LN000084,7,2026-09-22,0,0,0,1666.67,0.0,383.5,0.0
LN000084,8,2026-10-22,0,0,0,1666.67,0.0,383.5,0.0
LN000084,9,2026-11-22,0,0,0,1666.67,0.0,383.5,0.0
LN000084,10,2026-12-22,0,0,0,1666.67,0.0,383.5,0.0
LN000084,11,2027-01-22,0,0,0,1666.67,0.0,383.5,0.0
LN000084,12,2027-02-22,0,0,0,1666.63,0.0,383.5,0.0
LN000085,1,2026-04-13,0,0,1,416.67,416.67,91.25,91.25
LN000085,2,2026-05-13,0,0,0,416.67,0.0,91.25,0.0
LN000085,3,2026-06-13,0,0,0,416.67,0.0,91.25,0.0
LN000085,4,2026-07-13,0,0,0,416.67,0.0,91.25,0.0
LN000085,5,2026-08-13,0,0,0,416.67,0.0,91.25,0.0
LN000085,6,2026-09-13,0,0,0,416.67,0.0,91.25,0.0
LN000085,7,2026-10-13,0,0,0,416.67,0.0,91.25,0.0
LN000085,8,2026-11-13,0,0,0,416.67,0.0,91.25,0.0
LN000085,9,2026-12-13,0,0,0,416.67,0.0,91.25,0.0
LN000085,10,2027-01-13,0,0,0,416.67,0.0,91.25,0.0
LN000085,11,2027-02-13,0,0,0,416.67,0.0,91.25,0.0
LN000085,12,2027-03-13,0,0,0,416.67,0.0,91.25,0.0
LN000085,13,2027-04-13,0,0,0,416.67,0.0,91.25,0.0
LN000085,14,2027-05-13,0,0,0,416.67,0.0,91.25,0.0
LN000085,15,2027-06-13,0,0,0,416.67,0.0,91.25,0.0
LN000085,16,2027-07-13,0,0,0,416.67,0.0,91.25,0.0
LN000085,17,2027-08-13,0,0,0,416.67,0.0,91.25,0.0
LN000085,18,2027-09-13,0,0,0,416.67,0.0,91.25,0.0
LN000085,19,2027-10-13,0,0,0,416.67,0.0,91.25,0.0
LN000085,20,2027-11-13,0,0,0,416.67,0.0,91.25,0.0
LN000085,21,2027-12-13,0,0,0,416.67,0.0,91.25,0.0
LN000085,22,2028-01-13,0,0,0,416.67,0.0,91.25,0.0
LN000085,23,2028-02-13,0,0,0,416.67,0.0,91.25,0.0
LN000085,24,2028-03-13,0,0,0,416.59,0.0,91.25,0.0
LN000086,1,2026-03-03,0,0,1,444.44,444.44,99.8,99.8
LN000086,2,2026-04-03,0,0,1,444.44,444.44,99.8,99.8
LN000086,3,2026-05-03,0,0,0,444.44,0.0,99.8,0.0
LN000086,4,2026-06-03,0,0,0,444.44,0.0,99.8,0.0
LN000086,5,2026-07-03,0,0,0,444.44,0.0,99.8,0.0
LN000086,6,2026-08-03,0,0,0,444.44,0.0,99.8,0.0
LN000086,7,2026-09-03,0,0,0,444.44,0.0,99.8,0.0
LN000086,8,2026-10-03,0,0,0,444.44,0.0,99.8,0.0
LN000086,9,2026-11-03,0,0,0,444.44,0.0,99.8,0.0
LN000086,10,2026-12-03,0,0,0,444.44,0.0,99.8,0.0
LN000086,11,2027-01-03,0,0,0,444.44,0.0,99.8,0.0
LN000086,12,2027-02-03,0,0,0,444.44,0.0,99.8,0.0
LN000086,13,2027-03-03,0,0,0,444.44,0.0,99.8,0.0
LN000086,14,2027-04-03,0,0,0,444.44,0.0,99.8,0.0
LN000086,15,2027-05-03,0,0,0,444.44,0.0,99.8,0.0
LN000086,16,2027-06-03,0,0,0,444.44,0.0,99.8,0.0
LN000086,17,2027-07-03,0,0,0,444.44,0.0,99.8,0.0
LN000086,18,2027-08-03,0,0,0,444.52,0.0,99.8,0.0
LN000087,1,2026-04-06,0,0,1,1111.11,1111.11,126.5,126.5
LN000087,2,2026-05-06,0,0,1,1111.11,1111.11,126.5,126.5
LN000087,3,2026-06-06,0,0,1,1111.11,1111.11,126.5,126.5
LN000087,4,2026-07-06,0,0,0,1111.11,0.0,126.5,0.0
LN000087,5,2026-08-06,0,0,0,1111.11,0.0,126.5,0.0
LN000087,6,2026-09-06,0,0,0,1111.11,0.0,126.5,0.0
LN000087,7,2026-10-06,0,0,0,1111.11,0.0,126.5,0.0
LN000087,8,2026-11-06,0,0,0,1111.11,0.0,126.5,0.0
LN000087,9,2026-12-06,0,0,0,1111.11,0.0,126.5,0.0
LN000087,10,2027-01-06,0,0,0,1111.11,0.0,126.5,0.0
LN000087,11,2027-02-06,0,0,0,1111.11,0.0,126.5,0.0
LN000087,12,2027-03-06,0,0,0,1111.11,0.0,126.5,0.0
LN000087,13,2027-04-06,0,0,0,1111.11,0.0,126.5,0.0
LN000087,14,2027-05-06,0,0,0,1111.11,0.0,126.5,0.0
LN000087,15,2027-06-06,0,0,0,1111.11,0.0,126.5,0.0
LN000087,16,2027-07-06,0,0,0,1111.11,0.0,126.5,0.0
LN000087,17,2027-08-06,0,0,0,1111.11,0.0,126.5,0.0
LN000087,18,2027-09-06,0,0,0,1111.13,0.0,126.5,0.0
LN000088,1,2026-02-23,0,0,0,1111.11,0.0,291.83,0.0
LN000088,2,2026-03-23,0,0,0,1111.11,0.0,291.83,0.0
LN000088,3,2026-04-23,0,0,0,1111.11,0.0,291.83,0.0
LN000088,4,2026-05-23,0,0,0,1111.11,0.0,291.83,0.0
LN000088,5,2026-06-23,0,0,0,1111.11,0.0,291.83,0.0
LN000088,6,2026-07-23,0,0,0,1111.11,0.0,291.83,0.0
LN000088,7,2026-08-23,0,0,0,1111.11,0.0,291.83,0.0
LN000088,8,2026-09-23,0,0,0,1111.11,0.0,291.83,0.0
LN000088,9,2026-10-23,0,0,0,1111.11,0.0,291.83,0.0
LN000088,10,2026-11-23,0,0,0,1111.11,0.0,291.83,0.0
LN000088,11,2026-12-23,0,0,0,1111.11,0.0,291.83,0.0
LN000088,12,2027-01-23,0,0,0,1111.11,0.0,291.83,0.0
LN000088,13,2027-02-23,0,0,0,1111.11,0.0,291.83,0.0
LN000088,14,2027-03-23,0,0,0,1111.11,0.0,291.83,0.0
LN000088,15,2027-04-23,0,0,0,1111.11,0.0,291.83,0.0
LN000088,16,2027-05-23,0,0,0,1111.11,0.0,291.83,0.0
LN000088,17,2027-06-23,0,0,0,1111.11,0.0,291.83,0.0
LN000088,18,2027-07-23,0,0,0,1111.13,0.0,291.83,0.0
LN000089,1,2026-03-19,0,0,1,1666.67,1666.67,399.75,399.75
LN000089,2,2026-04-19,0,0,1,1666.67,1666.67,399.75,399.75
LN000089,3,2026-05-19,0,0,1,1666.67,1666.67,399.75,399.75
LN000089,4,2026-06-19,0,0,0,1666.67,0.0,399.75,0.0
LN000089,5,2026-07-19,0,0,0,1666.67,0.0,399.75,0.0
LN000089,6,2026-08-19,0,0,0,1666.67,0.0,399.75,0.0
LN000089,7,2026-09-19,0,0,0,1666.67,0.0,399.75,0.0
LN000089,8,2026-10-19,0,0,0,1666.67,0.0,399.75,0.0
LN000089,9,2026-11-19,0,0,0,1666.67,0.0,399.75,0.0
LN000089,10,2026-12-19,0,0,0,1666.67,0.0,399.75,0.0
LN000089,11,2027-01-19,0,0,0,1666.67,0.0,399.75,0.0
LN000089,12,2027-02-19,0,0,0,1666.67,0.0,399.75,0.0
LN000089,13,2027-03-19,0,0,0,1666.67,0.0,399.75,0.0
LN000089,14,2027-04-19,0,0,0,1666.67,0.0,399.75,0.0
LN000089,15,2027-05-19,0,0,0,1666.67,0.0,399.75,0.0
LN000089,16,2027-06-19,0,0,0,1666.67,0.0,399.75,0.0
LN000089,17,2027-07-19,0,0,0,1666.67,0.0,399.75,0.0
LN000089,18,2027-08-19,0,0,0,1666.61,0.0,399.75,0.0
LN000090,1,2026-03-07,0,0,1,1250.0,1250.0,142.0,142.0
LN000090,2,2026-04-07,0,0,0,1250.0,0.0,142.0,0.0
LN000090,3,2026-05-07,0,0,0,1250.0,0.0,142.0,0.0
LN000090,4,2026-06-07,0,0,0,1250.0,0.0,142.0,0.0
LN000090,5,2026-07-07,0,0,0,1250.0,0.0,142.0,0.0
LN000090,6,2026-08-07,0,0,0,1250.0,0.0,142.0,0.0
LN000090,7,2026-09-07,0,0,0,1250.0,0.0,142.0,0.0
LN000090,8,2026-10-07,0,0,0,1250.0,0.0,142.0,0.0
LN000090,9,2026-11-07,0,0,0,1250.0,0.0,142.0,0.0
LN000090,10,2026-12-07,0,0,0,1250.0,0.0,142.0,0.0
LN000090,11,2027-01-07,0,0,0,1250.0,0.0,142.0,0.0
LN000090,12,2027-02-07,0,0,0,1250.0,0.0,142.0,0.0
LN000091,1,2026-02-28,0,0,0,208.33,0.0,61.92,0.0
LN000091,2,2026-03-28,0,0,0,208.33,0.0,61.92,0.0
LN000091,3,2026-04-28,0,0,0,208.33,0.0,61.92,0.0
LN000091,4,2026-05-28,0,0,0,208.33,0.0,61.92,0.0
LN000091,5,2026-06-28,0,0,0,208.33,0.0,61.92,0.0
LN000091,6,2026-07-28,0,0,0,208.33,0.0,61.92,0.0
LN000091,7,2026-08-28,0,0,0,208.33,0.0,61.92,0.0
LN000091,8,2026-09-28,0,0,0,208.33,0.0,61.92,0.0
LN000091,9,2026-10-28,0,0,0,208.33,0.0,61.92,0.0
LN000091,10,2026-11-28,0,0,0,208.33,0.0,61.92,0.0
LN000091,11,2026-12-28,0,0,0,208.33,0.0,61.92,0.0
LN000091,12,2027-01-28,0,0,0,208.33,0.0,61.92,0.0
LN000091,13,2027-02-28,0,0,0,208.33,0.0,61.92,0.0
LN000091,14,2027-03-28,0,0,0,208.33,0.0,61.92,0.0
LN000091,15,2027-04-28,0,0,0,208.33,0.0,61.92,0.0
LN000091,16,2027-05-28,0,0,0,208.33,0.0,61.92,0.0
LN000091,17,2027-06-28,0,0,0,208.33,0.0,61.92,0.0
LN000091,18,2027-07-28,0,0,0,208.33,0.0,61.92,0.0
LN000091,19,2027-08-28,0,0,0,208.33,0.0,61.92,0.0
LN000091,20,2027-09-28,0,0,0,208.33,0.0,61.92,0.0
LN000091,21,2027-10-28,0,0,0,208.33,0.0,61.92,0.0
LN000091,22,2027-11-28,0,0,0,208.33,0.0,61.92,0.0
LN000091,23,2027-12-28,0,0,0,208.33,0.0,61.92,0.0
LN000091,24,2028-01-28,0,0,0,208.41,0.0,61.92,0.0
LN000092,1,2026-02-06,0,0,1,1111.11,1111.11,162.67,162.67
LN000092,2,2026-03-06,0,0,0,1111.11,0.0,162.67,0.0
LN000092,3,2026-04-06,0,0,0,1111.11,0.0,162.67,0.0
LN000092,4,2026-05-06,0,0,0,1111.11,0.0,162.67,0.0
LN000092,5,2026-06-06,0,0,0,1111.11,0.0,162.67,0.0
LN000092,6,2026-07-06,0,0,0,1111.11,0.0,162.67,0.0
LN000092,7,2026-08-06,0,0,0,1111.11,0.0,162.67,0.0
LN000092,8,2026-09-06,0,0,0,1111.11,0.0,162.67,0.0
LN000092,9,2026-10-06,0,0,0,1111.11,0.0,162.67,0.0
LN000092,10,2026-11-06,0,0,0,1111.11,0.0,162.67,0.0
LN000092,11,2026-12-06,0,0,0,1111.11,0.0,162.67,0.0
LN000092,12,2027-01-06,0,0,0,1111.11,0.0,162.67,0.0
LN000092,13,2027-02-06,0,0,0,1111.11,0.0,162.67,0.0
LN000092,14,2027-03-06,0,0,0,1111.11,0.0,162.67,0.0
LN000092,15,2027-04-06,0,0,0,1111.11,0.0,162.67,0.0
LN000092,16,2027-05-06,0,0,0,1111.11,0.0,162.67,0.0
LN000092,17,2027-06-06,0,0,0,1111.11,0.0,162.67,0.0
LN000092,18,2027-07-06,0,0,0,1111.13,0.0,162.67,0.0
LN000093,1,2026-03-24,0,0,0,416.67,0.0,70.83,0.0
LN000093,2,2026-04-24,0,0,0,416.67,0.0,70.83,0.0
LN000093,3,2026-05-24,0,0,0,416.67,0.0,70.83,0.0
LN000093,4,2026-06-24,0,0,0,416.67,0.0,70.83,0.0
LN000093,5,2026-07-24,0,0,0,416.67,0.0,70.83,0.0
LN000093,6,2026-08-24,0,0,0,416.67,0.0,70.83,0.0
LN000093,7,2026-09-24,0,0,0,416.67,0.0,70.83,0.0
LN000093,8,2026-10-24,0,0,0,416.67,0.0,70.83,0.0
LN000093,9,2026-11-24,0,0,0,416.67,0.0,70.83,0.0
LN000093,10,2026-12-24,0,0,0,416.67,0.0,70.83,0.0
LN000093,11,2027-01-24,0,0,0,416.67,0.0,70.83,0.0
LN000093,12,2027-02-24,0,0,0,416.67,0.0,70.83,0.0
LN000093,13,2027-03-24,0,0,0,416.67,0.0,70.83,0.0
LN000093,14,2027-04-24,0,0,0,416.67,0.0,70.83,0.0
LN000093,15,2027-05-24,0,0,0,416.67,0.0,70.83,0.0
LN000093,16,2027-06-24,0,0,0,416.67,0.0,70.83,0.0
LN000093,17,2027-07-24,0,0,0,416.67,0.0,70.83,0.0
LN000093,18,2027-08-24,0,0,0,416.67,0.0,70.83,0.0
LN000093,19,2027-09-24,0,0,0,416.67,0.0,70.83,0.0
LN000093,20,2027-10-24,0,0,0,416.67,0.0,70.83,0.0
LN000093,21,2027-11-24,0,0,0,416.67,0.0,70.83,0.0
LN000093,22,2027-12-24,0,0,0,416.67,0.0,70.83,0.0
LN000093,23,2028-01-24,0,0,0,416.67,0.0,70.83,0.0
LN000093,24,2028-02-24,0,0,0,416.59,0.0,70.83,0.0
LN000094,1,2026-02-25,0,0,1,833.33,833.33,127.25,127.25
LN000094,2,2026-03-25,0,0,1,833.33,833.33,127.25,127.25
LN000094,3,2026-04-25,0,0,0,833.33,0.0,127.25,0.0
LN000094,4,2026-05-25,0,0,0,833.33,0.0,127.25,0.0
LN000094,5,2026-06-25,0,0,0,833.33,0.0,127.25,0.0
LN000094,6,2026-07-25,0,0,0,833.33,0.0,127.25,0.0
LN000094,7,2026-08-25,0,0,0,833.33,0.0,127.25,0.0
LN000094,8,2026-09-25,0,0,0,833.33,0.0,127.25,0.0
LN000094,9,2026-10-25,0,0,0,833.33,0.0,127.25,0.0
LN000094,10,2026-11-25,0,0,0,833.33,0.0,127.25,0.0
LN000094,11,2026-12-25,0,0,0,833.33,0.0,127.25,0.0
LN000094,12,2027-01-25,0,0,0,833.37,0.0,127.25,0.0
LN000095,1,2026-02-19,0,0,1,222.22,222.22,73.4,73.4
LN000095,2,2026-03-19,0,0,1,222.22,222.22,73.4,73.4
LN000095,3,2026-04-19,0,0,1,222.22,222.22,73.4,73.4
LN000095,4,2026-05-19,0,0,0,222.22,0.0,73.4,0.0
LN000095,5,2026-06-19,0,0,0,222.22,0.0,73.4,0.0
LN000095,6,2026-07-19,0,0,0,222.22,0.0,73.4,0.0
LN000095,7,2026-08-19,0,0,0,222.22,0.0,73.4,0.0
LN000095,8,2026-09-19,0,0,0,222.22,0.0,73.4,0.0
LN000095,9,2026-10-19,0,0,0,222.22,0.0,73.4,0.0
LN000095,10,2026-11-19,0,0,0,222.22,0.0,73.4,0.0
LN000095,11,2026-12-19,0,0,0,222.22,0.0,73.4,0.0
LN000095,12,2027-01-19,0,0,0,222.22,0.0,73.4,0.0
LN000095,13,2027-02-19,0,0,0,222.22,0.0,73.4,0.0
LN000095,14,2027-03-19,0,0,0,222.22,0.0,73.4,0.0
LN000095,15,2027-04-19,0,0,0,222.22,0.0,73.4,0.0
LN000095,16,2027-05-19,0,0,0,222.22,0.0,73.4,0.0
LN000095,17,2027-06-19,0,0,0,222.22,0.0,73.4,0.0
LN000095,18,2027-07-19,0,0,0,222.22,0.0,73.4,0.0
LN000095,19,2027-08-19,0,0,0,222.22,0.0,73.4,0.0
LN000095,20,2027-09-19,0,0,0,222.22,0.0,73.4,0.0
LN000095,21,2027-10-19,0,0,0,222.22,0.0,73.4,0.0
LN000095,22,2027-11-19,0,0,0,222.22,0.0,73.4,0.0
LN000095,23,2027-12-19,0,0,0,222.22,0.0,73.4,0.0
LN000095,24,2028-01-19,0,0,0,222.22,0.0,73.4,0.0
LN000095,25,2028-02-19,0,0,0,222.22,0.0,73.4,0.0
LN000095,26,2028-03-19,0,0,0,222.22,0.0,73.4,0.0
LN000095,27,2028-04-19,0,0,0,222.22,0.0,73.4,0.0
LN000095,28,2028-05-19,0,0,0,222.22,0.0,73.4,0.0
LN000095,29,2028-06-19,0,0,0,222.22,0.0,73.4,0.0
LN000095,30,2028-07-19,0,0,0,222.22,0.0,73.4,0.0
LN000095,31,2028-08-19,0,0,0,222.22,0.0,73.4,0.0
LN000095,32,2028-09-19,0,0,0,222.22,0.0,73.4,0.0
LN000095,33,2028-10-19,0,0,0,222.22,0.0,73.4,0.0
LN000095,34,2028-11-19,0,0,0,222.22,0.0,73.4,0.0
LN000095,35,2028-12-19,0,0,0,222.22,0.0,73.4,0.0
LN000095,36,2029-01-19,0,0,0,222.3,0.0,73.4,0.0
LN000096,1,2026-02-01,0,0,1,1250.0,1250.0,121.38,121.38
LN000096,2,2026-03-01,0,0,1,1250.0,1250.0,121.38,121.38
LN000096,3,2026-04-01,0,0,1,1250.0,1250.0,121.38,121.38
LN000096,4,2026-05-01,0,0,0,1250.0,0.0,121.38,0.0
LN000096,5,2026-06-01,0,0,0,1250.0,0.0,121.38,0.0
LN000096,6,2026-07-01,0,0,0,1250.0,0.0,121.38,0.0
LN000096,7,2026-08-01,0,0,0,1250.0,0.0,121.38,0.0
LN000096,8,2026-09-01,0,0,0,1250.0,0.0,121.38,0.0
LN000096,9,2026-10-01,0,0,0,1250.0,0.0,121.38,0.0
LN000096,10,2026-11-01,0,0,0,1250.0,0.0,121.38,0.0
LN000096,11,2026-12-01,0,0,0,1250.0,0.0,121.38,0.0
LN000096,12,2027-01-01,0,0,0,1250.0,0.0,121.38,0.0
LN000097,1,2026-02-26,0,0,1,277.78,277.78,61.08,61.08
LN000097,2,2026-03-26,0,0,0,277.78,0.0,61.08,0.0
LN000097,3,2026-04-26,0,0,0,277.78,0.0,61.08,0.0
LN000097,4,2026-05-26,0,0,0,277.78,0.0,61.08,0.0
LN000097,5,2026-06-26,0,0,0,277.78,0.0,61.08,0.0
LN000097,6,2026-07-26,0,0,0,277.78,0.0,61.08,0.0
LN000097,7,2026-08-26,0,0,0,277.78,0.0,61.08,0.0
LN000097,8,2026-09-26,0,0,0,277.78,0.0,61.08,0.0
LN000097,9,2026-10-26,0,0,0,277.78,0.0,61.08,0.0
LN000097,10,2026-11-26,0,0,0,277.78,0.0,61.08,0.0
LN000097,11,2026-12-26,0,0,0,277.78,0.0,61.08,0.0
LN000097,12,2027-01-26,0,0,0,277.78,0.0,61.08,0.0
LN000097,13,2027-02-26,0,0,0,277.78,0.0,61.08,0.0
LN000097,14,2027-03-26,0,0,0,277.78,0.0,61.08,0.0
LN000097,15,2027-04-26,0,0,0,277.78,0.0,61.08,0.0
LN000097,16,2027-05-26,0,0,0,277.78,0.0,61.08,0.0
LN000097,17,2027-06-26,0,0,0,277.78,0.0,61.08,0.0
LN000097,18,2027-07-26,0,0,0,277.74,0.0,61.08,0.0
LN000098,1,2026-03-05,0,0,0,208.33,0.0,69.79,0.0
LN000098,2,2026-04-05,0,0,0,208.33,0.0,69.79,0.0
LN000098,3,2026-05-05,0,0,0,208.33,0.0,69.79,0.0
LN000098,4,2026-06-05,0,0,0,208.33,0.0,69.79,0.0
LN000098,5,2026-07-05,0,0,0,208.33,0.0,69.79,0.0
LN000098,6,2026-08-05,0,0,0,208.33,0.0,69.79,0.0
LN000098,7,2026-09-05,0,0,0,208.33,0.0,69.79,0.0
LN000098,8,2026-10-05,0,0,0,208.33,0.0,69.79,0.0
LN000098,9,2026-11-05,0,0,0,208.33,0.0,69.79,0.0
LN000098,10,2026-12-05,0,0,0,208.33,0.0,69.79,0.0
LN000098,11,2027-01-05,0,0,0,208.33,0.0,69.79,0.0
LN000098,12,2027-02-05,0,0,0,208.33,0.0,69.79,0.0
LN000098,13,2027-03-05,0,0,0,208.33,0.0,69.79,0.0
LN000098,14,2027-04-05,0,0,0,208.33,0.0,69.79,0.0
LN000098,15,2027-05-05,0,0,0,208.33,0.0,69.79,0.0
LN000098,16,2027-06-05,0,0,0,208.33,0.0,69.79,0.0
LN000098,17,2027-07-05,0,0,0,208.33,0.0,69.79,0.0
LN000098,18,2027-08-05,0,0,0,208.33,0.0,69.79,0.0
LN000098,19,2027-09-05,0,0,0,208.33,0.0,69.79,0.0
LN000098,20,2027-10-05,0,0,0,208.33,0.0,69.79,0.0
LN000098,21,2027-11-05,0,0,0,208.33,0.0,69.79,0.0
LN000098,22,2027-12-05,0,0,0,208.33,0.0,69.79,0.0
LN000098,23,2028-01-05,0,0,0,208.33,0.0,69.79,0.0
LN000098,24,2028-02-05,0,0,0,208.41,0.0,69.79,0.0
LN000099,1,2026-04-28,0,0,0,444.44,0.0,129.67,0.0
LN000099,2,2026-05-28,0,0,0,444.44,0.0,129.67,0.0
LN000099,3,2026-06-28,0,0,0,444.44,0.0,129.67,0.0
LN000099,4,2026-07-28,0,0,0,444.44,0.0,129.67,0.0
LN000099,5,2026-08-28,0,0,0,444.44,0.0,129.67,0.0
LN000099,6,2026-09-28,0,0,0,444.44,0.0,129.67,0.0
LN000099,7,2026-10-28,0,0,0,444.44,0.0,129.67,0.0
LN000099,8,2026-11-28,0,0,0,444.44,0.0,129.67,0.0
LN000099,9,2026-12-28,0,0,0,444.44,0.0,129.67,0.0
LN000099,10,2027-01-28,0,0,0,444.44,0.0,129.67,0.0
LN000099,11,2027-02-28,0,0,0,444.44,0.0,129.67,0.0
LN000099,12,2027-03-28,0,0,0,444.44,0.0,129.67,0.0
LN000099,13,2027-04-28,0,0,0,444.44,0.0,129.67,0.0
LN000099,14,2027-05-28,0,0,0,444.44,0.0,129.67,0.0
LN000099,15,2027-06-28,0,0,0,444.44,0.0,129.67,0.0
LN000099,16,2027-07-28,0,0,0,444.44,0.0,129.67,0.0
LN000099,17,2027-08-28,0,0,0,444.44,0.0,129.67,0.0
LN000099,18,2027-09-28,0,0,0,444.52,0.0,129.67,0.0
LN000100,1,2026-02-03,0,0,0,1250.0,0.0,487.25,0.0
LN000100,2,2026-03-03,0,0,0,1250.0,0.0,487.25,0.0
LN000100,3,2026-04-03,0,0,0,1250.0,0.0,487.25,0.0
LN000100,4,2026-05-03,0,0,0,1250.0,0.0,487.25,0.0
LN000100,5,2026-06-03,0,0,0,1250.0,0.0,487.25,0.0
LN000100,6,2026-07-03,0,0,0,1250.0,0.0,487.25,0.0
LN000100,7,2026-08-03,0,0,0,1250.0,0.0,487.25,0.0
LN000100,8,2026-09-03,0,0,0,1250.0,0.0,487.25,0.0
LN000100,9,2026-10-03,0,0,0,1250.0,0.0,487.25,0.0
LN000100,10,2026-11-03,0,0,0,1250.0,0.0,487.25,0.0
LN000100,11,2026-12-03,0,0,0,1250.0,0.0,487.25,0.0
LN000100,12,2027-01-03,0,0,0,1250.0,0.0,487.25,0.0
LN000100,13,2027-02-03,0,0,0,1250.0,0.0,487.25,0.0
LN000100,14,2027-03-03,0,0,0,1250.0,0.0,487.25,0.0
LN000100,15,2027-04-03,0,0,0,1250.0,0.0,487.25,0.0
LN000100,16,2027-05-03,0,0,0,1250.0,0.0,487.25,0.0
LN000100,17,2027-06-03,0,0,0,1250.0,0.0,487.25,0.0
LN000100,18,2027-07-03,0,0,0,1250.0,0.0,487.25,0.0
LN000100,19,2027-08-03,0,0,0,1250.0,0.0,487.25,0.0
LN000100,20,2027-09-03,0,0,0,1250.0,0.0,487.25,0.0
LN000100,21,2027-10-03,0,0,0,1250.0,0.0,487.25,0.0
LN000100,22,2027-11-03,0,0,0,1250.0,0.0,487.25,0.0
LN000100,23,2027-12-03,0,0,0,1250.0,0.0,487.25,0.0
LN000100,24,2028-01-03,0,0,0,1250.0,0.0,487.25,0.0
